realization_idx,V0,cv,outcome,extincted,integrated,T_int_hours,handoff_time_hours,sampled_beta,sampled_c,sampled_delta,sampled_alpha
0,1,0.0,extinct,True,False,,,2.4e-05,23.0,0.7,0.001
1,1,0.0,extinct,True,False,,,2.4e-05,23.0,0.7,0.001
2,1,0.0,integrated,False,True,57.080984081775966,45.599999999999554,2.4e-05,23.0,0.7,0.001
3,1,0.0,integrated,False,True,56.2667354822294,45.119999999999564,2.4e-05,23.0,0.7,0.001
4,1,0.0,integrated,False,True,56.03327553009491,44.99999999999957,2.4e-05,23.0,0.7,0.001
5,1,0.0,integrated,False,True,56.272809981750214,45.23999999999956,2.4e-05,23.0,0.7,0.001
6,1,0.0,extinct,True,False,,,2.4e-05,23.0,0.7,0.001
7,1,0.0,integrated,False,True,56.73878829232526,45.23999999999956,2.4e-05,23.0,0.7,0.001
8,1,0.0,integrated,False,True,56.292056097951125,45.23999999999956,2.4e-05,23.0,0.7,0.001
9,1,0.0,integrated,False,True,57.836261272425915,46.79999999999953,2.4e-05,23.0,0.7,0.001
10,1,0.0,extinct,True,False,,,2.4e-05,23.0,0.7,0.001
11,1,0.0,extinct,True,False,,,2.4e-05,23.0,0.7,0.001
12,1,0.0,extinct,True,False,,,2.4e-05,23.0,0.7,0.001
13,1,0.0,extinct,True,False,,,2.4e-05,23.0,0.7,0.001
14,1,0.0,extinct,True,False,,,2.4e-05,23.0,0.7,0.001
15,1,0.0,extinct,True,False,,,2.4e-05,23.0,0.7,0.001
16,1,0.0,extinct,True,False,,,2.4e-05,23.0,0.7,0.001
17,1,0.0,extinct,True,False,,,2.4e-05,23.0,0.7,0.001
18,1,0.0,extinct,True,False,,,2.4e-05,23.0,0.7,0.001
19,1,0.0,integrated,False,True,56.877266558690074,45.479999999999556,2.4e-05,23.0,0.7,0.001
20,1,0.0,extinct,True,False,,,2.4e-05,23.0,0.7,0.001
21,1,0.0,extinct,True,False,,,2.4e-05,23.0,0.7,0.001
22,1,0.0,integrated,False,True,56.92433857175041,45.959999999999546,2.4e-05,23.0,0.7,0.001
23,1,0.0,extinct,True,False,,,2.4e-05,23.0,0.7,0.001
24,1,0.0,extinct,True,False,,,2.4e-05,23.0,0.7,0.001
25,1,0.0,integrated,False,True,57.00783774430537,45.479999999999556,2.4e-05,23.0,0.7,0.001
26,1,0.0,extinct,True,False,,,2.4e-05,23.0,0.7,0.001
27,1,0.0,extinct,True,False,,,2.4e-05,23.0,0.7,0.001
28,1,0.0,extinct,True,False,,,2.4e-05,23.0,0.7,0.001
29,1,0.0,extinct,True,False,,,2.4e-05,23.0,0.7,0.001
30,1,0.0,extinct,True,False,,,2.4e-05,23.0,0.7,0.001
31,1,0.0,extinct,True,False,,,2.4e-05,23.0,0.7,0.001
32,1,0.0,extinct,True,False,,,2.4e-05,23.0,0.7,0.001
33,1,0.0,extinct,True,False,,,2.4e-05,23.0,0.7,0.001
34,1,0.0,integrated,False,True,55.92004385784989,44.87999999999957,2.4e-05,23.0,0.7,0.001
35,1,0.0,extinct,True,False,,,2.4e-05,23.0,0.7,0.001
36,1,0.0,extinct,True,False,,,2.4e-05,23.0,0.7,0.001
37,1,0.0,extinct,True,False,,,2.4e-05,23.0,0.7,0.001
38,1,0.0,extinct,True,False,,,2.4e-05,23.0,0.7,0.001
39,1,0.0,integrated,False,True,56.43240136595185,45.35999999999956,2.4e-05,23.0,0.7,0.001
40,1,0.0,extinct,True,False,,,2.4e-05,23.0,0.7,0.001
41,1,0.0,extinct,True,False,,,2.4e-05,23.0,0.7,0.001
42,1,0.0,extinct,True,False,,,2.4e-05,23.0,0.7,0.001
43,1,0.0,extinct,True,False,,,2.4e-05,23.0,0.7,0.001
44,1,0.0,integrated,False,True,55.858562775171286,44.51999999999958,2.4e-05,23.0,0.7,0.001
45,1,0.0,extinct,True,False,,,2.4e-05,23.0,0.7,0.001
46,1,0.0,extinct,True,False,,,2.4e-05,23.0,0.7,0.001
47,1,0.0,extinct,True,False,,,2.4e-05,23.0,0.7,0.001
48,1,0.0,extinct,True,False,,,2.4e-05,23.0,0.7,0.001
49,1,0.0,extinct,True,False,,,2.4e-05,23.0,0.7,0.001
50,1,0.0,extinct,True,False,,,2.4e-05,23.0,0.7,0.001
51,1,0.0,integrated,False,True,57.36663516763858,46.31999999999954,2.4e-05,23.0,0.7,0.001
52,1,0.0,integrated,False,True,56.311229426851575,45.23999999999956,2.4e-05,23.0,0.7,0.001
53,1,0.0,extinct,True,False,,,2.4e-05,23.0,0.7,0.001
54,1,0.0,integrated,False,True,55.709457489421396,44.639999999999574,2.4e-05,23.0,0.7,0.001
55,1,0.0,extinct,True,False,,,2.4e-05,23.0,0.7,0.001
56,1,0.0,integrated,False,True,56.694499552370125,45.23999999999956,2.4e-05,23.0,0.7,0.001
57,1,0.0,extinct,True,False,,,2.4e-05,23.0,0.7,0.001
58,1,0.0,extinct,True,False,,,2.4e-05,23.0,0.7,0.001
59,1,0.0,extinct,True,False,,,2.4e-05,23.0,0.7,0.001
60,1,0.0,extinct,True,False,,,2.4e-05,23.0,0.7,0.001
61,1,0.0,extinct,True,False,,,2.4e-05,23.0,0.7,0.001
62,1,0.0,extinct,True,False,,,2.4e-05,23.0,0.7,0.001
63,1,0.0,extinct,True,False,,,2.4e-05,23.0,0.7,0.001
64,1,0.0,integrated,False,True,56.74794185443596,45.71999999999955,2.4e-05,23.0,0.7,0.001
65,1,0.0,integrated,False,True,56.31881517476453,44.75999999999957,2.4e-05,23.0,0.7,0.001
66,1,0.0,extinct,True,False,,,2.4e-05,23.0,0.7,0.001
67,1,0.0,extinct,True,False,,,2.4e-05,23.0,0.7,0.001
68,1,0.0,extinct,True,False,,,2.4e-05,23.0,0.7,0.001
69,1,0.0,extinct,True,False,,,2.4e-05,23.0,0.7,0.001
70,1,0.0,extinct,True,False,,,2.4e-05,23.0,0.7,0.001
71,1,0.0,extinct,True,False,,,2.4e-05,23.0,0.7,0.001
72,1,0.0,extinct,True,False,,,2.4e-05,23.0,0.7,0.001
73,1,0.0,integrated,False,True,56.3013138996495,44.87999999999957,2.4e-05,23.0,0.7,0.001
74,1,0.0,extinct,True,False,,,2.4e-05,23.0,0.7,0.001
75,1,0.0,extinct,True,False,,,2.4e-05,23.0,0.7,0.001
76,1,0.0,integrated,False,True,56.31390604326914,45.119999999999564,2.4e-05,23.0,0.7,0.001
77,1,0.0,integrated,False,True,56.72166810329754,45.119999999999564,2.4e-05,23.0,0.7,0.001
78,1,0.0,integrated,False,True,56.60562850333509,45.35999999999956,2.4e-05,23.0,0.7,0.001
79,1,0.0,extinct,True,False,,,2.4e-05,23.0,0.7,0.001
80,1,0.0,integrated,False,True,55.72171578502646,44.639999999999574,2.4e-05,23.0,0.7,0.001
81,1,0.0,extinct,True,False,,,2.4e-05,23.0,0.7,0.001
82,1,0.0,extinct,True,False,,,2.4e-05,23.0,0.7,0.001
83,1,0.0,extinct,True,False,,,2.4e-05,23.0,0.7,0.001
84,1,0.0,integrated,False,True,56.62596811273178,44.99999999999957,2.4e-05,23.0,0.7,0.001
85,1,0.0,integrated,False,True,57.59252517163727,46.439999999999536,2.4e-05,23.0,0.7,0.001
86,1,0.0,integrated,False,True,56.27369086397427,45.119999999999564,2.4e-05,23.0,0.7,0.001
87,1,0.0,extinct,True,False,,,2.4e-05,23.0,0.7,0.001
88,1,0.0,extinct,True,False,,,2.4e-05,23.0,0.7,0.001
89,1,0.0,integrated,False,True,56.16930968584791,45.119999999999564,2.4e-05,23.0,0.7,0.001
90,1,0.0,integrated,False,True,56.981595362136844,45.959999999999546,2.4e-05,23.0,0.7,0.001
91,1,0.0,integrated,False,True,56.19455139906737,44.75999999999957,2.4e-05,23.0,0.7,0.001
92,1,0.0,extinct,True,False,,,2.4e-05,23.0,0.7,0.001
93,1,0.0,integrated,False,True,56.799904882766086,45.479999999999556,2.4e-05,23.0,0.7,0.001
94,1,0.0,integrated,False,True,56.914407969425525,45.119999999999564,2.4e-05,23.0,0.7,0.001
95,1,0.0,extinct,True,False,,,2.4e-05,23.0,0.7,0.001
96,1,0.0,extinct,True,False,,,2.4e-05,23.0,0.7,0.001
97,1,0.0,extinct,True,False,,,2.4e-05,23.0,0.7,0.001
98,1,0.0,integrated,False,True,56.204918628606684,45.119999999999564,2.4e-05,23.0,0.7,0.001
99,1,0.0,extinct,True,False,,,2.4e-05,23.0,0.7,0.001
100,1,0.0,integrated,False,True,56.18635740191833,45.119999999999564,2.4e-05,23.0,0.7,0.001
101,1,0.0,extinct,True,False,,,2.4e-05,23.0,0.7,0.001
102,1,0.0,integrated,False,True,56.43422072679378,45.35999999999956,2.4e-05,23.0,0.7,0.001
103,1,0.0,extinct,True,False,,,2.4e-05,23.0,0.7,0.001
104,1,0.0,integrated,False,True,55.95085145288678,44.75999999999957,2.4e-05,23.0,0.7,0.001
105,1,0.0,extinct,True,False,,,2.4e-05,23.0,0.7,0.001
106,1,0.0,extinct,True,False,,,2.4e-05,23.0,0.7,0.001
107,1,0.0,extinct,True,False,,,2.4e-05,23.0,0.7,0.001
108,1,0.0,extinct,True,False,,,2.4e-05,23.0,0.7,0.001
109,1,0.0,integrated,False,True,55.99807264654368,44.87999999999957,2.4e-05,23.0,0.7,0.001
110,1,0.0,extinct,True,False,,,2.4e-05,23.0,0.7,0.001
111,1,0.0,integrated,False,True,57.27907318928234,45.599999999999554,2.4e-05,23.0,0.7,0.001
112,1,0.0,extinct,True,False,,,2.4e-05,23.0,0.7,0.001
113,1,0.0,extinct,True,False,,,2.4e-05,23.0,0.7,0.001
114,1,0.0,extinct,True,False,,,2.4e-05,23.0,0.7,0.001
115,1,0.0,integrated,False,True,56.628103228015206,45.23999999999956,2.4e-05,23.0,0.7,0.001
116,1,0.0,extinct,True,False,,,2.4e-05,23.0,0.7,0.001
117,1,0.0,extinct,True,False,,,2.4e-05,23.0,0.7,0.001
118,1,0.0,extinct,True,False,,,2.4e-05,23.0,0.7,0.001
119,1,0.0,extinct,True,False,,,2.4e-05,23.0,0.7,0.001
120,1,0.0,extinct,True,False,,,2.4e-05,23.0,0.7,0.001
121,1,0.0,extinct,True,False,,,2.4e-05,23.0,0.7,0.001
122,1,0.0,integrated,False,True,56.17914718007558,44.75999999999957,2.4e-05,23.0,0.7,0.001
123,1,0.0,extinct,True,False,,,2.4e-05,23.0,0.7,0.001
124,1,0.0,extinct,True,False,,,2.4e-05,23.0,0.7,0.001
125,1,0.0,extinct,True,False,,,2.4e-05,23.0,0.7,0.001
126,1,0.0,extinct,True,False,,,2.4e-05,23.0,0.7,0.001
127,1,0.0,extinct,True,False,,,2.4e-05,23.0,0.7,0.001
128,1,0.0,extinct,True,False,,,2.4e-05,23.0,0.7,0.001
129,1,0.0,extinct,True,False,,,2.4e-05,23.0,0.7,0.001
130,1,0.0,extinct,True,False,,,2.4e-05,23.0,0.7,0.001
131,1,0.0,extinct,True,False,,,2.4e-05,23.0,0.7,0.001
132,1,0.0,integrated,False,True,56.383039435074224,44.75999999999957,2.4e-05,23.0,0.7,0.001
133,1,0.0,extinct,True,False,,,2.4e-05,23.0,0.7,0.001
134,1,0.0,extinct,True,False,,,2.4e-05,23.0,0.7,0.001
135,1,0.0,extinct,True,False,,,2.4e-05,23.0,0.7,0.001
136,1,0.0,extinct,True,False,,,2.4e-05,23.0,0.7,0.001
137,1,0.0,integrated,False,True,56.364527915452754,45.35999999999956,2.4e-05,23.0,0.7,0.001
138,1,0.0,extinct,True,False,,,2.4e-05,23.0,0.7,0.001
139,1,0.0,extinct,True,False,,,2.4e-05,23.0,0.7,0.001
140,1,0.0,extinct,True,False,,,2.4e-05,23.0,0.7,0.001
141,1,0.0,extinct,True,False,,,2.4e-05,23.0,0.7,0.001
142,1,0.0,extinct,True,False,,,2.4e-05,23.0,0.7,0.001
143,1,0.0,integrated,False,True,56.18765893904518,44.99999999999957,2.4e-05,23.0,0.7,0.001
144,1,0.0,extinct,True,False,,,2.4e-05,23.0,0.7,0.001
145,1,0.0,extinct,True,False,,,2.4e-05,23.0,0.7,0.001
146,1,0.0,extinct,True,False,,,2.4e-05,23.0,0.7,0.001
147,1,0.0,extinct,True,False,,,2.4e-05,23.0,0.7,0.001
148,1,0.0,extinct,True,False,,,2.4e-05,23.0,0.7,0.001
149,1,0.0,extinct,True,False,,,2.4e-05,23.0,0.7,0.001
150,1,0.0,extinct,True,False,,,2.4e-05,23.0,0.7,0.001
151,1,0.0,extinct,True,False,,,2.4e-05,23.0,0.7,0.001
152,1,0.0,extinct,True,False,,,2.4e-05,23.0,0.7,0.001
153,1,0.0,extinct,True,False,,,2.4e-05,23.0,0.7,0.001
154,1,0.0,extinct,True,False,,,2.4e-05,23.0,0.7,0.001
155,1,0.0,integrated,False,True,57.007122947567645,45.599999999999554,2.4e-05,23.0,0.7,0.001
156,1,0.0,integrated,False,True,55.77882268813387,44.639999999999574,2.4e-05,23.0,0.7,0.001
157,1,0.0,extinct,True,False,,,2.4e-05,23.0,0.7,0.001
158,1,0.0,extinct,True,False,,,2.4e-05,23.0,0.7,0.001
159,1,0.0,integrated,False,True,57.49715988902931,45.83999999999955,2.4e-05,23.0,0.7,0.001
160,1,0.0,extinct,True,False,,,2.4e-05,23.0,0.7,0.001
161,1,0.0,extinct,True,False,,,2.4e-05,23.0,0.7,0.001
162,1,0.0,extinct,True,False,,,2.4e-05,23.0,0.7,0.001
163,1,0.0,extinct,True,False,,,2.4e-05,23.0,0.7,0.001
164,1,0.0,extinct,True,False,,,2.4e-05,23.0,0.7,0.001
165,1,0.0,extinct,True,False,,,2.4e-05,23.0,0.7,0.001
166,1,0.0,integrated,False,True,56.23616089482037,45.119999999999564,2.4e-05,23.0,0.7,0.001
167,1,0.0,integrated,False,True,55.72729536948344,44.51999999999958,2.4e-05,23.0,0.7,0.001
168,1,0.0,extinct,True,False,,,2.4e-05,23.0,0.7,0.001
169,1,0.0,integrated,False,True,56.10691521369195,45.119999999999564,2.4e-05,23.0,0.7,0.001
170,1,0.0,integrated,False,True,56.74169937680766,44.99999999999957,2.4e-05,23.0,0.7,0.001
171,1,0.0,extinct,True,False,,,2.4e-05,23.0,0.7,0.001
172,1,0.0,integrated,False,True,55.63553314550971,44.51999999999958,2.4e-05,23.0,0.7,0.001
173,1,0.0,extinct,True,False,,,2.4e-05,23.0,0.7,0.001
174,1,0.0,integrated,False,True,56.10268780214208,44.99999999999957,2.4e-05,23.0,0.7,0.001
175,1,0.0,integrated,False,True,75.70117593555366,65.87999999999913,2.4e-05,23.0,0.7,0.001
176,1,0.0,integrated,False,True,56.12824394802399,44.99999999999957,2.4e-05,23.0,0.7,0.001
177,1,0.0,extinct,True,False,,,2.4e-05,23.0,0.7,0.001
178,1,0.0,extinct,True,False,,,2.4e-05,23.0,0.7,0.001
179,1,0.0,extinct,True,False,,,2.4e-05,23.0,0.7,0.001
180,1,0.0,extinct,True,False,,,2.4e-05,23.0,0.7,0.001
181,1,0.0,extinct,True,False,,,2.4e-05,23.0,0.7,0.001
182,1,0.0,integrated,False,True,56.47510874893991,44.87999999999957,2.4e-05,23.0,0.7,0.001
183,1,0.0,extinct,True,False,,,2.4e-05,23.0,0.7,0.001
184,1,0.0,integrated,False,True,57.29886246275825,46.19999999999954,2.4e-05,23.0,0.7,0.001
185,1,0.0,extinct,True,False,,,2.4e-05,23.0,0.7,0.001
186,1,0.0,extinct,True,False,,,2.4e-05,23.0,0.7,0.001
187,1,0.0,extinct,True,False,,,2.4e-05,23.0,0.7,0.001
188,1,0.0,integrated,False,True,56.45568192607669,44.87999999999957,2.4e-05,23.0,0.7,0.001
189,1,0.0,extinct,True,False,,,2.4e-05,23.0,0.7,0.001
190,1,0.0,extinct,True,False,,,2.4e-05,23.0,0.7,0.001
191,1,0.0,extinct,True,False,,,2.4e-05,23.0,0.7,0.001
192,1,0.0,extinct,True,False,,,2.4e-05,23.0,0.7,0.001
193,1,0.0,integrated,False,True,56.982811353897326,45.83999999999955,2.4e-05,23.0,0.7,0.001
194,1,0.0,integrated,False,True,56.33745623447787,45.35999999999956,2.4e-05,23.0,0.7,0.001
195,1,0.0,extinct,True,False,,,2.4e-05,23.0,0.7,0.001
196,1,0.0,extinct,True,False,,,2.4e-05,23.0,0.7,0.001
197,1,0.0,integrated,False,True,56.34886731808273,45.23999999999956,2.4e-05,23.0,0.7,0.001
198,1,0.0,integrated,False,True,56.62951618510375,45.599999999999554,2.4e-05,23.0,0.7,0.001
199,1,0.0,extinct,True,False,,,2.4e-05,23.0,0.7,0.001
200,1,0.0,extinct,True,False,,,2.4e-05,23.0,0.7,0.001
201,1,0.0,extinct,True,False,,,2.4e-05,23.0,0.7,0.001
202,1,0.0,extinct,True,False,,,2.4e-05,23.0,0.7,0.001
203,1,0.0,extinct,True,False,,,2.4e-05,23.0,0.7,0.001
204,1,0.0,extinct,True,False,,,2.4e-05,23.0,0.7,0.001
205,1,0.0,extinct,True,False,,,2.4e-05,23.0,0.7,0.001
206,1,0.0,integrated,False,True,56.047908145766726,44.99999999999957,2.4e-05,23.0,0.7,0.001
207,1,0.0,extinct,True,False,,,2.4e-05,23.0,0.7,0.001
208,1,0.0,extinct,True,False,,,2.4e-05,23.0,0.7,0.001
209,1,0.0,extinct,True,False,,,2.4e-05,23.0,0.7,0.001
210,1,0.0,extinct,True,False,,,2.4e-05,23.0,0.7,0.001
211,1,0.0,extinct,True,False,,,2.4e-05,23.0,0.7,0.001
212,1,0.0,extinct,True,False,,,2.4e-05,23.0,0.7,0.001
213,1,0.0,extinct,True,False,,,2.4e-05,23.0,0.7,0.001
214,1,0.0,extinct,True,False,,,2.4e-05,23.0,0.7,0.001
215,1,0.0,integrated,False,True,56.10936037890515,44.99999999999957,2.4e-05,23.0,0.7,0.001
216,1,0.0,integrated,False,True,56.53560913040569,44.99999999999957,2.4e-05,23.0,0.7,0.001
217,1,0.0,extinct,True,False,,,2.4e-05,23.0,0.7,0.001
218,1,0.0,integrated,False,True,58.08619490999808,47.03999999999952,2.4e-05,23.0,0.7,0.001
219,1,0.0,integrated,False,True,55.97034704655226,44.87999999999957,2.4e-05,23.0,0.7,0.001
220,1,0.0,extinct,True,False,,,2.4e-05,23.0,0.7,0.001
221,1,0.0,extinct,True,False,,,2.4e-05,23.0,0.7,0.001
222,1,0.0,extinct,True,False,,,2.4e-05,23.0,0.7,0.001
223,1,0.0,extinct,True,False,,,2.4e-05,23.0,0.7,0.001
224,1,0.0,extinct,True,False,,,2.4e-05,23.0,0.7,0.001
225,1,0.0,extinct,True,False,,,2.4e-05,23.0,0.7,0.001
226,1,0.0,integrated,False,True,57.284764465907415,45.599999999999554,2.4e-05,23.0,0.7,0.001
227,1,0.0,extinct,True,False,,,2.4e-05,23.0,0.7,0.001
228,1,0.0,extinct,True,False,,,2.4e-05,23.0,0.7,0.001
229,1,0.0,integrated,False,True,56.7110475992923,45.23999999999956,2.4e-05,23.0,0.7,0.001
230,1,0.0,extinct,True,False,,,2.4e-05,23.0,0.7,0.001
231,1,0.0,extinct,True,False,,,2.4e-05,23.0,0.7,0.001
232,1,0.0,integrated,False,True,56.427128203166916,44.99999999999957,2.4e-05,23.0,0.7,0.001
233,1,0.0,extinct,True,False,,,2.4e-05,23.0,0.7,0.001
234,1,0.0,extinct,True,False,,,2.4e-05,23.0,0.7,0.001
235,1,0.0,integrated,False,True,55.860018113705685,44.75999999999957,2.4e-05,23.0,0.7,0.001
236,1,0.0,extinct,True,False,,,2.4e-05,23.0,0.7,0.001
237,1,0.0,extinct,True,False,,,2.4e-05,23.0,0.7,0.001
238,1,0.0,extinct,True,False,,,2.4e-05,23.0,0.7,0.001
239,1,0.0,integrated,False,True,58.18653219752714,46.67999999999953,2.4e-05,23.0,0.7,0.001
240,1,0.0,extinct,True,False,,,2.4e-05,23.0,0.7,0.001
241,1,0.0,integrated,False,True,55.583070566145025,44.39999999999958,2.4e-05,23.0,0.7,0.001
242,1,0.0,extinct,True,False,,,2.4e-05,23.0,0.7,0.001
243,1,0.0,integrated,False,True,55.90295939733331,44.75999999999957,2.4e-05,23.0,0.7,0.001
244,1,0.0,extinct,True,False,,,2.4e-05,23.0,0.7,0.001
245,1,0.0,extinct,True,False,,,2.4e-05,23.0,0.7,0.001
246,1,0.0,extinct,True,False,,,2.4e-05,23.0,0.7,0.001
247,1,0.0,extinct,True,False,,,2.4e-05,23.0,0.7,0.001
248,1,0.0,extinct,True,False,,,2.4e-05,23.0,0.7,0.001
249,1,0.0,integrated,False,True,56.50911365378926,45.479999999999556,2.4e-05,23.0,0.7,0.001
250,1,0.0,integrated,False,True,56.81255625729848,45.119999999999564,2.4e-05,23.0,0.7,0.001
251,1,0.0,integrated,False,True,56.47819138709764,44.75999999999957,2.4e-05,23.0,0.7,0.001
252,1,0.0,extinct,True,False,,,2.4e-05,23.0,0.7,0.001
253,1,0.0,extinct,True,False,,,2.4e-05,23.0,0.7,0.001
254,1,0.0,integrated,False,True,55.44564404462166,44.27999999999958,2.4e-05,23.0,0.7,0.001
255,1,0.0,extinct,True,False,,,2.4e-05,23.0,0.7,0.001
256,1,0.0,extinct,True,False,,,2.4e-05,23.0,0.7,0.001
257,1,0.0,integrated,False,True,56.76384375029747,45.71999999999955,2.4e-05,23.0,0.7,0.001
258,1,0.0,extinct,True,False,,,2.4e-05,23.0,0.7,0.001
259,1,0.0,extinct,True,False,,,2.4e-05,23.0,0.7,0.001
260,1,0.0,extinct,True,False,,,2.4e-05,23.0,0.7,0.001
261,1,0.0,integrated,False,True,57.084451299539694,45.479999999999556,2.4e-05,23.0,0.7,0.001
262,1,0.0,extinct,True,False,,,2.4e-05,23.0,0.7,0.001
263,1,0.0,extinct,True,False,,,2.4e-05,23.0,0.7,0.001
264,1,0.0,extinct,True,False,,,2.4e-05,23.0,0.7,0.001
265,1,0.0,extinct,True,False,,,2.4e-05,23.0,0.7,0.001
266,1,0.0,extinct,True,False,,,2.4e-05,23.0,0.7,0.001
267,1,0.0,integrated,False,True,57.755947833885386,46.67999999999953,2.4e-05,23.0,0.7,0.001
268,1,0.0,extinct,True,False,,,2.4e-05,23.0,0.7,0.001
269,1,0.0,extinct,True,False,,,2.4e-05,23.0,0.7,0.001
270,1,0.0,extinct,True,False,,,2.4e-05,23.0,0.7,0.001
271,1,0.0,integrated,False,True,57.178321011253594,46.07999999999954,2.4e-05,23.0,0.7,0.001
272,1,0.0,integrated,False,True,56.41556851957969,45.35999999999956,2.4e-05,23.0,0.7,0.001
273,1,0.0,integrated,False,True,55.9374287086819,44.87999999999957,2.4e-05,23.0,0.7,0.001
274,1,0.0,integrated,False,True,55.9612853662696,44.87999999999957,2.4e-05,23.0,0.7,0.001
275,1,0.0,extinct,True,False,,,2.4e-05,23.0,0.7,0.001
276,1,0.0,extinct,True,False,,,2.4e-05,23.0,0.7,0.001
277,1,0.0,extinct,True,False,,,2.4e-05,23.0,0.7,0.001
278,1,0.0,extinct,True,False,,,2.4e-05,23.0,0.7,0.001
279,1,0.0,extinct,True,False,,,2.4e-05,23.0,0.7,0.001
280,1,0.0,extinct,True,False,,,2.4e-05,23.0,0.7,0.001
281,1,0.0,integrated,False,True,57.55739386517679,46.439999999999536,2.4e-05,23.0,0.7,0.001
282,1,0.0,extinct,True,False,,,2.4e-05,23.0,0.7,0.001
283,1,0.0,extinct,True,False,,,2.4e-05,23.0,0.7,0.001
284,1,0.0,integrated,False,True,57.802720697186174,46.55999999999953,2.4e-05,23.0,0.7,0.001
285,1,0.0,integrated,False,True,56.123371094220104,45.119999999999564,2.4e-05,23.0,0.7,0.001
286,1,0.0,extinct,True,False,,,2.4e-05,23.0,0.7,0.001
287,1,0.0,extinct,True,False,,,2.4e-05,23.0,0.7,0.001
288,1,0.0,extinct,True,False,,,2.4e-05,23.0,0.7,0.001
289,1,0.0,extinct,True,False,,,2.4e-05,23.0,0.7,0.001
290,1,0.0,extinct,True,False,,,2.4e-05,23.0,0.7,0.001
291,1,0.0,extinct,True,False,,,2.4e-05,23.0,0.7,0.001
292,1,0.0,extinct,True,False,,,2.4e-05,23.0,0.7,0.001
293,1,0.0,extinct,True,False,,,2.4e-05,23.0,0.7,0.001
294,1,0.0,integrated,False,True,57.17323581447648,46.07999999999954,2.4e-05,23.0,0.7,0.001
295,1,0.0,extinct,True,False,,,2.4e-05,23.0,0.7,0.001
296,1,0.0,extinct,True,False,,,2.4e-05,23.0,0.7,0.001
297,1,0.0,integrated,False,True,55.62545207911606,44.51999999999958,2.4e-05,23.0,0.7,0.001
298,1,0.0,extinct,True,False,,,2.4e-05,23.0,0.7,0.001
299,1,0.0,extinct,True,False,,,2.4e-05,23.0,0.7,0.001
300,1,0.0,integrated,False,True,56.8056012600794,45.71999999999955,2.4e-05,23.0,0.7,0.001
301,1,0.0,integrated,False,True,56.50703940762604,45.479999999999556,2.4e-05,23.0,0.7,0.001
302,1,0.0,integrated,False,True,56.62309249000292,45.119999999999564,2.4e-05,23.0,0.7,0.001
303,1,0.0,integrated,False,True,55.86242374002199,44.75999999999957,2.4e-05,23.0,0.7,0.001
304,1,0.0,extinct,True,False,,,2.4e-05,23.0,0.7,0.001
305,1,0.0,extinct,True,False,,,2.4e-05,23.0,0.7,0.001
306,1,0.0,integrated,False,True,56.72954308095781,45.599999999999554,2.4e-05,23.0,0.7,0.001
307,1,0.0,extinct,True,False,,,2.4e-05,23.0,0.7,0.001
308,1,0.0,extinct,True,False,,,2.4e-05,23.0,0.7,0.001
309,1,0.0,extinct,True,False,,,2.4e-05,23.0,0.7,0.001
310,1,0.0,integrated,False,True,55.94575922842539,44.87999999999957,2.4e-05,23.0,0.7,0.001
311,1,0.0,integrated,False,True,56.064701975959466,44.639999999999574,2.4e-05,23.0,0.7,0.001
312,1,0.0,extinct,True,False,,,2.4e-05,23.0,0.7,0.001
313,1,0.0,integrated,False,True,57.823010391168026,46.31999999999954,2.4e-05,23.0,0.7,0.001
314,1,0.0,extinct,True,False,,,2.4e-05,23.0,0.7,0.001
315,1,0.0,extinct,True,False,,,2.4e-05,23.0,0.7,0.001
316,1,0.0,extinct,True,False,,,2.4e-05,23.0,0.7,0.001
317,1,0.0,extinct,True,False,,,2.4e-05,23.0,0.7,0.001
318,1,0.0,integrated,False,True,55.8219877006667,44.75999999999957,2.4e-05,23.0,0.7,0.001
319,1,0.0,extinct,True,False,,,2.4e-05,23.0,0.7,0.001
320,1,0.0,extinct,True,False,,,2.4e-05,23.0,0.7,0.001
321,1,0.0,extinct,True,False,,,2.4e-05,23.0,0.7,0.001
322,1,0.0,extinct,True,False,,,2.4e-05,23.0,0.7,0.001
323,1,0.0,extinct,True,False,,,2.4e-05,23.0,0.7,0.001
324,1,0.0,extinct,True,False,,,2.4e-05,23.0,0.7,0.001
325,1,0.0,extinct,True,False,,,2.4e-05,23.0,0.7,0.001
326,1,0.0,extinct,True,False,,,2.4e-05,23.0,0.7,0.001
327,1,0.0,extinct,True,False,,,2.4e-05,23.0,0.7,0.001
328,1,0.0,extinct,True,False,,,2.4e-05,23.0,0.7,0.001
329,1,0.0,extinct,True,False,,,2.4e-05,23.0,0.7,0.001
330,1,0.0,integrated,False,True,56.42766585061327,45.119999999999564,2.4e-05,23.0,0.7,0.001
331,1,0.0,extinct,True,False,,,2.4e-05,23.0,0.7,0.001
332,1,0.0,integrated,False,True,55.944171356482315,44.87999999999957,2.4e-05,23.0,0.7,0.001
333,1,0.0,extinct,True,False,,,2.4e-05,23.0,0.7,0.001
334,1,0.0,extinct,True,False,,,2.4e-05,23.0,0.7,0.001
335,1,0.0,extinct,True,False,,,2.4e-05,23.0,0.7,0.001
336,1,0.0,extinct,True,False,,,2.4e-05,23.0,0.7,0.001
337,1,0.0,extinct,True,False,,,2.4e-05,23.0,0.7,0.001
338,1,0.0,extinct,True,False,,,2.4e-05,23.0,0.7,0.001
339,1,0.0,extinct,True,False,,,2.4e-05,23.0,0.7,0.001
340,1,0.0,extinct,True,False,,,2.4e-05,23.0,0.7,0.001
341,1,0.0,extinct,True,False,,,2.4e-05,23.0,0.7,0.001
342,1,0.0,extinct,True,False,,,2.4e-05,23.0,0.7,0.001
343,1,0.0,extinct,True,False,,,2.4e-05,23.0,0.7,0.001
344,1,0.0,extinct,True,False,,,2.4e-05,23.0,0.7,0.001
345,1,0.0,integrated,False,True,56.98941488267489,45.23999999999956,2.4e-05,23.0,0.7,0.001
346,1,0.0,extinct,True,False,,,2.4e-05,23.0,0.7,0.001
347,1,0.0,extinct,True,False,,,2.4e-05,23.0,0.7,0.001
348,1,0.0,extinct,True,False,,,2.4e-05,23.0,0.7,0.001
349,1,0.0,integrated,False,True,56.167928317708224,44.75999999999957,2.4e-05,23.0,0.7,0.001
350,1,0.0,integrated,False,True,56.305499139285985,45.23999999999956,2.4e-05,23.0,0.7,0.001
351,1,0.0,extinct,True,False,,,2.4e-05,23.0,0.7,0.001
352,1,0.0,extinct,True,False,,,2.4e-05,23.0,0.7,0.001
353,1,0.0,extinct,True,False,,,2.4e-05,23.0,0.7,0.001
354,1,0.0,extinct,True,False,,,2.4e-05,23.0,0.7,0.001
355,1,0.0,integrated,False,True,57.40877599634406,45.959999999999546,2.4e-05,23.0,0.7,0.001
356,1,0.0,extinct,True,False,,,2.4e-05,23.0,0.7,0.001
357,1,0.0,extinct,True,False,,,2.4e-05,23.0,0.7,0.001
358,1,0.0,extinct,True,False,,,2.4e-05,23.0,0.7,0.001
359,1,0.0,extinct,True,False,,,2.4e-05,23.0,0.7,0.001
360,1,0.0,extinct,True,False,,,2.4e-05,23.0,0.7,0.001
361,1,0.0,extinct,True,False,,,2.4e-05,23.0,0.7,0.001
362,1,0.0,integrated,False,True,56.32424946757196,45.23999999999956,2.4e-05,23.0,0.7,0.001
363,1,0.0,integrated,False,True,56.616718956500634,44.99999999999957,2.4e-05,23.0,0.7,0.001
364,1,0.0,extinct,True,False,,,2.4e-05,23.0,0.7,0.001
365,1,0.0,integrated,False,True,55.9385193216966,44.639999999999574,2.4e-05,23.0,0.7,0.001
366,1,0.0,extinct,True,False,,,2.4e-05,23.0,0.7,0.001
367,1,0.0,integrated,False,True,55.65292523868287,44.51999999999958,2.4e-05,23.0,0.7,0.001
368,1,0.0,extinct,True,False,,,2.4e-05,23.0,0.7,0.001
369,1,0.0,extinct,True,False,,,2.4e-05,23.0,0.7,0.001
370,1,0.0,extinct,True,False,,,2.4e-05,23.0,0.7,0.001
371,1,0.0,extinct,True,False,,,2.4e-05,23.0,0.7,0.001
372,1,0.0,extinct,True,False,,,2.4e-05,23.0,0.7,0.001
373,1,0.0,extinct,True,False,,,2.4e-05,23.0,0.7,0.001
374,1,0.0,extinct,True,False,,,2.4e-05,23.0,0.7,0.001
375,1,0.0,extinct,True,False,,,2.4e-05,23.0,0.7,0.001
376,1,0.0,extinct,True,False,,,2.4e-05,23.0,0.7,0.001
377,1,0.0,integrated,False,True,56.023670763345315,44.99999999999957,2.4e-05,23.0,0.7,0.001
378,1,0.0,extinct,True,False,,,2.4e-05,23.0,0.7,0.001
379,1,0.0,extinct,True,False,,,2.4e-05,23.0,0.7,0.001
380,1,0.0,extinct,True,False,,,2.4e-05,23.0,0.7,0.001
381,1,0.0,extinct,True,False,,,2.4e-05,23.0,0.7,0.001
382,1,0.0,extinct,True,False,,,2.4e-05,23.0,0.7,0.001
383,1,0.0,integrated,False,True,57.07029463100627,45.479999999999556,2.4e-05,23.0,0.7,0.001
384,1,0.0,integrated,False,True,56.72466258965761,45.71999999999955,2.4e-05,23.0,0.7,0.001
385,1,0.0,extinct,True,False,,,2.4e-05,23.0,0.7,0.001
386,1,0.0,extinct,True,False,,,2.4e-05,23.0,0.7,0.001
387,1,0.0,extinct,True,False,,,2.4e-05,23.0,0.7,0.001
388,1,0.0,extinct,True,False,,,2.4e-05,23.0,0.7,0.001
389,1,0.0,extinct,True,False,,,2.4e-05,23.0,0.7,0.001
390,1,0.0,extinct,True,False,,,2.4e-05,23.0,0.7,0.001
391,1,0.0,extinct,True,False,,,2.4e-05,23.0,0.7,0.001
392,1,0.0,extinct,True,False,,,2.4e-05,23.0,0.7,0.001
393,1,0.0,extinct,True,False,,,2.4e-05,23.0,0.7,0.001
394,1,0.0,integrated,False,True,55.76929413067846,44.75999999999957,2.4e-05,23.0,0.7,0.001
395,1,0.0,integrated,False,True,57.48731208463958,46.439999999999536,2.4e-05,23.0,0.7,0.001
396,1,0.0,extinct,True,False,,,2.4e-05,23.0,0.7,0.001
397,1,0.0,extinct,True,False,,,2.4e-05,23.0,0.7,0.001
398,1,0.0,extinct,True,False,,,2.4e-05,23.0,0.7,0.001
399,1,0.0,extinct,True,False,,,2.4e-05,23.0,0.7,0.001
400,1,0.0,integrated,False,True,56.04405820331431,44.99999999999957,2.4e-05,23.0,0.7,0.001
401,1,0.0,extinct,True,False,,,2.4e-05,23.0,0.7,0.001
402,1,0.0,extinct,True,False,,,2.4e-05,23.0,0.7,0.001
403,1,0.0,extinct,True,False,,,2.4e-05,23.0,0.7,0.001
404,1,0.0,extinct,True,False,,,2.4e-05,23.0,0.7,0.001
405,1,0.0,integrated,False,True,57.651536638716195,46.19999999999954,2.4e-05,23.0,0.7,0.001
406,1,0.0,extinct,True,False,,,2.4e-05,23.0,0.7,0.001
407,1,0.0,integrated,False,True,57.058068153054876,45.959999999999546,2.4e-05,23.0,0.7,0.001
408,1,0.0,integrated,False,True,56.321868761085256,44.639999999999574,2.4e-05,23.0,0.7,0.001
409,1,0.0,extinct,True,False,,,2.4e-05,23.0,0.7,0.001
410,1,0.0,integrated,False,True,55.90373339567243,44.75999999999957,2.4e-05,23.0,0.7,0.001
411,1,0.0,extinct,True,False,,,2.4e-05,23.0,0.7,0.001
412,1,0.0,extinct,True,False,,,2.4e-05,23.0,0.7,0.001
413,1,0.0,integrated,False,True,57.30341001511675,46.07999999999954,2.4e-05,23.0,0.7,0.001
414,1,0.0,extinct,True,False,,,2.4e-05,23.0,0.7,0.001
415,1,0.0,extinct,True,False,,,2.4e-05,23.0,0.7,0.001
416,1,0.0,extinct,True,False,,,2.4e-05,23.0,0.7,0.001
417,1,0.0,integrated,False,True,55.88309080680298,44.75999999999957,2.4e-05,23.0,0.7,0.001
418,1,0.0,integrated,False,True,55.84848274849978,44.75999999999957,2.4e-05,23.0,0.7,0.001
419,1,0.0,extinct,True,False,,,2.4e-05,23.0,0.7,0.001
420,1,0.0,integrated,False,True,55.71906124757757,44.39999999999958,2.4e-05,23.0,0.7,0.001
421,1,0.0,extinct,True,False,,,2.4e-05,23.0,0.7,0.001
422,1,0.0,extinct,True,False,,,2.4e-05,23.0,0.7,0.001
423,1,0.0,extinct,True,False,,,2.4e-05,23.0,0.7,0.001
424,1,0.0,extinct,True,False,,,2.4e-05,23.0,0.7,0.001
425,1,0.0,integrated,False,True,56.13259012834169,45.119999999999564,2.4e-05,23.0,0.7,0.001
426,1,0.0,extinct,True,False,,,2.4e-05,23.0,0.7,0.001
427,1,0.0,extinct,True,False,,,2.4e-05,23.0,0.7,0.001
428,1,0.0,extinct,True,False,,,2.4e-05,23.0,0.7,0.001
429,1,0.0,extinct,True,False,,,2.4e-05,23.0,0.7,0.001
430,1,0.0,extinct,True,False,,,2.4e-05,23.0,0.7,0.001
431,1,0.0,extinct,True,False,,,2.4e-05,23.0,0.7,0.001
432,1,0.0,extinct,True,False,,,2.4e-05,23.0,0.7,0.001
433,1,0.0,extinct,True,False,,,2.4e-05,23.0,0.7,0.001
434,1,0.0,extinct,True,False,,,2.4e-05,23.0,0.7,0.001
435,1,0.0,extinct,True,False,,,2.4e-05,23.0,0.7,0.001
436,1,0.0,extinct,True,False,,,2.4e-05,23.0,0.7,0.001
437,1,0.0,extinct,True,False,,,2.4e-05,23.0,0.7,0.001
438,1,0.0,integrated,False,True,75.61404013415326,65.99999999999912,2.4e-05,23.0,0.7,0.001
439,1,0.0,extinct,True,False,,,2.4e-05,23.0,0.7,0.001
440,1,0.0,integrated,False,True,57.18558104309504,45.71999999999955,2.4e-05,23.0,0.7,0.001
441,1,0.0,extinct,True,False,,,2.4e-05,23.0,0.7,0.001
442,1,0.0,extinct,True,False,,,2.4e-05,23.0,0.7,0.001
443,1,0.0,integrated,False,True,58.304527186764105,47.27999999999952,2.4e-05,23.0,0.7,0.001
444,1,0.0,integrated,False,True,57.006648885866724,45.599999999999554,2.4e-05,23.0,0.7,0.001
445,1,0.0,extinct,True,False,,,2.4e-05,23.0,0.7,0.001
446,1,0.0,extinct,True,False,,,2.4e-05,23.0,0.7,0.001
447,1,0.0,integrated,False,True,56.09111351780892,44.99999999999957,2.4e-05,23.0,0.7,0.001
448,1,0.0,extinct,True,False,,,2.4e-05,23.0,0.7,0.001
449,1,0.0,extinct,True,False,,,2.4e-05,23.0,0.7,0.001
450,1,0.0,extinct,True,False,,,2.4e-05,23.0,0.7,0.001
451,1,0.0,extinct,True,False,,,2.4e-05,23.0,0.7,0.001
452,1,0.0,extinct,True,False,,,2.4e-05,23.0,0.7,0.001
453,1,0.0,integrated,False,True,56.53720578072068,45.35999999999956,2.4e-05,23.0,0.7,0.001
454,1,0.0,extinct,True,False,,,2.4e-05,23.0,0.7,0.001
455,1,0.0,extinct,True,False,,,2.4e-05,23.0,0.7,0.001
456,1,0.0,extinct,True,False,,,2.4e-05,23.0,0.7,0.001
457,1,0.0,extinct,True,False,,,2.4e-05,23.0,0.7,0.001
458,1,0.0,extinct,True,False,,,2.4e-05,23.0,0.7,0.001
459,1,0.0,extinct,True,False,,,2.4e-05,23.0,0.7,0.001
460,1,0.0,extinct,True,False,,,2.4e-05,23.0,0.7,0.001
461,1,0.0,extinct,True,False,,,2.4e-05,23.0,0.7,0.001
462,1,0.0,extinct,True,False,,,2.4e-05,23.0,0.7,0.001
463,1,0.0,integrated,False,True,57.00662451145537,45.599999999999554,2.4e-05,23.0,0.7,0.001
464,1,0.0,integrated,False,True,56.61317390847387,45.35999999999956,2.4e-05,23.0,0.7,0.001
465,1,0.0,extinct,True,False,,,2.4e-05,23.0,0.7,0.001
466,1,0.0,integrated,False,True,55.87055147846954,44.75999999999957,2.4e-05,23.0,0.7,0.001
467,1,0.0,extinct,True,False,,,2.4e-05,23.0,0.7,0.001
468,1,0.0,integrated,False,True,56.13449648397075,44.75999999999957,2.4e-05,23.0,0.7,0.001
469,1,0.0,extinct,True,False,,,2.4e-05,23.0,0.7,0.001
470,1,0.0,extinct,True,False,,,2.4e-05,23.0,0.7,0.001
471,1,0.0,extinct,True,False,,,2.4e-05,23.0,0.7,0.001
472,1,0.0,extinct,True,False,,,2.4e-05,23.0,0.7,0.001
473,1,0.0,integrated,False,True,56.1897480199158,44.87999999999957,2.4e-05,23.0,0.7,0.001
474,1,0.0,integrated,False,True,56.890315780832594,45.71999999999955,2.4e-05,23.0,0.7,0.001
475,1,0.0,extinct,True,False,,,2.4e-05,23.0,0.7,0.001
476,1,0.0,extinct,True,False,,,2.4e-05,23.0,0.7,0.001
477,1,0.0,integrated,False,True,56.17027928264311,45.119999999999564,2.4e-05,23.0,0.7,0.001
478,1,0.0,extinct,True,False,,,2.4e-05,23.0,0.7,0.001
479,1,0.0,extinct,True,False,,,2.4e-05,23.0,0.7,0.001
480,1,0.0,extinct,True,False,,,2.4e-05,23.0,0.7,0.001
481,1,0.0,extinct,True,False,,,2.4e-05,23.0,0.7,0.001
482,1,0.0,extinct,True,False,,,2.4e-05,23.0,0.7,0.001
483,1,0.0,extinct,True,False,,,2.4e-05,23.0,0.7,0.001
484,1,0.0,integrated,False,True,56.36522190889237,45.23999999999956,2.4e-05,23.0,0.7,0.001
485,1,0.0,extinct,True,False,,,2.4e-05,23.0,0.7,0.001
486,1,0.0,integrated,False,True,56.162569752937266,44.51999999999958,2.4e-05,23.0,0.7,0.001
487,1,0.0,integrated,False,True,56.122470422301504,44.99999999999957,2.4e-05,23.0,0.7,0.001
488,1,0.0,extinct,True,False,,,2.4e-05,23.0,0.7,0.001
489,1,0.0,extinct,True,False,,,2.4e-05,23.0,0.7,0.001
490,1,0.0,integrated,False,True,56.136201809725236,45.119999999999564,2.4e-05,23.0,0.7,0.001
491,1,0.0,extinct,True,False,,,2.4e-05,23.0,0.7,0.001
492,1,0.0,integrated,False,True,56.856372933947895,45.479999999999556,2.4e-05,23.0,0.7,0.001
493,1,0.0,extinct,True,False,,,2.4e-05,23.0,0.7,0.001
494,1,0.0,extinct,True,False,,,2.4e-05,23.0,0.7,0.001
495,1,0.0,integrated,False,True,56.0881990018259,44.51999999999958,2.4e-05,23.0,0.7,0.001
496,1,0.0,extinct,True,False,,,2.4e-05,23.0,0.7,0.001
497,1,0.0,extinct,True,False,,,2.4e-05,23.0,0.7,0.001
498,1,0.0,extinct,True,False,,,2.4e-05,23.0,0.7,0.001
499,1,0.0,extinct,True,False,,,2.4e-05,23.0,0.7,0.001
0,1,0.3,extinct,True,False,,,1.9904508184878982e-05,19.963716986762407,0.6892217598066974,0.000677239616234951
1,1,0.3,extinct,True,False,,,2.1392623751247614e-05,23.454838062810012,0.4334274509266789,0.0011787552121568406
2,1,0.3,integrated,False,True,56.50170908514829,45.599999999999554,2.956046988154e-05,19.892786595987875,0.709353233306782,0.0007017515021297606
3,1,0.3,integrated,False,True,57.01594563296298,45.35999999999956,1.7054268930162224e-05,16.48847951285962,0.7235386429904476,0.001293123652355679
4,1,0.3,integrated,False,True,56.906040906202634,44.99999999999957,2.2635025791620222e-05,21.811206675599333,0.8023055012737305,0.000725655659483265
5,1,0.3,integrated,False,True,55.00332344309099,44.99999999999957,3.809667603429244e-05,17.889494797624817,0.89881880301313,0.0009094149643472494
6,1,0.3,integrated,False,True,56.2319520108213,44.99999999999957,2.823558079269457e-05,30.9065931461121,0.9816640679683917,0.0009848681846227434
7,1,0.3,integrated,False,True,56.653148272843794,45.35999999999956,2.1299246442896987e-05,25.565669659363312,0.7606338523394849,0.0012688704061851843
8,1,0.3,extinct,True,False,,,4.285127708404705e-05,31.97594964577098,0.7064966109535513,0.0009238544032492084
9,1,0.3,integrated,False,True,58.023158357464,46.55999999999953,2.2101384712367337e-05,17.662467420517384,0.751408291086512,0.000777989921382491
10,1,0.3,extinct,True,False,,,2.204047221667691e-05,20.654541143541113,0.8246834795372375,0.0014311586686106283
11,1,0.3,extinct,True,False,,,3.246182941395931e-05,36.19539970637821,1.0682618553601204,0.0007630702300728027
12,1,0.3,integrated,False,True,55.37244808999037,44.639999999999574,3.0408945138771982e-05,20.946030605308337,0.6937448961799059,0.0007726964166792948
13,1,0.3,extinct,True,False,,,2.314930731950465e-05,40.120517442776844,1.0457159389932558,0.0010678455475618886
14,1,0.3,extinct,True,False,,,1.95856934491892e-05,24.34358270830362,0.4939447242165469,0.0007921556366545659
15,1,0.3,extinct,True,False,,,3.009178373076958e-05,42.35232836133,0.5605547821308206,0.001003453249518169
16,1,0.3,extinct,True,False,,,3.254600950571528e-05,16.53597544268007,0.7960123842788784,0.0010819893697312907
17,1,0.3,extinct,True,False,,,1.8011482905421506e-05,19.55265377810173,0.9214882401179801,0.0008712313528552268
18,1,0.3,extinct,True,False,,,1.7944957032959625e-05,28.148326824040634,0.6904931403118008,0.0006416994341523711
19,1,0.3,extinct,True,False,,,3.1261418140529665e-05,20.625678647928453,0.7354870222823803,0.0007603481937478465
20,1,0.3,integrated,False,True,60.18322268439529,44.99999999999957,1.3441836223654788e-05,30.184288372336937,0.5471717661286134,0.000926827779339013
21,1,0.3,extinct,True,False,,,1.7318196608561262e-05,24.96831427121037,0.5089081364603685,0.0009540190932799288
22,1,0.3,extinct,True,False,,,1.9184989981580668e-05,14.384529558488504,0.9011834147234324,0.000844174220357833
23,1,0.3,integrated,False,True,52.38180525923305,44.27999999999958,5.0924482213491694e-05,23.58638783031361,0.6148679045002423,0.0016470943705760605
24,1,0.3,extinct,True,False,,,2.510582692670013e-05,26.34724130321025,0.4714535833998389,0.0013519421094607587
25,1,0.3,integrated,False,True,56.99746183633155,45.119999999999564,2.379405483110763e-05,20.89416840602359,0.8337099423636716,0.00072329588069881
26,1,0.3,extinct,True,False,,,1.0892265170222648e-05,29.57070881986917,0.39347093919778775,0.0026573227064591474
27,1,0.3,extinct,True,False,,,2.0655814792137645e-05,30.33975243266845,0.9381094072157364,0.0005351298057847581
28,1,0.3,extinct,True,False,,,2.5874230544279142e-05,20.440631667618195,0.48836593032206743,0.0007768713946680784
29,1,0.3,integrated,False,True,56.184352984828394,44.75999999999957,2.6962788773394602e-05,22.501681118525894,0.7299841329365953,0.0007650315538619977
30,1,0.3,integrated,False,True,56.573630448314205,45.599999999999554,2.2913919638137773e-05,24.05199754566766,0.4054933140447192,0.0011365396182280445
31,1,0.3,extinct,True,False,,,1.865652578902765e-05,34.73376860072375,0.575356941443099,0.0016925630589469621
32,1,0.3,integrated,False,True,55.73743155729316,44.87999999999957,3.127709507383385e-05,26.03428337528845,0.5490223897042973,0.0007461262370752592
33,1,0.3,extinct,True,False,,,1.8683843503959602e-05,21.84325445400993,0.3779195899103723,0.0013479398807493507
34,1,0.3,integrated,False,True,55.81415285922263,44.87999999999957,2.18997656521486e-05,20.95214825339598,0.5533445481712209,0.0011046234520953645
35,1,0.3,extinct,True,False,,,2.4639393933299913e-05,20.428758828867526,1.0056973689374265,0.0013556851850404917
36,1,0.3,extinct,True,False,,,3.0048146659376403e-05,23.01580545329623,0.6013402756711026,0.0010203898403649873
37,1,0.3,extinct,True,False,,,2.3248211798147537e-05,31.894974481082087,0.9295357776226861,0.000799192406363999
38,1,0.3,integrated,False,True,56.27217364167697,45.71999999999955,2.423249862474755e-05,15.368031034126547,0.6008778285149461,0.0009404826275353787
39,1,0.3,integrated,False,True,55.98256637233961,45.119999999999564,2.3288979853867293e-05,23.123635991702752,0.7426540245406582,0.0012656330751573057
40,1,0.3,extinct,True,False,,,2.68043208895717e-05,18.215411081758248,1.0404229651675259,0.0005256498846457036
41,1,0.3,extinct,True,False,,,1.9994574126721837e-05,28.040949099717647,0.6002288184317568,0.0006825308795624082
42,1,0.3,extinct,True,False,,,1.5529090523641944e-05,36.59824341248723,0.8484727099464301,0.0018834537355492992
43,1,0.3,extinct,True,False,,,3.0057094503993207e-05,24.2145301859929,0.7907406711999104,0.0014301410428638
44,1,0.3,integrated,False,True,57.47679552256107,44.51999999999958,2.4303346945737525e-05,32.08277692302923,0.6445975035503182,0.0005493893810913495
45,1,0.3,extinct,True,False,,,2.4582955666023553e-05,31.969178408650386,0.5611774893128085,0.0007908753711521976
46,1,0.3,extinct,True,False,,,2.1142773410147776e-05,19.39705518847976,0.5083895922220742,0.0010747599381868628
47,1,0.3,extinct,True,False,,,1.5208812592936535e-05,21.187521693627808,0.85816226390582,0.0010061453326952552
48,1,0.3,integrated,False,True,58.48820505778308,45.599999999999554,1.672458077919535e-05,19.9409251735748,0.43038468853750794,0.0006782055190035045
49,1,0.3,extinct,True,False,,,1.2916712353766255e-05,28.506778325035683,0.8295676075571777,0.0005955747163027278
50,1,0.3,integrated,False,True,54.5994701386044,44.27999999999958,3.1123165204586597e-05,15.45910454657573,0.5184816953043091,0.0009786218299373654
51,1,0.3,extinct,True,False,,,2.107805976453813e-05,21.317963618038302,1.040551483560469,0.0008296647772974973
52,1,0.3,extinct,True,False,,,2.0208743851254776e-05,35.35056917714725,0.7714403304512356,0.0007795250532960294
53,1,0.3,extinct,True,False,,,1.4538703255394532e-05,18.224173807586762,0.6196908994511381,0.001008224608384931
54,1,0.3,extinct,True,False,,,1.599692616745642e-05,24.197167483490645,1.3744831658135064,0.0007432089568890933
55,1,0.3,extinct,True,False,,,2.147586708023964e-05,30.490037363195782,1.036446670517485,0.0014474652052125319
56,1,0.3,integrated,False,True,55.06539705227244,44.99999999999957,2.6011422406500706e-05,12.830936137315817,0.4624740563697559,0.0013538836614210429
57,1,0.3,extinct,True,False,,,1.403037416828781e-05,25.559146644680308,0.6317720989218532,0.0007463226032108281
58,1,0.3,extinct,True,False,,,1.9702470734845105e-05,27.487393789226655,0.6563203395781296,0.0007978641876936197
59,1,0.3,extinct,True,False,,,2.0229291300757356e-05,17.22101422802878,0.6339261253677314,0.0010078055056645973
60,1,0.3,extinct,True,False,,,2.100348967472602e-05,17.56822289904713,0.5220766154908042,0.0009717829596740711
61,1,0.3,extinct,True,False,,,1.558315591176644e-05,28.340188244912582,0.6296083955554921,0.0016285447859226217
62,1,0.3,extinct,True,False,,,1.7413388123005476e-05,26.878768204769234,0.4452448958860336,0.0011662898168495238
63,1,0.3,extinct,True,False,,,1.5663245461353055e-05,18.04827741796019,0.5041161481827637,0.001295578190758612
64,1,0.3,integrated,False,True,57.993427399181286,45.71999999999955,2.475635142947831e-05,35.21350316896901,0.6903894367836392,0.0010325820776157558
65,1,0.3,integrated,False,True,55.18391179410512,44.639999999999574,3.0052452465020982e-05,20.368875013554486,0.6908462245302526,0.0009792196768928353
66,1,0.3,extinct,True,False,,,2.4256819752079442e-05,16.287300983001128,0.5333717668596345,0.0006851149855872844
67,1,0.3,extinct,True,False,,,2.6848951435999496e-05,21.59236462745053,0.7504522248560879,0.001229805589008093
68,1,0.3,extinct,True,False,,,2.036049287010302e-05,24.523106535893856,0.6769067666681959,0.0011277490283489965
69,1,0.3,extinct,True,False,,,1.951394222424086e-05,26.6469764134163,0.6619053889969663,0.0007838344582716438
70,1,0.3,extinct,True,False,,,2.1619751323650878e-05,24.176139129492256,0.6190356116748978,0.0009546230616594018
71,1,0.3,integrated,False,True,60.74491321891224,46.31999999999954,1.1556742534180306e-05,17.516219018556797,0.9779758876101569,0.000780974498795357
72,1,0.3,integrated,False,True,58.28856567303922,44.99999999999957,2.0557658268071318e-05,32.45084093885976,0.5044002929666284,0.0006396738142098138
73,1,0.3,integrated,False,True,54.24594186986416,44.39999999999958,2.7915990814754322e-05,18.175434940087978,0.36420062220472493,0.0012067322745160452
74,1,0.3,extinct,True,False,,,2.699890743233358e-05,25.695061044277256,1.326255785928528,0.0008546248907879061
75,1,0.3,extinct,True,False,,,1.7248589002426695e-05,37.38737895896397,0.5117958457434769,0.0007784503927212569
76,1,0.3,extinct,True,False,,,3.922229254260177e-05,45.47523391383182,0.8945623943870737,0.0014820566975071068
77,1,0.3,integrated,False,True,56.92392678506005,45.119999999999564,2.0371404891948828e-05,18.278845852276643,0.4981180689496013,0.0009671054415366008
78,1,0.3,integrated,False,True,56.97658245886626,45.35999999999956,2.3317989807014445e-05,12.886512384034246,0.5481233011726871,0.0005470839949753584
79,1,0.3,extinct,True,False,,,1.7353429531203128e-05,20.317631305689446,0.648664285394415,0.0008520515807335199
80,1,0.3,integrated,False,True,54.72466389522723,44.75999999999957,2.823016526496561e-05,11.800763377524847,0.8681859036666628,0.0009083255754847904
81,1,0.3,extinct,True,False,,,1.5268209040108523e-05,21.45663627616432,0.7850214810654644,0.001032307117052537
82,1,0.3,extinct,True,False,,,1.5195191515202061e-05,25.349432868018365,0.8449928603145878,0.0008250819993820114
83,1,0.3,extinct,True,False,,,2.346834845381434e-05,19.96740712591996,0.4844193573536761,0.0005808153526471512
84,1,0.3,extinct,True,False,,,2.333968395432406e-05,40.51952211151332,0.5633025750127305,0.0011958503057280419
85,1,0.3,integrated,False,True,55.67868981079201,44.87999999999957,3.455137605902445e-05,25.060466337515805,0.7708557467154818,0.0009044821422842377
86,1,0.3,integrated,False,True,54.040210629693775,44.99999999999957,3.949091163877562e-05,19.657715202564766,1.0405538855382617,0.0013105828760831056
87,1,0.3,extinct,True,False,,,2.1544415521796305e-05,25.374227457406022,0.8156592729427361,0.0008981192305149415
88,1,0.3,extinct,True,False,,,2.2670376931596055e-05,20.149523847262856,1.1426988032770087,0.0012349994162916397
89,1,0.3,integrated,False,True,60.55919256770437,45.959999999999546,1.3272112511817848e-05,30.743615320679222,0.7083815348736495,0.0009129274213157613
90,1,0.3,extinct,True,False,,,2.2451562316126055e-05,27.928001291175292,0.7419144739508508,0.0007865640883289246
91,1,0.3,integrated,False,True,57.113382820005306,45.119999999999564,2.135910020095648e-05,21.136152914809756,0.7153145334755937,0.0008019134762336796
92,1,0.3,extinct,True,False,,,1.8902095949401317e-05,26.255890718859682,0.778386091677363,0.0006297734033627315
93,1,0.3,integrated,False,True,77.58260597333211,67.19999999999911,2.7214417575180265e-05,18.006490570697654,0.8259862761756306,0.0008593664429021317
94,1,0.3,integrated,False,True,57.01820321274087,44.99999999999957,1.7659399929762716e-05,17.533766371196734,0.4581476981505658,0.0010046991142456632
95,1,0.3,extinct,True,False,,,2.18407608640358e-05,17.97041818928005,0.9632376218809232,0.0009449759687469324
96,1,0.3,extinct,True,False,,,2.6646457322825644e-05,15.160608828162504,1.0156172220754554,0.0007224500044616815
97,1,0.3,integrated,False,True,55.83688873657506,45.23999999999956,3.134344399141526e-05,21.046415623488354,1.1941605514704865,0.0010126111645576798
98,1,0.3,extinct,True,False,,,2.8466183046405607e-05,25.531878391251684,0.9899184042021366,0.0005570435735234331
99,1,0.3,extinct,True,False,,,1.554038448429114e-05,24.830259036192473,0.49110699139296526,0.0012086963166228802
100,1,0.3,integrated,False,True,56.45183260789547,44.87999999999957,2.065805864768592e-05,18.025924438731042,0.5912547181239268,0.0011332010290067119
101,1,0.3,extinct,True,False,,,2.7994548980468652e-05,16.089020603155824,0.6605231922970857,0.0013241561755724294
102,1,0.3,integrated,False,True,55.978579209302865,45.35999999999956,2.1913617510557772e-05,22.5781320510405,0.6673568237432542,0.0015020341029383449
103,1,0.3,extinct,True,False,,,1.793995882995754e-05,15.871644748623293,0.6129733803812677,0.0016495528755234579
104,1,0.3,integrated,False,True,54.17970039401401,44.75999999999957,2.6583875095161973e-05,17.455809898905553,0.9884889756999526,0.0018366016202781461
105,1,0.3,extinct,True,False,,,2.7086758694838526e-05,20.48832816337156,0.5237445873461,0.0010312965132557351
106,1,0.3,extinct,True,False,,,2.52249383222517e-05,19.01250205259036,0.5825110331724301,0.00104154534199609
107,1,0.3,extinct,True,False,,,1.4671394595903435e-05,18.398616475757013,0.6926201659984353,0.0013183320716248536
108,1,0.3,extinct,True,False,,,2.7867563908757406e-05,30.26199163126099,0.3467346050742844,0.0006945958506168016
109,1,0.3,integrated,False,True,58.402435300505246,46.19999999999954,1.6169902731659092e-05,19.661870655296937,1.1410578983204402,0.0010460603372544474
110,1,0.3,extinct,True,False,,,2.1687781902970306e-05,31.62121345163642,0.5842906414104244,0.0007309360852607431
111,1,0.3,integrated,False,True,54.882014447137124,44.159999999999584,2.9052898575708703e-05,16.773650454538917,0.38904315739504036,0.0009166656354038739
112,1,0.3,integrated,False,True,57.18148599891556,45.23999999999956,2.172854248727061e-05,14.092409845434355,0.5656850364452423,0.0007439994686079891
113,1,0.3,extinct,True,False,,,1.5234914127235003e-05,35.99175180020118,0.9540969392692915,0.0006220554067789595
114,1,0.3,extinct,True,False,,,2.441479310000714e-05,15.131608577714244,0.32192516857438896,0.0006738081008605545
115,1,0.3,integrated,False,True,55.95207892940038,44.99999999999957,2.6586613104780597e-05,23.724560987938567,0.6480894694826914,0.0009304371740382698
116,1,0.3,extinct,True,False,,,1.952567107154764e-05,17.3225791864107,0.46292827143549253,0.0005993110995202908
117,1,0.3,extinct,True,False,,,1.7546810255977555e-05,19.97031320547664,0.6675093121035981,0.0006525100166326217
118,1,0.3,extinct,True,False,,,2.7492691833479282e-05,19.56292635441991,0.7675613037828524,0.0005386617645320315
119,1,0.3,extinct,True,False,,,2.287601272836769e-05,26.586748776880803,0.9137569996604684,0.0006891894905433345
120,1,0.3,integrated,False,True,56.9514433329244,47.27999999999952,3.2608664203871865e-05,14.281544112197915,0.6377327192351927,0.0011880645335879325
121,1,0.3,extinct,True,False,,,2.2810516077436438e-05,26.481152109032724,1.0544479008037997,0.0006608056893085485
122,1,0.3,integrated,False,True,54.66086882331658,45.119999999999564,3.597639846411107e-05,23.05869936220159,1.4024962679878297,0.0012725364416457667
123,1,0.3,extinct,True,False,,,2.7710121635695664e-05,28.392263266319848,0.689184832564743,0.00074164623519722
124,1,0.3,extinct,True,False,,,1.9520323338571754e-05,18.220755911039447,0.4549107058451056,0.0010598483552338796
125,1,0.3,extinct,True,False,,,1.9398100830163585e-05,20.18170852820934,0.5982736606820883,0.0013084010303537068
126,1,0.3,extinct,True,False,,,2.7560040909859752e-05,28.35774873299774,0.8388431909557473,0.001380910093898071
127,1,0.3,extinct,True,False,,,2.2355572641833425e-05,19.09225250014832,1.4039179186722017,0.001505120334665325
128,1,0.3,extinct,True,False,,,2.8036235163669686e-05,23.603255415825625,1.0157078045533248,0.0010939113125114591
129,1,0.3,extinct,True,False,,,1.5455722790175087e-05,29.94577738933034,0.5623440933839431,0.0014080238919481017
130,1,0.3,extinct,True,False,,,1.9850868432170906e-05,20.184769090034113,1.0418533840811492,0.0008939743491510121
131,1,0.3,extinct,True,False,,,2.5670628294366722e-05,23.98093282455054,0.4323414315160119,0.0012718224871345024
132,1,0.3,integrated,False,True,57.25268997708112,44.87999999999957,2.504557750062556e-05,37.22568581010875,0.6599666835135963,0.0011691222662809728
133,1,0.3,integrated,False,True,56.10567269378187,45.35999999999956,2.3989873317991427e-05,13.278578324421026,0.6558826765641332,0.0008657334968179174
134,1,0.3,extinct,True,False,,,1.9058867214120335e-05,17.57812995802197,0.9450238814448589,0.001435516920219567
135,1,0.3,integrated,False,True,56.12299385661564,44.39999999999958,2.5324040720509088e-05,22.000395399996197,0.6099383390078186,0.00075542311929173
136,1,0.3,extinct,True,False,,,2.151516831481723e-05,11.90273683531243,0.8664832074864516,0.0014059418437159517
137,1,0.3,integrated,False,True,54.28251104769723,44.639999999999574,4.2323839705210056e-05,25.005242090813315,0.653985887648787,0.0008787625377175816
138,1,0.3,extinct,True,False,,,2.517039054927971e-05,13.488530982946617,1.1314459254065805,0.0008870290611948362
139,1,0.3,extinct,True,False,,,3.137796147016505e-05,21.933653334522106,0.6009785292732751,0.0012804022897437877
140,1,0.3,extinct,True,False,,,4.328877828780509e-05,25.95189746472272,0.8719769658265253,0.0010374373131943773
141,1,0.3,extinct,True,False,,,2.722836552918314e-05,21.870880392996053,0.8482107397080819,0.001434782389764569
142,1,0.3,extinct,True,False,,,2.5123080787399844e-05,23.21475499762859,0.5297421444470525,0.001458657342371281
143,1,0.3,integrated,False,True,57.04639559892313,44.99999999999957,1.969741633766321e-05,30.39923526720585,0.5635438899094616,0.0012771424857655194
144,1,0.3,extinct,True,False,,,1.7588490408079354e-05,26.84106952071173,0.650612470908493,0.0012837368916730533
145,1,0.3,extinct,True,False,,,1.8985183720704383e-05,20.35158772742827,0.693249486864623,0.0013133818023391718
146,1,0.3,extinct,True,False,,,3.4542014798433125e-05,14.051439797992312,0.5118654519773966,0.001101108282455745
147,1,0.3,extinct,True,False,,,3.075631800855704e-05,25.822361244428144,0.47397946737241636,0.0011274846495299047
148,1,0.3,extinct,True,False,,,2.5152645232088847e-05,15.020000749382444,1.437425976104378,0.000686657459087856
149,1,0.3,extinct,True,False,,,2.27528205391162e-05,16.448031943426294,0.9662145343450363,0.0009860390591454635
150,1,0.3,extinct,True,False,,,2.312896847390714e-05,21.307987428426497,0.6359810403274497,0.0010079056113390572
151,1,0.3,extinct,True,False,,,2.185680403017267e-05,12.850245979640764,0.7164595338452541,0.0006000396135542499
152,1,0.3,extinct,True,False,,,2.2860691752499027e-05,29.69813784350931,0.4923984655733372,0.0006014706705108068
153,1,0.3,extinct,True,False,,,3.7183353113742415e-05,21.902364187671065,0.48984755390902995,0.0010452772489299798
154,1,0.3,extinct,True,False,,,1.5535224536047442e-05,18.721944012756744,0.7595704487992636,0.0007779182548952973
155,1,0.3,integrated,False,True,56.79900335144294,45.479999999999556,2.6936024676589037e-05,23.781862469849155,0.6978678050670458,0.0008935374711587491
156,1,0.3,extinct,True,False,,,2.2144218837752813e-05,19.084970692146022,0.48229452781343535,0.0010881060752051515
157,1,0.3,extinct,True,False,,,1.9371867942749967e-05,25.940846464946677,0.6261692490195563,0.0013315712926743677
158,1,0.3,extinct,True,False,,,2.840229795978419e-05,27.120251536320293,0.7301914104742971,0.0009868913353604603
159,1,0.3,integrated,False,True,59.748617531619026,45.83999999999955,1.9428468240288154e-05,32.829227901918244,0.7251219784780235,0.0007554074944516943
160,1,0.3,extinct,True,False,,,5.12825254003195e-05,17.027266180469173,1.1364431731882798,0.0015695038787213824
161,1,0.3,extinct,True,False,,,3.138613497493574e-05,32.60584464629129,0.4011381323950774,0.0008873420336246253
162,1,0.3,integrated,False,True,54.64413199885345,44.87999999999957,3.2009735836969215e-05,11.373264145429907,0.6488528905524664,0.0008039998208537848
163,1,0.3,extinct,True,False,,,2.342023188910487e-05,20.40573692005274,0.6333423940438547,0.0009881758246261967
164,1,0.3,integrated,False,True,56.696198601873704,44.75999999999957,2.3947061045525754e-05,20.689940696031,0.5563864311625599,0.0007716477605835626
165,1,0.3,extinct,True,False,,,2.0024185315399582e-05,16.48924369927131,1.0088248728643427,0.0016684701650442528
166,1,0.3,integrated,False,True,57.91626710915946,45.35999999999956,1.6405053913212236e-05,16.43401835622006,0.6552513717555974,0.0007144990851408288
167,1,0.3,integrated,False,True,55.76299658478915,44.51999999999958,1.986837937251556e-05,24.37711780001342,0.6079160700993239,0.0013992290575510502
168,1,0.3,extinct,True,False,,,2.242686071260088e-05,28.786684217714516,0.5176514600846649,0.001127648986369447
169,1,0.3,integrated,False,True,59.71564153526735,46.07999999999954,1.5589858377828136e-05,20.394718171354395,1.1385024725549409,0.0007129323768575094
170,1,0.3,extinct,True,False,,,2.6815258810106453e-05,18.041188338250034,0.8011978603333593,0.0009987259241645945
171,1,0.3,extinct,True,False,,,1.933556685729315e-05,19.777033000823835,1.068459016352239,0.0008981550654104484
172,1,0.3,integrated,False,True,56.42022774522927,45.119999999999564,1.9765367165551196e-05,16.417942738931917,0.8088208897412417,0.0011309627297986517
173,1,0.3,extinct,True,False,,,3.064101844850319e-05,25.81921144829893,0.5442159207571179,0.0007421655949896016
174,1,0.3,integrated,False,True,56.57328031063719,45.35999999999956,1.9220243657684085e-05,18.791529041127657,0.8128701613259836,0.0011620486487246284
175,1,0.3,integrated,False,True,75.55116095772794,65.87999999999913,4.282061172976593e-05,42.94882789026118,1.0271146746314777,0.0009210367094498766
176,1,0.3,integrated,False,True,56.59980975542625,44.75999999999957,2.235694474840371e-05,31.952477786622527,0.35867897619266115,0.001006821532954769
177,1,0.3,extinct,True,False,,,3.157582125792877e-05,24.348872488877305,0.9594748404756123,0.0008404807081519595
178,1,0.3,extinct,True,False,,,1.991680241010935e-05,21.694940569121382,0.5491556282192565,0.0012564632727390338
179,1,0.3,extinct,True,False,,,2.0791488516734113e-05,26.082708019122638,0.6349334855871127,0.0011472538124546181
180,1,0.3,extinct,True,False,,,2.683172201476634e-05,30.09931408761982,1.3983141024542545,0.0011262997191439203
181,1,0.3,extinct,True,False,,,1.953991438400729e-05,33.13349657603669,0.6007034446885566,0.0008237020035527342
182,1,0.3,extinct,True,False,,,2.6093835395971047e-05,33.67400613439672,0.619707357987373,0.0010640958694077504
183,1,0.3,extinct,True,False,,,2.6054576758062996e-05,22.313230023051883,0.761618161790664,0.0006560124653777834
184,1,0.3,integrated,False,True,57.71943396091603,46.31999999999954,2.0926590611974982e-05,13.856279586177168,0.751336027878568,0.0007337968526825354
185,1,0.3,extinct,True,False,,,2.386325341165255e-05,18.564119744757082,0.5028108408918468,0.0008156887059421385
186,1,0.3,extinct,True,False,,,2.1348175782391196e-05,24.288291243377,0.45626228751578546,0.0007721653945780972
187,1,0.3,integrated,False,True,55.846117627824455,46.67999999999953,2.806547423291274e-05,11.581799152805724,0.7896591231165683,0.0014911775806696606
188,1,0.3,integrated,False,True,55.52518460419115,45.119999999999564,2.8779557043427647e-05,21.371578071614277,0.8999274467780932,0.0010278490406092353
189,1,0.3,integrated,False,True,56.92248175968187,45.23999999999956,2.5520442719529466e-05,30.35240154803477,0.5241705547458575,0.001073598692301611
190,1,0.3,integrated,False,True,55.741947704038346,44.87999999999957,2.041702422132409e-05,20.869233671471676,0.34923768173900444,0.0012603596178215938
191,1,0.3,extinct,True,False,,,2.1914153691447377e-05,19.339834576944753,0.8970750652033078,0.0010587117107371717
192,1,0.3,extinct,True,False,,,2.7802602521617576e-05,29.857347822464718,0.8987604759292049,0.0008242928936097263
193,1,0.3,integrated,False,True,56.42770053115417,45.83999999999955,2.6556403206209317e-05,26.650386056690767,0.6743718262672883,0.001237211576991143
194,1,0.3,integrated,False,True,56.3943855321907,45.35999999999956,2.05586398884481e-05,15.679691456351517,0.9065014056049223,0.001039193468443812
195,1,0.3,extinct,True,False,,,2.566101433407491e-05,17.649593640593988,0.6778014322815816,0.0008702401364033504
196,1,0.3,extinct,True,False,,,1.9992942441777922e-05,19.893594110530373,0.5351626301412716,0.0009253212448600985
197,1,0.3,integrated,False,True,56.19021309059491,44.87999999999957,2.6252928202365357e-05,27.232595689073676,0.59589290931685,0.0010105047478367918
198,1,0.3,integrated,False,True,57.0770128183823,45.35999999999956,2.1631360682639453e-05,18.31818637760056,0.38233734540429776,0.0007038325546907409
199,1,0.3,extinct,True,False,,,2.4983406782232388e-05,18.499245673120477,0.54218695910465,0.0009340978936977929
200,1,0.3,extinct,True,False,,,2.3856643065463835e-05,33.690575621199876,0.8084247171828617,0.0008408860344299337
201,1,0.3,extinct,True,False,,,2.293648340683864e-05,26.860928429093306,0.31361894749621794,0.002763478197175078
202,1,0.3,extinct,True,False,,,1.5709023434141297e-05,34.250378668293806,0.612161027597895,0.0014212743680143713
203,1,0.3,extinct,True,False,,,2.1808153935298812e-05,20.42901629634485,0.8263928035324877,0.0013885687670339003
204,1,0.3,integrated,False,True,58.05753170170174,45.35999999999956,1.564271559268354e-05,28.41255832516156,0.5468372523533171,0.001516307414960522
205,1,0.3,extinct,True,False,,,2.1349582918225552e-05,16.16624180367754,0.7151842247943265,0.0010855481727163416
206,1,0.3,integrated,False,True,55.087961803437125,44.27999999999958,3.336894578416072e-05,28.812137980726067,0.41724855734680405,0.0008804821103826387
207,1,0.3,extinct,True,False,,,2.9168053219676024e-05,17.72155804068899,0.6570608637327151,0.0012694367649627935
208,1,0.3,extinct,True,False,,,3.59539653470727e-05,20.937438854214747,1.1942992873814533,0.0014659695847483608
209,1,0.3,extinct,True,False,,,2.215626034113081e-05,39.68931886832614,0.7853331517678224,0.0010602334898646194
210,1,0.3,extinct,True,False,,,2.0395925820966553e-05,24.512474639283575,0.7285802526617919,0.0010016877774308378
211,1,0.3,extinct,True,False,,,2.1408227419587332e-05,49.88632649103702,0.7407657535487717,0.0013173469607216243
212,1,0.3,extinct,True,False,,,2.5617568217495065e-05,17.051751897264545,0.6479003565226544,0.0010275938140921136
213,1,0.3,extinct,True,False,,,1.8982053525834517e-05,23.901440340530623,0.3633062024031092,0.0009353169113165237
214,1,0.3,extinct,True,False,,,1.7939593982091068e-05,18.354540443787887,0.9206524572453075,0.0008647118383857771
215,1,0.3,integrated,False,True,53.71046560271998,44.51999999999958,3.605339311540458e-05,16.97107146736671,0.4073314484339745,0.0011244349721820201
216,1,0.3,integrated,False,True,57.21275358181283,44.87999999999957,1.753532969588236e-05,21.97916125011202,0.5359645637701749,0.0011102969004264482
217,1,0.3,integrated,False,True,54.767679555712235,44.75999999999957,4.0220735015491496e-05,33.416590972362776,0.7056188092892369,0.0011160645092669268
218,1,0.3,integrated,False,True,56.10613167139644,45.599999999999554,2.6953286676095617e-05,24.81242861070425,0.6350311518218069,0.0011214798368983127
219,1,0.3,integrated,False,True,56.40816447783031,44.75999999999957,1.843523177743087e-05,22.324958035491786,0.6203691438690481,0.001232888323216492
220,1,0.3,extinct,True,False,,,3.1054752599561926e-05,26.28776844779007,0.8260245191412134,0.0008115498935077357
221,1,0.3,extinct,True,False,,,2.533250213544748e-05,21.425096313312363,1.0797391316355927,0.0008444206185857549
222,1,0.3,integrated,False,True,57.414421739248425,45.35999999999956,1.990122705675502e-05,14.744218619294452,0.7905903428221687,0.0008501293329511141
223,1,0.3,extinct,True,False,,,2.6518936327707547e-05,24.337522712137766,0.680859901004413,0.0008236058954672103
224,1,0.3,extinct,True,False,,,2.6003245278990344e-05,29.089236435487965,0.7298219252138426,0.0010843834048019458
225,1,0.3,extinct,True,False,,,2.365498046434465e-05,34.81326666288606,0.9076694040013913,0.0013674963102339492
226,1,0.3,integrated,False,True,56.52360204993147,45.83999999999955,2.7034511273911245e-05,27.646069462030727,1.1513539698390913,0.0018511227518579563
227,1,0.3,extinct,True,False,,,2.090620373071947e-05,15.227655309664184,1.069415181255518,0.0010051097048223783
228,1,0.3,extinct,True,False,,,4.051941419115365e-05,29.100461530767213,0.6990079979748273,0.000905429593235894
229,1,0.3,extinct,True,False,,,3.300842483325858e-05,20.388877690587176,0.8803462133385513,0.001085461754677219
230,1,0.3,extinct,True,False,,,3.1212334678516385e-05,22.362544837327288,0.622330561113718,0.0014758310349242971
231,1,0.3,extinct,True,False,,,2.7277509191685967e-05,21.255327927724647,0.5954220488903763,0.0010867619710698473
232,1,0.3,integrated,False,True,56.360881791600384,44.51999999999958,2.9761529992562714e-05,34.2630675391056,0.44226197711254295,0.0006528821697399498
233,1,0.3,extinct,True,False,,,1.6240519505925244e-05,23.9187635128878,0.7414051175042407,0.0006643736802754752
234,1,0.3,extinct,True,False,,,2.9162125650744136e-05,36.660140237470436,0.8430604841045845,0.001034057582693031
235,1,0.3,integrated,False,True,58.781264811666205,45.119999999999564,1.9717081600404013e-05,42.954280310884144,0.5992012679864747,0.0010509877040168162
236,1,0.3,extinct,True,False,,,2.506801700848722e-05,23.47832823812031,1.015017758729786,0.0012611419487226056
237,1,0.3,extinct,True,False,,,1.6325765999797684e-05,18.990371797553312,0.5176849596168628,0.0009241278547683368
238,1,0.3,extinct,True,False,,,1.4521512746777507e-05,27.50215065712021,0.6273532917599064,0.0013318347746240915
239,1,0.3,integrated,False,True,55.48190928707133,45.23999999999956,2.7499661168901694e-05,25.19413115464514,0.5998252346804976,0.0012046019831907623
240,1,0.3,extinct,True,False,,,2.156030830815921e-05,21.57444105709427,0.6246920757352963,0.0007779155593619895
241,1,0.3,integrated,False,True,56.44218570954827,45.35999999999956,2.454907151180647e-05,16.99752998005655,0.9109389403654715,0.0008431513495956225
242,1,0.3,extinct,True,False,,,2.4632524559665948e-05,16.87017573852185,0.7671096224375202,0.001004868094577735
243,1,0.3,integrated,False,True,58.47731290716167,44.639999999999574,1.8270857538130393e-05,15.981403159515297,0.7911520923124471,0.0005251774028087128
244,1,0.3,extinct,True,False,,,2.3922087413894393e-05,20.760950158379977,1.064083856217946,0.0008716486615075671
245,1,0.3,extinct,True,False,,,3.560447401208388e-05,15.644825740131306,0.9702528179655595,0.0004999070450137459
246,1,0.3,extinct,True,False,,,2.3567408250603875e-05,19.896275498478456,0.46455718175186783,0.0009595295292350067
247,1,0.3,extinct,True,False,,,2.0573195438128088e-05,20.743020306656618,0.4557150267775552,0.0007425368427038105
248,1,0.3,extinct,True,False,,,1.962906841511321e-05,33.079285511029525,0.8456030050010861,0.0008403999794587685
249,1,0.3,integrated,False,True,58.61379180091034,45.959999999999546,1.7100061676752558e-05,19.58096178749731,0.7198020513156522,0.0009754198851704914
250,1,0.3,integrated,False,True,54.68573669790912,45.119999999999564,2.9318353747987964e-05,23.212128031445282,0.7521062399481405,0.001628796441866191
251,1,0.3,integrated,False,True,54.76809160929412,44.51999999999958,2.9904671977954316e-05,17.33763915100084,0.671086616991286,0.0011312164624096169
252,1,0.3,extinct,True,False,,,1.5599194549847702e-05,18.425900163178394,0.5490424358304463,0.0009092812935011464
253,1,0.3,extinct,True,False,,,3.293328664035496e-05,26.648264115273445,0.6007514864114908,0.001171811612424444
254,1,0.3,integrated,False,True,54.507917568132974,44.27999999999958,3.2031351157133515e-05,22.535591333822495,0.8077474267974618,0.0009394990678618043
255,1,0.3,integrated,False,True,53.90271059577141,44.51999999999958,3.8258130157474756e-05,24.99482610496462,0.44297905585353303,0.0012141845129276959
256,1,0.3,extinct,True,False,,,1.8319256897694522e-05,19.126379735646587,0.6930877187428821,0.0008959067532612501
257,1,0.3,integrated,False,True,55.556949353087674,44.87999999999957,3.441618976012543e-05,27.4135101129545,0.7416369854560823,0.0007905851909406747
258,1,0.3,extinct,True,False,,,2.228536816586616e-05,18.045588034951248,0.43751762909717207,0.00102294954065783
259,1,0.3,extinct,True,False,,,2.4838164813140876e-05,26.52052394817066,0.5048068252668882,0.0008378010201084894
260,1,0.3,extinct,True,False,,,1.630548434190882e-05,19.40401998615847,0.7937830891981218,0.0011817573826868653
261,1,0.3,integrated,False,True,77.83451483074808,66.9599999999991,1.6264157858652723e-05,30.121409771242664,0.9571051270520659,0.0016885876276948658
262,1,0.3,integrated,False,True,57.48698243805916,46.439999999999536,1.9106750754086692e-05,11.107101148998112,0.519664074006882,0.0011024015635077574
263,1,0.3,extinct,True,False,,,1.868343887125389e-05,19.570334674712335,0.6610478937585874,0.0010511550022375077
264,1,0.3,extinct,True,False,,,2.995081586488008e-05,23.39185096332572,0.9151792551655406,0.0007952108968615208
265,1,0.3,extinct,True,False,,,2.6440853636293123e-05,32.83103664880369,0.9743077777419851,0.0007200640510709896
266,1,0.3,extinct,True,False,,,2.7087009383472145e-05,21.285405920253716,1.0163737737131562,0.0007730841767326696
267,1,0.3,extinct,True,False,,,1.7489282965452144e-05,25.946810448436167,0.8951509739899229,0.0006915343617443673
268,1,0.3,extinct,True,False,,,2.9325941491902335e-05,18.836723943180782,0.614245660946549,0.0008545377435938894
269,1,0.3,extinct,True,False,,,2.4126408760485403e-05,43.66520221660797,0.8703923190593682,0.0016036104216710556
270,1,0.3,extinct,True,False,,,2.156637893215571e-05,23.757430165069692,0.3697456289165112,0.0008561912152157441
271,1,0.3,integrated,False,True,55.50626609147804,45.479999999999556,2.745776286829728e-05,18.292953261260717,0.7367521756571092,0.0011882489375902485
272,1,0.3,extinct,True,False,,,2.7623472694981877e-05,25.490990967773254,1.160684671849348,0.0008810631391439423
273,1,0.3,integrated,False,True,56.77221345033878,44.87999999999957,2.0263509608459587e-05,24.90249568263676,0.5054815532166826,0.0010959644102097514
274,1,0.3,integrated,False,True,55.058743208775816,44.639999999999574,3.092651675643037e-05,16.99788951542936,0.5772323771955938,0.0007473951014937486
275,1,0.3,extinct,True,False,,,2.4032128449044576e-05,20.822580626483354,0.6640568462947939,0.0008651175488258382
276,1,0.3,integrated,False,True,55.471570375813315,45.23999999999956,2.923544058571955e-05,16.268784636836987,0.5982572083975926,0.000886466277335143
277,1,0.3,extinct,True,False,,,1.8467483504990644e-05,21.513827345187327,0.5249682685389677,0.0006879461746060767
278,1,0.3,extinct,True,False,,,3.566181682249184e-05,20.143424640917388,1.0455299348342717,0.0005744753286915375
279,1,0.3,extinct,True,False,,,2.2956967938146652e-05,30.956468079047305,0.8083951086127046,0.0008356815645628587
280,1,0.3,extinct,True,False,,,2.6830817885941498e-05,18.802590823105213,0.5437517692714937,0.0008371987168245271
281,1,0.3,integrated,False,True,54.72191122125916,44.27999999999958,2.9632719586552603e-05,16.22451611050643,0.6408629369332784,0.0009914258706863513
282,1,0.3,extinct,True,False,,,1.844505054599071e-05,29.19367050382864,0.4993196162786823,0.0013579806513505722
283,1,0.3,extinct,True,False,,,1.6448416120965202e-05,29.54881326229352,0.6355453986786423,0.0009522127526180946
284,1,0.3,integrated,False,True,55.112180216757665,44.87999999999957,2.7475492781774076e-05,18.308898496005654,0.842298780973443,0.0009905420622878028
285,1,0.3,integrated,False,True,56.88136735871629,44.99999999999957,1.7605759308297788e-05,22.421256145462493,0.5789239426589295,0.0011148707160611132
286,1,0.3,extinct,True,False,,,2.0968030217582424e-05,19.283642397841867,0.5717466427660894,0.0010880343814435236
287,1,0.3,extinct,True,False,,,2.8692292789682963e-05,30.448479962721517,0.5406056048220038,0.0013483658407971511
288,1,0.3,extinct,True,False,,,2.9846235893120577e-05,23.391057950903313,0.7644340522919199,0.0015709213770790584
289,1,0.3,extinct,True,False,,,1.9596234644540357e-05,20.106252158397602,0.5006579692031262,0.0020067394539851962
290,1,0.3,extinct,True,False,,,2.8366470671344316e-05,33.93501165694359,1.1070780976420125,0.001105124427520356
291,1,0.3,extinct,True,False,,,2.0598774486683565e-05,23.723006722810037,0.9751288053833308,0.0010216916534014264
292,1,0.3,extinct,True,False,,,2.160179212451266e-05,23.108902283572736,0.9927107141384014,0.0007860183525344467
293,1,0.3,extinct,True,False,,,2.3423597768530922e-05,30.027828300601726,0.7463701395832788,0.0012409987872424428
294,1,0.3,integrated,False,True,58.192016162460504,46.07999999999954,3.0329260787562464e-05,29.635251056927157,0.8710230345561899,0.0005451664351922995
295,1,0.3,extinct,True,False,,,1.3916524476666492e-05,26.28666275328132,2.043284379210798,0.001267974995693038
296,1,0.3,extinct,True,False,,,4.68366465970832e-05,23.371681875176293,0.41322716772651635,0.0005829659696786043
297,1,0.3,integrated,False,True,57.53769627518896,45.479999999999556,1.9363027055446897e-05,29.652992674510234,0.9359930591902166,0.001492887131840024
298,1,0.3,extinct,True,False,,,2.5685306671907797e-05,18.51952933661907,0.5489861443437453,0.0007619330575994722
299,1,0.3,extinct,True,False,,,2.58526552797204e-05,27.989243424535214,0.5268529020908428,0.0009765695731602621
300,1,0.3,integrated,False,True,55.24455306046758,45.599999999999554,2.8199502996739646e-05,19.181820827713334,0.9378638150257467,0.0015805055360036666
301,1,0.3,integrated,False,True,55.763855569866834,45.35999999999956,3.093786594394041e-05,32.989157114094,0.6122972365683499,0.0012751771536992711
302,1,0.3,integrated,False,True,56.57497583868243,45.23999999999956,2.3394914266060483e-05,18.58369156024741,1.1234695138427004,0.0010097729592558186
303,1,0.3,integrated,False,True,57.10844381261702,44.87999999999957,2.9464889241723555e-05,35.98943363896388,0.7045826573978567,0.000646108440360934
304,1,0.3,extinct,True,False,,,3.005387983734521e-05,26.37951657896183,1.1662057665515995,0.0014882710537204619
305,1,0.3,extinct,True,False,,,2.6657524122135614e-05,15.658013433044061,0.40256483899000317,0.0010411639714896766
306,1,0.3,integrated,False,True,57.85302802815943,46.07999999999954,1.801734422664227e-05,18.483658318524785,0.9382877843134825,0.0009976763731394862
307,1,0.3,extinct,True,False,,,2.489670010697518e-05,16.472782907992176,1.1559420116268864,0.0006372925986691273
308,1,0.3,extinct,True,False,,,2.2744088036914226e-05,18.096160559691835,0.687226786880334,0.0007971210256053614
309,1,0.3,extinct,True,False,,,1.9937239675586234e-05,24.99838372446513,0.6066741019722003,0.0016122440488968758
310,1,0.3,integrated,False,True,63.82028436455503,50.039999999999466,1.5000723356454713e-05,30.075131063267943,1.4442955811597051,0.0009767392225393384
311,1,0.3,integrated,False,True,78.67929356224664,67.0799999999991,1.9948755217261564e-05,25.83598971875743,1.0909615805426063,0.0013252199895976361
312,1,0.3,extinct,True,False,,,2.4695954324870396e-05,45.1425953860588,0.4186104250314394,0.0009581141865826921
313,1,0.3,extinct,True,False,,,3.113196021298288e-05,33.6492945360915,0.5844098278095515,0.0012752531357187497
314,1,0.3,extinct,True,False,,,2.271473215515435e-05,25.363156297812846,0.6954290487935127,0.0008294467049733047
315,1,0.3,integrated,False,True,56.71379557840024,44.75999999999957,2.8447843591863733e-05,20.290880684978667,0.7965218989434254,0.0004977234859772405
316,1,0.3,extinct,True,False,,,3.838480115894871e-05,17.35239600831612,1.316552628441544,0.0018137210577644789
317,1,0.3,extinct,True,False,,,1.5127568039277534e-05,35.233515348071386,0.5936961925701195,0.0010866402040871255
318,1,0.3,extinct,True,False,,,1.8915672080497264e-05,33.74443424530615,0.5022455115392839,0.0005982194649584871
319,1,0.3,integrated,False,True,55.73501474345627,45.83999999999955,3.099361244730795e-05,11.78373673167952,0.4851650305096108,0.0008055572393537892
320,1,0.3,extinct,True,False,,,2.4142071176946234e-05,18.24218817679892,0.7451665475878919,0.0012386367338389486
321,1,0.3,extinct,True,False,,,3.0534042527174405e-05,19.70943389260487,0.6589095932781563,0.0008475511803139912
322,1,0.3,extinct,True,False,,,3.87186281215618e-05,29.604616070292106,0.8154412705889266,0.0008844108249823783
323,1,0.3,extinct,True,False,,,1.7058366630957925e-05,30.145644773090574,0.8514111156920996,0.001235320458083945
324,1,0.3,extinct,True,False,,,1.8385207487095065e-05,11.779169558817216,0.6108863606400013,0.0007961561405432144
325,1,0.3,extinct,True,False,,,1.2434316126215645e-05,24.666018965584325,0.6837977518833378,0.0007215556580123658
326,1,0.3,extinct,True,False,,,2.284340185148523e-05,21.824699954702666,0.7314690150224016,0.0008110662197403074
327,1,0.3,extinct,True,False,,,2.101047888020844e-05,22.41045505863956,0.6654107356250776,0.0010516634086592009
328,1,0.3,extinct,True,False,,,1.5061575633319713e-05,24.53518404940224,0.6072362982553338,0.0010307224681235542
329,1,0.3,extinct,True,False,,,3.213836850819292e-05,20.65495071440871,0.6651782237579622,0.001069440781529124
330,1,0.3,integrated,False,True,55.418748318624296,44.87999999999957,2.263563696266806e-05,11.618562568389535,0.48369456265386307,0.0008688333098365073
331,1,0.3,extinct,True,False,,,2.759560258868063e-05,22.353531648233293,0.5785769035498335,0.0008852464312489347
332,1,0.3,integrated,False,True,53.84404641032719,44.75999999999957,3.6831528241251996e-05,30.44356830620079,0.7131710220887325,0.0019034427694364408
333,1,0.3,extinct,True,False,,,3.733717445185407e-05,13.908105585900575,0.7835696784198053,0.0008151766387507363
334,1,0.3,extinct,True,False,,,2.105091303695778e-05,17.330520475866862,0.6393318260614054,0.0008838331366172944
335,1,0.3,extinct,True,False,,,2.3885719780089178e-05,19.79770986042501,0.6394215050721663,0.0012303441532225858
336,1,0.3,integrated,False,True,57.32315941936069,46.67999999999953,2.8086877839970235e-05,31.823012349210696,0.6590041835618591,0.0013292305454332377
337,1,0.3,extinct,True,False,,,1.4402819473840569e-05,22.418944566569365,0.7981566549543117,0.0005236494147924469
338,1,0.3,extinct,True,False,,,5.043834395940772e-05,36.27611843292977,0.2177960187850999,0.0008996029586618317
339,1,0.3,extinct,True,False,,,2.203983554525757e-05,13.940318460401562,0.7832845381012227,0.001359858246300227
340,1,0.3,extinct,True,False,,,3.401280950789561e-05,37.99528281360672,0.8992304379013547,0.0009637447895399056
341,1,0.3,extinct,True,False,,,3.1161284281412906e-05,22.116388134028757,0.8350176712709424,0.0008938490555085231
342,1,0.3,integrated,False,True,56.367210045084406,44.39999999999958,2.3502335725831327e-05,19.71689770499411,0.5560265302196914,0.0006851158299617234
343,1,0.3,extinct,True,False,,,1.9511929863135824e-05,21.065383782805462,1.1473219676308217,0.0009596450538054028
344,1,0.3,extinct,True,False,,,2.0022731295268742e-05,18.409181410163065,0.6550298123472096,0.0008938433325322625
345,1,0.3,integrated,False,True,56.89530333393253,45.119999999999564,2.5447670827581728e-05,25.48601049119958,0.5808636099739068,0.0009550958757386023
346,1,0.3,extinct,True,False,,,1.5414357575510083e-05,23.64647731242367,0.6533792201667137,0.0015232411021721354
347,1,0.3,extinct,True,False,,,3.9696811039205814e-05,23.506808232221772,0.46151341347037933,0.0006974930806305967
348,1,0.3,extinct,True,False,,,2.3903559725049626e-05,17.16961456093401,0.6025927729548286,0.000872049270483529
349,1,0.3,integrated,False,True,56.00292757994729,44.87999999999957,2.8040300541512683e-05,26.801032184795908,0.7049732642898355,0.0010191150878714173
350,1,0.3,integrated,False,True,58.554033819881106,45.119999999999564,1.902148765559833e-05,37.766609672380206,0.6381835944739468,0.000911075935968091
351,1,0.3,extinct,True,False,,,1.4939179124603404e-05,16.024045814065495,0.6820432366235585,0.0012458085704229486
352,1,0.3,extinct,True,False,,,2.487865200733069e-05,30.606293953293783,0.4873304888779695,0.001091944324889546
353,1,0.3,extinct,True,False,,,1.7246343827782987e-05,17.378147614081122,0.670736635034987,0.0013437090417174474
354,1,0.3,integrated,False,True,55.242616256607306,45.119999999999564,2.5857762327608943e-05,19.46009955014638,0.5918763756938787,0.0012595331983777862
355,1,0.3,integrated,False,True,57.288550950451366,46.07999999999954,2.1174979671199626e-05,22.851859170320626,0.8290135905807942,0.0011967526042335397
356,1,0.3,extinct,True,False,,,2.548693982066894e-05,18.903713675208365,1.1391214372434655,0.0007699212846848895
357,1,0.3,extinct,True,False,,,1.692691587901383e-05,28.118838870191823,0.33910495728307616,0.0009774281428820205
358,1,0.3,extinct,True,False,,,3.255407031970952e-05,21.22281840723208,0.7867325543446185,0.0006103112295674876
359,1,0.3,extinct,True,False,,,2.0606012433402976e-05,20.612311292159177,0.6029017323053394,0.0007345226545092566
360,1,0.3,extinct,True,False,,,3.220625659763671e-05,22.54969198169774,0.8468803104255214,0.0014592429194134127
361,1,0.3,extinct,True,False,,,1.9297133548386263e-05,20.97529975633953,0.73259868168666,0.0008060891960025824
362,1,0.3,integrated,False,True,58.42394237530588,45.479999999999556,2.1976189230895298e-05,41.710030535476186,0.8743905651290567,0.0010515526314134787
363,1,0.3,integrated,False,True,56.36230638817415,44.75999999999957,1.8918819462359546e-05,18.826058675562777,0.6540523698083849,0.001060459632676088
364,1,0.3,extinct,True,False,,,2.988013140329767e-05,28.478693429967578,0.7596426915592326,0.0011039737972305425
365,1,0.3,integrated,False,True,60.261396854833464,45.599999999999554,1.3839554250880359e-05,22.070535037250085,0.9144501024663406,0.0006356486873894537
366,1,0.3,extinct,True,False,,,2.5441648384212734e-05,16.944511433391355,0.5420934598651262,0.0019510907666208514
367,1,0.3,extinct,True,False,,,1.6993891412482194e-05,20.928331777273566,0.6949932591376212,0.0009110266427472345
368,1,0.3,extinct,True,False,,,2.715002646118679e-05,12.223651301054723,0.6128262844403657,0.001401115891789752
369,1,0.3,extinct,True,False,,,3.6741224094439083e-05,15.74887588003219,1.050782985854976,0.0019927653457095245
370,1,0.3,extinct,True,False,,,1.5926116650672045e-05,14.216511990179983,0.392287767471966,0.0012841631825157452
371,1,0.3,extinct,True,False,,,2.6828632823915365e-05,22.909367567339068,0.48706218445403243,0.0010702059432516338
372,1,0.3,extinct,True,False,,,1.7544717282153795e-05,20.59041437877783,0.6840337321487775,0.000884583084896121
373,1,0.3,extinct,True,False,,,2.2485653154561143e-05,25.240031161326414,0.7541530251113996,0.0006432258910505973
374,1,0.3,extinct,True,False,,,2.129537978764185e-05,17.812236540130506,0.7841404272838705,0.0007286118713814991
375,1,0.3,extinct,True,False,,,2.118291641478375e-05,26.0486280449042,0.5042586986689002,0.0008809132585361871
376,1,0.3,extinct,True,False,,,4.8032835419182275e-05,15.832811123746499,0.8140339821848078,0.001255989338048749
377,1,0.3,integrated,False,True,55.089619844356,44.87999999999957,2.8436596466758733e-05,25.763282985494428,0.9577341277117994,0.0013940132499401774
378,1,0.3,integrated,False,True,57.79435687099546,45.119999999999564,2.1457756357358538e-05,15.744293832804004,0.5241135968456515,0.0004576425906923109
379,1,0.3,extinct,True,False,,,2.729324564408352e-05,31.460938670052496,0.6527402295190634,0.0005923078218061349
380,1,0.3,integrated,False,True,57.012442397724634,45.479999999999556,2.7406483107682942e-05,19.686116955430226,0.893212003359332,0.0007259139882423326
381,1,0.3,extinct,True,False,,,2.403748184624583e-05,20.849112907010788,0.49694239041893606,0.0011666501143708652
382,1,0.3,extinct,True,False,,,1.2411898769790473e-05,17.219791593944144,0.5504653264572386,0.0006242702419048722
383,1,0.3,integrated,False,True,61.574181601860936,45.599999999999554,1.0865779883417487e-05,17.70820519162342,0.5190482536765691,0.0004960612081490608
384,1,0.3,integrated,False,True,58.55360880426777,45.959999999999546,2.1237496771012405e-05,33.53359817788059,0.7793936766382239,0.0009129990136609538
385,1,0.3,extinct,True,False,,,2.441196292184398e-05,18.591571972148078,1.1840906664784578,0.0008316619719296958
386,1,0.3,extinct,True,False,,,1.4023013994516349e-05,26.54788132609552,1.3150437165774782,0.001402459143993724
387,1,0.3,extinct,True,False,,,1.872944774789345e-05,25.77162141550189,0.7389755442306171,0.0014391815247685688
388,1,0.3,extinct,True,False,,,1.8944464549301676e-05,19.584753917029907,0.7045114688773836,0.0005337054669828385
389,1,0.3,extinct,True,False,,,4.491562517306874e-05,43.51780349215488,0.6578253660298832,0.0011449886548260057
390,1,0.3,extinct,True,False,,,3.371418305512882e-05,21.854345737980072,0.8977433701678419,0.0016395815488941424
391,1,0.3,extinct,True,False,,,3.1096554293353745e-05,25.33215061366352,0.6758527766928484,0.0011651749382299084
392,1,0.3,extinct,True,False,,,3.115591002920778e-05,23.879217374390578,0.8415096299315684,0.0007956305007361071
393,1,0.3,extinct,True,False,,,1.9363407072352047e-05,14.10478992662022,0.6826392315762642,0.00104227347255115
394,1,0.3,integrated,False,True,57.190993482254186,44.639999999999574,2.9075813405873336e-05,32.97609859650937,0.5962700540778435,0.000505925209178438
395,1,0.3,integrated,False,True,59.47234629707194,47.27999999999952,1.9889755572094185e-05,25.77118798179212,0.6337313622097127,0.0009548345444828798
396,1,0.3,extinct,True,False,,,3.437473655875764e-05,21.136536705187172,0.9181462463614385,0.0006901360301542518
397,1,0.3,extinct,True,False,,,2.164369730051721e-05,23.26145464486894,0.7419873700615416,0.0007573377662130709
398,1,0.3,extinct,True,False,,,2.7032926485891303e-05,22.452290716299718,0.9626324038370383,0.001369179807162779
399,1,0.3,extinct,True,False,,,3.1661023460046325e-05,21.361196584015232,0.4506688021369255,0.0009370049058608525
400,1,0.3,integrated,False,True,59.24675612832775,44.87999999999957,1.8351367197452143e-05,25.897990574390768,0.4847579158240405,0.0004819911466865538
401,1,0.3,extinct,True,False,,,3.6280386352585895e-05,18.647211972026263,0.6925886335468845,0.0011258615418856413
402,1,0.3,extinct,True,False,,,3.3769867592685385e-05,29.96619266128084,0.8579336935064549,0.0010221494777571723
403,1,0.3,extinct,True,False,,,3.5536151331453614e-05,36.27251733068795,0.5745550725475019,0.000662057657496562
404,1,0.3,extinct,True,False,,,2.6392520509908166e-05,20.87536760766272,0.478400080794732,0.001078391524765319
405,1,0.3,integrated,False,True,58.54460086358186,46.31999999999954,1.9809154030094153e-05,18.108688949404275,0.7635156031830775,0.0007770833058343977
406,1,0.3,extinct,True,False,,,2.786302058780631e-05,30.549481646840714,0.9036664292376253,0.0007614279760398235
407,1,0.3,extinct,True,False,,,2.6651745671242807e-05,30.373842036261177,0.7780119578359412,0.0011392073069152132
408,1,0.3,integrated,False,True,56.90163200903305,45.119999999999564,2.15575253410729e-05,26.33501445324404,0.7458323301744947,0.0009955557458433595
409,1,0.3,extinct,True,False,,,2.809914054403387e-05,17.723609989814214,1.0441069239955807,0.001712728910109357
410,1,0.3,integrated,False,True,56.22428224858588,44.87999999999957,2.824268875983288e-05,31.433205487667074,0.7917648316363504,0.0009075796369445093
411,1,0.3,extinct,True,False,,,1.7155822891255412e-05,22.556018793138858,0.6801473873961852,0.0006306268052847858
412,1,0.3,extinct,True,False,,,2.1432067235138434e-05,13.449953756391766,0.9946904070642696,0.0014584761841183235
413,1,0.3,integrated,False,True,60.96632434099308,46.439999999999536,1.4402150408802714e-05,26.284261146753586,0.8003033521643321,0.0007554926845331808
414,1,0.3,extinct,True,False,,,2.621743664293029e-05,12.52916112543422,0.6083885779603874,0.0012060794954728232
415,1,0.3,extinct,True,False,,,1.3403946872232103e-05,25.937112609658573,0.695738298740205,0.001295241544494986
416,1,0.3,extinct,True,False,,,2.8218706038447508e-05,32.26666912947923,0.8710969185544069,0.0015353471875526573
417,1,0.3,integrated,False,True,56.038671779670906,44.75999999999957,2.5777001709571724e-05,27.610515654932847,0.7698570727080415,0.0009816452267951475
418,1,0.3,integrated,False,True,55.50467988751127,44.75999999999957,3.242126199399549e-05,23.929160224961688,1.0133757879653367,0.0008016792124802316
419,1,0.3,extinct,True,False,,,1.5471841669691443e-05,29.408551106871624,0.8599432751349968,0.0009755077814799979
420,1,0.3,integrated,False,True,56.74942076087412,44.51999999999958,2.0998847165072906e-05,27.596690698144627,0.666376921919314,0.0009250045004850452
421,1,0.3,extinct,True,False,,,3.0139942114719626e-05,28.395206831828748,0.7758000165091895,0.0015521425686778627
422,1,0.3,extinct,True,False,,,1.548178518115176e-05,21.692217364073862,0.5446749499429023,0.0015204374244713293
423,1,0.3,extinct,True,False,,,2.5734453551421204e-05,29.79857792513392,0.791306364621806,0.001099365766727009
424,1,0.3,extinct,True,False,,,1.8558512375484506e-05,14.322343480505749,0.8025376995560486,0.0009038403045426796
425,1,0.3,integrated,False,True,58.967987521493065,45.479999999999556,2.0616564978053874e-05,31.18302326867215,0.7074173754802311,0.0007031313864159629
426,1,0.3,extinct,True,False,,,2.79774671418757e-05,18.0249941824733,0.5181426810251109,0.0007267010627200486
427,1,0.3,extinct,True,False,,,1.8328705126689183e-05,37.247936881465556,0.6104927006116734,0.0008548822415576024
428,1,0.3,extinct,True,False,,,3.0096979038293654e-05,28.94494031223562,0.484137924224928,0.0006063339018832837
429,1,0.3,extinct,True,False,,,2.6053375917945016e-05,16.656568286785326,0.7249284162490699,0.0007742350571431075
430,1,0.3,extinct,True,False,,,1.68316825022107e-05,58.04839120843371,0.6776515069848041,0.0007981367877815907
431,1,0.3,extinct,True,False,,,2.310388276933457e-05,29.648216799369244,1.0622300132790985,0.000679694773510016
432,1,0.3,extinct,True,False,,,3.877295793084761e-05,18.750538100981778,0.8233036744970273,0.001233438485305627
433,1,0.3,extinct,True,False,,,2.1470537750022445e-05,24.447676617518844,0.47865923223734147,0.0009473745595103581
434,1,0.3,extinct,True,False,,,1.7704535152829608e-05,25.496343208143532,0.7567773394202252,0.0008943855834562821
435,1,0.3,extinct,True,False,,,2.4477907560003782e-05,31.410204034470325,0.51715647435122,0.0011281806165631795
436,1,0.3,extinct,True,False,,,1.623232426482789e-05,18.889232759238276,0.7408355003869294,0.0004994327751255489
437,1,0.3,integrated,False,True,54.934009600951875,44.75999999999957,3.3169840756855677e-05,23.6774506886515,0.642998113195162,0.0011946501857090003
438,1,0.3,integrated,False,True,56.55679781008473,44.75999999999957,2.782965002873672e-05,40.082176517299146,0.7176274884365504,0.0009756366028847624
439,1,0.3,extinct,True,False,,,2.735579062274671e-05,21.805897893507847,0.6632752425977751,0.0008848174768043593
440,1,0.3,integrated,False,True,56.93674597938458,45.83999999999955,2.3707615513741848e-05,17.3456888276394,0.7864313055486004,0.0008125377431910134
441,1,0.3,extinct,True,False,,,2.6967756995172497e-05,47.31831536974692,0.6049201449335071,0.0006429878337198522
442,1,0.3,extinct,True,False,,,2.2891309721899533e-05,26.73826851394871,0.647440140396507,0.0009430369380647106
443,1,0.3,integrated,False,True,55.34337678559017,45.479999999999556,3.372782690399489e-05,19.5906917316051,0.8588521750576895,0.0009808718536504345
444,1,0.3,extinct,True,False,,,1.4916674244390967e-05,16.316429129673356,0.9172980234366116,0.001231294563878007
445,1,0.3,extinct,True,False,,,1.7247162085940318e-05,26.305113217404315,0.37509454989009816,0.0012204747530685496
446,1,0.3,extinct,True,False,,,2.3500940983243855e-05,15.14608066269313,0.8638758538922562,0.0010389571150651034
447,1,0.3,extinct,True,False,,,1.7266729779648045e-05,34.96201863504172,1.1629007441554886,0.00154585889640575
448,1,0.3,extinct,True,False,,,2.8111246142755384e-05,27.323439508787978,0.6202166386433556,0.0009104386756056403
449,1,0.3,extinct,True,False,,,2.1660212131919848e-05,22.99553101461805,0.396064634036713,0.0010216509416191661
450,1,0.3,extinct,True,False,,,2.5970996298565268e-05,16.08377359661497,0.5150863834891407,0.0014348016147657453
451,1,0.3,extinct,True,False,,,2.0481906270870773e-05,18.134275127313412,0.3461899087498192,0.0012294967658718918
452,1,0.3,extinct,True,False,,,2.1247706907037625e-05,30.959116963933578,0.80455241313301,0.0015514470537409534
453,1,0.3,integrated,False,True,57.64076480748676,45.599999999999554,1.9550201994611302e-05,21.00609592642803,1.1856471835646607,0.0009405129078499376
454,1,0.3,extinct,True,False,,,1.876172256784879e-05,27.335466599405343,0.9092908848206457,0.0005696999361842892
455,1,0.3,extinct,True,False,,,2.3719862401629297e-05,16.404412186880634,0.6652990668154047,0.0006176968770746417
456,1,0.3,extinct,True,False,,,2.9814980965693485e-05,17.23334567457509,0.7407793360490093,0.0012998275151665803
457,1,0.3,extinct,True,False,,,2.1855941481802228e-05,31.27901383194649,0.6538844757913013,0.0010473677796199968
458,1,0.3,extinct,True,False,,,2.635841278146168e-05,12.706730708160524,0.6491151018561141,0.0009387322844479122
459,1,0.3,extinct,True,False,,,2.450170306338381e-05,27.205548776483223,0.5828519260848533,0.0012298587462361218
460,1,0.3,extinct,True,False,,,2.938526210274195e-05,16.837079658372517,1.016832243503852,0.0013796642835056498
461,1,0.3,extinct,True,False,,,1.4178428263431026e-05,34.080632378292684,0.8740123303119088,0.000637874090439674
462,1,0.3,extinct,True,False,,,2.802124916127262e-05,33.66395534811722,0.6181737119897212,0.0011834234387173965
463,1,0.3,integrated,False,True,57.45771273326973,46.07999999999954,2.2560216399160402e-05,30.725672716667685,0.5208541624111418,0.0012806452443725085
464,1,0.3,integrated,False,True,58.447393615072066,45.71999999999955,2.095779852096524e-05,35.197619228304234,0.8350615511344158,0.001100007359622076
465,1,0.3,extinct,True,False,,,4.4256238693280586e-05,40.73395469083555,0.9039685428545172,0.0005616454552583336
466,1,0.3,integrated,False,True,54.9964443574157,44.51999999999958,2.4524956376060917e-05,22.21786020591127,0.49551035559877804,0.0012648942896515444
467,1,0.3,extinct,True,False,,,1.219487345972834e-05,21.034723084828503,0.592363363013934,0.0013885192055152302
468,1,0.3,integrated,False,True,61.30635166940975,47.879999999999505,1.5268569010238656e-05,29.662375125626617,0.8812652166240138,0.0011019666636606408
469,1,0.3,extinct,True,False,,,2.132307049223828e-05,28.33820132277153,0.8134969139489759,0.00078426698397302
470,1,0.3,extinct,True,False,,,2.836161392038145e-05,19.522537919111123,0.9393274400952248,0.0006708308572640015
471,1,0.3,extinct,True,False,,,2.8775878185749802e-05,33.49995346818178,0.3865630259231701,0.0007693946570719867
472,1,0.3,extinct,True,False,,,1.9739305874704473e-05,36.67169146541165,0.8688538341248054,0.0008978780071068949
473,1,0.3,integrated,False,True,55.31830819106434,44.75999999999957,2.992606097556698e-05,18.38710300458701,1.1231988675864601,0.0008806303695317075
474,1,0.3,integrated,False,True,79.76088922998909,67.91999999999908,2.68161110849742e-05,22.603911625096845,0.8083401055601904,0.0006503405566686197
475,1,0.3,extinct,True,False,,,2.5102576018735552e-05,21.995066708660225,1.0039310378577184,0.0011927134873494342
476,1,0.3,extinct,True,False,,,2.195744436969816e-05,23.108946147484055,0.6913000009502942,0.0014352255945350597
477,1,0.3,integrated,False,True,60.13116940614283,45.479999999999556,1.6162856629927605e-05,26.013083268986822,0.5643182850064272,0.0006047625938535306
478,1,0.3,extinct,True,False,,,4.63589664059513e-05,25.096286127220846,0.9285519069788206,0.000985252607328242
479,1,0.3,extinct,True,False,,,2.8652447667406186e-05,24.716952461403977,0.7312175327301151,0.0006622300271144893
480,1,0.3,extinct,True,False,,,2.1088356957944403e-05,26.718029291369728,0.6689935112130844,0.0012403496745196528
481,1,0.3,extinct,True,False,,,3.225792403104968e-05,15.812327340853443,0.9312814788033624,0.0005195613379917662
482,1,0.3,extinct,True,False,,,2.228787664820237e-05,41.9159973645614,0.4822716406012816,0.0007613497615077588
483,1,0.3,extinct,True,False,,,2.9308733030613336e-05,15.172740660419551,0.7920960455825287,0.0007663510955684247
484,1,0.3,integrated,False,True,57.899297640488555,45.599999999999554,2.1068386266102663e-05,25.54691310396542,0.8019831137655126,0.0009066281696104795
485,1,0.3,integrated,False,True,55.170421278611826,45.35999999999956,3.69712018375329e-05,21.57649035040084,0.5266054943403812,0.0010434066413858919
486,1,0.3,integrated,False,True,54.13126796506447,44.39999999999958,2.46281902730196e-05,14.221730993961152,0.4038467235286765,0.0013033741083033066
487,1,0.3,integrated,False,True,55.1764424970668,44.75999999999957,2.0749041952134082e-05,18.097490948356697,0.3388581839967005,0.0014612827225972324
488,1,0.3,integrated,False,True,55.61583293611164,44.75999999999957,3.904284484694517e-05,19.97616021616447,0.7489808456014015,0.0006927027545976307
489,1,0.3,extinct,True,False,,,3.222245651168536e-05,33.19682106562687,0.39300443172213195,0.0007552722582496754
490,1,0.3,integrated,False,True,57.73963505975148,45.119999999999564,1.443624039549194e-05,25.680656676767303,0.36663864014683206,0.001281133104852519
491,1,0.3,extinct,True,False,,,3.3329786331754185e-05,45.4356508407584,0.932577461142949,0.0011752845302209214
492,1,0.3,integrated,False,True,56.225846716908336,45.959999999999546,2.8641123135958186e-05,17.895446196402286,1.2195978295000953,0.0011306844320779837
493,1,0.3,extinct,True,False,,,1.7726483379056088e-05,15.004045618111222,0.5825286663626459,0.0013824319100928313
494,1,0.3,extinct,True,False,,,3.008000621760611e-05,16.825414828615173,0.6894882381294263,0.0019422908540876601
495,1,0.3,integrated,False,True,57.67816889545085,44.51999999999958,2.064293263170558e-05,40.80526583429553,0.36284836851642804,0.0009609402526978241
496,1,0.3,extinct,True,False,,,4.862315855365976e-05,25.145886559679894,1.309447606078959,0.0013922069654912987
497,1,0.3,extinct,True,False,,,1.8731016012440964e-05,23.875441862217503,0.554386015095805,0.0005989343468666334
498,1,0.3,extinct,True,False,,,1.651620756314967e-05,29.193124711229572,0.5510789651488017,0.0008356398266444274
499,1,0.3,extinct,True,False,,,2.9845236479313565e-05,24.077396793995337,0.7645189648541285,0.0008797118116916752
0,1,0.5,extinct,True,False,,,1.7760393816611255e-05,18.3141747866109,0.6827377665258441,0.0005341216585185786
1,1,0.5,extinct,True,False,,,1.994523032815451e-05,23.73629664434092,0.32367112993439257,0.0013029593051106319
2,1,0.5,integrated,False,True,56.2076348084551,45.23999999999956,3.356130661352611e-05,18.2095817923067,0.7151118373957728,0.0005655707811988112
3,1,0.5,integrated,False,True,57.42342749266513,45.479999999999556,1.3849993056090824e-05,13.462652296379897,0.7382632965980367,0.0015123240228688407
4,1,0.5,integrated,False,True,57.567446072216754,45.119999999999564,2.1841895636133762e-05,21.117381719668753,0.8718192919465777,0.0005968917167932472
5,1,0.5,integrated,False,True,54.101623548824314,44.99999999999957,5.0480940401506664e-05,15.3504959197422,1.0466689574759778,0.0008583063034884343
6,1,0.5,extinct,True,False,,,3.117406253076853e-05,37.00142221676825,1.2062147693774337,0.0009757631815498144
7,1,0.5,integrated,False,True,56.6899422260577,45.23999999999956,1.9805325402527197e-05,27.266834516516315,0.800114397949968,0.0014669428952846608
8,1,0.5,integrated,False,True,54.546969984672074,44.75999999999957,6.099821741551507e-05,39.08311687965002,0.7104834927527093,0.0008803414579065251
9,1,0.5,integrated,False,True,58.43243335190457,46.67999999999953,2.101924797690863e-05,15.038238606093262,0.7845563854261007,0.0006676694301107171
10,1,0.5,extinct,True,False,,,2.092610846102909e-05,19.344658814288866,0.9112798230136567,0.0017804261404392057
11,1,0.5,extinct,True,False,,,3.901838561345107e-05,47.70998250139003,1.3819873258007418,0.0006471865233015036
12,1,0.5,integrated,False,True,55.233367024862574,44.639999999999574,3.5124913820298875e-05,19.785845541634462,0.6899620673681017,0.0006603744549374034
13,1,0.5,extinct,True,False,,,2.264596073862301e-05,56.30657646986055,1.3353557064693267,0.001111409662200262
14,1,0.5,extinct,True,False,,,1.730487539289728e-05,25.200196903616103,0.39943126628385267,0.0006873399987061195
15,1,0.5,extinct,True,False,,,3.453728200985455e-05,61.43152745997188,0.48960734734975203,0.0010055626152164646
16,1,0.5,extinct,True,False,,,3.918133142138015e-05,13.525109402327104,0.8608416918489067,0.0011351929950986948
17,1,0.5,extinct,True,False,,,1.5122116629818532e-05,17.711185326494693,1.0894730460466409,0.0008010621539814677
18,1,0.5,extinct,True,False,,,1.5032340815148282e-05,31.83387677211443,0.6847654917237282,0.0004897438818784181
19,1,0.5,extinct,True,False,,,3.672288281888858e-05,19.30117884567602,0.7579796910050293,0.0006434756060030357
20,1,0.5,integrated,False,True,62.74962281290978,45.479999999999556,9.442894902200634e-06,35.61985960826005,0.47093499243559195,0.0008849051625107034
21,1,0.5,extinct,True,False,,,1.4196517805237526e-05,26.248961001319437,0.4190812528839096,0.0009270526291846652
22,1,0.5,extinct,True,False,,,1.6738733374034923e-05,10.807684388674646,1.0511034046775756,0.0007614101829750413
23,1,0.5,integrated,False,True,50.94432938451456,44.27999999999958,8.052729623732822e-05,23.950884944915025,0.5681685315144217,0.002232189710455124
24,1,0.5,extinct,True,False,,,2.5804258124708486e-05,28.620621499745635,0.37057314673053776,0.0016245397641760603
25,1,0.5,extinct,True,False,,,2.3669471791979226e-05,19.707073735684734,0.9273833169988657,0.0005937713873613464
26,1,0.5,extinct,True,False,,,6.731709559784134e-06,34.461955850715036,0.27702177448619747,0.0048193860171209055
27,1,0.5,extinct,True,False,,,1.885146574859756e-05,35.9155357515381,1.1212678924114725,0.00036563843145164416
28,1,0.5,extinct,True,False,,,2.708692785803315e-05,19.023295459191683,0.3921969079908557,0.0006661254618675247
29,1,0.5,integrated,False,True,56.502082457270916,44.75999999999957,2.894404190074181e-05,22.203439950169248,0.7488747675551649,0.0006498653752870481
30,1,0.5,integrated,False,True,56.38035942364633,45.479999999999556,2.2276573116384467e-05,24.716258777470753,0.2907683131659178,0.0012286934839400559
31,1,0.5,extinct,True,False,,,1.600303626363954e-05,44.64812503723077,0.5105782315558997,0.00233217660515555
32,1,0.5,integrated,False,True,55.340188710692004,44.39999999999958,3.675252091181912e-05,28.075556714575242,0.4735006402865595,0.000624218706975135
33,1,0.5,extinct,True,False,,,1.6040759098000328e-05,21.167333078790687,0.25961666435970054,0.0016168080288490483
34,1,0.5,integrated,False,True,55.52635519957093,44.51999999999958,2.0711557382358583e-05,19.795145280022023,0.47951327669569993,0.001173648201129716
35,1,0.5,extinct,True,False,,,2.5037196302387144e-05,19.005518237133288,1.2540872658838031,0.0016317834818150437
36,1,0.5,extinct,True,False,,,3.4456725867972666e-05,23.025438562492038,0.5481890890056069,0.0010330133948997149
37,1,0.5,extinct,True,False,,,2.280185419683017e-05,38.92397770431165,1.1048240493443733,0.0006971914729763561
38,1,0.5,integrated,False,True,56.883455411216104,45.959999999999546,2.4375226082841622e-05,12.021298441334167,0.5475108774363433,0.0009059778537423762
39,1,0.5,integrated,False,True,55.9918568062119,45.35999999999956,2.2866230670139268e-05,23.19927352544287,0.7699003494010696,0.00146092506328335
40,1,0.5,extinct,True,False,,,2.8670797259841148e-05,15.803000120693873,1.3244962711784938,0.00035527181379909034
41,1,0.5,extinct,True,False,,,1.7889889182645907e-05,31.63869433304907,0.5465595942217135,0.000540852713197255
42,1,0.5,extinct,True,False,,,1.1911822223768837e-05,48.5673257876968,0.953950003454759,0.0027697587031460555
43,1,0.5,extinct,True,False,,,3.447323821727489e-05,24.98557285076663,0.8516863974079804,0.001778389450485971
44,1,0.5,integrated,False,True,59.08836008096163,44.51999999999958,2.449000474463989e-05,39.29343859827998,0.6130212781374471,0.00038144335708679533
45,1,0.5,extinct,True,False,,,2.4944977198714542e-05,39.069800061143,0.49048284576289,0.0006855533383599386
46,1,0.5,extinct,True,False,,,1.957172251162134e-05,17.484935995520647,0.4183943354082998,0.0011230126354073104
47,1,0.5,extinct,True,False,,,1.1518987539595306e-05,20.15420242223337,0.9715410616600247,0.0010099072150113453
48,1,0.5,integrated,False,True,59.79658581768622,45.71999999999955,1.3421697706254758e-05,18.280541562876216,0.3200225834862265,0.0005353480088494202
49,1,0.5,extinct,True,False,,,8.856381942832126e-06,32.488724725543136,0.9199800043196626,0.00043435034543859674
50,1,0.5,integrated,False,True,53.66890884120701,44.03999999999959,3.646190026653625e-05,12.13614091381029,0.43183982825155504,0.0009658240769965313
51,1,0.5,extinct,True,False,,,1.9475416704015077e-05,20.354239416343216,1.3247595507517227,0.0007404619468377117
52,1,0.5,extinct,True,False,,,1.8199246837777628e-05,45.93083370782062,0.8184851562686453,0.0006697906652330343
53,1,0.5,extinct,True,False,,,1.0713317087409813e-05,15.815234956448382,0.5753570955704258,0.0010132676907051979
54,1,0.5,extinct,True,False,,,1.2494557947307513e-05,24.956750430016523,2.0732116051036513,0.00062029605669719
55,1,0.5,extinct,True,False,,,2.007026582205167e-05,36.202240424444476,1.316360325734249,0.0018131824469580968
56,1,0.5,integrated,False,True,53.391345800752354,44.639999999999574,2.731840903952936e-05,8.992057840848455,0.35928168461861254,0.0016282955937973788
57,1,0.5,extinct,True,False,,,1.0117014329759269e-05,27.255640475754358,0.5935135813509504,0.0006244830821066593
58,1,0.5,extinct,True,False,,,1.747120515678753e-05,30.63971685217869,0.6310600783828356,0.0006953279056254098
59,1,0.5,extinct,True,False,,,1.82290320843986e-05,14.438039470028642,0.5967731980494264,0.0010125900068786136
60,1,0.5,extinct,True,False,,,1.9364665846870095e-05,14.909327724049138,0.43666806530405033,0.0009549864043581746
61,1,0.5,extinct,True,False,,,1.1978626813787797e-05,32.1837568306485,0.5902461293405528,0.0021918765257628744
62,1,0.5,extinct,True,False,,,1.43222938878087e-05,29.555418443745467,0.3379892120510865,0.0012808586569174492
63,1,0.5,extinct,True,False,,,1.2077847228031336e-05,15.57032903995017,0.41274955082038356,0.0015169459202374743
64,1,0.5,extinct,True,False,,,2.522871249464356e-05,45.644601183790506,0.6846000096733281,0.0010529473345815838
65,1,0.5,integrated,False,True,54.67727051494701,44.51999999999958,3.446467142637284e-05,18.915950033267443,0.6853290296678234,0.00096677369441845
66,1,0.5,integrated,False,True,56.47068081943718,44.87999999999957,2.4414604803935802e-05,13.199318321182698,0.4519700718923759,0.0005441515590991629
67,1,0.5,extinct,True,False,,,2.8747654013172555e-05,20.77747876867926,0.7829506923809451,0.0013949535439719894
68,1,0.5,extinct,True,False,,,1.8419654085426065e-05,25.499912750874493,0.6632146850917735,0.0012134372827516953
69,1,0.5,extinct,True,False,,,1.720297672823224e-05,29.14636781316099,0.6397237004595268,0.0006757589722282502
70,1,0.5,extinct,True,False,,,2.028708361594315e-05,24.921859822172674,0.5743783963594117,0.0009279972118693159
71,1,0.5,extinct,True,False,,,7.404710489234323e-06,14.83837503867093,1.19893074924086,0.0006717958364107539
72,1,0.5,integrated,False,True,60.0259419427035,44.87999999999957,1.8707523831669314e-05,40.02135040952891,0.41312397592727185,0.00048725862009054013
73,1,0.5,integrated,False,True,53.57552519125579,44.39999999999958,3.060823694585123e-05,15.747229471509202,0.24461989837404674,0.0013530806429869595
74,1,0.5,extinct,True,False,,,2.900645817473678e-05,27.489240333241206,1.9574126240155103,0.0007766351827723593
75,1,0.5,extinct,True,False,,,1.4104811681505312e-05,50.26347933128498,0.4229144080689258,0.0006683054389201589
76,1,0.5,extinct,True,False,,,5.290253533895451e-05,68.88268421685142,1.0387046501611203,0.0018834148192874891
77,1,0.5,integrated,False,True,58.819775104016045,47.51999999999951,1.8435541894801064e-05,15.891650961286379,0.40487576150043586,0.0009476005528162209
78,1,0.5,integrated,False,True,57.90663708531843,45.23999999999956,2.2912081856989357e-05,9.054814082494675,0.47225351240426644,0.00037887099273258663
79,1,0.5,extinct,True,False,,,1.4243021934322718e-05,18.839432073354104,0.6192566961198046,0.0007728756857121833
80,1,0.5,integrated,False,True,54.404034923876466,44.75999999999957,3.1164441827504245e-05,7.85904113361664,0.989866393911415,0.0008566524411316438
81,1,0.5,extinct,True,False,,,1.1591462871182702e-05,20.567717645619233,0.8417959430889899,0.0010524961939111191
82,1,0.5,extinct,True,False,,,1.1502391414230694e-05,26.89668226031274,0.9476621875453579,0.000733891546133984
83,1,0.5,extinct,True,False,,,2.3150285258231526e-05,18.319622419998506,0.3871094328933812,0.00041716077119047717
84,1,0.5,extinct,True,False,,,2.294639288964713e-05,57.21038639392156,0.4934750768040102,0.0013335003538425838
85,1,0.5,integrated,False,True,54.331692495342395,44.39999999999958,4.3138474440137235e-05,26.405027751158247,0.8174873420915394,0.0008508271609842705
86,1,0.5,integrated,False,True,53.692209515286436,45.479999999999556,5.348675917450751e-05,17.864572694920522,1.3247644715720712,0.0015453156386777659
87,1,0.5,extinct,True,False,,,2.017345081888134e-05,26.93902816919458,0.8952873251884512,0.0008412163597289451
88,1,0.5,extinct,True,False,,,2.1896813543480167e-05,18.589236600499017,1.5402032015274003,0.0014044456696795085
89,1,0.5,integrated,False,True,63.66244949776916,45.83999999999955,9.251774232207134e-06,36.68795510786773,0.7135361996238339,0.0008636469800369047
90,1,0.5,extinct,True,False,,,2.1557725065526672e-05,31.43387781346617,0.7686670207013102,0.0006795497311820953
91,1,0.5,integrated,False,True,57.70174121717904,44.75999999999957,1.9894959925212397e-05,20.075632103997748,0.7248070226936756,0.0007010151840739874
92,1,0.5,extinct,True,False,,,1.6343347727593175e-05,28.461110401738544,0.8303759534835509,0.0004751806859680545
93,1,0.5,integrated,False,True,77.46603723102078,67.19999999999911,2.9379935652626176e-05,15.51236082636743,0.913597456121191,0.0007835804586848639
94,1,0.5,integrated,False,True,57.45924739631266,44.99999999999957,1.464928902502879e-05,14.862301847649846,0.35388876149502646,0.0010075723639622152
95,1,0.5,extinct,True,False,,,2.0621835450541912e-05,15.462385777116278,1.1699903089604007,0.00091295314016836
96,1,0.5,extinct,True,False,,,2.839957128506135e-05,11.761287882966363,1.2740519065648592,0.0005926543952982739
97,1,0.5,integrated,False,True,55.49339289476835,45.83999999999955,3.687805732716227e-05,19.93865477102771,1.6533410887052673,0.0010203709900001173
98,1,0.5,extinct,True,False,,,3.15847701506258e-05,27.208864707117197,1.2225772153442198,0.0003900311101984828
99,1,0.5,extinct,True,False,,,1.1925765645465655e-05,26.015809621722152,0.3957451520931837,0.0013566261101174888
100,1,0.5,integrated,False,True,56.01145228491316,45.23999999999956,1.8854761138346106e-05,15.539310003899248,0.5334701779547059,0.0012228908147068525
101,1,0.5,integrated,False,True,55.05405551979726,45.959999999999546,3.0746958283372664e-05,12.941709343229107,0.6375754509203588,0.0015711500636224531
102,1,0.5,integrated,False,True,55.76190042593032,45.35999999999956,2.0732641707874122e-05,22.324955482536463,0.6482231137674099,0.001924434399476382
103,1,0.5,extinct,True,False,,,1.5025603979274484e-05,12.661505506103486,0.5653541543038784,0.0022375535501341433
104,1,0.5,integrated,False,True,53.41080433895455,44.87999999999957,2.8292318843177222e-05,14.756115439515106,1.2197377080579923,0.002659732240783479
105,1,0.5,extinct,True,False,,,2.9158485361220925e-05,19.094774890756266,0.4389151676713922,0.001050838677872079
106,1,0.5,integrated,False,True,56.29224214547731,45.959999999999546,2.60015420074752e-05,16.930511832996693,0.5208326996697252,0.001067693815447689
107,1,0.5,extinct,True,False,,,1.087109264681876e-05,16.059543115138894,0.6881629729884049,0.0015600450321459193
108,1,0.5,extinct,True,False,,,3.052284102065295e-05,35.76752730140123,0.22602008683329497,0.0005563196498372033
109,1,0.5,integrated,False,True,60.74867682495414,47.63999999999951,1.2712676341897674e-05,17.870649854359307,1.536645787728809,0.0010751513155416782
110,1,0.5,extinct,True,False,,,2.0389905055273606e-05,38.38778214172052,0.5233955130423865,0.0006038964111531614
111,1,0.5,integrated,False,True,54.44574008321318,44.03999999999959,3.263886900703659e-05,13.839292447613033,0.27202270773055937,0.0008693446843829977
112,1,0.5,integrated,False,True,57.10625746644354,45.23999999999956,2.0451604842220686e-05,10.456697544886229,0.4968378910168205,0.0006213580744545425
113,1,0.5,extinct,True,False,,,1.1550815342998983e-05,47.27877614362123,1.1521762210669888,0.0004658449815346808
114,1,0.5,extinct,True,False,,,2.4670967155541254e-05,11.725106800359208,0.20056937741758465,0.0005297734803461734
115,1,0.5,integrated,False,True,55.56365604856677,44.639999999999574,2.829700798727574e-05,24.17706387487825,0.6183739069591239,0.0008904570588400423
116,1,0.5,extinct,True,False,,,1.7219618062312595e-05,14.575306723142893,0.3598496656662196,0.00043874351963499834
117,1,0.5,extinct,True,False,,,1.4499289789585169e-05,18.323913003172798,0.6484614708461307,0.0005030882816068447
118,1,0.5,extinct,True,False,,,2.9864853536472587e-05,17.72616097049999,0.8118727442689168,0.00036952954995381887
119,1,0.5,extinct,True,False,,,2.2217301989615448e-05,29.040435636109287,1.074802097516573,0.0005493684448922754
120,1,0.5,integrated,False,True,55.832526682042236,47.15999999999952,3.9302777729878685e-05,10.683445188720984,0.6025500982612586,0.001319557555117698
121,1,0.5,extinct,True,False,,,2.2115032570133498e-05,28.85505819344977,1.353344072470528,0.000513420153357887
122,1,0.5,integrated,False,True,55.054638921866314,46.31999999999954,4.6037211191231624e-05,23.094529084438783,2.1416249136341787,0.0014737689409089713
123,1,0.5,extinct,True,False,,,3.024583224194244e-05,32.27897089884738,0.6826789052783949,0.0006181986330366292
124,1,0.5,extinct,True,False,,,1.7212029740172097e-05,15.810462338893759,0.34987398639410133,0.0010980466217029262
125,1,0.5,extinct,True,False,,,1.7038943984220102e-05,18.637039241412385,0.5436976184466399,0.0015411780132815627
126,1,0.5,extinct,True,False,,,2.9982666561622946e-05,32.21585256133912,0.9365887524467809,0.0016809168303028174
127,1,0.5,extinct,True,False,,,2.1409606533021502e-05,17.044934708154706,2.1451192392082215,0.0019308011554647877
128,1,0.5,extinct,True,False,,,3.082066591054367e-05,23.978452760518568,1.2742347619644843,0.0011553878816854806
129,1,0.5,extinct,True,False,,,1.182139353230135e-05,35.16803817507238,0.49212463201673073,0.001734342352331213
130,1,0.5,extinct,True,False,,,1.7683440754271035e-05,18.64158739304772,1.3274277082083636,0.0008349780160180747
131,1,0.5,extinct,True,False,,,2.6744770064250278e-05,24.598853066612232,0.3223670980786984,0.0014724386389818414
132,1,0.5,integrated,False,True,57.92213777163911,45.119999999999564,2.5704683920798426e-05,49.914145121056215,0.6367112816909518,0.0012858679061360492
133,1,0.5,integrated,False,True,55.81227247656953,45.479999999999556,2.398370681142203e-05,9.502206049830985,0.6303830588509416,0.0007929434891328334
134,1,0.5,extinct,True,False,,,1.656201649015595e-05,14.92285917247341,1.1345964363179624,0.0017891587826735348
135,1,0.5,integrated,False,True,55.947780055308456,44.39999999999958,2.616611818848308e-05,21.41290716953567,0.5608565373241264,0.0006367818675674746
136,1,0.5,extinct,True,False,,,2.0129400914359613e-05,7.968608586783872,0.9867443703142796,0.0017302174407248126
137,1,0.5,integrated,False,True,53.293725511200705,44.27999999999958,5.9794608993967583e-05,26.311459105109773,0.6274521030977177,0.0008122341658312646
138,1,0.5,extinct,True,False,,,2.591112408274081e-05,9.745130439219444,1.515870049928715,0.0008245643157898774
139,1,0.5,extinct,True,False,,,3.694343067710509e-05,21.308474134241237,0.5476585351740328,0.0014884553509074232
140,1,0.5,integrated,False,True,53.5673822783202,44.51999999999958,6.200346713400836e-05,27.932729335117333,0.9968309969392416,0.0010609255954961351
141,1,0.5,extinct,True,False,,,2.9404169636580714e-05,21.2104281704674,0.953476095959731,0.0017876858685922157
142,1,0.5,extinct,True,False,,,2.583280041057624e-05,23.346553130816194,0.44703112942381806,0.0018357956286096076
143,1,0.5,integrated,False,True,58.132821372052526,45.35999999999956,1.7463993545105426e-05,36.02891038327081,0.49381529615184044,0.001482362247004758
144,1,0.5,extinct,True,False,,,1.4554750645024207e-05,29.48874343555478,0.6222522193803238,0.0014946980489608218
145,1,0.5,extinct,True,False,,,1.6459103754370397e-05,18.890123246545475,0.689169402088681,0.0015506296345788285
146,1,0.5,integrated,False,True,52.674252842791525,44.27999999999958,4.3119668603523354e-05,10.407822675459308,0.4230069666270938,0.001167644163689007
147,1,0.5,integrated,False,True,53.78573252150399,44.159999999999584,3.577281787507036e-05,27.708718490598493,0.3737731523287999,0.001212979567640711
148,1,0.5,extinct,True,False,,,2.5881735305023218e-05,11.586257584598902,2.2281023412542553,0.0005461242837241797
149,1,0.5,extinct,True,False,,,2.202509220888279e-05,13.409550100992966,1.1758142646442564,0.0009776305439415142
150,1,0.5,extinct,True,False,,,2.2613952812545096e-05,20.338914197723575,0.5998891275731851,0.0010127518608929011
151,1,0.5,extinct,True,False,,,2.0646215888696414e-05,9.013843624491221,0.7266748526444594,0.0004396020423321874
152,1,0.5,extinct,True,False,,,2.2193363125380784e-05,34.701238157676066,0.39742112706899857,0.0004412903309032646
153,1,0.5,extinct,True,False,,,4.854778559015183e-05,21.259581767696854,0.39411333540129984,0.00107385646604554
154,1,0.5,extinct,True,False,,,1.1919394453900377e-05,16.51610378054269,0.7983151779531472,0.0006675704640727331
155,1,0.5,integrated,False,True,56.22774966687107,45.35999999999956,2.8897823985141794e-05,24.271097941390643,0.6965721770278654,0.0008343215077026457
156,1,0.5,extinct,True,False,,,2.1084838114148283e-05,17.034474949308517,0.3843807681971398,0.0011455374017999152
157,1,0.5,extinct,True,False,,,1.700188057707683e-05,27.913591878270992,0.585066670291724,0.001585331843798129
158,1,0.5,extinct,True,False,,,3.147078568747007e-05,29.983863369282023,0.7492169677910057,0.0009789906414462677
159,1,0.5,integrated,False,True,61.27448938828314,45.83999999999955,1.7081887038380375e-05,40.774938409388085,0.7408646927978374,0.0006367606738085282
160,1,0.5,extinct,True,False,,,8.144030468699542e-05,14.177550918052884,1.526657958783185,0.0020654265249002318
161,1,0.5,extinct,True,False,,,3.695891706029298e-05,40.329409169536916,0.2857594476434619,0.0008250325187608695
162,1,0.5,integrated,False,True,54.7556061070548,44.87999999999957,3.814768286867396e-05,7.405989259652587,0.6195464554821363,0.0007039523235788935
163,1,0.5,extinct,True,False,,,2.3073955865452654e-05,18.971065424446905,0.59588918931324,0.0009810418343792603
164,1,0.5,integrated,False,True,56.32432521269713,44.639999999999574,2.3914870880798904e-05,19.398037099501778,0.4837620959173285,0.0006589329053033197
165,1,0.5,extinct,True,False,,,1.7932541425592982e-05,13.463656334477134,1.2603687753734811,0.0022789890782063667
166,1,0.5,integrated,False,True,59.15164536759612,45.599999999999554,1.3011480897955265e-05,13.391170689809544,0.6294069801216211,0.0005821940624922842
167,1,0.5,integrated,False,True,56.023616754466886,44.639999999999574,1.77085485225819e-05,25.256081975517997,0.557867299151884,0.001716943543030197
168,1,0.5,extinct,True,False,,,2.1519571892381675e-05,33.00358157499364,0.43072765295205967,0.0012132640738748706
169,1,0.5,extinct,True,False,,,1.1986918404535581e-05,18.954583989878472,1.531111934071805,0.0005801412052776786
170,1,0.5,extinct,True,False,,,2.8689625877019346e-05,15.56048904984799,0.8698833258388856,0.0009979506250590456
171,1,0.5,extinct,True,False,,,1.6950642620315975e-05,18.039380593807643,1.3823977816750554,0.0008412703704362723
172,1,0.5,integrated,False,True,57.05408493833078,45.599999999999554,1.756103999332498e-05,13.370098593535115,0.8832400114836622,0.001219006341047355
173,1,0.5,integrated,False,True,56.62847659009809,45.599999999999554,3.555726947979801e-05,27.703279960605617,0.46684805413596275,0.0006188953989704561
174,1,0.5,integrated,False,True,57.052864285471486,45.71999999999955,1.678825593449845e-05,16.614995132597706,0.8903662325472994,0.001273371905050142
175,1,0.5,extinct,True,False,,,6.092799085258571e-05,62.829744078657136,1.297340651255477,0.0008760249516601505
176,1,0.5,extinct,True,False,,,2.1411721061699395e-05,39.036962720281466,0.23867970831071075,0.0010109996100064796
177,1,0.5,extinct,True,False,,,3.7319006270595554e-05,25.20900902696979,1.1626445738603488,0.0007560566385576598
178,1,0.5,extinct,True,False,,,1.7778049263784805e-05,20.936538563534487,0.4736855616670941,0.0014439303238487052
179,1,0.5,extinct,True,False,,,1.9051111685930426e-05,28.15963615620781,0.5982999211826516,0.0012473855308133054
180,1,0.5,extinct,True,False,,,2.8717974580059368e-05,35.45863889492301,2.131357929779387,0.0012109289185023827
181,1,0.5,extinct,True,False,,,1.723983520362521e-05,41.38476641076009,0.5472552137101004,0.0007319173698207171
182,1,0.5,extinct,True,False,,,2.745782112166924e-05,42.476506506420364,0.5753816851898028,0.0011051364566742018
183,1,0.5,extinct,True,False,,,2.7391376624707745e-05,21.9049784797297,0.8017811612499571,0.0005074407182999404
184,1,0.5,integrated,False,True,57.69230871285033,45.959999999999546,1.9250706608742035e-05,10.176200216280366,0.7844349773925723,0.0006077042403049862
185,1,0.5,extinct,True,False,,,2.3780337284664854e-05,16.292639839557655,0.41103116473681045,0.0007204936492579369
186,1,0.5,extinct,True,False,,,1.987858853672393e-05,25.108157956835626,0.3515482166558662,0.0006596443290054798
187,1,0.5,integrated,False,True,54.72287350299157,46.439999999999536,3.087240496716761e-05,7.62571679996811,0.8498126751891091,0.0019021012095982157
188,1,0.5,integrated,False,True,55.40655950164977,44.99999999999957,3.21461512875421e-05,20.436675662486113,1.0487471560356254,0.0010451918380456325
189,1,0.5,integrated,False,True,56.575097085114244,45.23999999999956,2.6493436683210295e-05,35.93963371495972,0.43948973336245284,0.0011210607733137536
190,1,0.5,integrated,False,True,55.54336428886348,44.639999999999574,1.850201937940719e-05,19.669243536868183,0.22865139475856536,0.0014511423685523266
191,1,0.5,extinct,True,False,,,2.073345800799926e-05,17.402011098272283,1.0434034073595755,0.001096152296521395
192,1,0.5,extinct,True,False,,,3.0408430114414375e-05,35.001077631889274,1.0465596641593016,0.000732762431118897
193,1,0.5,extinct,True,False,,,2.8245286482642033e-05,29.15236927574627,0.6592226726504465,0.0014084959623493474
194,1,0.5,integrated,False,True,57.25996658187494,46.07999999999954,1.8708961263560248e-05,12.416007209865311,1.0611023417687744,0.001063816971039463
195,1,0.5,extinct,True,False,,,2.6728654338019788e-05,15.020604640985061,0.664625777693055,0.0007995961153608603
196,1,0.5,extinct,True,False,,,1.788754000568014e-05,18.210771265886212,0.4544145183124573,0.0008825917323894245
197,1,0.5,integrated,False,True,55.83244080719646,44.75999999999957,2.772770597211642e-05,30.18398147220807,0.540220340864032,0.0010169576535413055
198,1,0.5,integrated,False,True,57.37858366657248,45.23999999999956,2.030461607823512e-05,15.946724076736107,0.264517506579348,0.0005682720843454102
199,1,0.5,extinct,True,False,,,2.560208725208192e-05,16.201118939601372,0.46405049540896953,0.0008961013183153354
200,1,0.5,extinct,True,False,,,2.376973814420193e-05,42.510143941218125,0.8825439610683518,0.0007566434382178558
201,1,0.5,extinct,True,False,,,2.2311882129777072e-05,29.52385938357221,0.1923076688551344,0.00513293834467011
202,1,0.5,extinct,True,False,,,1.2134699173958466e-05,43.65250067505814,0.5641489990111455,0.0017606809414843826
203,1,0.5,extinct,True,False,,,2.0572317048923867e-05,19.005903676891336,0.9143211112576952,0.001695943458601433
204,1,0.5,integrated,False,True,59.53656412812091,45.71999999999955,1.2052383895388425e-05,32.31610725117975,0.4704717960743202,0.001953946247000115
205,1,0.5,extinct,True,False,,,1.988069699128475e-05,13.041807785277575,0.7245945665344385,0.0011412072252952657
206,1,0.5,integrated,False,True,54.91688208149505,44.51999999999958,4.07877670014971e-05,33.05055292961781,0.30445169047862336,0.000814793244721136
207,1,0.5,extinct,True,False,,,3.284729194681787e-05,15.119278896064248,0.6322062192534627,0.0014679966543853877
208,1,0.5,extinct,True,False,,,4.599102701719041e-05,19.7727875906299,1.6536501885065553,0.0018506269043110381
209,1,0.5,extinct,True,False,,,2.1103290701278185e-05,55.33598005379733,0.8423338021721661,0.0010986887656796829
210,1,0.5,extinct,True,False,,,1.8471263070172745e-05,25.48212539759735,0.7465586208884204,0.0010027172715875872
211,1,0.5,extinct,True,False,,,1.9968645260314492e-05,79.94811296276197,0.7667528151228385,0.0015581696347341098
212,1,0.5,extinct,True,False,,,2.6655872182811147e-05,14.210372082054242,0.6180835758235936,0.0010447742439479274
213,1,0.5,extinct,True,False,,,1.6454737232149577e-05,24.467774794080324,0.24365393165354557,0.0008979838486923388
214,1,0.5,extinct,True,False,,,1.502511226326632e-05,15.997680518279681,1.0878834203003964,0.0007914382610211248
215,1,0.5,integrated,False,True,52.685731256629154,44.39999999999958,4.6195857336120114e-05,14.10233503976664,0.29289221388051767,0.0012077044345996841
216,1,0.5,integrated,False,True,57.863370601434184,44.99999999999957,1.4484027496249654e-05,21.379660583558778,0.45551073826276883,0.0011833632256003904
217,1,0.5,integrated,False,True,53.73585639045556,44.51999999999958,5.508629318924123e-05,41.955228354618534,0.7090635506545615,0.0011932705316890176
218,1,0.5,integrated,False,True,55.726287123138476,45.479999999999556,2.892762988396518e-05,25.98575456661407,0.5984480195375976,0.0012026011413376193
219,1,0.5,integrated,False,True,56.80934386496838,44.87999999999957,1.5698694354167426e-05,21.923508207988444,0.5763707456079794,0.0014005845426857005
220,1,0.5,extinct,True,False,,,3.633301731779728e-05,28.516735107695904,0.9136655227853665,0.0007146200534034429
221,1,0.5,extinct,True,False,,,2.61801879977656e-05,20.519089707565463,1.4059578064899032,0.0007617678323831349
222,1,0.5,integrated,False,True,57.71835468570943,45.35999999999956,1.775568298853792e-05,11.24585511485978,0.8514258683392586,0.0007700718713629133
223,1,0.5,extinct,True,False,,,2.8181190282972935e-05,25.19010312932999,0.6694582522647211,0.0007317799557661995
224,1,0.5,extinct,True,False,,,2.730459103865783e-05,33.563533323826476,0.748607015606081,0.0011392374913416004
225,1,0.5,extinct,True,False,,,2.3447249552538476e-05,44.812677786326915,1.063303220616581,0.0016547206218779774
226,1,0.5,integrated,False,True,56.47301668528631,46.55999999999953,2.9068034599489564e-05,30.92483088461511,1.5590187185172841,0.0026936526936867785
227,1,0.5,extinct,True,False,,,1.9220537337290666e-05,11.845097373329786,1.384389009859477,0.0010082350349935845
228,1,0.5,extinct,True,False,,,5.574603412322183e-05,33.58437684824784,0.6984044156694489,0.0008522617626539537
229,1,0.5,extinct,True,False,,,4.008099521968149e-05,18.945850214976016,1.01227158368328,0.0011410610398887857
230,1,0.5,extinct,True,False,,,3.663014641859576e-05,21.982933605829412,0.5793059226143273,0.0018707001469610096
231,1,0.5,extinct,True,False,,,2.9489614943238883e-05,20.258092182283928,0.5395336123286206,0.0011432612446927884
232,1,0.5,integrated,False,True,57.26485237714956,44.39999999999958,3.392938992886375e-05,43.67852685662446,0.3343529749295805,0.0005035500761825582
233,1,0.5,extinct,True,False,,,1.2802132272792685e-05,24.49631705732395,0.7678180159659448,0.000517888334119275
234,1,0.5,extinct,True,False,,,3.283655114785864e-05,48.69956816677066,0.9441773363474867,0.001055369514734555
235,1,0.5,integrated,False,True,60.93729791828128,45.119999999999564,1.7492058270799787e-05,62.84257963946379,0.5450547483960381,0.0010833123405796883
236,1,0.5,extinct,True,False,,,2.574175265499318e-05,23.774560959593376,1.2728420431567882,0.0014525920842714188
237,1,0.5,extinct,True,False,,,1.2910436878665465e-05,16.898811928955258,0.4307725075887956,0.0008807607936094864
238,1,0.5,extinct,True,False,,,1.069294078905512e-05,30.666190336480508,0.5868479237443635,0.0015858366533108353
239,1,0.5,integrated,False,True,55.4648459033416,45.23999999999956,2.9877036775110343e-05,26.632021431078485,0.5459683592340085,0.0013492390366653482
240,1,0.5,extinct,True,False,,,2.0197402599642883e-05,20.749732660691574,0.5828473113530881,0.0006675667418519883
241,1,0.5,integrated,False,True,55.94021140713415,44.99999999999957,2.4889673013110416e-05,14.137730539852726,1.0694732370014555,0.0007599261561141418
242,1,0.5,extinct,True,False,,,2.5025964985986187e-05,13.967667922044882,0.8111041026018249,0.001007845069127017
243,1,0.5,integrated,False,True,59.28425105109543,44.75999999999957,1.54740678276032e-05,12.802697117768794,0.8523995718159012,0.00035475809542030983
244,1,0.5,extinct,True,False,,,2.3874751495890953e-05,19.50527863621159,1.3733002918896893,0.0008016796699414409
245,1,0.5,extinct,True,False,,,4.527378101044827e-05,12.371611249707362,1.1837321442049975,0.00032769487978985193
246,1,0.5,extinct,True,False,,,2.330772836254198e-05,18.214721176776337,0.3618893561715312,0.0009356842188271364
247,1,0.5,integrated,False,True,57.33187084950613,44.87999999999957,1.8730280530571692e-05,19.478179085095462,0.35086994973166236,0.0006193936418627444
248,1,0.5,extinct,True,False,,,1.736658547926418e-05,41.27586352456744,0.9487635330112452,0.0007559397864557074
249,1,0.5,integrated,False,True,59.48387702206051,46.07999999999954,1.3909884222774895e-05,17.752465109348126,0.7321378774141963,0.0009607441378641476
250,1,0.5,integrated,False,True,53.52894280097287,44.75999999999957,3.3120081647697224e-05,23.342302113147543,0.7857293620116342,0.002192421578770514
251,1,0.5,integrated,False,True,54.071543570554155,44.51999999999958,3.4192367002999735e-05,14.59570243167228,0.6540627258240073,0.0012194464481364645
252,1,0.5,extinct,True,False,,,1.1998471760509041e-05,16.097882212529797,0.47352846050487074,0.0008581033052870472
253,1,0.5,extinct,True,False,,,3.9934282462323585e-05,29.148634298676512,0.54732564305817,0.001290630920949924
254,1,0.5,integrated,False,True,54.12166728712863,44.27999999999958,3.818914310567058e-05,22.257307823319483,0.8813544854043716,0.0009044537172023981
255,1,0.5,integrated,False,True,52.80122653593796,44.39999999999958,5.082564266102679e-05,26.293824981730484,0.33522574839736885,0.0013665519478751294
256,1,0.5,extinct,True,False,,,1.5540080914294545e-05,17.093988245551298,0.6889106444162385,0.0008378842355230027
257,1,0.5,integrated,False,True,55.15658398682348,44.639999999999574,4.286720008940172e-05,30.5073014207871,0.7682044537104019,0.0006851486253324675
258,1,0.5,extinct,True,False,,,2.1301521225330978e-05,15.566595767301315,0.3286002504391882,0.0010371864609256597
259,1,0.5,extinct,True,False,,,2.5363008859315477e-05,28.92412384151458,0.4136598977506348,0.000752181533830731
260,1,0.5,extinct,True,False,,,1.2884637979708602e-05,17.495039661278962,0.8569655914361505,0.001308303397519093
261,1,0.5,extinct,True,False,,,1.2832129891410025e-05,35.500534138156496,1.1580273915984618,0.002323368455843888
262,1,0.5,integrated,False,True,57.425140135248576,46.439999999999536,1.662902488237447e-05,7.129088497805097,0.4334256050015157,0.0011698517791962012
263,1,0.5,extinct,True,False,,,1.604020009833962e-05,17.73696399684311,0.6383906347773125,0.0010835898406914236
264,1,0.5,extinct,True,False,,,3.4277305200780315e-05,23.633809031884685,1.0774953429665526,0.0006916108420899741
265,1,0.5,extinct,True,False,,,2.804778809780943e-05,40.77855344399364,1.1917029452078463,0.0005895080010212345
266,1,0.5,extinct,True,False,,,2.915891960991359e-05,20.304241088686695,1.2755794335239117,0.0006609077966276217
267,1,0.5,extinct,True,False,,,1.442287399424998e-05,27.92391932949777,1.0398045886273133,0.0005523792898916824
268,1,0.5,integrated,False,True,56.02443222818215,45.959999999999546,3.313387575004784e-05,16.67934389373295,0.5672435850642096,0.0007765077514548297
269,1,0.5,extinct,True,False,,,2.420373589838522e-05,64.52464641908365,0.9939175761463096,0.002138126909176122
270,1,0.5,extinct,True,False,,,2.0206554385738054e-05,24.230986635989645,0.2506406842403707,0.0007789268960227209
271,1,0.5,extinct,True,False,,,2.9803821837074755e-05,15.911391740890773,0.7600788623302789,0.0013198871450286085
272,1,0.5,extinct,True,False,,,3.0093787602957853e-05,27.13878372072767,1.57939950935619,0.0008156586240464922
273,1,0.5,integrated,False,True,57.091651019636046,45.119999999999564,1.8278675292119756e-05,26.13770658852233,0.41454995586576676,0.0011588792700984968
274,1,0.5,integrated,False,True,54.742462511422964,44.51999999999958,3.6091898719021434e-05,14.138211748072292,0.5132589587656182,0.0006259277746272088
275,1,0.5,extinct,True,False,,,2.405172035503114e-05,19.598536929957497,0.6430729964767533,0.0007920358720496816
276,1,0.5,integrated,False,True,55.270353263827715,45.23999999999956,3.296949181383101e-05,13.175180282587316,0.5436735595973855,0.0008237226510877316
277,1,0.5,extinct,True,False,,,1.5742911829096958e-05,20.6560052449452,0.44056649397454384,0.0005477745394705853
278,1,0.5,extinct,True,False,,,4.5391170396902154e-05,18.58018292797821,1.3349735184268297,0.0004098577482557677
279,1,0.5,extinct,True,False,,,2.2343955768966774e-05,37.0975519405,0.8824919490047416,0.0007491219246105741
280,1,0.5,extinct,True,False,,,2.871641744655521e-05,16.63073625785282,0.4662075145947873,0.0007513115791452619
281,1,0.5,integrated,False,True,53.631318154345905,44.27999999999958,3.369340010133362e-05,13.11753934345101,0.6073162962938857,0.0009862390673487074
282,1,0.5,extinct,True,False,,,1.571215100938057e-05,33.7576427733927,0.4064484544679515,0.0016362317728801654
283,1,0.5,extinct,True,False,,,1.3066867478156594e-05,34.42090416797173,0.5992280379787649,0.000924229757545508
284,1,0.5,integrated,False,True,55.03634781023817,44.99999999999957,2.983479557010378e-05,15.9337153937486,0.9428050151567168,0.0009848247174501132
285,1,0.5,integrated,False,True,57.59662113346147,45.119999999999564,1.4577752637011555e-05,22.075879011941748,0.5156814192422448,0.0011912173285377858
286,1,0.5,extinct,True,False,,,1.9312085682102788e-05,17.320721935381865,0.5054326872524683,0.0011454159495902384
287,1,0.5,extinct,True,False,,,3.198944927694041e-05,36.12287337430946,0.46187452005787705,0.0016176302588664392
288,1,0.5,extinct,True,False,,,3.4084916773309476e-05,23.632519775264306,0.8065566473772424,0.002068429032283936
289,1,0.5,extinct,True,False,,,1.7319864829024598e-05,18.525040136271326,0.4082029267165032,0.003067265422266249
290,1,0.5,extinct,True,False,,,3.1406930547068665e-05,43.007539420605376,1.4636817129038069,0.001174504834153169
291,1,0.5,extinct,True,False,,,1.8767767993357116e-05,24.174515187660493,1.1933192966304178,0.0010351349380419894
292,1,0.5,extinct,True,False,,,2.0259972916791104e-05,23.175491942554416,1.2281312433474354,0.0006787912016249102
293,1,0.5,extinct,True,False,,,2.3079292201375797e-05,35.32322428151628,0.776108936814762,0.001415440292005251
294,1,0.5,integrated,False,True,58.647804801551914,45.23999999999956,3.497692298786865e-05,34.58307294957891,0.9950767788442574,0.00037673639077980925
295,1,0.5,extinct,True,False,,,9.985239066126467e-06,28.5148050495182,3.923928088533111,0.0014652774917276092
296,1,0.5,integrated,False,True,54.56706993745341,44.51999999999958,7.038263385939555e-05,23.60102698627479,0.2997439110709461,0.00041964912683294483
297,1,0.5,integrated,False,True,59.316324803534386,46.31999999999954,1.6989396522123248e-05,34.61639426123585,1.1172002841892463,0.0019056114162625082
298,1,0.5,extinct,True,False,,,2.6769382283538115e-05,16.229713083976787,0.47345034017633697,0.0006456352482141403
299,1,0.5,extinct,True,False,,,2.7050592215449765e-05,31.54487015766942,0.44311434740954014,0.0009625669701698066
300,1,0.5,integrated,False,True,54.64452238052142,45.83999999999955,3.110999140834865e-05,17.173791433024345,1.1207955787080055,0.002088773227943698
301,1,0.5,integrated,False,True,55.235004102561646,45.119999999999564,3.6113213788823346e-05,41.09504798534261,0.5643510021020804,0.0014786932950434932
302,1,0.5,extinct,True,False,,,2.3033831748027353e-05,16.32028902565459,1.4987108871530948,0.0010157728425905517
303,1,0.5,integrated,False,True,58.20668006000025,44.99999999999957,3.33868593720328e-05,47.27387617734764,0.7073888435954436,0.0004951698829411105
304,1,0.5,extinct,True,False,,,3.446730552788734e-05,28.677059365458923,1.5915062162078442,0.0018961388882804292
305,1,0.5,extinct,True,False,,,2.8418553373867323e-05,12.388396605965037,0.2873966638220469,0.0010670647990868255
306,1,0.5,integrated,False,True,59.44098795696681,46.919999999999526,1.5130036105087078e-05,16.17915821547608,1.1216109877905927,0.0009962635982959547
307,1,0.5,extinct,True,False,,,2.5459259874729542e-05,13.44203534145957,1.5690277272580815,0.00048434319771485163
308,1,0.5,extinct,True,False,,,2.2011491386910393e-05,15.636854834150892,0.679560574240879,0.000694286030363387
309,1,0.5,extinct,True,False,,,1.7807413431649315e-05,26.299847480248093,0.5560344696315601,0.002156680744446371
310,1,0.5,extinct,True,False,,,1.1266438035099944e-05,35.41280734893137,2.2452619524683413,0.0009628360602872956
311,1,0.5,extinct,True,False,,,1.782396698760266e-05,27.73225446914385,1.429546647458247,0.0015731816960790014
312,1,0.5,extinct,True,False,,,2.5129744134974366e-05,68.0737134104461,0.3060522967901243,0.0009334643255557966
313,1,0.5,integrated,False,True,54.62721408616227,44.51999999999958,3.647848176997618e-05,42.426358637591846,0.5235673234524986,0.001478835077019347
314,1,0.5,extinct,True,False,,,2.196579309023132e-05,26.92011696355582,0.6926593252989195,0.0007401487909335107
315,1,0.5,integrated,False,True,57.58581557279341,44.75999999999957,3.1552032734820665e-05,18.79953425892018,0.8617285201358552,0.00032539470102366317
316,1,0.5,extinct,True,False,,,5.109670464729029e-05,14.615698112986767,1.9344197555364884,0.0026066155914394994
317,1,0.5,extinct,True,False,,,1.1420132157316675e-05,45.6863500279291,0.5370193577771626,0.0011430551245177247
318,1,0.5,extinct,True,False,,,1.6362240547956168e-05,42.61955103703985,0.41028777319304244,0.000437458264514527
319,1,0.5,integrated,False,True,55.252024572577355,45.119999999999564,3.621798123770662e-05,7.840802497255734,0.3880687430142321,0.0007061478741260466
320,1,0.5,extinct,True,False,,,2.4229024748107715e-05,15.840398529266887,0.7740960050737856,0.0014111076506483993
321,1,0.5,extinct,True,False,,,3.535772316416908e-05,17.94026462669991,0.6350710116176882,0.0007663174057654761
322,1,0.5,extinct,True,False,,,5.181366854413261e-05,34.525564637676105,0.8949023132329128,0.0008206514091536136
323,1,0.5,extinct,True,False,,,1.385534834866728e-05,35.54650723724428,0.9592717216024518,0.0014050331980938948
324,1,0.5,extinct,True,False,,,1.5630203687126906e-05,7.8359129528967335,0.5622599465683003,0.0006929341934278944
325,1,0.5,extinct,True,False,,,8.33023136612879e-06,25.739463494645133,0.6741126155204714,0.0005914742637371889
326,1,0.5,extinct,True,False,,,2.2166359571386257e-05,21.13840761154603,0.7513275068166918,0.0007139348359903257
327,1,0.5,extinct,True,False,,,1.9375035998358e-05,22.058768755331354,0.6451840655201708,0.0010844333072885745
328,1,0.5,extinct,True,False,,,1.1340072640565756e-05,25.52012434679032,0.5568638457075511,0.0010498976128530582
329,1,0.5,extinct,True,False,,,3.839466358061641e-05,19.345276079689675,0.6448213321935446,0.0011140825600617643
330,1,0.5,integrated,False,True,55.087102269202894,44.639999999999574,2.1842844645302968e-05,7.664705137746621,0.3861778446256233,0.0007975171228432839
331,1,0.5,extinct,True,False,,,3.0044945040684708e-05,21.968678044664,0.5151840787537034,0.0008218994420406988
332,1,0.5,integrated,False,True,52.81245941217135,44.75999999999957,4.781075209734338e-05,36.11349736451401,0.7213152242975899,0.002817212737373455
333,1,0.5,extinct,True,False,,,4.8871363410816136e-05,10.237516473786675,0.8392922398627022,0.0007197659627265218
334,1,0.5,extinct,True,False,,,1.943507094195423e-05,14.586060265129044,0.6049831879032866,0.0008197890134086108
335,1,0.5,extinct,True,False,,,2.3816373606900202e-05,18.06973893540917,0.6051197471380084,0.0013959366795760185
336,1,0.5,integrated,False,True,57.21283758130191,46.79999999999953,3.0910299855472125e-05,38.782758071573156,0.635217720600168,0.0015808498384288488
337,1,0.5,extinct,True,False,,,1.0552652158222013e-05,22.07221676286597,0.8645762037526281,0.00035309867741321725
338,1,0.5,extinct,True,False,,,7.92938935694286e-05,47.881307094107115,0.10695102844410426,0.0008434537471899266
339,1,0.5,extinct,True,False,,,2.092513577239597e-05,10.275698327326602,0.8388008334639845,0.0016398736953277795
340,1,0.5,extinct,True,False,,,4.206160613360429e-05,51.58507333155345,1.0474404019480796,0.0009423074582478225
341,1,0.5,extinct,True,False,,,3.6533787967682494e-05,21.594863434797585,0.9297251943188787,0.0008347897138981492
342,1,0.5,integrated,False,True,56.81373913861655,44.39999999999958,2.3204258231027775e-05,17.951198152266375,0.48325865623553693,0.0005441526382605109
343,1,0.5,extinct,True,False,,,1.7200122126066748e-05,19.96757866841279,1.550242765670916,0.0009358655013670882
344,1,0.5,extinct,True,False,,,1.7930446143354583e-05,16.074384878298233,0.6290645564234553,0.0008347811132985151
345,1,0.5,integrated,False,True,56.867361741031836,45.119999999999564,2.637197731849889e-05,27.1302518660902,0.5184644929633366,0.0009287369285031221
346,1,0.5,extinct,True,False,,,1.1770524311343603e-05,24.049147954896533,0.626515760213684,0.0019683437906542157
347,1,0.5,extinct,True,False,,,5.393621558383842e-05,23.82098472452483,0.35808155130122493,0.0005600583531219797
348,1,0.5,extinct,True,False,,,2.384500380247204e-05,14.36875922678691,0.5500275607575222,0.0008022726438628143
349,1,0.5,integrated,False,True,55.47385201216632,44.87999999999957,3.082785770305741e-05,29.41799465422922,0.7080199959511819,0.0010309375489443533
350,1,0.5,extinct,True,False,,,1.650977862041345e-05,51.08641070903355,0.6032357428872488,0.000860830241073253
351,1,0.5,integrated,False,True,59.320090837265425,46.919999999999526,1.1192150970182753e-05,12.857711748485636,0.6713315128217866,0.001424278262030382
352,1,0.5,extinct,True,False,,,2.5429568227709423e-05,36.42461934184011,0.3908597015384768,0.0011520466692722326
353,1,0.5,extinct,True,False,,,1.410185747153849e-05,14.650616596635759,0.6535139282112201,0.0016086498424361592
354,1,0.5,integrated,False,True,54.49869644580011,44.99999999999957,2.7059191501805207e-05,17.576473432850374,0.53437303817373,0.0014496115488219661
355,1,0.5,integrated,False,True,57.956935450340154,46.07999999999954,1.961971834489908e-05,22.762088198704188,0.918991551257274,0.0013351197796919124
356,1,0.5,extinct,True,False,,,2.6437492685354605e-05,16.774897371613562,1.5324516276293623,0.0006565621801337232
357,1,0.5,integrated,False,True,58.65229574257954,44.51999999999958,1.3683946189129442e-05,31.780230727755498,0.2180709455309299,0.000963929086900012
358,1,0.5,extinct,True,False,,,3.9196948069736956e-05,20.20825727779108,0.8447503938774229,0.0004517741756798726
359,1,0.5,extinct,True,False,,,1.877838074078364e-05,19.281054114696964,0.5504814233774332,0.0006086717604251756
360,1,0.5,extinct,True,False,,,3.852525498781352e-05,22.279721867378925,0.9510707087200995,0.0018369816783861573
361,1,0.5,extinct,True,False,,,1.6896458915435928e-05,19.830353994449094,0.753195531413254,0.0007068983859773897
362,1,0.5,extinct,True,False,,,2.082798513945877e-05,59.939315401209925,1.0012746717138261,0.0010842495022364668
363,1,0.5,integrated,False,True,57.577740511306544,45.119999999999564,1.6366621688372225e-05,16.66415013685476,0.6275547451903,0.0010990658850973602
364,1,0.5,extinct,True,False,,,3.41472270597062e-05,32.43723486576246,0.7984373601603101,0.0011725376890244954
365,1,0.5,extinct,True,False,,,9.896520924203352e-06,21.52286463417834,1.0761142686714453,0.0004823343547738156
366,1,0.5,extinct,True,False,,,2.6361935073692193e-05,14.066837519157968,0.46392173090167443,0.0029315551008828253
367,1,0.5,integrated,False,True,58.602833784521025,45.35999999999956,1.3771176460454942e-05,19.75894999806069,0.6919610034961409,0.0008607552969282566
368,1,0.5,integrated,False,True,52.997753579057566,44.51999999999958,2.9268156892792647e-05,8.317153782855831,0.565135859877217,0.0017206706682058336
369,1,0.5,extinct,True,False,,,4.762226408952386e-05,12.50428072369556,1.345783032449607,0.003032968410238709
370,1,0.5,extinct,True,False,,,1.2405681951503179e-05,10.605272379196496,0.2756825737767204,0.0014954968196120356
371,1,0.5,extinct,True,False,,,2.8712654361159685e-05,22.8543345497066,0.3905134856130044,0.0011153654908300737
372,1,0.5,extinct,True,False,,,1.4496506929965386e-05,19.248105197116104,0.6744870025937962,0.000820908631909918
373,1,0.5,extinct,True,False,,,2.161042250758984e-05,26.71013978514388,0.7891730236698653,0.0004916198742886907
374,1,0.5,extinct,True,False,,,1.9799540128794716e-05,15.243960987914587,0.8402761868485107,0.0006008094377569521
375,1,0.5,extinct,True,False,,,1.963155302217467e-05,28.100453363758977,0.4129373773063897,0.0008154353598552297
376,1,0.5,extinct,True,False,,,7.329756488775696e-05,12.611692561716277,0.8924184230404137,0.0014430540098106417
377,1,0.5,integrated,False,True,55.51995691863745,45.35999999999956,3.1531962061280176e-05,27.60677955728229,1.159252267058202,0.0017066565154205567
378,1,0.5,integrated,False,True,59.440094590054315,45.479999999999556,2.0043037469891008e-05,12.49842709785928,0.43941288927805294,0.0002842748092812685
379,1,0.5,extinct,True,False,,,2.951699549844565e-05,38.07517203801286,0.6255301016092614,0.0004305229170637526
380,1,0.5,extinct,True,False,,,2.9714305899521344e-05,17.906124558021407,1.036182703176344,0.0005972336801230355
381,1,0.5,extinct,True,False,,,2.4060342346134785e-05,19.638737007751242,0.40333916304109513,0.0012814954401043244
382,1,0.5,extinct,True,False,,,8.306078109628296e-06,14.436390049721538,0.4755047427582462,0.0004685168739921128
383,1,0.5,integrated,False,True,64.9423795110992,46.31999999999954,6.705389630329912e-06,15.100951609939822,0.4325994076065748,0.00032364775895186667
384,1,0.5,extinct,True,False,,,1.9713012303179508e-05,42.19187152717122,0.832106276813692,0.0008637559662841879
385,1,0.5,extinct,True,False,,,2.4666365370806656e-05,16.331426727541963,1.6309641382896236,0.0007433322872741672
386,1,0.5,extinct,True,False,,,1.0108475536262524e-05,28.972150649235857,1.9308534426022042,0.0017233259019906987
387,1,0.5,extinct,True,False,,,1.610380855089579e-05,27.62115881172463,0.7637732482175889,0.0017965140733802664
388,1,0.5,extinct,True,False,,,1.6402336071226725e-05,17.757997695139704,0.7072738383658556,0.0003640736690666415
389,1,0.5,integrated,False,True,54.202016486576355,44.27999999999958,6.57957531298807e-05,64.17451452289467,0.6333902978775505,0.001243424820834634
390,1,0.5,extinct,True,False,,,4.146895090645296e-05,21.18463094398839,1.0446545055724856,0.002215828843378782
391,1,0.5,extinct,True,False,,,3.641174726918989e-05,26.867181351752357,0.6615537584976209,0.001278889000097453
392,1,0.5,extinct,True,False,,,3.652364957016996e-05,24.431177907585642,0.941384039571652,0.0006921981738364631
393,1,0.5,extinct,True,False,,,1.69899330656299e-05,10.471483305718948,0.6722757432605455,0.001068895152812458
394,1,0.5,integrated,False,True,58.38292696163238,44.639999999999574,3.2680303431537375e-05,41.068874924448814,0.5407706278301796,0.00033406615192728477
395,1,0.5,extinct,True,False,,,1.773921670349845e-05,27.620411304589233,0.5964781915695088,0.0009283280487225297
396,1,0.5,extinct,True,False,,,4.278414700553297e-05,20.076218693788245,1.0831219768720366,0.0005505830642076123
397,1,0.5,extinct,True,False,,,2.032325313000564e-05,23.422172479427957,0.7687885543365206,0.0006393809428382477
398,1,0.5,extinct,True,False,,,2.9065292676194868e-05,22.125069548041687,1.1688076152127058,0.0016579998252943945
399,1,0.5,extinct,True,False,,,3.748117892049396e-05,20.42070350004307,0.3446391350128326,0.000900593089152813
400,1,0.5,integrated,False,True,61.30595816979505,44.639999999999574,1.558393562493736e-05,27.839423598019692,0.3875448776910508,0.00030900422553477877
401,1,0.5,extinct,True,False,,,4.6664774206844195e-05,16.410146783422274,0.6881125599800141,0.0012101709384558005
402,1,0.5,extinct,True,False,,,4.157922109717906e-05,35.20662620522939,0.9711246995210416,0.0010358814383819945
403,1,0.5,extinct,True,False,,,4.513406445929777e-05,47.87365884125086,0.5094336714236867,0.0005149863187955933
404,1,0.5,extinct,True,False,,,2.7965332366839377e-05,19.678547200811753,0.37939858936240906,0.00112912502220868
405,1,0.5,integrated,False,True,59.41180584716366,46.67999999999953,1.7623683602411037e-05,15.654278699501372,0.8049978642375871,0.0006664178714186503
406,1,0.5,extinct,True,False,,,3.051483397083299e-05,36.3158827369829,1.0557675321251256,0.0006449466927024094
407,1,0.5,extinct,True,False,,,2.840864141163234e-05,35.98049418948575,0.8297338014921309,0.0012333375578285624
408,1,0.5,integrated,False,True,57.16513559691312,44.87999999999957,2.0193207654542363e-05,28.599252124129983,0.7752092399173632,0.000992858243814923
409,1,0.5,extinct,True,False,,,3.093201878789431e-05,15.122096019076526,1.3320509881587907,0.002377050993856901
410,1,0.5,integrated,False,True,56.63370501393945,45.119999999999564,3.118669156424099e-05,38.0211777266886,0.8534621383841887,0.0008555206866078161
411,1,0.5,extinct,True,False,,,1.39829449052534e-05,22.289781587125518,0.6683312749570489,0.00047621726396572897
412,1,0.5,extinct,True,False,,,2.0004439468922753e-05,9.70032093641568,1.2320747108652,0.0018354287626010774
413,1,0.5,integrated,False,True,63.042633172390524,46.55999999999953,1.0551863350728658e-05,28.510613067086915,0.8683210686157902,0.0006368762301077778
414,1,0.5,extinct,True,False,,,2.7667411553627364e-05,8.654189976748937,0.5585652001792893,0.0013519030312585238
415,1,0.5,extinct,True,False,,,9.400100662774513e-06,27.90712693447483,0.6931550379868054,0.0015163116992263643
416,1,0.5,extinct,True,False,,,3.114408817910816e-05,39.65648578924069,0.9952126049629224,0.0019935774171942313
417,1,0.5,integrated,False,True,56.2554598900533,44.87999999999957,2.692332739126761e-05,30.860859668053024,0.8157837917552471,0.0009706300498371136
418,1,0.5,integrated,False,True,55.651095018001705,45.119999999999564,3.893995184836937e-05,24.513453090910314,1.2695303739671528,0.0007006856797665728
419,1,0.5,extinct,True,False,,,1.1841238337648126e-05,34.15836823748792,0.9747876520025451,0.0009608834514363541
420,1,0.5,integrated,False,True,57.59029549861354,44.87999999999957,1.9357778739457665e-05,30.83599825699471,0.6466922046804344,0.0008821056323232685
421,1,0.5,extinct,True,False,,,3.462626734759156e-05,32.28435609858258,0.8259411365455352,0.0020287864107017017
422,1,0.5,extinct,True,False,,,1.1853486603771256e-05,20.93230988290526,0.46748185216208127,0.001962517239919209
423,1,0.5,extinct,True,False,,,2.6851852518532654e-05,34.89028284058601,0.8526670520806723,0.001164672206820254
424,1,0.5,extinct,True,False,,,1.5867967191094205e-05,10.732599532613559,0.8722253412002988,0.0008498558295420832
425,1,0.5,integrated,False,True,60.98786560509936,45.959999999999546,1.879385763593436e-05,37.535405256279816,0.7119740873589974,0.000567361391028479
426,1,0.5,extinct,True,False,,,3.071677424791021e-05,15.538019602906017,0.43138555676018,0.0005982760288980313
427,1,0.5,extinct,True,False,,,1.5552979995429526e-05,49.96216329470192,0.5616770285038895,0.0007770115411199164
428,1,0.5,integrated,False,True,57.60829276917161,45.35999999999956,3.454687754168951e-05,33.296030922613014,0.3867476022417571,0.00044704601159317
429,1,0.5,extinct,True,False,,,2.7389345186301406e-05,13.684179993396707,0.7405464871653618,0.0006624917261386519
430,1,0.5,extinct,True,False,,,1.3560273997302375e-05,102.02433884845374,0.6643892319772212,0.0006957102252558296
431,1,0.5,extinct,True,False,,,2.257449820363698e-05,34.60742328537808,1.369452365415868,0.0005372409137778564
432,1,0.5,extinct,True,False,,,5.193071083801282e-05,16.556713461648304,0.9088276252005332,0.0014015903852241972
433,1,0.5,extinct,True,False,,,2.0062252050611863e-05,25.373818766955694,0.37972935811149067,0.0009166849036788728
434,1,0.5,extinct,True,False,,,1.4709585060855317e-05,27.147953561023215,0.7935966982271833,0.0008355961674634799
435,1,0.5,extinct,True,False,,,2.477367377104817e-05,37.976417725791386,0.4300650914357543,0.001214184625448984
436,1,0.5,extinct,True,False,,,1.2791738526768816e-05,16.754224435785748,0.7668689883868754,0.000327194758714214
437,1,0.5,integrated,False,True,53.84606955828897,44.27999999999958,4.039685966842726e-05,24.099857500103052,0.6105755526925997,0.0013313475575189378
438,1,0.5,integrated,False,True,57.82403349421509,45.479999999999556,3.0456046800672846e-05,56.22001522810069,0.7285820019045891,0.000961087644132566
439,1,0.5,extinct,True,False,,,2.962591535620387e-05,21.109111485442487,0.6418554638439501,0.0008212586807020129
440,1,0.5,integrated,False,True,57.41706036197961,45.83999999999955,2.353125998427767e-05,14.606608535080017,0.844229953866679,0.0007160203064380299
441,1,0.5,extinct,True,False,,,2.8952624413249137e-05,73.43020775083734,0.5534499656166835,0.0004913271267552661
442,1,0.5,extinct,True,False,,,2.2241213127049798e-05,29.307216368081278,0.6173772557133049,0.0009099405811838753
443,1,0.5,integrated,False,True,54.705493778336205,45.35999999999956,4.1495959101562644e-05,17.766662072083726,0.9727982083568004,0.0009693998412395826
444,1,0.5,extinct,True,False,,,1.1165032891628505e-05,13.237323816951285,1.0815122655122762,0.0013976722701870097
445,1,0.5,extinct,True,False,,,1.410293411183444e-05,28.547017947917684,0.2565009214007245,0.0013779620011686422
446,1,0.5,extinct,True,False,,,2.320204239506591e-05,11.743157083443158,0.9819708277223937,0.0010634276597794622
447,1,0.5,extinct,True,False,,,1.412868998197143e-05,45.12119406704211,1.5842547282884127,0.002015586321541376
448,1,0.5,extinct,True,False,,,3.095346512912237e-05,30.346169366108775,0.5761427645958216,0.0008598615572713709
449,1,0.5,extinct,True,False,,,2.0348212381493708e-05,22.992809187550694,0.27996609551028845,0.0010350685657681581
450,1,0.5,extinct,True,False,,,2.7250121369140376e-05,12.934918476175572,0.427298364521409,0.0017877244135919657
451,1,0.5,extinct,True,False,,,1.8596722861174255e-05,15.689885505322646,0.22544901447502982,0.0013943899132943594
452,1,0.5,extinct,True,False,,,1.9728264749622637e-05,37.10266008272251,0.8757515102528938,0.0020273237397735494
453,1,0.5,extinct,True,False,,,1.72544431555868e-05,19.877225386943955,1.634415431756563,0.0009060247919147266
454,1,0.5,extinct,True,False,,,1.614848616886391e-05,30.36766657314604,1.0663614647869517,0.00040438930841670944
455,1,0.5,extinct,True,False,,,2.3550823463765827e-05,13.352372334829505,0.6450098454247263,0.00046060392970054015
456,1,0.5,extinct,True,False,,,3.402749886890243e-05,14.454679455862882,0.7667754381834905,0.0015249600159827276
457,1,0.5,extinct,True,False,,,2.0644904815994045e-05,37.72150808949803,0.6272955451361779,0.0010773145092238562
458,1,0.5,extinct,True,False,,,2.7907200316472105e-05,8.85240424857705,0.6199493832711107,0.0009032661739040541
459,1,0.5,extinct,True,False,,,2.4812438281312233e-05,30.135756886401087,0.5213232506917653,0.0013950505695091093
460,1,0.5,extinct,True,False,,,3.32417922946869e-05,13.92360067255125,1.2765054509770228,0.0016784772892113429
461,1,0.5,extinct,True,False,,,1.0289355853447496e-05,43.3048986504331,1.000577809723395,0.00048505453126703
462,1,0.5,extinct,True,False,,,3.079416064633631e-05,42.456107487106465,0.5730920744270919,0.0013112726756880871
463,1,0.5,integrated,False,True,57.6215823545155,45.83999999999955,2.1725851656390125e-05,36.65350650912702,0.435023942726391,0.0014889098514173369
464,1,0.5,integrated,False,True,59.69675531386733,45.959999999999546,1.9296923930535692e-05,45.61147484053921,0.9298038130232145,0.0011657661454568182
465,1,0.5,extinct,True,False,,,6.424841501199624e-05,57.69835853152987,1.0563355596769666,0.0003952290407240715
466,1,0.5,integrated,False,True,54.64456992200236,44.51999999999958,2.4850341686996755e-05,21.754518836358788,0.4014704992376097,0.0014595530573296223
467,1,0.5,extinct,True,False,,,8.073623292980451e-06,19.920833127256714,0.5350807145907959,0.0016958460541978905
468,1,0.5,extinct,True,False,,,1.159190262990786e-05,34.634020765390545,1.0139725408628653,0.0011691092341304652
469,1,0.5,extinct,True,False,,,1.9840984960916918e-05,32.18012604748199,0.891471176769149,0.0006763591046592859
470,1,0.5,extinct,True,False,,,3.139827811683082e-05,17.667309220210257,1.1236114806910555,0.0005260118345487239
471,1,0.5,extinct,True,False,,,3.213953924427102e-05,42.12377461805976,0.2692376638022767,0.0006558396808835965
472,1,0.5,extinct,True,False,,,1.752379554664817e-05,48.72426240006804,0.9910921147504916,0.0008408528195940862
473,1,0.5,extinct,True,False,,,3.423172834290196e-05,16.04337474516422,1.4981299602930414,0.0008150140275982152
474,1,0.5,integrated,False,True,79.5721883616226,67.3199999999991,2.8691093185772257e-05,22.365987610570894,0.882395330658996,0.0005003994525532119
475,1,0.5,extinct,True,False,,,2.5798881631231693e-05,21.404562129920503,1.2505448882763064,0.0013278762517274006
476,1,0.5,extinct,True,False,,,2.0799405352936254e-05,23.175562729305796,0.6860535344583348,0.001788574548133051
477,1,0.5,integrated,False,True,61.67763918502398,45.599999999999554,1.2703763512856976e-05,28.038777048620375,0.49490768136181307,0.0004451832666388848
478,1,0.5,extinct,True,False,,,6.923114765617705e-05,26.465785857435527,1.1029429155129757,0.0009763761268289176
479,1,0.5,extinct,True,False,,,3.1917995096505724e-05,25.825043364330025,0.7509118929637195,0.0005152020881506013
480,1,0.5,extinct,True,False,,,1.9490728789242782e-05,29.271527752394505,0.6507831792310903,0.0014142491436597432
481,1,0.5,extinct,True,False,,,3.8624756343540215e-05,12.585447412502761,1.108164768197008,0.00034867346306893717
482,1,0.5,extinct,True,False,,,2.1305379662850007e-05,60.41631229480266,0.3843514166725496,0.0006448400911364203
483,1,0.5,extinct,True,False,,,3.310259483751561e-05,11.77643622803523,0.8540367133819375,0.000651670012628002
484,1,0.5,integrated,False,True,58.90375374650071,46.19999999999954,1.946103621316733e-05,27.234651385043552,0.8712556458761495,0.0008540779213570883
485,1,0.5,integrated,False,True,53.9747786113212,44.75999999999957,4.810284160570758e-05,20.752904304211537,0.44277955751328396,0.0010707657769770823
486,1,0.5,integrated,False,True,54.07408325537725,44.27999999999958,2.501887947799071e-05,10.611537935933608,0.2888707074653535,0.0015316610135888487
487,1,0.5,integrated,False,True,54.95278628635238,44.75999999999957,1.8988565357712114e-05,15.638704724360595,0.21781563997556921,0.001841115436416846
488,1,0.5,integrated,False,True,55.00347697015986,44.75999999999957,5.251360647797187e-05,18.332546777396917,0.7804819757970004,0.0005538818457408906
489,1,0.5,extinct,True,False,,,3.855644239271034e-05,41.5121144701648,0.27649345369305617,0.0006365772486264665
490,1,0.5,integrated,False,True,59.2441961355473,45.35999999999956,1.0592082813185647e-05,27.464447403763064,0.24726027887897165,0.0014898226612623945
491,1,0.5,extinct,True,False,,,4.071077182744422e-05,68.78622933898937,1.1106473363954923,0.0012967915519434758
492,1,0.5,integrated,False,True,56.34255581310374,46.67999999999953,3.189769787633713e-05,15.358714222117301,1.7103793013710682,0.0012185236941707643
493,1,0.5,extinct,True,False,,,1.4738939512601953e-05,11.566459289836109,0.5208580698593921,0.0016838986644139155
494,1,0.5,extinct,True,False,,,3.451553313583757e-05,13.908081581907867,0.6831625843198771,0.0029103081642034927
495,1,0.5,integrated,False,True,59.802967254243136,44.87999999999957,1.8832550863037326e-05,57.86098471276192,0.24316003449634818,0.0009378988528690387
496,1,0.5,extinct,True,False,,,7.475254106517895e-05,26.550006162662697,1.9176488025090763,0.0017030994763234833
497,1,0.5,extinct,True,False,,,1.6105978396123124e-05,24.424962437110274,0.4809663717929536,0.0004382997819878994
498,1,0.5,extinct,True,False,,,1.3153635866818656e-05,33.75662721871531,0.4763579995579541,0.000749061719882944
499,1,0.5,extinct,True,False,,,3.408308019979635e-05,24.758272079723547,0.8067008178154407,0.0008136465045572315
0,1000,0.0,integrated,False,True,31.894723653590397,21.720000000000017,2.4e-05,23.0,0.7,0.001
1,1000,0.0,integrated,False,True,31.92047030860059,21.720000000000017,2.4e-05,23.0,0.7,0.001
2,1000,0.0,integrated,False,True,31.96974448360507,21.720000000000017,2.4e-05,23.0,0.7,0.001
3,1000,0.0,integrated,False,True,31.878096040399935,21.720000000000017,2.4e-05,23.0,0.7,0.001
4,1000,0.0,integrated,False,True,32.00929998546344,21.720000000000017,2.4e-05,23.0,0.7,0.001
5,1000,0.0,integrated,False,True,31.955511095582864,21.720000000000017,2.4e-05,23.0,0.7,0.001
6,1000,0.0,integrated,False,True,32.04368517538633,21.720000000000017,2.4e-05,23.0,0.7,0.001
7,1000,0.0,integrated,False,True,31.91899452329999,21.720000000000017,2.4e-05,23.0,0.7,0.001
8,1000,0.0,integrated,False,True,31.79657140651224,21.720000000000017,2.4e-05,23.0,0.7,0.001
9,1000,0.0,integrated,False,True,31.806825312918754,21.720000000000017,2.4e-05,23.0,0.7,0.001
10,1000,0.0,integrated,False,True,31.986974192900043,21.720000000000017,2.4e-05,23.0,0.7,0.001
11,1000,0.0,integrated,False,True,31.92568324473033,21.720000000000017,2.4e-05,23.0,0.7,0.001
12,1000,0.0,integrated,False,True,31.79437402468592,21.720000000000017,2.4e-05,23.0,0.7,0.001
13,1000,0.0,integrated,False,True,32.06858075830927,21.720000000000017,2.4e-05,23.0,0.7,0.001
14,1000,0.0,integrated,False,True,31.945623751799467,21.720000000000017,2.4e-05,23.0,0.7,0.001
15,1000,0.0,integrated,False,True,32.04408447907139,21.720000000000017,2.4e-05,23.0,0.7,0.001
16,1000,0.0,integrated,False,True,31.87193923561911,21.720000000000017,2.4e-05,23.0,0.7,0.001
17,1000,0.0,integrated,False,True,31.94769528761322,21.720000000000017,2.4e-05,23.0,0.7,0.001
18,1000,0.0,integrated,False,True,31.866052878541502,21.720000000000017,2.4e-05,23.0,0.7,0.001
19,1000,0.0,integrated,False,True,31.813075073366775,21.720000000000017,2.4e-05,23.0,0.7,0.001
20,1000,0.0,integrated,False,True,31.899734419593983,21.720000000000017,2.4e-05,23.0,0.7,0.001
21,1000,0.0,integrated,False,True,32.052467136874185,21.720000000000017,2.4e-05,23.0,0.7,0.001
22,1000,0.0,integrated,False,True,31.964414098904797,21.720000000000017,2.4e-05,23.0,0.7,0.001
23,1000,0.0,integrated,False,True,31.94976755935688,21.720000000000017,2.4e-05,23.0,0.7,0.001
24,1000,0.0,integrated,False,True,31.893136163627553,21.720000000000017,2.4e-05,23.0,0.7,0.001
25,1000,0.0,integrated,False,True,31.685697504928854,21.720000000000017,2.4e-05,23.0,0.7,0.001
26,1000,0.0,integrated,False,True,31.866621625899846,21.720000000000017,2.4e-05,23.0,0.7,0.001
27,1000,0.0,integrated,False,True,31.978081347745686,21.720000000000017,2.4e-05,23.0,0.7,0.001
28,1000,0.0,integrated,False,True,31.966032392366618,21.720000000000017,2.4e-05,23.0,0.7,0.001
29,1000,0.0,integrated,False,True,31.869012115687795,21.720000000000017,2.4e-05,23.0,0.7,0.001
30,1000,0.0,integrated,False,True,31.822290848575683,21.720000000000017,2.4e-05,23.0,0.7,0.001
31,1000,0.0,integrated,False,True,31.815751410879237,21.720000000000017,2.4e-05,23.0,0.7,0.001
32,1000,0.0,integrated,False,True,31.990453508085224,21.720000000000017,2.4e-05,23.0,0.7,0.001
33,1000,0.0,integrated,False,True,31.983809949269396,21.720000000000017,2.4e-05,23.0,0.7,0.001
34,1000,0.0,integrated,False,True,32.027492162081955,21.720000000000017,2.4e-05,23.0,0.7,0.001
35,1000,0.0,integrated,False,True,31.89070358166378,21.720000000000017,2.4e-05,23.0,0.7,0.001
36,1000,0.0,integrated,False,True,32.00944539171984,21.720000000000017,2.4e-05,23.0,0.7,0.001
37,1000,0.0,integrated,False,True,31.977295438625017,21.720000000000017,2.4e-05,23.0,0.7,0.001
38,1000,0.0,integrated,False,True,31.889875923227677,21.720000000000017,2.4e-05,23.0,0.7,0.001
39,1000,0.0,integrated,False,True,31.853358102413722,21.720000000000017,2.4e-05,23.0,0.7,0.001
40,1000,0.0,integrated,False,True,32.11518941446678,21.720000000000017,2.4e-05,23.0,0.7,0.001
41,1000,0.0,integrated,False,True,32.084895015840246,21.720000000000017,2.4e-05,23.0,0.7,0.001
42,1000,0.0,integrated,False,True,31.951573529558388,21.720000000000017,2.4e-05,23.0,0.7,0.001
43,1000,0.0,integrated,False,True,31.97435425584311,21.720000000000017,2.4e-05,23.0,0.7,0.001
44,1000,0.0,integrated,False,True,31.77999309793895,21.720000000000017,2.4e-05,23.0,0.7,0.001
45,1000,0.0,integrated,False,True,31.98329429833685,21.720000000000017,2.4e-05,23.0,0.7,0.001
46,1000,0.0,integrated,False,True,31.87885560610009,21.720000000000017,2.4e-05,23.0,0.7,0.001
47,1000,0.0,integrated,False,True,31.812786425124692,21.720000000000017,2.4e-05,23.0,0.7,0.001
48,1000,0.0,integrated,False,True,31.956652129483974,21.720000000000017,2.4e-05,23.0,0.7,0.001
49,1000,0.0,integrated,False,True,31.893218422771703,21.720000000000017,2.4e-05,23.0,0.7,0.001
50,1000,0.0,integrated,False,True,31.95564926375343,21.720000000000017,2.4e-05,23.0,0.7,0.001
51,1000,0.0,integrated,False,True,31.89203142209638,21.720000000000017,2.4e-05,23.0,0.7,0.001
52,1000,0.0,integrated,False,True,31.940616726296312,21.720000000000017,2.4e-05,23.0,0.7,0.001
53,1000,0.0,integrated,False,True,32.03977179936701,21.720000000000017,2.4e-05,23.0,0.7,0.001
54,1000,0.0,integrated,False,True,31.943659210766725,21.720000000000017,2.4e-05,23.0,0.7,0.001
55,1000,0.0,integrated,False,True,31.89208809472633,21.720000000000017,2.4e-05,23.0,0.7,0.001
56,1000,0.0,integrated,False,True,31.744468693143865,21.720000000000017,2.4e-05,23.0,0.7,0.001
57,1000,0.0,integrated,False,True,31.958514961166784,21.720000000000017,2.4e-05,23.0,0.7,0.001
58,1000,0.0,integrated,False,True,31.837337291776116,21.720000000000017,2.4e-05,23.0,0.7,0.001
59,1000,0.0,integrated,False,True,31.819861030154115,21.720000000000017,2.4e-05,23.0,0.7,0.001
60,1000,0.0,integrated,False,True,31.921152490790234,21.720000000000017,2.4e-05,23.0,0.7,0.001
61,1000,0.0,integrated,False,True,31.948908083739084,21.720000000000017,2.4e-05,23.0,0.7,0.001
62,1000,0.0,integrated,False,True,31.806341284414174,21.720000000000017,2.4e-05,23.0,0.7,0.001
63,1000,0.0,integrated,False,True,32.03717430475947,21.720000000000017,2.4e-05,23.0,0.7,0.001
64,1000,0.0,integrated,False,True,31.938199031037158,21.720000000000017,2.4e-05,23.0,0.7,0.001
65,1000,0.0,integrated,False,True,31.833679470106453,21.720000000000017,2.4e-05,23.0,0.7,0.001
66,1000,0.0,integrated,False,True,31.925152464636653,21.720000000000017,2.4e-05,23.0,0.7,0.001
67,1000,0.0,integrated,False,True,32.046426087910504,21.720000000000017,2.4e-05,23.0,0.7,0.001
68,1000,0.0,integrated,False,True,31.89707708582963,21.720000000000017,2.4e-05,23.0,0.7,0.001
69,1000,0.0,integrated,False,True,31.873153066222898,21.720000000000017,2.4e-05,23.0,0.7,0.001
70,1000,0.0,integrated,False,True,32.061760336884234,21.720000000000017,2.4e-05,23.0,0.7,0.001
71,1000,0.0,integrated,False,True,31.799529717283413,21.720000000000017,2.4e-05,23.0,0.7,0.001
72,1000,0.0,integrated,False,True,31.932126141628608,21.720000000000017,2.4e-05,23.0,0.7,0.001
73,1000,0.0,integrated,False,True,32.00535436940335,21.720000000000017,2.4e-05,23.0,0.7,0.001
74,1000,0.0,integrated,False,True,31.818838917202175,21.720000000000017,2.4e-05,23.0,0.7,0.001
75,1000,0.0,integrated,False,True,31.939553295244163,21.720000000000017,2.4e-05,23.0,0.7,0.001
76,1000,0.0,integrated,False,True,31.90915294543,21.720000000000017,2.4e-05,23.0,0.7,0.001
77,1000,0.0,integrated,False,True,31.83138272833407,21.720000000000017,2.4e-05,23.0,0.7,0.001
78,1000,0.0,integrated,False,True,32.05315020108756,21.720000000000017,2.4e-05,23.0,0.7,0.001
79,1000,0.0,integrated,False,True,31.778158818598815,21.720000000000017,2.4e-05,23.0,0.7,0.001
80,1000,0.0,integrated,False,True,31.906915189032773,21.720000000000017,2.4e-05,23.0,0.7,0.001
81,1000,0.0,integrated,False,True,31.918400974546216,21.720000000000017,2.4e-05,23.0,0.7,0.001
82,1000,0.0,integrated,False,True,31.993458072339763,21.720000000000017,2.4e-05,23.0,0.7,0.001
83,1000,0.0,integrated,False,True,31.780260813431667,21.720000000000017,2.4e-05,23.0,0.7,0.001
84,1000,0.0,integrated,False,True,31.883314335071546,21.720000000000017,2.4e-05,23.0,0.7,0.001
85,1000,0.0,integrated,False,True,31.870630258476766,21.720000000000017,2.4e-05,23.0,0.7,0.001
86,1000,0.0,integrated,False,True,31.84736747543466,21.720000000000017,2.4e-05,23.0,0.7,0.001
87,1000,0.0,integrated,False,True,31.754669101932294,21.720000000000017,2.4e-05,23.0,0.7,0.001
88,1000,0.0,integrated,False,True,31.80534338639879,21.720000000000017,2.4e-05,23.0,0.7,0.001
89,1000,0.0,integrated,False,True,31.879271606512063,21.720000000000017,2.4e-05,23.0,0.7,0.001
90,1000,0.0,integrated,False,True,31.857478668676023,21.720000000000017,2.4e-05,23.0,0.7,0.001
91,1000,0.0,integrated,False,True,31.913705346100475,21.720000000000017,2.4e-05,23.0,0.7,0.001
92,1000,0.0,integrated,False,True,31.88168125615474,21.720000000000017,2.4e-05,23.0,0.7,0.001
93,1000,0.0,integrated,False,True,32.05657581330575,21.720000000000017,2.4e-05,23.0,0.7,0.001
94,1000,0.0,integrated,False,True,31.937748003691627,21.720000000000017,2.4e-05,23.0,0.7,0.001
95,1000,0.0,integrated,False,True,31.73983109466958,21.720000000000017,2.4e-05,23.0,0.7,0.001
96,1000,0.0,integrated,False,True,31.8896572172941,21.720000000000017,2.4e-05,23.0,0.7,0.001
97,1000,0.0,integrated,False,True,31.88386997245593,21.720000000000017,2.4e-05,23.0,0.7,0.001
98,1000,0.0,integrated,False,True,31.664377513004034,21.720000000000017,2.4e-05,23.0,0.7,0.001
99,1000,0.0,integrated,False,True,31.819661936388968,21.720000000000017,2.4e-05,23.0,0.7,0.001
100,1000,0.0,integrated,False,True,32.05911032570797,21.720000000000017,2.4e-05,23.0,0.7,0.001
101,1000,0.0,integrated,False,True,31.91673138876466,21.720000000000017,2.4e-05,23.0,0.7,0.001
102,1000,0.0,integrated,False,True,31.954478348740828,21.720000000000017,2.4e-05,23.0,0.7,0.001
103,1000,0.0,integrated,False,True,31.92345867065331,21.720000000000017,2.4e-05,23.0,0.7,0.001
104,1000,0.0,integrated,False,True,31.89794877890192,21.720000000000017,2.4e-05,23.0,0.7,0.001
105,1000,0.0,integrated,False,True,32.015962630459775,21.720000000000017,2.4e-05,23.0,0.7,0.001
106,1000,0.0,integrated,False,True,31.79642238687942,21.720000000000017,2.4e-05,23.0,0.7,0.001
107,1000,0.0,integrated,False,True,31.974219292376034,21.720000000000017,2.4e-05,23.0,0.7,0.001
108,1000,0.0,integrated,False,True,31.946522982386398,21.720000000000017,2.4e-05,23.0,0.7,0.001
109,1000,0.0,integrated,False,True,31.884688011140785,21.720000000000017,2.4e-05,23.0,0.7,0.001
110,1000,0.0,integrated,False,True,32.04172127728991,21.720000000000017,2.4e-05,23.0,0.7,0.001
111,1000,0.0,integrated,False,True,31.90094094943614,21.720000000000017,2.4e-05,23.0,0.7,0.001
112,1000,0.0,integrated,False,True,31.715343582856253,21.720000000000017,2.4e-05,23.0,0.7,0.001
113,1000,0.0,integrated,False,True,31.85527681941435,21.720000000000017,2.4e-05,23.0,0.7,0.001
114,1000,0.0,integrated,False,True,32.05449749158784,21.720000000000017,2.4e-05,23.0,0.7,0.001
115,1000,0.0,integrated,False,True,31.980090225674992,21.720000000000017,2.4e-05,23.0,0.7,0.001
116,1000,0.0,integrated,False,True,31.968958922237174,21.720000000000017,2.4e-05,23.0,0.7,0.001
117,1000,0.0,integrated,False,True,31.8798172341897,21.720000000000017,2.4e-05,23.0,0.7,0.001
118,1000,0.0,integrated,False,True,31.9119908020905,21.720000000000017,2.4e-05,23.0,0.7,0.001
119,1000,0.0,integrated,False,True,31.842377863112127,21.720000000000017,2.4e-05,23.0,0.7,0.001
120,1000,0.0,integrated,False,True,31.93674178626327,21.720000000000017,2.4e-05,23.0,0.7,0.001
121,1000,0.0,integrated,False,True,31.862376122804143,21.720000000000017,2.4e-05,23.0,0.7,0.001
122,1000,0.0,integrated,False,True,31.886809671047097,21.720000000000017,2.4e-05,23.0,0.7,0.001
123,1000,0.0,integrated,False,True,31.880912450423235,21.720000000000017,2.4e-05,23.0,0.7,0.001
124,1000,0.0,integrated,False,True,31.937677903141143,21.720000000000017,2.4e-05,23.0,0.7,0.001
125,1000,0.0,integrated,False,True,31.795796676564322,21.720000000000017,2.4e-05,23.0,0.7,0.001
126,1000,0.0,integrated,False,True,31.97651868426273,21.720000000000017,2.4e-05,23.0,0.7,0.001
127,1000,0.0,integrated,False,True,31.962723321353543,21.720000000000017,2.4e-05,23.0,0.7,0.001
128,1000,0.0,integrated,False,True,31.90148749038878,21.720000000000017,2.4e-05,23.0,0.7,0.001
129,1000,0.0,integrated,False,True,31.92855167383069,21.720000000000017,2.4e-05,23.0,0.7,0.001
130,1000,0.0,integrated,False,True,31.867213577263,21.720000000000017,2.4e-05,23.0,0.7,0.001
131,1000,0.0,integrated,False,True,31.967867853640232,21.720000000000017,2.4e-05,23.0,0.7,0.001
132,1000,0.0,integrated,False,True,31.935001456123786,21.720000000000017,2.4e-05,23.0,0.7,0.001
133,1000,0.0,integrated,False,True,31.809717533538958,21.720000000000017,2.4e-05,23.0,0.7,0.001
134,1000,0.0,integrated,False,True,31.91845548074508,21.720000000000017,2.4e-05,23.0,0.7,0.001
135,1000,0.0,integrated,False,True,32.13267974726709,21.720000000000017,2.4e-05,23.0,0.7,0.001
136,1000,0.0,integrated,False,True,31.783843832661162,21.720000000000017,2.4e-05,23.0,0.7,0.001
137,1000,0.0,integrated,False,True,31.96593654866703,21.720000000000017,2.4e-05,23.0,0.7,0.001
138,1000,0.0,integrated,False,True,31.879281431563953,21.720000000000017,2.4e-05,23.0,0.7,0.001
139,1000,0.0,integrated,False,True,31.881774000940354,21.720000000000017,2.4e-05,23.0,0.7,0.001
140,1000,0.0,integrated,False,True,32.022738343109765,21.720000000000017,2.4e-05,23.0,0.7,0.001
141,1000,0.0,integrated,False,True,31.93954256439082,21.720000000000017,2.4e-05,23.0,0.7,0.001
142,1000,0.0,integrated,False,True,31.818524927616888,21.720000000000017,2.4e-05,23.0,0.7,0.001
143,1000,0.0,integrated,False,True,32.064380593176864,21.720000000000017,2.4e-05,23.0,0.7,0.001
144,1000,0.0,integrated,False,True,31.94660895239962,21.720000000000017,2.4e-05,23.0,0.7,0.001
145,1000,0.0,integrated,False,True,31.80484930683283,21.720000000000017,2.4e-05,23.0,0.7,0.001
146,1000,0.0,integrated,False,True,31.96558041177455,21.720000000000017,2.4e-05,23.0,0.7,0.001
147,1000,0.0,integrated,False,True,31.785449033815603,21.720000000000017,2.4e-05,23.0,0.7,0.001
148,1000,0.0,integrated,False,True,31.860979815980226,21.720000000000017,2.4e-05,23.0,0.7,0.001
149,1000,0.0,integrated,False,True,31.707598527652735,21.720000000000017,2.4e-05,23.0,0.7,0.001
150,1000,0.0,integrated,False,True,31.759298604868086,21.720000000000017,2.4e-05,23.0,0.7,0.001
151,1000,0.0,integrated,False,True,31.942347936064387,21.720000000000017,2.4e-05,23.0,0.7,0.001
152,1000,0.0,integrated,False,True,31.88635884187859,21.720000000000017,2.4e-05,23.0,0.7,0.001
153,1000,0.0,integrated,False,True,31.890734464361373,21.720000000000017,2.4e-05,23.0,0.7,0.001
154,1000,0.0,integrated,False,True,32.10425791750498,21.720000000000017,2.4e-05,23.0,0.7,0.001
155,1000,0.0,integrated,False,True,31.978342454440053,21.720000000000017,2.4e-05,23.0,0.7,0.001
156,1000,0.0,integrated,False,True,31.940765148891142,21.720000000000017,2.4e-05,23.0,0.7,0.001
157,1000,0.0,integrated,False,True,32.04839745205183,21.720000000000017,2.4e-05,23.0,0.7,0.001
158,1000,0.0,integrated,False,True,31.995507807588197,21.720000000000017,2.4e-05,23.0,0.7,0.001
159,1000,0.0,integrated,False,True,31.950961353419814,21.720000000000017,2.4e-05,23.0,0.7,0.001
160,1000,0.0,integrated,False,True,31.90216795267856,21.720000000000017,2.4e-05,23.0,0.7,0.001
161,1000,0.0,integrated,False,True,31.88916460790177,21.720000000000017,2.4e-05,23.0,0.7,0.001
162,1000,0.0,integrated,False,True,31.91139508196116,21.720000000000017,2.4e-05,23.0,0.7,0.001
163,1000,0.0,integrated,False,True,32.00453203138604,21.720000000000017,2.4e-05,23.0,0.7,0.001
164,1000,0.0,integrated,False,True,31.861646610708966,21.720000000000017,2.4e-05,23.0,0.7,0.001
165,1000,0.0,integrated,False,True,32.09477281226403,21.720000000000017,2.4e-05,23.0,0.7,0.001
166,1000,0.0,integrated,False,True,31.788335746374713,21.720000000000017,2.4e-05,23.0,0.7,0.001
167,1000,0.0,integrated,False,True,31.86875159469289,21.720000000000017,2.4e-05,23.0,0.7,0.001
168,1000,0.0,integrated,False,True,31.851799741172485,21.720000000000017,2.4e-05,23.0,0.7,0.001
169,1000,0.0,integrated,False,True,31.840941036421953,21.720000000000017,2.4e-05,23.0,0.7,0.001
170,1000,0.0,integrated,False,True,31.908253599412316,21.720000000000017,2.4e-05,23.0,0.7,0.001
171,1000,0.0,integrated,False,True,31.97466786247561,21.720000000000017,2.4e-05,23.0,0.7,0.001
172,1000,0.0,integrated,False,True,31.872967582943822,21.720000000000017,2.4e-05,23.0,0.7,0.001
173,1000,0.0,integrated,False,True,31.96199860860554,21.720000000000017,2.4e-05,23.0,0.7,0.001
174,1000,0.0,integrated,False,True,31.98436692365004,21.720000000000017,2.4e-05,23.0,0.7,0.001
175,1000,0.0,integrated,False,True,31.890930967608632,21.720000000000017,2.4e-05,23.0,0.7,0.001
176,1000,0.0,integrated,False,True,32.00453912967536,21.720000000000017,2.4e-05,23.0,0.7,0.001
177,1000,0.0,integrated,False,True,31.80678498417911,21.720000000000017,2.4e-05,23.0,0.7,0.001
178,1000,0.0,integrated,False,True,31.975191391391157,21.720000000000017,2.4e-05,23.0,0.7,0.001
179,1000,0.0,integrated,False,True,31.88168578657585,21.720000000000017,2.4e-05,23.0,0.7,0.001
180,1000,0.0,integrated,False,True,31.863038351659263,21.720000000000017,2.4e-05,23.0,0.7,0.001
181,1000,0.0,integrated,False,True,31.855466713514737,21.720000000000017,2.4e-05,23.0,0.7,0.001
182,1000,0.0,integrated,False,True,31.835871056567854,21.720000000000017,2.4e-05,23.0,0.7,0.001
183,1000,0.0,integrated,False,True,31.884068189516938,21.720000000000017,2.4e-05,23.0,0.7,0.001
184,1000,0.0,integrated,False,True,31.96113844725608,21.720000000000017,2.4e-05,23.0,0.7,0.001
185,1000,0.0,integrated,False,True,31.763684215413672,21.720000000000017,2.4e-05,23.0,0.7,0.001
186,1000,0.0,integrated,False,True,31.852299049003065,21.720000000000017,2.4e-05,23.0,0.7,0.001
187,1000,0.0,integrated,False,True,31.773398791324414,21.720000000000017,2.4e-05,23.0,0.7,0.001
188,1000,0.0,integrated,False,True,31.835248377258516,21.720000000000017,2.4e-05,23.0,0.7,0.001
189,1000,0.0,integrated,False,True,31.821888424153347,21.720000000000017,2.4e-05,23.0,0.7,0.001
190,1000,0.0,integrated,False,True,31.821520623257946,21.720000000000017,2.4e-05,23.0,0.7,0.001
191,1000,0.0,integrated,False,True,32.01164611610403,21.720000000000017,2.4e-05,23.0,0.7,0.001
192,1000,0.0,integrated,False,True,31.881614548735648,21.720000000000017,2.4e-05,23.0,0.7,0.001
193,1000,0.0,integrated,False,True,31.92898982885758,21.720000000000017,2.4e-05,23.0,0.7,0.001
194,1000,0.0,integrated,False,True,31.769869631288458,21.720000000000017,2.4e-05,23.0,0.7,0.001
195,1000,0.0,integrated,False,True,31.803161523970367,21.720000000000017,2.4e-05,23.0,0.7,0.001
196,1000,0.0,integrated,False,True,31.847561528311942,21.720000000000017,2.4e-05,23.0,0.7,0.001
197,1000,0.0,integrated,False,True,31.901738459942198,21.720000000000017,2.4e-05,23.0,0.7,0.001
198,1000,0.0,integrated,False,True,32.131603715628955,21.720000000000017,2.4e-05,23.0,0.7,0.001
199,1000,0.0,integrated,False,True,32.00830120057126,21.720000000000017,2.4e-05,23.0,0.7,0.001
200,1000,0.0,integrated,False,True,31.93158328216155,21.720000000000017,2.4e-05,23.0,0.7,0.001
201,1000,0.0,integrated,False,True,31.97018865926622,21.720000000000017,2.4e-05,23.0,0.7,0.001
202,1000,0.0,integrated,False,True,32.04274708671435,21.720000000000017,2.4e-05,23.0,0.7,0.001
203,1000,0.0,integrated,False,True,31.90781345660459,21.720000000000017,2.4e-05,23.0,0.7,0.001
204,1000,0.0,integrated,False,True,31.897445533477075,21.720000000000017,2.4e-05,23.0,0.7,0.001
205,1000,0.0,integrated,False,True,32.07633528880626,21.720000000000017,2.4e-05,23.0,0.7,0.001
206,1000,0.0,integrated,False,True,31.727087145318663,21.720000000000017,2.4e-05,23.0,0.7,0.001
207,1000,0.0,integrated,False,True,31.952512821708286,21.720000000000017,2.4e-05,23.0,0.7,0.001
208,1000,0.0,integrated,False,True,31.85006013719262,21.720000000000017,2.4e-05,23.0,0.7,0.001
209,1000,0.0,integrated,False,True,31.95037807847492,21.720000000000017,2.4e-05,23.0,0.7,0.001
210,1000,0.0,integrated,False,True,31.978024621601755,21.720000000000017,2.4e-05,23.0,0.7,0.001
211,1000,0.0,integrated,False,True,31.94457774366705,21.720000000000017,2.4e-05,23.0,0.7,0.001
212,1000,0.0,integrated,False,True,31.948989023176203,21.720000000000017,2.4e-05,23.0,0.7,0.001
213,1000,0.0,integrated,False,True,31.86062118129138,21.720000000000017,2.4e-05,23.0,0.7,0.001
214,1000,0.0,integrated,False,True,31.977719536506463,21.720000000000017,2.4e-05,23.0,0.7,0.001
215,1000,0.0,integrated,False,True,31.91688580711447,21.720000000000017,2.4e-05,23.0,0.7,0.001
216,1000,0.0,integrated,False,True,31.89872554854162,21.720000000000017,2.4e-05,23.0,0.7,0.001
217,1000,0.0,integrated,False,True,31.941035841964492,21.720000000000017,2.4e-05,23.0,0.7,0.001
218,1000,0.0,integrated,False,True,31.91112020650599,21.720000000000017,2.4e-05,23.0,0.7,0.001
219,1000,0.0,integrated,False,True,31.83848907103601,21.720000000000017,2.4e-05,23.0,0.7,0.001
220,1000,0.0,integrated,False,True,32.02051645634042,21.720000000000017,2.4e-05,23.0,0.7,0.001
221,1000,0.0,integrated,False,True,31.73544242531212,21.720000000000017,2.4e-05,23.0,0.7,0.001
222,1000,0.0,integrated,False,True,31.920784628756117,21.720000000000017,2.4e-05,23.0,0.7,0.001
223,1000,0.0,integrated,False,True,32.12252099813108,21.720000000000017,2.4e-05,23.0,0.7,0.001
224,1000,0.0,integrated,False,True,31.87933862583226,21.720000000000017,2.4e-05,23.0,0.7,0.001
225,1000,0.0,integrated,False,True,32.09498186775889,21.720000000000017,2.4e-05,23.0,0.7,0.001
226,1000,0.0,integrated,False,True,31.952224871804773,21.720000000000017,2.4e-05,23.0,0.7,0.001
227,1000,0.0,integrated,False,True,31.814028456730526,21.720000000000017,2.4e-05,23.0,0.7,0.001
228,1000,0.0,integrated,False,True,31.85392796652073,21.720000000000017,2.4e-05,23.0,0.7,0.001
229,1000,0.0,integrated,False,True,31.866283718855,21.720000000000017,2.4e-05,23.0,0.7,0.001
230,1000,0.0,integrated,False,True,31.904640105448884,21.720000000000017,2.4e-05,23.0,0.7,0.001
231,1000,0.0,integrated,False,True,31.962511991622858,21.720000000000017,2.4e-05,23.0,0.7,0.001
232,1000,0.0,integrated,False,True,31.870133414450883,21.720000000000017,2.4e-05,23.0,0.7,0.001
233,1000,0.0,integrated,False,True,32.052440837409506,21.720000000000017,2.4e-05,23.0,0.7,0.001
234,1000,0.0,integrated,False,True,31.993709056953357,21.720000000000017,2.4e-05,23.0,0.7,0.001
235,1000,0.0,integrated,False,True,32.006514726170266,21.720000000000017,2.4e-05,23.0,0.7,0.001
236,1000,0.0,integrated,False,True,32.04915199873828,21.720000000000017,2.4e-05,23.0,0.7,0.001
237,1000,0.0,integrated,False,True,31.839644731572292,21.720000000000017,2.4e-05,23.0,0.7,0.001
238,1000,0.0,integrated,False,True,32.05695702729414,21.720000000000017,2.4e-05,23.0,0.7,0.001
239,1000,0.0,integrated,False,True,31.887216233699004,21.720000000000017,2.4e-05,23.0,0.7,0.001
240,1000,0.0,integrated,False,True,31.97048658648638,21.720000000000017,2.4e-05,23.0,0.7,0.001
241,1000,0.0,integrated,False,True,31.928526297163252,21.720000000000017,2.4e-05,23.0,0.7,0.001
242,1000,0.0,integrated,False,True,31.92687661543068,21.720000000000017,2.4e-05,23.0,0.7,0.001
243,1000,0.0,integrated,False,True,32.038532737164736,21.720000000000017,2.4e-05,23.0,0.7,0.001
244,1000,0.0,integrated,False,True,31.918779572780508,21.720000000000017,2.4e-05,23.0,0.7,0.001
245,1000,0.0,integrated,False,True,31.71860717420278,21.720000000000017,2.4e-05,23.0,0.7,0.001
246,1000,0.0,integrated,False,True,31.793421608048625,21.720000000000017,2.4e-05,23.0,0.7,0.001
247,1000,0.0,integrated,False,True,31.972491246914075,21.720000000000017,2.4e-05,23.0,0.7,0.001
248,1000,0.0,integrated,False,True,31.914167332667702,21.720000000000017,2.4e-05,23.0,0.7,0.001
249,1000,0.0,integrated,False,True,31.946935630693645,21.720000000000017,2.4e-05,23.0,0.7,0.001
250,1000,0.0,integrated,False,True,32.00845480071076,21.720000000000017,2.4e-05,23.0,0.7,0.001
251,1000,0.0,integrated,False,True,31.841669725300676,21.720000000000017,2.4e-05,23.0,0.7,0.001
252,1000,0.0,integrated,False,True,32.0895789335432,21.720000000000017,2.4e-05,23.0,0.7,0.001
253,1000,0.0,integrated,False,True,31.95863860614824,21.720000000000017,2.4e-05,23.0,0.7,0.001
254,1000,0.0,integrated,False,True,32.08404279434763,21.720000000000017,2.4e-05,23.0,0.7,0.001
255,1000,0.0,integrated,False,True,31.900710914169693,21.720000000000017,2.4e-05,23.0,0.7,0.001
256,1000,0.0,integrated,False,True,31.723857546123888,21.720000000000017,2.4e-05,23.0,0.7,0.001
257,1000,0.0,integrated,False,True,31.965795855774964,21.720000000000017,2.4e-05,23.0,0.7,0.001
258,1000,0.0,integrated,False,True,31.93694621808342,21.720000000000017,2.4e-05,23.0,0.7,0.001
259,1000,0.0,integrated,False,True,31.982833246255954,21.720000000000017,2.4e-05,23.0,0.7,0.001
260,1000,0.0,integrated,False,True,31.776730427331533,21.720000000000017,2.4e-05,23.0,0.7,0.001
261,1000,0.0,integrated,False,True,31.837057458412403,21.720000000000017,2.4e-05,23.0,0.7,0.001
262,1000,0.0,integrated,False,True,31.80829914278387,21.720000000000017,2.4e-05,23.0,0.7,0.001
263,1000,0.0,integrated,False,True,32.03149696619905,21.720000000000017,2.4e-05,23.0,0.7,0.001
264,1000,0.0,integrated,False,True,31.82084430889077,21.720000000000017,2.4e-05,23.0,0.7,0.001
265,1000,0.0,integrated,False,True,31.877241691846542,21.720000000000017,2.4e-05,23.0,0.7,0.001
266,1000,0.0,integrated,False,True,31.849680930044215,21.720000000000017,2.4e-05,23.0,0.7,0.001
267,1000,0.0,integrated,False,True,31.898508497276993,21.720000000000017,2.4e-05,23.0,0.7,0.001
268,1000,0.0,integrated,False,True,31.78802630020696,21.720000000000017,2.4e-05,23.0,0.7,0.001
269,1000,0.0,integrated,False,True,31.96100204478801,21.720000000000017,2.4e-05,23.0,0.7,0.001
270,1000,0.0,integrated,False,True,31.809435253355765,21.720000000000017,2.4e-05,23.0,0.7,0.001
271,1000,0.0,integrated,False,True,32.06662857287846,21.720000000000017,2.4e-05,23.0,0.7,0.001
272,1000,0.0,integrated,False,True,32.02743718798355,21.720000000000017,2.4e-05,23.0,0.7,0.001
273,1000,0.0,integrated,False,True,31.84626032280555,21.720000000000017,2.4e-05,23.0,0.7,0.001
274,1000,0.0,integrated,False,True,31.831018509963673,21.720000000000017,2.4e-05,23.0,0.7,0.001
275,1000,0.0,integrated,False,True,31.952435784125,21.720000000000017,2.4e-05,23.0,0.7,0.001
276,1000,0.0,integrated,False,True,31.959962532457986,21.720000000000017,2.4e-05,23.0,0.7,0.001
277,1000,0.0,integrated,False,True,31.927515885502174,21.720000000000017,2.4e-05,23.0,0.7,0.001
278,1000,0.0,integrated,False,True,31.969841246629944,21.720000000000017,2.4e-05,23.0,0.7,0.001
279,1000,0.0,integrated,False,True,31.906194378212824,21.720000000000017,2.4e-05,23.0,0.7,0.001
280,1000,0.0,integrated,False,True,31.96384852252148,21.720000000000017,2.4e-05,23.0,0.7,0.001
281,1000,0.0,integrated,False,True,32.052620029939185,21.720000000000017,2.4e-05,23.0,0.7,0.001
282,1000,0.0,integrated,False,True,31.85730288713868,21.720000000000017,2.4e-05,23.0,0.7,0.001
283,1000,0.0,integrated,False,True,31.842377566629764,21.720000000000017,2.4e-05,23.0,0.7,0.001
284,1000,0.0,integrated,False,True,31.95442945679855,21.720000000000017,2.4e-05,23.0,0.7,0.001
285,1000,0.0,integrated,False,True,32.061927766870035,21.720000000000017,2.4e-05,23.0,0.7,0.001
286,1000,0.0,integrated,False,True,32.02328153860706,21.720000000000017,2.4e-05,23.0,0.7,0.001
287,1000,0.0,integrated,False,True,31.81040443063133,21.720000000000017,2.4e-05,23.0,0.7,0.001
288,1000,0.0,integrated,False,True,32.039864159049664,21.720000000000017,2.4e-05,23.0,0.7,0.001
289,1000,0.0,integrated,False,True,31.781863495474937,21.720000000000017,2.4e-05,23.0,0.7,0.001
290,1000,0.0,integrated,False,True,31.798752546586595,21.720000000000017,2.4e-05,23.0,0.7,0.001
291,1000,0.0,integrated,False,True,32.06915351684588,21.720000000000017,2.4e-05,23.0,0.7,0.001
292,1000,0.0,integrated,False,True,31.797236735704693,21.720000000000017,2.4e-05,23.0,0.7,0.001
293,1000,0.0,integrated,False,True,31.88483174763686,21.720000000000017,2.4e-05,23.0,0.7,0.001
294,1000,0.0,integrated,False,True,31.837673598406397,21.720000000000017,2.4e-05,23.0,0.7,0.001
295,1000,0.0,integrated,False,True,31.82423093107184,21.720000000000017,2.4e-05,23.0,0.7,0.001
296,1000,0.0,integrated,False,True,31.84664086977023,21.720000000000017,2.4e-05,23.0,0.7,0.001
297,1000,0.0,integrated,False,True,31.85939040106239,21.720000000000017,2.4e-05,23.0,0.7,0.001
298,1000,0.0,integrated,False,True,31.97229015766849,21.720000000000017,2.4e-05,23.0,0.7,0.001
299,1000,0.0,integrated,False,True,32.06195126668121,21.720000000000017,2.4e-05,23.0,0.7,0.001
300,1000,0.0,integrated,False,True,31.86059836687409,21.720000000000017,2.4e-05,23.0,0.7,0.001
301,1000,0.0,integrated,False,True,32.1229975385507,21.720000000000017,2.4e-05,23.0,0.7,0.001
302,1000,0.0,integrated,False,True,31.881796643193425,21.720000000000017,2.4e-05,23.0,0.7,0.001
303,1000,0.0,integrated,False,True,31.9788066750329,21.720000000000017,2.4e-05,23.0,0.7,0.001
304,1000,0.0,integrated,False,True,32.076391710113356,21.720000000000017,2.4e-05,23.0,0.7,0.001
305,1000,0.0,integrated,False,True,31.91968529797427,21.720000000000017,2.4e-05,23.0,0.7,0.001
306,1000,0.0,integrated,False,True,31.82185573327383,21.720000000000017,2.4e-05,23.0,0.7,0.001
307,1000,0.0,integrated,False,True,31.84217160484934,21.720000000000017,2.4e-05,23.0,0.7,0.001
308,1000,0.0,integrated,False,True,31.76713556077373,21.720000000000017,2.4e-05,23.0,0.7,0.001
309,1000,0.0,integrated,False,True,31.7459196145603,21.720000000000017,2.4e-05,23.0,0.7,0.001
310,1000,0.0,integrated,False,True,31.954501713342516,21.720000000000017,2.4e-05,23.0,0.7,0.001
311,1000,0.0,integrated,False,True,31.99132824723337,21.720000000000017,2.4e-05,23.0,0.7,0.001
312,1000,0.0,integrated,False,True,31.68804541564996,21.720000000000017,2.4e-05,23.0,0.7,0.001
313,1000,0.0,integrated,False,True,31.9158559997994,21.720000000000017,2.4e-05,23.0,0.7,0.001
314,1000,0.0,integrated,False,True,32.0099060353968,21.720000000000017,2.4e-05,23.0,0.7,0.001
315,1000,0.0,integrated,False,True,32.05923215758468,21.720000000000017,2.4e-05,23.0,0.7,0.001
316,1000,0.0,integrated,False,True,31.89230154778201,21.720000000000017,2.4e-05,23.0,0.7,0.001
317,1000,0.0,integrated,False,True,31.898610701804227,21.720000000000017,2.4e-05,23.0,0.7,0.001
318,1000,0.0,integrated,False,True,31.79946459715859,21.720000000000017,2.4e-05,23.0,0.7,0.001
319,1000,0.0,integrated,False,True,31.990818079192465,21.720000000000017,2.4e-05,23.0,0.7,0.001
320,1000,0.0,integrated,False,True,31.85605487880243,21.720000000000017,2.4e-05,23.0,0.7,0.001
321,1000,0.0,integrated,False,True,32.040572118730445,21.720000000000017,2.4e-05,23.0,0.7,0.001
322,1000,0.0,integrated,False,True,31.89444463375612,21.720000000000017,2.4e-05,23.0,0.7,0.001
323,1000,0.0,integrated,False,True,31.8776970402486,21.720000000000017,2.4e-05,23.0,0.7,0.001
324,1000,0.0,integrated,False,True,32.032345598060196,21.720000000000017,2.4e-05,23.0,0.7,0.001
325,1000,0.0,integrated,False,True,32.0071718022469,21.720000000000017,2.4e-05,23.0,0.7,0.001
326,1000,0.0,integrated,False,True,31.702619303045864,21.720000000000017,2.4e-05,23.0,0.7,0.001
327,1000,0.0,integrated,False,True,31.88989540061636,21.720000000000017,2.4e-05,23.0,0.7,0.001
328,1000,0.0,integrated,False,True,31.78290774703919,21.720000000000017,2.4e-05,23.0,0.7,0.001
329,1000,0.0,integrated,False,True,31.897812432271223,21.720000000000017,2.4e-05,23.0,0.7,0.001
330,1000,0.0,integrated,False,True,31.84877881387702,21.720000000000017,2.4e-05,23.0,0.7,0.001
331,1000,0.0,integrated,False,True,31.982582407427813,21.720000000000017,2.4e-05,23.0,0.7,0.001
332,1000,0.0,integrated,False,True,31.941943144877193,21.720000000000017,2.4e-05,23.0,0.7,0.001
333,1000,0.0,integrated,False,True,32.02175329262797,21.720000000000017,2.4e-05,23.0,0.7,0.001
334,1000,0.0,integrated,False,True,31.923282871301673,21.720000000000017,2.4e-05,23.0,0.7,0.001
335,1000,0.0,integrated,False,True,31.957683416965523,21.720000000000017,2.4e-05,23.0,0.7,0.001
336,1000,0.0,integrated,False,True,31.884263221317035,21.720000000000017,2.4e-05,23.0,0.7,0.001
337,1000,0.0,integrated,False,True,31.92302006173498,21.720000000000017,2.4e-05,23.0,0.7,0.001
338,1000,0.0,integrated,False,True,31.87881347846662,21.720000000000017,2.4e-05,23.0,0.7,0.001
339,1000,0.0,integrated,False,True,31.923474899692547,21.720000000000017,2.4e-05,23.0,0.7,0.001
340,1000,0.0,integrated,False,True,32.04963430020855,21.720000000000017,2.4e-05,23.0,0.7,0.001
341,1000,0.0,integrated,False,True,31.893369220307882,21.720000000000017,2.4e-05,23.0,0.7,0.001
342,1000,0.0,integrated,False,True,31.844898021707774,21.720000000000017,2.4e-05,23.0,0.7,0.001
343,1000,0.0,integrated,False,True,31.769834062189133,21.720000000000017,2.4e-05,23.0,0.7,0.001
344,1000,0.0,integrated,False,True,31.92741344181448,21.720000000000017,2.4e-05,23.0,0.7,0.001
345,1000,0.0,integrated,False,True,31.927160795460814,21.720000000000017,2.4e-05,23.0,0.7,0.001
346,1000,0.0,integrated,False,True,31.82886083448353,21.720000000000017,2.4e-05,23.0,0.7,0.001
347,1000,0.0,integrated,False,True,31.748690748171786,21.720000000000017,2.4e-05,23.0,0.7,0.001
348,1000,0.0,integrated,False,True,31.974942640557252,21.720000000000017,2.4e-05,23.0,0.7,0.001
349,1000,0.0,integrated,False,True,31.839894042170208,21.720000000000017,2.4e-05,23.0,0.7,0.001
350,1000,0.0,integrated,False,True,31.8292422816443,21.720000000000017,2.4e-05,23.0,0.7,0.001
351,1000,0.0,integrated,False,True,31.875018586014786,21.720000000000017,2.4e-05,23.0,0.7,0.001
352,1000,0.0,integrated,False,True,31.80532730923136,21.720000000000017,2.4e-05,23.0,0.7,0.001
353,1000,0.0,integrated,False,True,31.744783941121057,21.720000000000017,2.4e-05,23.0,0.7,0.001
354,1000,0.0,integrated,False,True,31.80449503494398,21.720000000000017,2.4e-05,23.0,0.7,0.001
355,1000,0.0,integrated,False,True,31.952036123715096,21.720000000000017,2.4e-05,23.0,0.7,0.001
356,1000,0.0,integrated,False,True,31.975869826100435,21.720000000000017,2.4e-05,23.0,0.7,0.001
357,1000,0.0,integrated,False,True,31.955110466793037,21.720000000000017,2.4e-05,23.0,0.7,0.001
358,1000,0.0,integrated,False,True,31.786521931482437,21.720000000000017,2.4e-05,23.0,0.7,0.001
359,1000,0.0,integrated,False,True,32.04031661625163,21.720000000000017,2.4e-05,23.0,0.7,0.001
360,1000,0.0,integrated,False,True,31.866703648435465,21.720000000000017,2.4e-05,23.0,0.7,0.001
361,1000,0.0,integrated,False,True,31.88267722738829,21.720000000000017,2.4e-05,23.0,0.7,0.001
362,1000,0.0,integrated,False,True,32.01881420690147,21.720000000000017,2.4e-05,23.0,0.7,0.001
363,1000,0.0,integrated,False,True,31.930030438134146,21.720000000000017,2.4e-05,23.0,0.7,0.001
364,1000,0.0,integrated,False,True,31.85504252368719,21.720000000000017,2.4e-05,23.0,0.7,0.001
365,1000,0.0,integrated,False,True,31.83656566536179,21.720000000000017,2.4e-05,23.0,0.7,0.001
366,1000,0.0,integrated,False,True,31.885415807965853,21.720000000000017,2.4e-05,23.0,0.7,0.001
367,1000,0.0,integrated,False,True,31.927866001142423,21.720000000000017,2.4e-05,23.0,0.7,0.001
368,1000,0.0,integrated,False,True,31.899004411242487,21.720000000000017,2.4e-05,23.0,0.7,0.001
369,1000,0.0,integrated,False,True,32.024951971574666,21.720000000000017,2.4e-05,23.0,0.7,0.001
370,1000,0.0,integrated,False,True,31.891928385571457,21.720000000000017,2.4e-05,23.0,0.7,0.001
371,1000,0.0,integrated,False,True,31.96584632812212,21.720000000000017,2.4e-05,23.0,0.7,0.001
372,1000,0.0,integrated,False,True,31.77026413210408,21.720000000000017,2.4e-05,23.0,0.7,0.001
373,1000,0.0,integrated,False,True,31.976212442737243,21.720000000000017,2.4e-05,23.0,0.7,0.001
374,1000,0.0,integrated,False,True,31.787636202353443,21.720000000000017,2.4e-05,23.0,0.7,0.001
375,1000,0.0,integrated,False,True,31.9448719925644,21.720000000000017,2.4e-05,23.0,0.7,0.001
376,1000,0.0,integrated,False,True,31.90824418224353,21.720000000000017,2.4e-05,23.0,0.7,0.001
377,1000,0.0,integrated,False,True,31.957267296036573,21.720000000000017,2.4e-05,23.0,0.7,0.001
378,1000,0.0,integrated,False,True,31.73712289128793,21.720000000000017,2.4e-05,23.0,0.7,0.001
379,1000,0.0,integrated,False,True,31.754294405752468,21.720000000000017,2.4e-05,23.0,0.7,0.001
380,1000,0.0,integrated,False,True,32.17968465610922,21.720000000000017,2.4e-05,23.0,0.7,0.001
381,1000,0.0,integrated,False,True,31.879151660319913,21.720000000000017,2.4e-05,23.0,0.7,0.001
382,1000,0.0,integrated,False,True,32.06588338166901,21.720000000000017,2.4e-05,23.0,0.7,0.001
383,1000,0.0,integrated,False,True,32.03960282610299,21.720000000000017,2.4e-05,23.0,0.7,0.001
384,1000,0.0,integrated,False,True,31.86079939699313,21.720000000000017,2.4e-05,23.0,0.7,0.001
385,1000,0.0,integrated,False,True,31.882842685514056,21.720000000000017,2.4e-05,23.0,0.7,0.001
386,1000,0.0,integrated,False,True,31.914486850240777,21.720000000000017,2.4e-05,23.0,0.7,0.001
387,1000,0.0,integrated,False,True,31.878902837950612,21.720000000000017,2.4e-05,23.0,0.7,0.001
388,1000,0.0,integrated,False,True,31.843082087780424,21.720000000000017,2.4e-05,23.0,0.7,0.001
389,1000,0.0,integrated,False,True,31.967571073047417,21.720000000000017,2.4e-05,23.0,0.7,0.001
390,1000,0.0,integrated,False,True,31.93452940332458,21.720000000000017,2.4e-05,23.0,0.7,0.001
391,1000,0.0,integrated,False,True,31.963950665827745,21.720000000000017,2.4e-05,23.0,0.7,0.001
392,1000,0.0,integrated,False,True,31.878094904244513,21.720000000000017,2.4e-05,23.0,0.7,0.001
393,1000,0.0,integrated,False,True,31.725634753385467,21.720000000000017,2.4e-05,23.0,0.7,0.001
394,1000,0.0,integrated,False,True,32.03029353122354,21.720000000000017,2.4e-05,23.0,0.7,0.001
395,1000,0.0,integrated,False,True,31.78958189027606,21.720000000000017,2.4e-05,23.0,0.7,0.001
396,1000,0.0,integrated,False,True,32.07516442916669,21.720000000000017,2.4e-05,23.0,0.7,0.001
397,1000,0.0,integrated,False,True,31.964896974142004,21.720000000000017,2.4e-05,23.0,0.7,0.001
398,1000,0.0,integrated,False,True,31.907670962713386,21.720000000000017,2.4e-05,23.0,0.7,0.001
399,1000,0.0,integrated,False,True,32.00651881560674,21.720000000000017,2.4e-05,23.0,0.7,0.001
400,1000,0.0,integrated,False,True,31.85980564884489,21.720000000000017,2.4e-05,23.0,0.7,0.001
401,1000,0.0,integrated,False,True,31.914134028559072,21.720000000000017,2.4e-05,23.0,0.7,0.001
402,1000,0.0,integrated,False,True,31.831511697455532,21.720000000000017,2.4e-05,23.0,0.7,0.001
403,1000,0.0,integrated,False,True,31.946066011602888,21.720000000000017,2.4e-05,23.0,0.7,0.001
404,1000,0.0,integrated,False,True,31.897609042995434,21.720000000000017,2.4e-05,23.0,0.7,0.001
405,1000,0.0,integrated,False,True,31.908385607393924,21.720000000000017,2.4e-05,23.0,0.7,0.001
406,1000,0.0,integrated,False,True,31.937841223370047,21.720000000000017,2.4e-05,23.0,0.7,0.001
407,1000,0.0,integrated,False,True,31.97671897793636,21.720000000000017,2.4e-05,23.0,0.7,0.001
408,1000,0.0,integrated,False,True,31.97651007008185,21.720000000000017,2.4e-05,23.0,0.7,0.001
409,1000,0.0,integrated,False,True,31.793457733178286,21.720000000000017,2.4e-05,23.0,0.7,0.001
410,1000,0.0,integrated,False,True,32.241151100065444,21.720000000000017,2.4e-05,23.0,0.7,0.001
411,1000,0.0,integrated,False,True,31.821076121415977,21.720000000000017,2.4e-05,23.0,0.7,0.001
412,1000,0.0,integrated,False,True,31.840158278476725,21.720000000000017,2.4e-05,23.0,0.7,0.001
413,1000,0.0,integrated,False,True,32.01626570484517,21.720000000000017,2.4e-05,23.0,0.7,0.001
414,1000,0.0,integrated,False,True,31.94501246272179,21.720000000000017,2.4e-05,23.0,0.7,0.001
415,1000,0.0,integrated,False,True,31.902359805759538,21.720000000000017,2.4e-05,23.0,0.7,0.001
416,1000,0.0,integrated,False,True,31.976245921607834,21.720000000000017,2.4e-05,23.0,0.7,0.001
417,1000,0.0,integrated,False,True,32.01127577345943,21.720000000000017,2.4e-05,23.0,0.7,0.001
418,1000,0.0,integrated,False,True,31.777336944615314,21.720000000000017,2.4e-05,23.0,0.7,0.001
419,1000,0.0,integrated,False,True,32.07116432860316,21.720000000000017,2.4e-05,23.0,0.7,0.001
420,1000,0.0,integrated,False,True,32.04622659986035,21.720000000000017,2.4e-05,23.0,0.7,0.001
421,1000,0.0,integrated,False,True,31.85314919376327,21.720000000000017,2.4e-05,23.0,0.7,0.001
422,1000,0.0,integrated,False,True,31.87125167923345,21.720000000000017,2.4e-05,23.0,0.7,0.001
423,1000,0.0,integrated,False,True,31.92457716320572,21.720000000000017,2.4e-05,23.0,0.7,0.001
424,1000,0.0,integrated,False,True,31.954784088622056,21.720000000000017,2.4e-05,23.0,0.7,0.001
425,1000,0.0,integrated,False,True,31.969861513911802,21.720000000000017,2.4e-05,23.0,0.7,0.001
426,1000,0.0,integrated,False,True,31.790892272582713,21.720000000000017,2.4e-05,23.0,0.7,0.001
427,1000,0.0,integrated,False,True,31.882509074554882,21.720000000000017,2.4e-05,23.0,0.7,0.001
428,1000,0.0,integrated,False,True,31.855837187417883,21.720000000000017,2.4e-05,23.0,0.7,0.001
429,1000,0.0,integrated,False,True,32.0156081334857,21.720000000000017,2.4e-05,23.0,0.7,0.001
430,1000,0.0,integrated,False,True,31.87591824257671,21.720000000000017,2.4e-05,23.0,0.7,0.001
431,1000,0.0,integrated,False,True,31.86548025850894,21.720000000000017,2.4e-05,23.0,0.7,0.001
432,1000,0.0,integrated,False,True,31.83898293245805,21.720000000000017,2.4e-05,23.0,0.7,0.001
433,1000,0.0,integrated,False,True,31.907783722283412,21.720000000000017,2.4e-05,23.0,0.7,0.001
434,1000,0.0,integrated,False,True,31.749896512023856,21.720000000000017,2.4e-05,23.0,0.7,0.001
435,1000,0.0,integrated,False,True,31.84068745202812,21.720000000000017,2.4e-05,23.0,0.7,0.001
436,1000,0.0,integrated,False,True,32.08249230451794,21.720000000000017,2.4e-05,23.0,0.7,0.001
437,1000,0.0,integrated,False,True,31.859387832475043,21.720000000000017,2.4e-05,23.0,0.7,0.001
438,1000,0.0,integrated,False,True,32.04314807512367,21.720000000000017,2.4e-05,23.0,0.7,0.001
439,1000,0.0,integrated,False,True,31.873180879759797,21.720000000000017,2.4e-05,23.0,0.7,0.001
440,1000,0.0,integrated,False,True,31.893805573919842,21.720000000000017,2.4e-05,23.0,0.7,0.001
441,1000,0.0,integrated,False,True,31.90795216187251,21.720000000000017,2.4e-05,23.0,0.7,0.001
442,1000,0.0,integrated,False,True,31.84470742336176,21.720000000000017,2.4e-05,23.0,0.7,0.001
443,1000,0.0,integrated,False,True,32.010799725980256,21.720000000000017,2.4e-05,23.0,0.7,0.001
444,1000,0.0,integrated,False,True,32.00720975077661,21.720000000000017,2.4e-05,23.0,0.7,0.001
445,1000,0.0,integrated,False,True,31.95442990562352,21.720000000000017,2.4e-05,23.0,0.7,0.001
446,1000,0.0,integrated,False,True,31.749600655864914,21.720000000000017,2.4e-05,23.0,0.7,0.001
447,1000,0.0,integrated,False,True,31.989252372681683,21.720000000000017,2.4e-05,23.0,0.7,0.001
448,1000,0.0,integrated,False,True,31.7206727013877,21.720000000000017,2.4e-05,23.0,0.7,0.001
449,1000,0.0,integrated,False,True,31.83189626336597,21.720000000000017,2.4e-05,23.0,0.7,0.001
450,1000,0.0,integrated,False,True,31.901275143491944,21.720000000000017,2.4e-05,23.0,0.7,0.001
451,1000,0.0,integrated,False,True,31.874510124780336,21.720000000000017,2.4e-05,23.0,0.7,0.001
452,1000,0.0,integrated,False,True,31.9927748708931,21.720000000000017,2.4e-05,23.0,0.7,0.001
453,1000,0.0,integrated,False,True,31.87889901811517,21.720000000000017,2.4e-05,23.0,0.7,0.001
454,1000,0.0,integrated,False,True,31.875033923367816,21.720000000000017,2.4e-05,23.0,0.7,0.001
455,1000,0.0,integrated,False,True,31.94613261546744,21.720000000000017,2.4e-05,23.0,0.7,0.001
456,1000,0.0,integrated,False,True,31.858449327563807,21.720000000000017,2.4e-05,23.0,0.7,0.001
457,1000,0.0,integrated,False,True,31.826898348199354,21.720000000000017,2.4e-05,23.0,0.7,0.001
458,1000,0.0,integrated,False,True,31.84912192556498,21.720000000000017,2.4e-05,23.0,0.7,0.001
459,1000,0.0,integrated,False,True,31.936513224753632,21.720000000000017,2.4e-05,23.0,0.7,0.001
460,1000,0.0,integrated,False,True,31.893187946182593,21.720000000000017,2.4e-05,23.0,0.7,0.001
461,1000,0.0,integrated,False,True,31.859270073702426,21.720000000000017,2.4e-05,23.0,0.7,0.001
462,1000,0.0,integrated,False,True,31.85850010139587,21.720000000000017,2.4e-05,23.0,0.7,0.001
463,1000,0.0,integrated,False,True,31.953989604973476,21.720000000000017,2.4e-05,23.0,0.7,0.001
464,1000,0.0,integrated,False,True,32.04182751281145,21.720000000000017,2.4e-05,23.0,0.7,0.001
465,1000,0.0,integrated,False,True,31.934630145223647,21.720000000000017,2.4e-05,23.0,0.7,0.001
466,1000,0.0,integrated,False,True,31.92916641488012,21.720000000000017,2.4e-05,23.0,0.7,0.001
467,1000,0.0,integrated,False,True,31.90977057676872,21.720000000000017,2.4e-05,23.0,0.7,0.001
468,1000,0.0,integrated,False,True,31.851707484792975,21.720000000000017,2.4e-05,23.0,0.7,0.001
469,1000,0.0,integrated,False,True,31.887334510897894,21.720000000000017,2.4e-05,23.0,0.7,0.001
470,1000,0.0,integrated,False,True,31.80905246394299,21.720000000000017,2.4e-05,23.0,0.7,0.001
471,1000,0.0,integrated,False,True,31.8673735838916,21.720000000000017,2.4e-05,23.0,0.7,0.001
472,1000,0.0,integrated,False,True,31.77613316498388,21.720000000000017,2.4e-05,23.0,0.7,0.001
473,1000,0.0,integrated,False,True,31.978413689558437,21.720000000000017,2.4e-05,23.0,0.7,0.001
474,1000,0.0,integrated,False,True,31.78884588040799,21.720000000000017,2.4e-05,23.0,0.7,0.001
475,1000,0.0,integrated,False,True,31.867558028374113,21.720000000000017,2.4e-05,23.0,0.7,0.001
476,1000,0.0,integrated,False,True,31.82902237639199,21.720000000000017,2.4e-05,23.0,0.7,0.001
477,1000,0.0,integrated,False,True,31.880326306210492,21.720000000000017,2.4e-05,23.0,0.7,0.001
478,1000,0.0,integrated,False,True,31.991127006735432,21.720000000000017,2.4e-05,23.0,0.7,0.001
479,1000,0.0,integrated,False,True,31.974095892309442,21.720000000000017,2.4e-05,23.0,0.7,0.001
480,1000,0.0,integrated,False,True,31.842696370910737,21.720000000000017,2.4e-05,23.0,0.7,0.001
481,1000,0.0,integrated,False,True,31.994556724682138,21.720000000000017,2.4e-05,23.0,0.7,0.001
482,1000,0.0,integrated,False,True,32.00624895727161,21.720000000000017,2.4e-05,23.0,0.7,0.001
483,1000,0.0,integrated,False,True,31.820050943410408,21.720000000000017,2.4e-05,23.0,0.7,0.001
484,1000,0.0,integrated,False,True,32.04297695521285,21.720000000000017,2.4e-05,23.0,0.7,0.001
485,1000,0.0,integrated,False,True,32.01269104242405,21.720000000000017,2.4e-05,23.0,0.7,0.001
486,1000,0.0,integrated,False,True,31.870215040391003,21.720000000000017,2.4e-05,23.0,0.7,0.001
487,1000,0.0,integrated,False,True,31.925607426033018,21.720000000000017,2.4e-05,23.0,0.7,0.001
488,1000,0.0,integrated,False,True,32.14130148072721,21.720000000000017,2.4e-05,23.0,0.7,0.001
489,1000,0.0,integrated,False,True,31.920379427010687,21.720000000000017,2.4e-05,23.0,0.7,0.001
490,1000,0.0,integrated,False,True,31.910502112312837,21.720000000000017,2.4e-05,23.0,0.7,0.001
491,1000,0.0,integrated,False,True,32.01329085840834,21.720000000000017,2.4e-05,23.0,0.7,0.001
492,1000,0.0,integrated,False,True,31.86005125414248,21.720000000000017,2.4e-05,23.0,0.7,0.001
493,1000,0.0,integrated,False,True,31.930971736402043,21.720000000000017,2.4e-05,23.0,0.7,0.001
494,1000,0.0,integrated,False,True,31.953749409475407,21.720000000000017,2.4e-05,23.0,0.7,0.001
495,1000,0.0,integrated,False,True,31.879500380107174,21.720000000000017,2.4e-05,23.0,0.7,0.001
496,1000,0.0,integrated,False,True,31.82403887421267,21.720000000000017,2.4e-05,23.0,0.7,0.001
497,1000,0.0,integrated,False,True,31.81908365662528,21.720000000000017,2.4e-05,23.0,0.7,0.001
498,1000,0.0,integrated,False,True,31.797160621214935,21.720000000000017,2.4e-05,23.0,0.7,0.001
499,1000,0.0,integrated,False,True,32.02087666211399,21.720000000000017,2.4e-05,23.0,0.7,0.001
0,1000,0.3,integrated,False,True,33.29629497951569,21.720000000000017,1.9904508184878982e-05,19.963716986762407,0.6892217598066974,0.000677239616234951
1,1000,0.3,integrated,False,True,31.822096297554953,21.720000000000017,2.1392623751247614e-05,23.454838062810012,0.4334274509266789,0.0011787552121568406
2,1000,0.3,integrated,False,True,31.73245779992314,21.720000000000017,2.956046988154e-05,19.892786595987875,0.709353233306782,0.0007017515021297606
3,1000,0.3,integrated,False,True,32.34071844394089,21.720000000000017,1.7054268930162224e-05,16.48847951285962,0.7235386429904476,0.001293123652355679
4,1000,0.3,integrated,False,True,32.93008087589061,21.720000000000017,2.2635025791620222e-05,21.811206675599333,0.8023055012737305,0.000725655659483265
5,1000,0.3,integrated,False,True,30.467522119456312,21.720000000000017,3.809667603429244e-05,17.889494797624817,0.89881880301313,0.0009094149643472494
6,1000,0.3,integrated,False,True,32.19472642618085,21.720000000000017,2.823558079269457e-05,30.9065931461121,0.9816640679683917,0.0009848681846227434
7,1000,0.3,integrated,False,True,32.17331139578055,21.720000000000017,2.1299246442896987e-05,25.565669659363312,0.7606338523394849,0.0012688704061851843
8,1000,0.3,integrated,False,True,30.382383884678866,21.720000000000017,4.285127708404705e-05,31.97594964577098,0.7064966109535513,0.0009238544032492084
9,1000,0.3,integrated,False,True,32.34904635186291,21.720000000000017,2.2101384712367337e-05,17.662467420517384,0.751408291086512,0.000777989921382491
10,1000,0.3,integrated,False,True,31.707407633230055,21.720000000000017,2.204047221667691e-05,20.654541143541113,0.8246834795372375,0.0014311586686106283
11,1000,0.3,integrated,False,True,32.42854136501101,21.720000000000017,3.246182941395931e-05,36.19539970637821,1.0682618553601204,0.0007630702300728027
12,1000,0.3,integrated,False,True,31.367469385756507,21.720000000000017,3.0408945138771982e-05,20.946030605308337,0.6937448961799059,0.0007726964166792948
13,1000,0.3,integrated,False,True,33.743056864327464,21.720000000000017,2.314930731950465e-05,40.120517442776844,1.0457159389932558,0.0010678455475618886
14,1000,0.3,integrated,False,True,33.15006372670554,21.720000000000017,1.95856934491892e-05,24.34358270830362,0.4939447242165469,0.0007921556366545659
15,1000,0.3,integrated,False,True,32.12238639830382,21.720000000000017,3.009178373076958e-05,42.35232836133,0.5605547821308206,0.001003453249518169
16,1000,0.3,integrated,False,True,30.359726557796556,21.720000000000017,3.254600950571528e-05,16.53597544268007,0.7960123842788784,0.0010819893697312907
17,1000,0.3,integrated,False,True,33.40947407383329,21.720000000000017,1.8011482905421506e-05,19.55265377810173,0.9214882401179801,0.0008712313528552268
18,1000,0.3,integrated,False,True,34.49898516688947,21.720000000000017,1.7944957032959625e-05,28.148326824040634,0.6904931403118008,0.0006416994341523711
19,1000,0.3,integrated,False,True,31.3015369852933,21.720000000000017,3.1261418140529665e-05,20.625678647928453,0.7354870222823803,0.0007603481937478465
20,1000,0.3,integrated,False,True,35.24984007034685,21.720000000000017,1.3441836223654788e-05,30.184288372336937,0.5471717661286134,0.000926827779339013
21,1000,0.3,integrated,False,True,33.55865747338913,21.720000000000017,1.7318196608561262e-05,24.96831427121037,0.5089081364603685,0.0009540190932799288
22,1000,0.3,integrated,False,True,32.86705212309628,21.720000000000017,1.9184989981580668e-05,14.384529558488504,0.9011834147234324,0.000844174220357833
23,1000,0.3,integrated,False,True,28.61428087056543,21.720000000000017,5.0924482213491694e-05,23.58638783031361,0.6148679045002423,0.0016470943705760605
24,1000,0.3,integrated,False,True,31.13419471117936,21.720000000000017,2.510582692670013e-05,26.34724130321025,0.4714535833998389,0.0013519421094607587
25,1000,0.3,integrated,False,True,32.412564235106565,21.720000000000017,2.379405483110763e-05,20.89416840602359,0.8337099423636716,0.00072329588069881
26,1000,0.3,integrated,False,True,34.07112198962394,21.720000000000017,1.0892265170222648e-05,29.57070881986917,0.39347093919778775,0.0026573227064591474
27,1000,0.3,integrated,False,True,34.92793162281065,21.720000000000017,2.0655814792137645e-05,30.33975243266845,0.9381094072157364,0.0005351298057847581
28,1000,0.3,integrated,False,True,31.80004013726841,21.720000000000017,2.5874230544279142e-05,20.440631667618195,0.48836593032206743,0.0007768713946680784
29,1000,0.3,integrated,False,True,31.982585806728995,21.720000000000017,2.6962788773394602e-05,22.501681118525894,0.7299841329365953,0.0007650315538619977
30,1000,0.3,integrated,False,True,31.536707786976216,21.720000000000017,2.2913919638137773e-05,24.05199754566766,0.4054933140447192,0.0011365396182280445
31,1000,0.3,integrated,False,True,32.57612824020865,21.720000000000017,1.865652578902765e-05,34.73376860072375,0.575356941443099,0.0016925630589469621
32,1000,0.3,integrated,False,True,31.62285496843063,21.720000000000017,3.127709507383385e-05,26.03428337528845,0.5490223897042973,0.0007461262370752592
33,1000,0.3,integrated,False,True,31.974557039584603,21.720000000000017,1.8683843503959602e-05,21.84325445400993,0.3779195899103723,0.0013479398807493507
34,1000,0.3,integrated,False,True,31.662451474723778,21.720000000000017,2.18997656521486e-05,20.95214825339598,0.5533445481712209,0.0011046234520953645
35,1000,0.3,integrated,False,True,31.479634852447838,21.720000000000017,2.4639393933299913e-05,20.428758828867526,1.0056973689374265,0.0013556851850404917
36,1000,0.3,integrated,False,True,31.0071730941797,21.720000000000017,3.0048146659376403e-05,23.01580545329623,0.6013402756711026,0.0010203898403649873
37,1000,0.3,integrated,False,True,33.37834822188227,21.720000000000017,2.3248211798147537e-05,31.894974481082087,0.9295357776226861,0.000799192406363999
38,1000,0.3,integrated,False,True,31.36098940411969,21.720000000000017,2.423249862474755e-05,15.368031034126547,0.6008778285149461,0.0009404826275353787
39,1000,0.3,integrated,False,True,31.600337913166275,21.720000000000017,2.3288979853867293e-05,23.123635991702752,0.7426540245406582,0.0012656330751573057
40,1000,0.3,integrated,False,True,33.1944157356217,21.720000000000017,2.68043208895717e-05,18.215411081758248,1.0404229651675259,0.0005256498846457036
41,1000,0.3,integrated,False,True,33.933700653386566,21.720000000000017,1.9994574126721837e-05,28.040949099717647,0.6002288184317568,0.0006825308795624082
42,1000,0.3,integrated,False,True,33.97516347681172,21.720000000000017,1.5529090523641944e-05,36.59824341248723,0.8484727099464301,0.0018834537355492992
43,1000,0.3,integrated,False,True,30.683978003192365,21.720000000000017,3.0057094503993207e-05,24.2145301859929,0.7907406711999104,0.0014301410428638
44,1000,0.3,integrated,False,True,33.64592293468646,21.720000000000017,2.4303346945737525e-05,32.08277692302923,0.6445975035503182,0.0005493893810913495
45,1000,0.3,integrated,False,True,32.761289595132396,21.720000000000017,2.4582955666023553e-05,31.969178408650386,0.5611774893128085,0.0007908753711521976
46,1000,0.3,integrated,False,True,31.766428261670953,21.720000000000017,2.1142773410147776e-05,19.39705518847976,0.5083895922220742,0.0010747599381868628
47,1000,0.3,integrated,False,True,33.857037718987755,21.720000000000017,1.5208812592936535e-05,21.187521693627808,0.85816226390582,0.0010061453326952552
48,1000,0.3,integrated,False,True,33.726313186128706,21.720000000000017,1.672458077919535e-05,19.9409251735748,0.43038468853750794,0.0006782055190035045
49,1000,0.3,integrated,False,True,36.83448745940342,21.720000000000017,1.2916712353766255e-05,28.506778325035683,0.8295676075571777,0.0005955747163027278
50,1000,0.3,integrated,False,True,30.43460097871881,21.720000000000017,3.1123165204586597e-05,15.45910454657573,0.5184816953043091,0.0009786218299373654
51,1000,0.3,integrated,False,True,33.08528503720015,21.720000000000017,2.107805976453813e-05,21.317963618038302,1.040551483560469,0.0008296647772974973
52,1000,0.3,integrated,False,True,34.219563305038605,21.720000000000017,2.0208743851254776e-05,35.35056917714725,0.7714403304512356,0.0007795250532960294
53,1000,0.3,integrated,False,True,33.43450994442547,21.720000000000017,1.4538703255394532e-05,18.224173807586762,0.6196908994511381,0.001008224608384931
54,1000,0.3,integrated,False,True,35.43939879805285,21.720000000000017,1.599692616745642e-05,24.197167483490645,1.3744831658135064,0.0007432089568890933
55,1000,0.3,integrated,False,True,32.71094598563127,21.720000000000017,2.147586708023964e-05,30.490037363195782,1.036446670517485,0.0014474652052125319
56,1000,0.3,integrated,False,True,30.096066058356755,21.720000000000017,2.6011422406500706e-05,12.830936137315817,0.4624740563697559,0.0013538836614210429
57,1000,0.3,integrated,False,True,35.24553017695284,21.720000000000017,1.403037416828781e-05,25.559146644680308,0.6317720989218532,0.0007463226032108281
58,1000,0.3,integrated,False,True,33.421605948536794,21.720000000000017,1.9702470734845105e-05,27.487393789226655,0.6563203395781296,0.0007978641876936197
59,1000,0.3,integrated,False,True,31.962955685655082,21.720000000000017,2.0229291300757356e-05,17.22101422802878,0.6339261253677314,0.0010078055056645973
60,1000,0.3,integrated,False,True,31.953024563020172,21.720000000000017,2.100348967472602e-05,17.56822289904713,0.5220766154908042,0.0009717829596740711
61,1000,0.3,integrated,False,True,33.35601014273846,21.720000000000017,1.558315591176644e-05,28.340188244912582,0.6296083955554921,0.0016285447859226217
62,1000,0.3,integrated,False,True,32.80630778977686,21.720000000000017,1.7413388123005476e-05,26.878768204769234,0.4452448958860336,0.0011662898168495238
63,1000,0.3,integrated,False,True,32.77231394589751,21.720000000000017,1.5663245461353055e-05,18.04827741796019,0.5041161481827637,0.001295578190758612
64,1000,0.3,integrated,False,True,32.519785739545924,21.720000000000017,2.475635142947831e-05,35.21350316896901,0.6903894367836392,0.0010325820776157558
65,1000,0.3,integrated,False,True,30.943641100013643,21.720000000000017,3.0052452465020982e-05,20.368875013554486,0.6908462245302526,0.0009792196768928353
66,1000,0.3,integrated,False,True,32.05388153022305,21.720000000000017,2.4256819752079442e-05,16.287300983001128,0.5333717668596345,0.0006851149855872844
67,1000,0.3,integrated,False,True,31.15700847675849,21.720000000000017,2.6848951435999496e-05,21.59236462745053,0.7504522248560879,0.001229805589008093
68,1000,0.3,integrated,False,True,32.424109704017454,21.720000000000017,2.036049287010302e-05,24.523106535893856,0.6769067666681959,0.0011277490283489965
69,1000,0.3,integrated,False,True,33.467568560489994,21.720000000000017,1.951394222424086e-05,26.6469764134163,0.6619053889969663,0.0007838344582716438
70,1000,0.3,integrated,False,True,32.52403013589874,21.720000000000017,2.1619751323650878e-05,24.176139129492256,0.6190356116748978,0.0009546230616594018
71,1000,0.3,integrated,False,True,35.64159174594593,21.720000000000017,1.1556742534180306e-05,17.516219018556797,0.9779758876101569,0.000780974498795357
72,1000,0.3,integrated,False,True,33.98112032911309,21.720000000000017,2.0557658268071318e-05,32.45084093885976,0.5044002929666284,0.0006396738142098138
73,1000,0.3,integrated,False,True,30.4888054430802,21.720000000000017,2.7915990814754322e-05,18.175434940087978,0.36420062220472493,0.0012067322745160452
74,1000,0.3,integrated,False,True,32.617667558466415,21.720000000000017,2.699890743233358e-05,25.695061044277256,1.326255785928528,0.0008546248907879061
75,1000,0.3,integrated,False,True,34.861662746646125,21.720000000000017,1.7248589002426695e-05,37.38737895896397,0.5117958457434769,0.0007784503927212569
76,1000,0.3,integrated,False,True,30.659310110554586,21.720000000000017,3.922229254260177e-05,45.47523391383182,0.8945623943870737,0.0014820566975071068
77,1000,0.3,integrated,False,True,32.00769543843096,21.720000000000017,2.0371404891948828e-05,18.278845852276643,0.4981180689496013,0.0009671054415366008
78,1000,0.3,integrated,False,True,32.634927211858695,21.720000000000017,2.3317989807014445e-05,12.886512384034246,0.5481233011726871,0.0005470839949753584
79,1000,0.3,integrated,False,True,33.20077556652468,21.720000000000017,1.7353429531203128e-05,20.317631305689446,0.648664285394415,0.0008520515807335199
80,1000,0.3,integrated,False,True,31.02776993154189,21.720000000000017,2.823016526496561e-05,11.800763377524847,0.8681859036666628,0.0009083255754847904
81,1000,0.3,integrated,False,True,33.84548479047408,21.720000000000017,1.5268209040108523e-05,21.45663627616432,0.7850214810654644,0.001032307117052537
82,1000,0.3,integrated,False,True,34.90794209597881,21.720000000000017,1.5195191515202061e-05,25.349432868018365,0.8449928603145878,0.0008250819993820114
83,1000,0.3,integrated,False,True,32.60567625916941,21.720000000000017,2.346834845381434e-05,19.96740712591996,0.4844193573536761,0.0005808153526471512
84,1000,0.3,integrated,False,True,32.57418834433997,21.720000000000017,2.333968395432406e-05,40.51952211151332,0.5633025750127305,0.0011958503057280419
85,1000,0.3,integrated,False,True,30.92495900756058,21.720000000000017,3.455137605902445e-05,25.060466337515805,0.7708557467154818,0.0009044821422842377
86,1000,0.3,integrated,False,True,29.89439355525525,21.720000000000017,3.949091163877562e-05,19.657715202564766,1.0405538855382617,0.0013105828760831056
87,1000,0.3,integrated,False,True,32.7272374056472,21.720000000000017,2.1544415521796305e-05,25.374227457406022,0.8156592729427361,0.0008981192305149415
88,1000,0.3,integrated,False,True,32.09573522989538,21.720000000000017,2.2670376931596055e-05,20.149523847262856,1.1426988032770087,0.0012349994162916397
89,1000,0.3,integrated,False,True,35.78278910459172,21.720000000000017,1.3272112511817848e-05,30.743615320679222,0.7083815348736495,0.0009129274213157613
90,1000,0.3,integrated,False,True,32.981005529549016,21.720000000000017,2.2451562316126055e-05,27.928001291175292,0.7419144739508508,0.0007865640883289246
91,1000,0.3,integrated,False,True,32.689957875647664,21.720000000000017,2.135910020095648e-05,21.136152914809756,0.7153145334755937,0.0008019134762336796
92,1000,0.3,integrated,False,True,34.307937317514615,21.720000000000017,1.8902095949401317e-05,26.255890718859682,0.778386091677363,0.0006297734033627315
93,1000,0.3,integrated,False,True,31.694635377079514,21.720000000000017,2.7214417575180265e-05,18.006490570697654,0.8259862761756306,0.0008593664429021317
94,1000,0.3,integrated,False,True,32.49927729731807,21.720000000000017,1.7659399929762716e-05,17.533766371196734,0.4581476981505658,0.0010046991142456632
95,1000,0.3,integrated,False,True,32.15627941112743,21.720000000000017,2.18407608640358e-05,17.97041818928005,0.9632376218809232,0.0009449759687469324
96,1000,0.3,integrated,False,True,32.00446203055009,21.720000000000017,2.6646457322825644e-05,15.160608828162504,1.0156172220754554,0.0007224500044616815
97,1000,0.3,integrated,False,True,31.294997331901293,21.720000000000017,3.134344399141526e-05,21.046415623488354,1.1941605514704865,0.0010126111645576798
98,1000,0.3,integrated,False,True,32.824449285199,21.720000000000017,2.8466183046405607e-05,25.531878391251684,0.9899184042021366,0.0005570435735234331
99,1000,0.3,integrated,False,True,33.13712792865744,21.720000000000017,1.554038448429114e-05,24.830259036192473,0.49110699139296526,0.0012086963166228802
100,1000,0.3,integrated,False,True,31.929687904444613,21.720000000000017,2.065805864768592e-05,18.025924438731042,0.5912547181239268,0.0011332010290067119
101,1000,0.3,integrated,False,True,30.389862177769714,21.720000000000017,2.7994548980468652e-05,16.089020603155824,0.6605231922970857,0.0013241561755724294
102,1000,0.3,integrated,False,True,31.515996046809335,21.720000000000017,2.1913617510557772e-05,22.5781320510405,0.6673568237432542,0.0015020341029383449
103,1000,0.3,integrated,False,True,31.605797458723416,21.720000000000017,1.793995882995754e-05,15.871644748623293,0.6129733803812677,0.0016495528755234579
104,1000,0.3,integrated,False,True,30.48770829272525,21.720000000000017,2.6583875095161973e-05,17.455809898905553,0.9884889756999526,0.0018366016202781461
105,1000,0.3,integrated,False,True,31.154862303464295,21.720000000000017,2.7086758694838526e-05,20.48832816337156,0.5237445873461,0.0010312965132557351
106,1000,0.3,integrated,False,True,31.15734589859163,21.720000000000017,2.52249383222517e-05,19.01250205259036,0.5825110331724301,0.00104154534199609
107,1000,0.3,integrated,False,True,33.216329047369655,21.720000000000017,1.4671394595903435e-05,18.398616475757013,0.6926201659984353,0.0013183320716248536
108,1000,0.3,integrated,False,True,32.112983395205255,21.720000000000017,2.7867563908757406e-05,30.26199163126099,0.3467346050742844,0.0006945958506168016
109,1000,0.3,integrated,False,True,33.883965468987775,21.720000000000017,1.6169902731659092e-05,19.661870655296937,1.1410578983204402,0.0010460603372544474
110,1000,0.3,integrated,False,True,33.60856469569277,21.720000000000017,2.1687781902970306e-05,31.62121345163642,0.5842906414104244,0.0007309360852607431
111,1000,0.3,integrated,False,True,30.706269200632086,21.720000000000017,2.9052898575708703e-05,16.773650454538917,0.38904315739504036,0.0009166656354038739
112,1000,0.3,integrated,False,True,31.95661258586239,21.720000000000017,2.172854248727061e-05,14.092409845434355,0.5656850364452423,0.0007439994686079891
113,1000,0.3,integrated,False,True,36.75242298812,21.720000000000017,1.5234914127235003e-05,35.99175180020118,0.9540969392692915,0.0006220554067789595
114,1000,0.3,integrated,False,True,31.854823419912037,21.720000000000017,2.441479310000714e-05,15.131608577714244,0.32192516857438896,0.0006738081008605545
115,1000,0.3,integrated,False,True,31.67650730817158,21.720000000000017,2.6586613104780597e-05,23.724560987938567,0.6480894694826914,0.0009304371740382698
116,1000,0.3,integrated,False,True,33.207770444084346,21.720000000000017,1.952567107154764e-05,17.3225791864107,0.46292827143549253,0.0005993110995202908
117,1000,0.3,integrated,False,True,33.99218666486867,21.720000000000017,1.7546810255977555e-05,19.97031320547664,0.6675093121035981,0.0006525100166326217
118,1000,0.3,integrated,False,True,32.64810899069948,21.720000000000017,2.7492691833479282e-05,19.56292635441991,0.7675613037828524,0.0005386617645320315
119,1000,0.3,integrated,False,True,33.342982055349914,21.720000000000017,2.287601272836769e-05,26.586748776880803,0.9137569996604684,0.0006891894905433345
120,1000,0.3,integrated,False,True,30.017691604829256,21.720000000000017,3.2608664203871865e-05,14.281544112197915,0.6377327192351927,0.0011880645335879325
121,1000,0.3,integrated,False,True,33.64961054654424,21.720000000000017,2.2810516077436438e-05,26.481152109032724,1.0544479008037997,0.0006608056893085485
122,1000,0.3,integrated,False,True,30.754515770302376,21.720000000000017,3.597639846411107e-05,23.05869936220159,1.4024962679878297,0.0012725364416457667
123,1000,0.3,integrated,False,True,32.2269282546381,21.720000000000017,2.7710121635695664e-05,28.392263266319848,0.689184832564743,0.00074164623519722
124,1000,0.3,integrated,False,True,32.076607635457464,21.720000000000017,1.9520323338571754e-05,18.220755911039447,0.4549107058451056,0.0010598483552338796
125,1000,0.3,integrated,False,True,31.82185382903237,21.720000000000017,1.9398100830163585e-05,20.18170852820934,0.5982736606820883,0.0013084010303537068
126,1000,0.3,integrated,False,True,31.318640472779762,21.720000000000017,2.7560040909859752e-05,28.35774873299774,0.8388431909557473,0.001380910093898071
127,1000,0.3,integrated,False,True,32.041739133451514,21.720000000000017,2.2355572641833425e-05,19.09225250014832,1.4039179186722017,0.001505120334665325
128,1000,0.3,integrated,False,True,31.463041518501925,21.720000000000017,2.8036235163669686e-05,23.603255415825625,1.0157078045533248,0.0010939113125114591
129,1000,0.3,integrated,False,True,33.65936240649817,21.720000000000017,1.5455722790175087e-05,29.94577738933034,0.5623440933839431,0.0014080238919481017
130,1000,0.3,integrated,False,True,33.029507404359514,21.720000000000017,1.9850868432170906e-05,20.184769090034113,1.0418533840811492,0.0008939743491510121
131,1000,0.3,integrated,False,True,31.009038041968218,21.720000000000017,2.5670628294366722e-05,23.98093282455054,0.4323414315160119,0.0012718224871345024
132,1000,0.3,integrated,False,True,32.286397518779225,21.720000000000017,2.504557750062556e-05,37.22568581010875,0.6599666835135963,0.0011691222662809728
133,1000,0.3,integrated,False,True,31.47666555329749,21.720000000000017,2.3989873317991427e-05,13.278578324421026,0.6558826765641332,0.0008657334968179174
134,1000,0.3,integrated,False,True,32.063060417005765,21.720000000000017,1.9058867214120335e-05,17.57812995802197,0.9450238814448589,0.001435516920219567
135,1000,0.3,integrated,False,True,32.26591091752914,21.720000000000017,2.5324040720509088e-05,22.000395399996197,0.6099383390078186,0.00075542311929173
136,1000,0.3,integrated,False,True,31.04968549557993,21.720000000000017,2.151516831481723e-05,11.90273683531243,0.8664832074864516,0.0014059418437159517
137,1000,0.3,integrated,False,True,30.292371999213024,21.720000000000017,4.2323839705210056e-05,25.005242090813315,0.653985887648787,0.0008787625377175816
138,1000,0.3,integrated,False,True,31.77109541020966,21.720000000000017,2.517039054927971e-05,13.488530982946617,1.1314459254065805,0.0008870290611948362
139,1000,0.3,integrated,False,True,30.300225790450927,21.720000000000017,3.137796147016505e-05,21.933653334522106,0.6009785292732751,0.0012804022897437877
140,1000,0.3,integrated,False,True,30.12556982767706,21.720000000000017,4.328877828780509e-05,25.95189746472272,0.8719769658265253,0.0010374373131943773
141,1000,0.3,integrated,False,True,30.886535601052323,21.720000000000017,2.722836552918314e-05,21.870880392996053,0.8482107397080819,0.001434782389764569
142,1000,0.3,integrated,False,True,30.844110026364554,21.720000000000017,2.5123080787399844e-05,23.21475499762859,0.5297421444470525,0.001458657342371281
143,1000,0.3,integrated,False,True,32.88543779167121,21.720000000000017,1.969741633766321e-05,30.39923526720585,0.5635438899094616,0.0012771424857655194
144,1000,0.3,integrated,False,True,33.038715184820894,21.720000000000017,1.7588490408079354e-05,26.84106952071173,0.650612470908493,0.0012837368916730533
145,1000,0.3,integrated,False,True,32.004495954120955,21.720000000000017,1.8985183720704383e-05,20.35158772742827,0.693249486864623,0.0013133818023391718
146,1000,0.3,integrated,False,True,29.85973870698185,21.720000000000017,3.4542014798433125e-05,14.051439797992312,0.5118654519773966,0.001101108282455745
147,1000,0.3,integrated,False,True,30.56595192117559,21.720000000000017,3.075631800855704e-05,25.822361244428144,0.47397946737241636,0.0011274846495299047
148,1000,0.3,integrated,False,True,32.74271871571703,21.720000000000017,2.5152645232088847e-05,15.020000749382444,1.437425976104378,0.000686657459087856
149,1000,0.3,integrated,False,True,31.895173128812612,21.720000000000017,2.27528205391162e-05,16.448031943426294,0.9662145343450363,0.0009860390591454635
150,1000,0.3,integrated,False,True,31.64233107068698,21.720000000000017,2.312896847390714e-05,21.307987428426497,0.6359810403274497,0.0010079056113390572
151,1000,0.3,integrated,False,True,32.7129307937014,21.720000000000017,2.185680403017267e-05,12.850245979640764,0.7164595338452541,0.0006000396135542499
152,1000,0.3,integrated,False,True,33.32924266763623,21.720000000000017,2.2860691752499027e-05,29.69813784350931,0.4923984655733372,0.0006014706705108068
153,1000,0.3,integrated,False,True,30.015252192316105,21.720000000000017,3.7183353113742415e-05,21.902364187671065,0.48984755390902995,0.0010452772489299798
154,1000,0.3,integrated,False,True,34.32532861829013,21.720000000000017,1.5535224536047442e-05,18.721944012756744,0.7595704487992636,0.0007779182548952973
155,1000,0.3,integrated,False,True,31.8583432019763,21.720000000000017,2.6936024676589037e-05,23.781862469849155,0.6978678050670458,0.0008935374711587491
156,1000,0.3,integrated,False,True,31.57851359016003,21.720000000000017,2.2144218837752813e-05,19.084970692146022,0.48229452781343535,0.0010881060752051515
157,1000,0.3,integrated,False,True,32.55047701508273,21.720000000000017,1.9371867942749967e-05,25.940846464946677,0.6261692490195563,0.0013315712926743677
158,1000,0.3,integrated,False,True,31.642443320212315,21.720000000000017,2.840229795978419e-05,27.120251536320293,0.7301914104742971,0.0009868913353604603
159,1000,0.3,integrated,False,True,34.222667369986226,21.720000000000017,1.9428468240288154e-05,32.829227901918244,0.7251219784780235,0.0007554074944516943
160,1000,0.3,integrated,False,True,28.78489555545223,21.720000000000017,5.12825254003195e-05,17.027266180469173,1.1364431731882798,0.0015695038787213824
161,1000,0.3,integrated,False,True,31.274044368161604,21.720000000000017,3.138613497493574e-05,32.60584464629129,0.4011381323950774,0.0008873420336246253
162,1000,0.3,integrated,False,True,30.64815873916124,21.720000000000017,3.2009735836969215e-05,11.373264145429907,0.6488528905524664,0.0008039998208537848
163,1000,0.3,integrated,False,True,31.83247555077377,21.720000000000017,2.342023188910487e-05,20.40573692005274,0.6333423940438547,0.0009881758246261967
164,1000,0.3,integrated,False,True,32.03986687229322,21.720000000000017,2.3947061045525754e-05,20.689940696031,0.5563864311625599,0.0007716477605835626
165,1000,0.3,integrated,False,True,31.817478436872022,21.720000000000017,2.0024185315399582e-05,16.48924369927131,1.0088248728643427,0.0016684701650442528
166,1000,0.3,integrated,False,True,33.49312515665143,21.720000000000017,1.6405053913212236e-05,16.43401835622006,0.6552513717555974,0.0007144990851408288
167,1000,0.3,integrated,False,True,32.018862516912144,21.720000000000017,1.986837937251556e-05,24.37711780001342,0.6079160700993239,0.0013992290575510502
168,1000,0.3,integrated,False,True,32.11552444356269,21.720000000000017,2.242686071260088e-05,28.786684217714516,0.5176514600846649,0.001127648986369447
169,1000,0.3,integrated,False,True,34.90386464627007,21.720000000000017,1.5589858377828136e-05,20.394718171354395,1.1385024725549409,0.0007129323768575094
170,1000,0.3,integrated,False,True,31.26228295919945,21.720000000000017,2.6815258810106453e-05,18.041188338250034,0.8011978603333593,0.0009987259241645945
171,1000,0.3,integrated,False,True,33.27442487729618,21.720000000000017,1.933556685729315e-05,19.777033000823835,1.068459016352239,0.0008981550654104484
172,1000,0.3,integrated,False,True,32.11273282407523,21.720000000000017,1.9765367165551196e-05,16.417942738931917,0.8088208897412417,0.0011309627297986517
173,1000,0.3,integrated,False,True,31.666238595758767,21.720000000000017,3.064101844850319e-05,25.81921144829893,0.5442159207571179,0.0007421655949896016
174,1000,0.3,integrated,False,True,32.44746863895706,21.720000000000017,1.9220243657684085e-05,18.791529041127657,0.8128701613259836,0.0011620486487246284
175,1000,0.3,integrated,False,True,31.229636120002205,21.720000000000017,4.282061172976593e-05,42.94882789026118,1.0271146746314777,0.0009210367094498766
176,1000,0.3,integrated,False,True,32.48829798818501,21.720000000000017,2.235694474840371e-05,31.952477786622527,0.35867897619266115,0.001006821532954769
177,1000,0.3,integrated,False,True,31.48988168878647,21.720000000000017,3.157582125792877e-05,24.348872488877305,0.9594748404756123,0.0008404807081519595
178,1000,0.3,integrated,False,True,32.01852511226828,21.720000000000017,1.991680241010935e-05,21.694940569121382,0.5491556282192565,0.0012564632727390338
179,1000,0.3,integrated,False,True,32.39824945132832,21.720000000000017,2.0791488516734113e-05,26.082708019122638,0.6349334855871127,0.0011472538124546181
180,1000,0.3,integrated,False,True,32.354415265505935,21.720000000000017,2.683172201476634e-05,30.09931408761982,1.3983141024542545,0.0011262997191439203
181,1000,0.3,integrated,False,True,33.828830464955466,21.720000000000017,1.953991438400729e-05,33.13349657603669,0.6007034446885566,0.0008237020035527342
182,1000,0.3,integrated,False,True,31.9782357826058,21.720000000000017,2.6093835395971047e-05,33.67400613439672,0.619707357987373,0.0010640958694077504
183,1000,0.3,integrated,False,True,32.47101938368703,21.720000000000017,2.6054576758062996e-05,22.313230023051883,0.761618161790664,0.0006560124653777834
184,1000,0.3,integrated,False,True,32.48425537169982,21.720000000000017,2.0926590611974982e-05,13.856279586177168,0.751336027878568,0.0007337968526825354
185,1000,0.3,integrated,False,True,31.71650426100244,21.720000000000017,2.386325341165255e-05,18.564119744757082,0.5028108408918468,0.0008156887059421385
186,1000,0.3,integrated,False,True,32.70472181941393,21.720000000000017,2.1348175782391196e-05,24.288291243377,0.45626228751578546,0.0007721653945780972
187,1000,0.3,integrated,False,True,30.028381841826672,21.720000000000017,2.806547423291274e-05,11.581799152805724,0.7896591231165683,0.0014911775806696606
188,1000,0.3,integrated,False,True,31.212582021546115,21.720000000000017,2.8779557043427647e-05,21.371578071614277,0.8999274467780932,0.0010278490406092353
189,1000,0.3,integrated,False,True,31.63039831224186,21.720000000000017,2.5520442719529466e-05,30.35240154803477,0.5241705547458575,0.001073598692301611
190,1000,0.3,integrated,False,True,31.501898734539676,21.720000000000017,2.041702422132409e-05,20.869233671471676,0.34923768173900444,0.0012603596178215938
191,1000,0.3,integrated,False,True,32.21478800667671,21.720000000000017,2.1914153691447377e-05,19.339834576944753,0.8970750652033078,0.0010587117107371717
192,1000,0.3,integrated,False,True,32.358519462034565,21.720000000000017,2.7802602521617576e-05,29.857347822464718,0.8987604759292049,0.0008242928936097263
193,1000,0.3,integrated,False,True,31.34951933260298,21.720000000000017,2.6556403206209317e-05,26.650386056690767,0.6743718262672883,0.001237211576991143
194,1000,0.3,integrated,False,True,31.959045512603147,21.720000000000017,2.05586398884481e-05,15.679691456351517,0.9065014056049223,0.001039193468443812
195,1000,0.3,integrated,False,True,31.474662173392332,21.720000000000017,2.566101433407491e-05,17.649593640593988,0.6778014322815816,0.0008702401364033504
196,1000,0.3,integrated,False,True,32.29768219667422,21.720000000000017,1.9992942441777922e-05,19.893594110530373,0.5351626301412716,0.0009253212448600985
197,1000,0.3,integrated,False,True,31.701986390307198,21.720000000000017,2.6252928202365357e-05,27.232595689073676,0.59589290931685,0.0010105047478367918
198,1000,0.3,integrated,False,True,32.58459064768278,21.720000000000017,2.1631360682639453e-05,18.31818637760056,0.38233734540429776,0.0007038325546907409
199,1000,0.3,integrated,False,True,31.457897800265286,21.720000000000017,2.4983406782232388e-05,18.499245673120477,0.54218695910465,0.0009340978936977929
200,1000,0.3,integrated,False,True,33.11809392854512,21.720000000000017,2.3856643065463835e-05,33.690575621199876,0.8084247171828617,0.0008408860344299337
201,1000,0.3,integrated,False,True,30.314436506435875,21.720000000000017,2.293648340683864e-05,26.860928429093306,0.31361894749621794,0.002763478197175078
202,1000,0.3,integrated,False,True,34.174375931050406,21.720000000000017,1.5709023434141297e-05,34.250378668293806,0.612161027597895,0.0014212743680143713
203,1000,0.3,integrated,False,True,31.688640217887652,21.720000000000017,2.1808153935298812e-05,20.42901629634485,0.8263928035324877,0.0013885687670339003
204,1000,0.3,integrated,False,True,33.27481510864416,21.720000000000017,1.564271559268354e-05,28.41255832516156,0.5468372523533171,0.001516307414960522
205,1000,0.3,integrated,False,True,31.930074242069296,21.720000000000017,2.1349582918225552e-05,16.16624180367754,0.7151842247943265,0.0010855481727163416
206,1000,0.3,integrated,False,True,30.824900890305074,21.720000000000017,3.336894578416072e-05,28.812137980726067,0.41724855734680405,0.0008804821103826387
207,1000,0.3,integrated,False,True,30.455243971973573,21.720000000000017,2.9168053219676024e-05,17.72155804068899,0.6570608637327151,0.0012694367649627935
208,1000,0.3,integrated,False,True,30.149781393505577,21.720000000000017,3.59539653470727e-05,20.937438854214747,1.1942992873814533,0.0014659695847483608
209,1000,0.3,integrated,False,True,33.50497899103786,21.720000000000017,2.215626034113081e-05,39.68931886832614,0.7853331517678224,0.0010602334898646194
210,1000,0.3,integrated,False,True,32.468318127826855,21.720000000000017,2.0395925820966553e-05,24.512474639283575,0.7285802526617919,0.0010016877774308378
211,1000,0.3,integrated,False,True,33.87450713026776,21.720000000000017,2.1408227419587332e-05,49.88632649103702,0.7407657535487717,0.0013173469607216243
212,1000,0.3,integrated,False,True,31.205505562091115,21.720000000000017,2.5617568217495065e-05,17.051751897264545,0.6479003565226544,0.0010275938140921136
213,1000,0.3,integrated,False,True,32.61692506953632,21.720000000000017,1.8982053525834517e-05,23.901440340530623,0.3633062024031092,0.0009353169113165237
214,1000,0.3,integrated,False,True,33.38424986843193,21.720000000000017,1.7939593982091068e-05,18.354540443787887,0.9206524572453075,0.0008647118383857771
215,1000,0.3,integrated,False,True,29.69259314274079,21.720000000000017,3.605339311540458e-05,16.97107146736671,0.4073314484339745,0.0011244349721820201
216,1000,0.3,integrated,False,True,32.80179574221566,21.720000000000017,1.753532969588236e-05,21.97916125011202,0.5359645637701749,0.0011102969004264482
217,1000,0.3,integrated,False,True,30.376564914339703,21.720000000000017,4.0220735015491496e-05,33.416590972362776,0.7056188092892369,0.0011160645092669268
218,1000,0.3,integrated,False,True,31.291442329309394,21.720000000000017,2.6953286676095617e-05,24.81242861070425,0.6350311518218069,0.0011214798368983127
219,1000,0.3,integrated,False,True,32.451499952466875,21.720000000000017,1.843523177743087e-05,22.324958035491786,0.6203691438690481,0.001232888323216492
220,1000,0.3,integrated,False,True,31.75787218224024,21.720000000000017,3.1054752599561926e-05,26.28776844779007,0.8260245191412134,0.0008115498935077357
221,1000,0.3,integrated,False,True,32.20690601288078,21.720000000000017,2.533250213544748e-05,21.425096313312363,1.0797391316355927,0.0008444206185857549
222,1000,0.3,integrated,False,True,32.496726698928526,21.720000000000017,1.990122705675502e-05,14.744218619294452,0.7905903428221687,0.0008501293329511141
223,1000,0.3,integrated,False,True,32.19893999048073,21.720000000000017,2.6518936327707547e-05,24.337522712137766,0.680859901004413,0.0008236058954672103
224,1000,0.3,integrated,False,True,31.845863467823747,21.720000000000017,2.6003245278990344e-05,29.089236435487965,0.7298219252138426,0.0010843834048019458
225,1000,0.3,integrated,False,True,32.70040525355245,21.720000000000017,2.365498046434465e-05,34.81326666288606,0.9076694040013913,0.0013674963102339492
226,1000,0.3,integrated,False,True,31.318821017568666,21.720000000000017,2.7034511273911245e-05,27.646069462030727,1.1513539698390913,0.0018511227518579563
227,1000,0.3,integrated,False,True,32.236771416173085,21.720000000000017,2.090620373071947e-05,15.227655309664184,1.069415181255518,0.0010051097048223783
228,1000,0.3,integrated,False,True,30.499727801294444,21.720000000000017,4.051941419115365e-05,29.100461530767213,0.6990079979748273,0.000905429593235894
229,1000,0.3,integrated,False,True,30.6209856900973,21.720000000000017,3.300842483325858e-05,20.388877690587176,0.8803462133385513,0.001085461754677219
230,1000,0.3,integrated,False,True,30.14407511250281,21.720000000000017,3.1212334678516385e-05,22.362544837327288,0.622330561113718,0.0014758310349242971
231,1000,0.3,integrated,False,True,31.107362124676005,21.720000000000017,2.7277509191685967e-05,21.255327927724647,0.5954220488903763,0.0010867619710698473
232,1000,0.3,integrated,False,True,32.27011930596096,21.720000000000017,2.9761529992562714e-05,34.2630675391056,0.44226197711254295,0.0006528821697399498
233,1000,0.3,integrated,False,True,34.78364917800066,21.720000000000017,1.6240519505925244e-05,23.9187635128878,0.7414051175042407,0.0006643736802754752
234,1000,0.3,integrated,False,True,32.04802392405487,21.720000000000017,2.9162125650744136e-05,36.660140237470436,0.8430604841045845,0.001034057582693031
235,1000,0.3,integrated,False,True,34.19018644033252,21.720000000000017,1.9717081600404013e-05,42.954280310884144,0.5992012679864747,0.0010509877040168162
236,1000,0.3,integrated,False,True,31.804126073061973,21.720000000000017,2.506801700848722e-05,23.47832823812031,1.015017758729786,0.0012611419487226056
237,1000,0.3,integrated,False,True,33.04160835104631,21.720000000000017,1.6325765999797684e-05,18.990371797553312,0.5176849596168628,0.0009241278547683368
238,1000,0.3,integrated,False,True,34.20965883250319,21.720000000000017,1.4521512746777507e-05,27.50215065712021,0.6273532917599064,0.0013318347746240915
239,1000,0.3,integrated,False,True,31.01269630759561,21.720000000000017,2.7499661168901694e-05,25.19413115464514,0.5998252346804976,0.0012046019831907623
240,1000,0.3,integrated,False,True,32.71957289562452,21.720000000000017,2.156030830815921e-05,21.57444105709427,0.6246920757352963,0.0007779155593619895
241,1000,0.3,integrated,False,True,31.975055172353613,21.720000000000017,2.454907151180647e-05,16.99752998005655,0.9109389403654715,0.0008431513495956225
242,1000,0.3,integrated,False,True,31.477536389846495,21.720000000000017,2.4632524559665948e-05,16.87017573852185,0.7671096224375202,0.001004868094577735
243,1000,0.3,integrated,False,True,34.11940709982098,21.720000000000017,1.8270857538130393e-05,15.981403159515297,0.7911520923124471,0.0005251774028087128
244,1000,0.3,integrated,False,True,32.503043798809365,21.720000000000017,2.3922087413894393e-05,20.760950158379977,1.064083856217946,0.0008716486615075671
245,1000,0.3,integrated,False,True,31.862525493440245,21.720000000000017,3.560447401208388e-05,15.644825740131306,0.9702528179655595,0.0004999070450137459
246,1000,0.3,integrated,False,True,31.484785400354873,21.720000000000017,2.3567408250603875e-05,19.896275498478456,0.46455718175186783,0.0009595295292350067
247,1000,0.3,integrated,False,True,32.79318634998778,21.720000000000017,2.0573195438128088e-05,20.743020306656618,0.4557150267775552,0.0007425368427038105
248,1000,0.3,integrated,False,True,34.09183101151184,21.720000000000017,1.962906841511321e-05,33.079285511029525,0.8456030050010861,0.0008403999794587685
249,1000,0.3,integrated,False,True,33.20410434525061,21.720000000000017,1.7100061676752558e-05,19.58096178749731,0.7198020513156522,0.0009754198851704914
250,1000,0.3,integrated,False,True,30.431194939483206,21.720000000000017,2.9318353747987964e-05,23.212128031445282,0.7521062399481405,0.001628796441866191
251,1000,0.3,integrated,False,True,30.493787028220435,21.720000000000017,2.9904671977954316e-05,17.33763915100084,0.671086616991286,0.0011312164624096169
252,1000,0.3,integrated,False,True,33.59459049994986,21.720000000000017,1.5599194549847702e-05,18.425900163178394,0.5490424358304463,0.0009092812935011464
253,1000,0.3,integrated,False,True,30.57544262589811,21.720000000000017,3.293328664035496e-05,26.648264115273445,0.6007514864114908,0.001171811612424444
254,1000,0.3,integrated,False,True,31.159910472694655,21.720000000000017,3.2031351157133515e-05,22.535591333822495,0.8077474267974618,0.0009394990678618043
255,1000,0.3,integrated,False,True,29.724660773355737,21.720000000000017,3.8258130157474756e-05,24.99482610496462,0.44297905585353303,0.0012141845129276959
256,1000,0.3,integrated,False,True,32.72161873293926,21.720000000000017,1.8319256897694522e-05,19.126379735646587,0.6930877187428821,0.0008959067532612501
257,1000,0.3,integrated,False,True,31.363039839644152,21.720000000000017,3.441618976012543e-05,27.4135101129545,0.7416369854560823,0.0007905851909406747
258,1000,0.3,integrated,False,True,31.556041620904175,21.720000000000017,2.228536816586616e-05,18.045588034951248,0.43751762909717207,0.00102294954065783
259,1000,0.3,integrated,False,True,32.239032952192446,21.720000000000017,2.4838164813140876e-05,26.52052394817066,0.5048068252668882,0.0008378010201084894
260,1000,0.3,integrated,False,True,32.96361557235943,21.720000000000017,1.630548434190882e-05,19.40401998615847,0.7937830891981218,0.0011817573826868653
261,1000,0.3,integrated,False,True,33.55062751262626,21.720000000000017,1.6264157858652723e-05,30.121409771242664,0.9571051270520659,0.0016885876276948658
262,1000,0.3,integrated,False,True,31.45441007506519,21.720000000000017,1.9106750754086692e-05,11.107101148998112,0.519664074006882,0.0011024015635077574
263,1000,0.3,integrated,False,True,32.729764329060906,21.720000000000017,1.868343887125389e-05,19.570334674712335,0.6610478937585874,0.0010511550022375077
264,1000,0.3,integrated,False,True,31.675931557130504,21.720000000000017,2.995081586488008e-05,23.39185096332572,0.9151792551655406,0.0007952108968615208
265,1000,0.3,integrated,False,True,33.02938649201144,21.720000000000017,2.6440853636293123e-05,32.83103664880369,0.9743077777419851,0.0007200640510709896
266,1000,0.3,integrated,False,True,32.156383728803895,21.720000000000017,2.7087009383472145e-05,21.285405920253716,1.0163737737131562,0.0007730841767326696
267,1000,0.3,integrated,False,True,34.542306682674024,21.720000000000017,1.7489282965452144e-05,25.946810448436167,0.8951509739899229,0.0006915343617443673
268,1000,0.3,integrated,False,True,31.07384232853129,21.720000000000017,2.9325941491902335e-05,18.836723943180782,0.614245660946549,0.0008545377435938894
269,1000,0.3,integrated,False,True,32.642961700772545,21.720000000000017,2.4126408760485403e-05,43.66520221660797,0.8703923190593682,0.0016036104216710556
270,1000,0.3,integrated,False,True,32.15519583309069,21.720000000000017,2.156637893215571e-05,23.757430165069692,0.3697456289165112,0.0008561912152157441
271,1000,0.3,integrated,False,True,30.998626762754142,21.720000000000017,2.745776286829728e-05,18.292953261260717,0.7367521756571092,0.0011882489375902485
272,1000,0.3,integrated,False,True,32.37695653969279,21.720000000000017,2.7623472694981877e-05,25.490990967773254,1.160684671849348,0.0008810631391439423
273,1000,0.3,integrated,False,True,32.2517691580216,21.720000000000017,2.0263509608459587e-05,24.90249568263676,0.5054815532166826,0.0010959644102097514
274,1000,0.3,integrated,False,True,31.029038736461658,21.720000000000017,3.092651675643037e-05,16.99788951542936,0.5772323771955938,0.0007473951014937486
275,1000,0.3,integrated,False,True,32.026223842465846,21.720000000000017,2.4032128449044576e-05,20.822580626483354,0.6640568462947939,0.0008651175488258382
276,1000,0.3,integrated,False,True,30.976799909438746,21.720000000000017,2.923544058571955e-05,16.268784636836987,0.5982572083975926,0.000886466277335143
277,1000,0.3,integrated,False,True,33.514460962508394,21.720000000000017,1.8467483504990644e-05,21.513827345187327,0.5249682685389677,0.0006879461746060767
278,1000,0.3,integrated,False,True,31.971334125109586,21.720000000000017,3.566181682249184e-05,20.143424640917388,1.0455299348342717,0.0005744753286915375
279,1000,0.3,integrated,False,True,33.14433125393583,21.720000000000017,2.2956967938146652e-05,30.956468079047305,0.8083951086127046,0.0008356815645628587
280,1000,0.3,integrated,False,True,31.473515774439445,21.720000000000017,2.6830817885941498e-05,18.802590823105213,0.5437517692714937,0.0008371987168245271
281,1000,0.3,integrated,False,True,30.773838773636697,21.720000000000017,2.9632719586552603e-05,16.22451611050643,0.6408629369332784,0.0009914258706863513
282,1000,0.3,integrated,False,True,32.610287193846005,21.720000000000017,1.844505054599071e-05,29.19367050382864,0.4993196162786823,0.0013579806513505722
283,1000,0.3,integrated,False,True,34.03979737933137,21.720000000000017,1.6448416120965202e-05,29.54881326229352,0.6355453986786423,0.0009522127526180946
284,1000,0.3,integrated,False,True,31.364937965764867,21.720000000000017,2.7475492781774076e-05,18.308898496005654,0.842298780973443,0.0009905420622878028
285,1000,0.3,integrated,False,True,33.097187357363765,21.720000000000017,1.7605759308297788e-05,22.421256145462493,0.5789239426589295,0.0011148707160611132
286,1000,0.3,integrated,False,True,31.958414318128888,21.720000000000017,2.0968030217582424e-05,19.283642397841867,0.5717466427660894,0.0010880343814435236
287,1000,0.3,integrated,False,True,30.84878840689612,21.720000000000017,2.8692292789682963e-05,30.448479962721517,0.5406056048220038,0.0013483658407971511
288,1000,0.3,integrated,False,True,30.53506336592148,21.720000000000017,2.9846235893120577e-05,23.391057950903313,0.7644340522919199,0.0015709213770790584
289,1000,0.3,integrated,False,True,30.920000684840733,21.720000000000017,1.9596234644540357e-05,20.106252158397602,0.5006579692031262,0.0020067394539851962
290,1000,0.3,integrated,False,True,32.03733021856935,21.720000000000017,2.8366470671344316e-05,33.93501165694359,1.1070780976420125,0.001105124427520356
291,1000,0.3,integrated,False,True,33.000941370151665,21.720000000000017,2.0598774486683565e-05,23.723006722810037,0.9751288053833308,0.0010216916534014264
292,1000,0.3,integrated,False,True,33.09676697713688,21.720000000000017,2.160179212451266e-05,23.108902283572736,0.9927107141384014,0.0007860183525344467
293,1000,0.3,integrated,False,True,32.11559918142165,21.720000000000017,2.3423597768530922e-05,30.027828300601726,0.7463701395832788,0.0012409987872424428
294,1000,0.3,integrated,False,True,32.893823564312456,21.720000000000017,3.0329260787562464e-05,29.635251056927157,0.8710230345561899,0.0005451664351922995
295,1000,0.3,integrated,False,True,36.1390820869435,21.720000000000017,1.3916524476666492e-05,26.28666275328132,2.043284379210798,0.001267974995693038
296,1000,0.3,integrated,False,True,30.54482968805532,21.720000000000017,4.68366465970832e-05,23.371681875176293,0.41322716772651635,0.0005829659696786043
297,1000,0.3,integrated,False,True,32.781769185332124,21.720000000000017,1.9363027055446897e-05,29.652992674510234,0.9359930591902166,0.001492887131840024
298,1000,0.3,integrated,False,True,31.858426730967512,21.720000000000017,2.5685306671907797e-05,18.51952933661907,0.5489861443437453,0.0007619330575994722
299,1000,0.3,integrated,False,True,31.85905217634168,21.720000000000017,2.58526552797204e-05,27.989243424535214,0.5268529020908428,0.0009765695731602621
300,1000,0.3,integrated,False,True,30.487176101025728,21.720000000000017,2.8199502996739646e-05,19.181820827713334,0.9378638150257467,0.0015805055360036666
301,1000,0.3,integrated,False,True,31.096475059566004,21.720000000000017,3.093786594394041e-05,32.989157114094,0.6122972365683499,0.0012751771536992711
302,1000,0.3,integrated,False,True,32.11696781011885,21.720000000000017,2.3394914266060483e-05,18.58369156024741,1.1234695138427004,0.0010097729592558186
303,1000,0.3,integrated,False,True,32.80321700008615,21.720000000000017,2.9464889241723555e-05,35.98943363896388,0.7045826573978567,0.000646108440360934
304,1000,0.3,integrated,False,True,31.150945849017255,21.720000000000017,3.005387983734521e-05,26.37951657896183,1.1662057665515995,0.0014882710537204619
305,1000,0.3,integrated,False,True,30.652320209235114,21.720000000000017,2.6657524122135614e-05,15.658013433044061,0.40256483899000317,0.0010411639714896766
306,1000,0.3,integrated,False,True,32.99012425132377,21.720000000000017,1.801734422664227e-05,18.483658318524785,0.9382877843134825,0.0009976763731394862
307,1000,0.3,integrated,False,True,32.735251883721304,21.720000000000017,2.489670010697518e-05,16.472782907992176,1.1559420116268864,0.0006372925986691273
308,1000,0.3,integrated,False,True,32.104997988944824,21.720000000000017,2.2744088036914226e-05,18.096160559691835,0.687226786880334,0.0007971210256053614
309,1000,0.3,integrated,False,True,31.689089024023005,21.720000000000017,1.9937239675586234e-05,24.99838372446513,0.6066741019722003,0.0016122440488968758
310,1000,0.3,integrated,False,True,36.07267640259484,21.720000000000017,1.5000723356454713e-05,30.075131063267943,1.4442955811597051,0.0009767392225393384
311,1000,0.3,integrated,False,True,32.953257443134234,21.720000000000017,1.9948755217261564e-05,25.83598971875743,1.0909615805426063,0.0013252199895976361
312,1000,0.3,integrated,False,True,32.972479960002644,21.720000000000017,2.4695954324870396e-05,45.1425953860588,0.4186104250314394,0.0009581141865826921
313,1000,0.3,integrated,False,True,30.941826518342985,21.720000000000017,3.113196021298288e-05,33.6492945360915,0.5844098278095515,0.0012752531357187497
314,1000,0.3,integrated,False,True,32.784870538116024,21.720000000000017,2.271473215515435e-05,25.363156297812846,0.6954290487935127,0.0008294467049733047
315,1000,0.3,integrated,False,True,32.999674832990884,21.720000000000017,2.8447843591863733e-05,20.290880684978667,0.7965218989434254,0.0004977234859772405
316,1000,0.3,integrated,False,True,29.524658206571708,21.720000000000017,3.838480115894871e-05,17.35239600831612,1.316552628441544,0.0018137210577644789
317,1000,0.3,integrated,False,True,34.739989983035215,21.720000000000017,1.5127568039277534e-05,35.233515348071386,0.5936961925701195,0.0010866402040871255
318,1000,0.3,integrated,False,True,34.53321493021208,21.720000000000017,1.8915672080497264e-05,33.74443424530615,0.5022455115392839,0.0005982194649584871
319,1000,0.3,integrated,False,True,30.621025888962336,21.720000000000017,3.099361244730795e-05,11.78373673167952,0.4851650305096108,0.0008055572393537892
320,1000,0.3,integrated,False,True,31.171903661168216,21.720000000000017,2.4142071176946234e-05,18.24218817679892,0.7451665475878919,0.0012386367338389486
321,1000,0.3,integrated,False,True,31.2193282223746,21.720000000000017,3.0534042527174405e-05,19.70943389260487,0.6589095932781563,0.0008475511803139912
322,1000,0.3,integrated,False,True,30.885693103027872,21.720000000000017,3.87186281215618e-05,29.604616070292106,0.8154412705889266,0.0008844108249823783
323,1000,0.3,integrated,False,True,33.725104291630984,21.720000000000017,1.7058366630957925e-05,30.145644773090574,0.8514111156920996,0.001235320458083945
324,1000,0.3,integrated,False,True,32.55415502272677,21.720000000000017,1.8385207487095065e-05,11.779169558817216,0.6108863606400013,0.0007961561405432144
325,1000,0.3,integrated,False,True,36.01026653916517,21.720000000000017,1.2434316126215645e-05,24.666018965584325,0.6837977518833378,0.0007215556580123658
326,1000,0.3,integrated,False,True,32.29922126090299,21.720000000000017,2.284340185148523e-05,21.824699954702666,0.7314690150224016,0.0008110662197403074
327,1000,0.3,integrated,False,True,32.25488780987152,21.720000000000017,2.101047888020844e-05,22.41045505863956,0.6654107356250776,0.0010516634086592009
328,1000,0.3,integrated,False,True,33.80795858181496,21.720000000000017,1.5061575633319713e-05,24.53518404940224,0.6072362982553338,0.0010307224681235542
329,1000,0.3,integrated,False,True,30.539088169009545,21.720000000000017,3.213836850819292e-05,20.65495071440871,0.6651782237579622,0.001069440781529124
330,1000,0.3,integrated,False,True,31.368182725398512,21.720000000000017,2.263563696266806e-05,11.618562568389535,0.48369456265386307,0.0008688333098365073
331,1000,0.3,integrated,False,True,31.498596329434875,21.720000000000017,2.759560258868063e-05,22.353531648233293,0.5785769035498335,0.0008852464312489347
332,1000,0.3,integrated,False,True,29.716018683656493,21.720000000000017,3.6831528241251996e-05,30.44356830620079,0.7131710220887325,0.0019034427694364408
333,1000,0.3,integrated,False,True,30.49085453580765,21.720000000000017,3.733717445185407e-05,13.908105585900575,0.7835696784198053,0.0008151766387507363
334,1000,0.3,integrated,False,True,32.22561805189426,21.720000000000017,2.105091303695778e-05,17.330520475866862,0.6393318260614054,0.0008838331366172944
335,1000,0.3,integrated,False,True,31.306848213907223,21.720000000000017,2.3885719780089178e-05,19.79770986042501,0.6394215050721663,0.0012303441532225858
336,1000,0.3,integrated,False,True,31.177121620802048,21.720000000000017,2.8086877839970235e-05,31.823012349210696,0.6590041835618591,0.0013292305454332377
337,1000,0.3,integrated,False,True,35.835606083536106,21.720000000000017,1.4402819473840569e-05,22.418944566569365,0.7981566549543117,0.0005236494147924469
338,1000,0.3,integrated,False,True,29.660888113454007,21.720000000000017,5.043834395940772e-05,36.27611843292977,0.2177960187850999,0.0008996029586618317
339,1000,0.3,integrated,False,True,31.13740921125341,21.720000000000017,2.203983554525757e-05,13.940318460401562,0.7832845381012227,0.001359858246300227
340,1000,0.3,integrated,False,True,31.778462259092365,21.720000000000017,3.401280950789561e-05,37.99528281360672,0.8992304379013547,0.0009637447895399056
341,1000,0.3,integrated,False,True,31.22714020408498,21.720000000000017,3.1161284281412906e-05,22.116388134028757,0.8350176712709424,0.0008938490555085231
342,1000,0.3,integrated,False,True,32.32014943247259,21.720000000000017,2.3502335725831327e-05,19.71689770499411,0.5560265302196914,0.0006851158299617234
343,1000,0.3,integrated,False,True,33.000780214958695,21.720000000000017,1.9511929863135824e-05,21.065383782805462,1.1473219676308217,0.0009596450538054028
344,1000,0.3,integrated,False,True,32.47668136722803,21.720000000000017,2.0022731295268742e-05,18.409181410163065,0.6550298123472096,0.0008938433325322625
345,1000,0.3,integrated,False,True,31.853683209050445,21.720000000000017,2.5447670827581728e-05,25.48601049119958,0.5808636099739068,0.0009550958757386023
346,1000,0.3,integrated,False,True,33.01849054602182,21.720000000000017,1.5414357575510083e-05,23.64647731242367,0.6533792201667137,0.0015232411021721354
347,1000,0.3,integrated,False,True,30.581081851659704,21.720000000000017,3.9696811039205814e-05,23.506808232221772,0.46151341347037933,0.0006974930806305967
348,1000,0.3,integrated,False,True,31.725464301037725,21.720000000000017,2.3903559725049626e-05,17.16961456093401,0.6025927729548286,0.000872049270483529
349,1000,0.3,integrated,False,True,31.395274412334807,21.720000000000017,2.8040300541512683e-05,26.801032184795908,0.7049732642898355,0.0010191150878714173
350,1000,0.3,integrated,False,True,33.95542691472899,21.720000000000017,1.902148765559833e-05,37.766609672380206,0.6381835944739468,0.000911075935968091
351,1000,0.3,integrated,False,True,32.894264480203724,21.720000000000017,1.4939179124603404e-05,16.024045814065495,0.6820432366235585,0.0012458085704229486
352,1000,0.3,integrated,False,True,31.748602398086156,21.720000000000017,2.487865200733069e-05,30.606293953293783,0.4873304888779695,0.001091944324889546
353,1000,0.3,integrated,False,True,32.064065651316405,21.720000000000017,1.7246343827782987e-05,17.378147614081122,0.670736635034987,0.0013437090417174474
354,1000,0.3,integrated,False,True,30.775055379570354,21.720000000000017,2.5857762327608943e-05,19.46009955014638,0.5918763756938787,0.0012595331983777862
355,1000,0.3,integrated,False,True,32.20344878574947,21.720000000000017,2.1174979671199626e-05,22.851859170320626,0.8290135905807942,0.0011967526042335397
356,1000,0.3,integrated,False,True,32.45431807366546,21.720000000000017,2.548693982066894e-05,18.903713675208365,1.1391214372434655,0.0007699212846848895
357,1000,0.3,integrated,False,True,33.44416923715623,21.720000000000017,1.692691587901383e-05,28.118838870191823,0.33910495728307616,0.0009774281428820205
358,1000,0.3,integrated,False,True,31.731860533782573,21.720000000000017,3.255407031970952e-05,21.22281840723208,0.7867325543446185,0.0006103112295674876
359,1000,0.3,integrated,False,True,32.98671159717069,21.720000000000017,2.0606012433402976e-05,20.612311292159177,0.6029017323053394,0.0007345226545092566
360,1000,0.3,integrated,False,True,30.29439567042762,21.720000000000017,3.220625659763671e-05,22.54969198169774,0.8468803104255214,0.0014592429194134127
361,1000,0.3,integrated,False,True,33.14477063891336,21.720000000000017,1.9297133548386263e-05,20.97529975633953,0.73259868168666,0.0008060891960025824
362,1000,0.3,integrated,False,True,33.93368699926654,21.720000000000017,2.1976189230895298e-05,41.710030535476186,0.8743905651290567,0.0010515526314134787
363,1000,0.3,integrated,False,True,32.51096811833744,21.720000000000017,1.8918819462359546e-05,18.826058675562777,0.6540523698083849,0.001060459632676088
364,1000,0.3,integrated,False,True,31.207965317143135,21.720000000000017,2.988013140329767e-05,28.478693429967578,0.7596426915592326,0.0011039737972305425
365,1000,0.3,integrated,False,True,35.596029137198386,21.720000000000017,1.3839554250880359e-05,22.070535037250085,0.9144501024663406,0.0006356486873894537
366,1000,0.3,integrated,False,True,30.004793650431193,21.720000000000017,2.5441648384212734e-05,16.944511433391355,0.5420934598651262,0.0019510907666208514
367,1000,0.3,integrated,False,True,33.402406842769174,21.720000000000017,1.6993891412482194e-05,20.928331777273566,0.6949932591376212,0.0009110266427472345
368,1000,0.3,integrated,False,True,30.117256580564636,21.720000000000017,2.715002646118679e-05,12.223651301054723,0.6128262844403657,0.001401115891789752
369,1000,0.3,integrated,False,True,29.417315384483658,21.720000000000017,3.6741224094439083e-05,15.74887588003219,1.050782985854976,0.0019927653457095245
370,1000,0.3,integrated,False,True,32.03651164853984,21.720000000000017,1.5926116650672045e-05,14.216511990179983,0.392287767471966,0.0012841631825157452
371,1000,0.3,integrated,False,True,31.1468372509694,21.720000000000017,2.6828632823915365e-05,22.909367567339068,0.48706218445403243,0.0010702059432516338
372,1000,0.3,integrated,False,True,33.10852778490371,21.720000000000017,1.7544717282153795e-05,20.59041437877783,0.6840337321487775,0.000884583084896121
373,1000,0.3,integrated,False,True,33.38835258807008,21.720000000000017,2.2485653154561143e-05,25.240031161326414,0.7541530251113996,0.0006432258910505973
374,1000,0.3,integrated,False,True,32.62129854215479,21.720000000000017,2.129537978764185e-05,17.812236540130506,0.7841404272838705,0.0007286118713814991
375,1000,0.3,integrated,False,True,32.748144019786785,21.720000000000017,2.118291641478375e-05,26.0486280449042,0.5042586986689002,0.0008809132585361871
376,1000,0.3,integrated,False,True,29.026704644718208,21.720000000000017,4.8032835419182275e-05,15.832811123746499,0.8140339821848078,0.001255989338048749
377,1000,0.3,integrated,False,True,31.178128641117382,21.720000000000017,2.8436596466758733e-05,25.763282985494428,0.9577341277117994,0.0013940132499401774
378,1000,0.3,integrated,False,True,33.27874165111611,21.720000000000017,2.1457756357358538e-05,15.744293832804004,0.5241135968456515,0.0004576425906923109
379,1000,0.3,integrated,False,True,32.81492278039878,21.720000000000017,2.729324564408352e-05,31.460938670052496,0.6527402295190634,0.0005923078218061349
380,1000,0.3,integrated,False,True,32.42105343711153,21.720000000000017,2.7406483107682942e-05,19.686116955430226,0.893212003359332,0.0007259139882423326
381,1000,0.3,integrated,False,True,31.21318347213672,21.720000000000017,2.403748184624583e-05,20.849112907010788,0.49694239041893606,0.0011666501143708652
382,1000,0.3,integrated,False,True,35.47733202976053,21.720000000000017,1.2411898769790473e-05,17.219791593944144,0.5504653264572386,0.0006242702419048722
383,1000,0.3,integrated,False,True,36.703162299645285,21.720000000000017,1.0865779883417487e-05,17.70820519162342,0.5190482536765691,0.0004960612081490608
384,1000,0.3,integrated,False,True,33.430142093860496,21.720000000000017,2.1237496771012405e-05,33.53359817788059,0.7793936766382239,0.0009129990136609538
385,1000,0.3,integrated,False,True,32.341893949871775,21.720000000000017,2.441196292184398e-05,18.591571972148078,1.1840906664784578,0.0008316619719296958
386,1000,0.3,integrated,False,True,35.180474523825154,21.720000000000017,1.4023013994516349e-05,26.54788132609552,1.3150437165774782,0.001402459143993724
387,1000,0.3,integrated,False,True,32.55804453861838,21.720000000000017,1.872944774789345e-05,25.77162141550189,0.7389755442306171,0.0014391815247685688
388,1000,0.3,integrated,False,True,33.95497480606138,21.720000000000017,1.8944464549301676e-05,19.584753917029907,0.7045114688773836,0.0005337054669828385
389,1000,0.3,integrated,False,True,30.454003006121475,21.720000000000017,4.491562517306874e-05,43.51780349215488,0.6578253660298832,0.0011449886548260057
390,1000,0.3,integrated,False,True,30.02775673944025,21.720000000000017,3.371418305512882e-05,21.854345737980072,0.8977433701678419,0.0016395815488941424
391,1000,0.3,integrated,False,True,30.848107838473368,21.720000000000017,3.1096554293353745e-05,25.33215061366352,0.6758527766928484,0.0011651749382299084
392,1000,0.3,integrated,False,True,31.58355528731882,21.720000000000017,3.115591002920778e-05,23.879217374390578,0.8415096299315684,0.0007956305007361071
393,1000,0.3,integrated,False,True,31.85111853136621,21.720000000000017,1.9363407072352047e-05,14.10478992662022,0.6826392315762642,0.00104227347255115
394,1000,0.3,integrated,False,True,33.29143540746445,21.720000000000017,2.9075813405873336e-05,32.97609859650937,0.5962700540778435,0.000505925209178438
395,1000,0.3,integrated,False,True,32.83598479661815,21.720000000000017,1.9889755572094185e-05,25.77118798179212,0.6337313622097127,0.0009548345444828798
396,1000,0.3,integrated,False,True,31.624380699320234,21.720000000000017,3.437473655875764e-05,21.136536705187172,0.9181462463614385,0.0006901360301542518
397,1000,0.3,integrated,False,True,33.01010289253874,21.720000000000017,2.164369730051721e-05,23.26145464486894,0.7419873700615416,0.0007573377662130709
398,1000,0.3,integrated,False,True,31.16571863028298,21.720000000000017,2.7032926485891303e-05,22.452290716299718,0.9626324038370383,0.001369179807162779
399,1000,0.3,integrated,False,True,30.78607121051151,21.720000000000017,3.1661023460046325e-05,21.361196584015232,0.4506688021369255,0.0009370049058608525
400,1000,0.3,integrated,False,True,34.60309336173613,21.720000000000017,1.8351367197452143e-05,25.897990574390768,0.4847579158240405,0.0004819911466865538
401,1000,0.3,integrated,False,True,30.014075979427663,21.720000000000017,3.6280386352585895e-05,18.647211972026263,0.6925886335468845,0.0011258615418856413
402,1000,0.3,integrated,False,True,31.091986533398334,21.720000000000017,3.3769867592685385e-05,29.96619266128084,0.8579336935064549,0.0010221494777571723
403,1000,0.3,integrated,False,True,31.89373255245564,21.720000000000017,3.5536151331453614e-05,36.27251733068795,0.5745550725475019,0.000662057657496562
404,1000,0.3,integrated,False,True,31.03818430237952,21.720000000000017,2.6392520509908166e-05,20.87536760766272,0.478400080794732,0.001078391524765319
405,1000,0.3,integrated,False,True,32.9168899763793,21.720000000000017,1.9809154030094153e-05,18.108688949404275,0.7635156031830775,0.0007770833058343977
406,1000,0.3,integrated,False,True,32.61871940443719,21.720000000000017,2.786302058780631e-05,30.549481646840714,0.9036664292376253,0.0007614279760398235
407,1000,0.3,integrated,False,True,31.823725328409893,21.720000000000017,2.6651745671242807e-05,30.373842036261177,0.7780119578359412,0.0011392073069152132
408,1000,0.3,integrated,False,True,32.693332850542404,21.720000000000017,2.15575253410729e-05,26.33501445324404,0.7458323301744947,0.0009955557458433595
409,1000,0.3,integrated,False,True,30.338180642625254,21.720000000000017,2.809914054403387e-05,17.723609989814214,1.0441069239955807,0.001712728910109357
410,1000,0.3,integrated,False,True,32.339514874172814,21.720000000000017,2.824268875983288e-05,31.433205487667074,0.7917648316363504,0.0009075796369445093
411,1000,0.3,integrated,False,True,34.17814068030244,21.720000000000017,1.7155822891255412e-05,22.556018793138858,0.6801473873961852,0.0006306268052847858
412,1000,0.3,integrated,False,True,31.292594519545265,21.720000000000017,2.1432067235138434e-05,13.449953756391766,0.9946904070642696,0.0014584761841183235
413,1000,0.3,integrated,False,True,35.512297910558146,21.720000000000017,1.4402150408802714e-05,26.284261146753586,0.8003033521643321,0.0007554926845331808
414,1000,0.3,integrated,False,True,30.539160256612,21.720000000000017,2.621743664293029e-05,12.52916112543422,0.6083885779603874,0.0012060794954728232
415,1000,0.3,integrated,False,True,34.42460183071643,21.720000000000017,1.3403946872232103e-05,25.937112609658573,0.695738298740205,0.001295241544494986
416,1000,0.3,integrated,False,True,31.326269573400126,21.720000000000017,2.8218706038447508e-05,32.26666912947923,0.8710969185544069,0.0015353471875526573
417,1000,0.3,integrated,False,True,32.134264555321074,21.720000000000017,2.5777001709571724e-05,27.610515654932847,0.7698570727080415,0.0009816452267951475
418,1000,0.3,integrated,False,True,31.450461272138057,21.720000000000017,3.242126199399549e-05,23.929160224961688,1.0133757879653367,0.0008016792124802316
419,1000,0.3,integrated,False,True,34.95311873244948,21.720000000000017,1.5471841669691443e-05,29.408551106871624,0.8599432751349968,0.0009755077814799979
420,1000,0.3,integrated,False,True,33.11033256006423,21.720000000000017,2.0998847165072906e-05,27.596690698144627,0.666376921919314,0.0009250045004850452
421,1000,0.3,integrated,False,True,30.63246898443413,21.720000000000017,3.0139942114719626e-05,28.395206831828748,0.7758000165091895,0.0015521425686778627
422,1000,0.3,integrated,False,True,32.746355081133416,21.720000000000017,1.548178518115176e-05,21.692217364073862,0.5446749499429023,0.0015204374244713293
423,1000,0.3,integrated,False,True,31.996688128279523,21.720000000000017,2.5734453551421204e-05,29.79857792513392,0.791306364621806,0.001099365766727009
424,1000,0.3,integrated,False,True,32.7366889021113,21.720000000000017,1.8558512375484506e-05,14.322343480505749,0.8025376995560486,0.0009038403045426796
425,1000,0.3,integrated,False,True,34.01310921042166,21.720000000000017,2.0616564978053874e-05,31.18302326867215,0.7074173754802311,0.0007031313864159629
426,1000,0.3,integrated,False,True,31.42949968667226,21.720000000000017,2.79774671418757e-05,18.0249941824733,0.5181426810251109,0.0007267010627200486
427,1000,0.3,integrated,False,True,34.2888639699258,21.720000000000017,1.8328705126689183e-05,37.247936881465556,0.6104927006116734,0.0008548822415576024
428,1000,0.3,integrated,False,True,32.206310015287215,21.720000000000017,3.0096979038293654e-05,28.94494031223562,0.484137924224928,0.0006063339018832837
429,1000,0.3,integrated,False,True,31.78732774131663,21.720000000000017,2.6053375917945016e-05,16.656568286785326,0.7249284162490699,0.0007742350571431075
430,1000,0.3,integrated,False,True,36.82723910048246,21.720000000000017,1.68316825022107e-05,58.04839120843371,0.6776515069848041,0.0007981367877815907
431,1000,0.3,integrated,False,True,33.7063218978475,21.720000000000017,2.310388276933457e-05,29.648216799369244,1.0622300132790985,0.000679694773510016
432,1000,0.3,integrated,False,True,29.77352233197149,21.720000000000017,3.877295793084761e-05,18.750538100981778,0.8233036744970273,0.001233438485305627
433,1000,0.3,integrated,False,True,32.3318736057201,21.720000000000017,2.1470537750022445e-05,24.447676617518844,0.47865923223734147,0.0009473745595103581
434,1000,0.3,integrated,False,True,33.55604222645607,21.720000000000017,1.7704535152829608e-05,25.496343208143532,0.7567773394202252,0.0008943855834562821
435,1000,0.3,integrated,False,True,31.821425616716343,21.720000000000017,2.4477907560003782e-05,31.410204034470325,0.51715647435122,0.0011281806165631795
436,1000,0.3,integrated,False,True,35.17452281635752,21.720000000000017,1.623232426482789e-05,18.889232759238276,0.7408355003869294,0.0004994327751255489
437,1000,0.3,integrated,False,True,30.354534895284388,21.720000000000017,3.3169840756855677e-05,23.6774506886515,0.642998113195162,0.0011946501857090003
438,1000,0.3,integrated,False,True,32.49187638002877,21.720000000000017,2.782965002873672e-05,40.082176517299146,0.7176274884365504,0.0009756366028847624
439,1000,0.3,integrated,False,True,31.527711647796917,21.720000000000017,2.735579062274671e-05,21.805897893507847,0.6632752425977751,0.0008848174768043593
440,1000,0.3,integrated,False,True,32.09021722742239,21.720000000000017,2.3707615513741848e-05,17.3456888276394,0.7864313055486004,0.0008125377431910134
441,1000,0.3,integrated,False,True,33.68107096292734,21.720000000000017,2.6967756995172497e-05,47.31831536974692,0.6049201449335071,0.0006429878337198522
442,1000,0.3,integrated,False,True,32.26402014528933,21.720000000000017,2.2891309721899533e-05,26.73826851394871,0.647440140396507,0.0009430369380647106
443,1000,0.3,integrated,False,True,30.73599361280749,21.720000000000017,3.372782690399489e-05,19.5906917316051,0.8588521750576895,0.0009808718536504345
444,1000,0.3,integrated,False,True,33.32242550628809,21.720000000000017,1.4916674244390967e-05,16.316429129673356,0.9172980234366116,0.001231294563878007
445,1000,0.3,integrated,False,True,32.85915007731505,21.720000000000017,1.7247162085940318e-05,26.305113217404315,0.37509454989009816,0.0012204747530685496
446,1000,0.3,integrated,False,True,31.461530061436314,21.720000000000017,2.3500940983243855e-05,15.14608066269313,0.8638758538922562,0.0010389571150651034
447,1000,0.3,integrated,False,True,34.3278850339506,21.720000000000017,1.7266729779648045e-05,34.96201863504172,1.1629007441554886,0.00154585889640575
448,1000,0.3,integrated,False,True,31.50837203927764,21.720000000000017,2.8111246142755384e-05,27.323439508787978,0.6202166386433556,0.0009104386756056403
449,1000,0.3,integrated,False,True,31.85029047151013,21.720000000000017,2.1660212131919848e-05,22.99553101461805,0.396064634036713,0.0010216509416191661
450,1000,0.3,integrated,False,True,30.34821547517527,21.720000000000017,2.5970996298565268e-05,16.08377359661497,0.5150863834891407,0.0014348016147657453
451,1000,0.3,integrated,False,True,31.371392875413193,21.720000000000017,2.0481906270870773e-05,18.134275127313412,0.3461899087498192,0.0012294967658718918
452,1000,0.3,integrated,False,True,32.42006177099877,21.720000000000017,2.1247706907037625e-05,30.959116963933578,0.80455241313301,0.0015514470537409534
453,1000,0.3,integrated,False,True,33.38657125780922,21.720000000000017,1.9550201994611302e-05,21.00609592642803,1.1856471835646607,0.0009405129078499376
454,1000,0.3,integrated,False,True,34.796217861416494,21.720000000000017,1.876172256784879e-05,27.335466599405343,0.9092908848206457,0.0005696999361842892
455,1000,0.3,integrated,False,True,32.52142766902584,21.720000000000017,2.3719862401629297e-05,16.404412186880634,0.6652990668154047,0.0006176968770746417
456,1000,0.3,integrated,False,True,30.32504239040326,21.720000000000017,2.9814980965693485e-05,17.23334567457509,0.7407793360490093,0.0012998275151665803
457,1000,0.3,integrated,False,True,32.54388249834591,21.720000000000017,2.1855941481802228e-05,31.27901383194649,0.6538844757913013,0.0010473677796199968
458,1000,0.3,integrated,False,True,30.958601962478966,21.720000000000017,2.635841278146168e-05,12.706730708160524,0.6491151018561141,0.0009387322844479122
459,1000,0.3,integrated,False,True,31.588054247934288,21.720000000000017,2.450170306338381e-05,27.205548776483223,0.5828519260848533,0.0012298587462361218
460,1000,0.3,integrated,False,True,30.573063348459044,21.720000000000017,2.938526210274195e-05,16.837079658372517,1.016832243503852,0.0013796642835056498
461,1000,0.3,integrated,False,True,36.729700516428885,21.720000000000017,1.4178428263431026e-05,34.080632378292684,0.8740123303119088,0.000637874090439674
462,1000,0.3,integrated,False,True,31.434694263012773,21.720000000000017,2.802124916127262e-05,33.66395534811722,0.6181737119897212,0.0011834234387173965
463,1000,0.3,integrated,False,True,32.09367456005899,21.720000000000017,2.2560216399160402e-05,30.725672716667685,0.5208541624111418,0.0012806452443725085
464,1000,0.3,integrated,False,True,33.29142869919435,21.720000000000017,2.095779852096524e-05,35.197619228304234,0.8350615511344158,0.001100007359622076
465,1000,0.3,integrated,False,True,32.009434542430526,21.720000000000017,4.4256238693280586e-05,40.73395469083555,0.9039685428545172,0.0005616454552583336
466,1000,0.3,integrated,False,True,31.134834584142816,21.720000000000017,2.4524956376060917e-05,22.21786020591127,0.49551035559877804,0.0012648942896515444
467,1000,0.3,integrated,False,True,33.99285795192586,21.720000000000017,1.219487345972834e-05,21.034723084828503,0.592363363013934,0.0013885192055152302
468,1000,0.3,integrated,False,True,34.48349522370537,21.720000000000017,1.5268569010238656e-05,29.662375125626617,0.8812652166240138,0.0011019666636606408
469,1000,0.3,integrated,False,True,33.471133932114824,21.720000000000017,2.132307049223828e-05,28.33820132277153,0.8134969139489759,0.00078426698397302
470,1000,0.3,integrated,False,True,32.064714681723196,21.720000000000017,2.836161392038145e-05,19.522537919111123,0.9393274400952248,0.0006708308572640015
471,1000,0.3,integrated,False,True,31.954926254737792,21.720000000000017,2.8775878185749802e-05,33.49995346818178,0.3865630259231701,0.0007693946570719867
472,1000,0.3,integrated,False,True,34.04559548842022,21.720000000000017,1.9739305874704473e-05,36.67169146541165,0.8688538341248054,0.0008978780071068949
473,1000,0.3,integrated,False,True,31.548652082382162,21.720000000000017,2.992606097556698e-05,18.38710300458701,1.1231988675864601,0.0008806303695317075
474,1000,0.3,integrated,False,True,32.396855015312575,21.720000000000017,2.68161110849742e-05,22.603911625096845,0.8083401055601904,0.0006503405566686197
475,1000,0.3,integrated,False,True,31.603653871478198,21.720000000000017,2.5102576018735552e-05,21.995066708660225,1.0039310378577184,0.0011927134873494342
476,1000,0.3,integrated,False,True,31.540515884417484,21.720000000000017,2.195744436969816e-05,23.108946147484055,0.6913000009502942,0.0014352255945350597
477,1000,0.3,integrated,False,True,34.83662366378606,21.720000000000017,1.6162856629927605e-05,26.013083268986822,0.5643182850064272,0.0006047625938535306
478,1000,0.3,integrated,False,True,30.020764070792076,21.720000000000017,4.63589664059513e-05,25.096286127220846,0.9285519069788206,0.000985252607328242
479,1000,0.3,integrated,False,True,32.27780184033446,21.720000000000017,2.8652447667406186e-05,24.716952461403977,0.7312175327301151,0.0006622300271144893
480,1000,0.3,integrated,False,True,32.19962262432822,21.720000000000017,2.1088356957944403e-05,26.718029291369728,0.6689935112130844,0.0012403496745196528
481,1000,0.3,integrated,False,True,32.19596380677954,21.720000000000017,3.225792403104968e-05,15.812327340853443,0.9312814788033624,0.0005195613379917662
482,1000,0.3,integrated,False,True,33.82834046586674,21.720000000000017,2.228787664820237e-05,41.9159973645614,0.4822716406012816,0.0007613497615077588
483,1000,0.3,integrated,False,True,31.320007989170847,21.720000000000017,2.9308733030613336e-05,15.172740660419551,0.7920960455825287,0.0007663510955684247
484,1000,0.3,integrated,False,True,33.098808103362444,21.720000000000017,2.1068386266102663e-05,25.54691310396542,0.8019831137655126,0.0009066281696104795
485,1000,0.3,integrated,False,True,30.167928268761884,21.720000000000017,3.69712018375329e-05,21.57649035040084,0.5266054943403812,0.0010434066413858919
486,1000,0.3,integrated,False,True,30.456125969626996,21.720000000000017,2.46281902730196e-05,14.221730993961152,0.4038467235286765,0.0013033741083033066
487,1000,0.3,integrated,False,True,31.087142376600966,21.720000000000017,2.0749041952134082e-05,18.097490948356697,0.3388581839967005,0.0014612827225972324
488,1000,0.3,integrated,False,True,31.011579319814416,21.720000000000017,3.904284484694517e-05,19.97616021616447,0.7489808456014015,0.0006927027545976307
489,1000,0.3,integrated,False,True,31.584168319591058,21.720000000000017,3.222245651168536e-05,33.19682106562687,0.39300443172213195,0.0007552722582496754
490,1000,0.3,integrated,False,True,33.456070879118656,21.720000000000017,1.443624039549194e-05,25.680656676767303,0.36663864014683206,0.001281133104852519
491,1000,0.3,integrated,False,True,31.8371749832678,21.720000000000017,3.3329786331754185e-05,45.4356508407584,0.932577461142949,0.0011752845302209214
492,1000,0.3,integrated,False,True,31.20411719018184,21.720000000000017,2.8641123135958186e-05,17.895446196402286,1.2195978295000953,0.0011306844320779837
493,1000,0.3,integrated,False,True,31.770575709950705,21.720000000000017,1.7726483379056088e-05,15.004045618111222,0.5825286663626459,0.0013824319100928313
494,1000,0.3,integrated,False,True,29.701902524242264,21.720000000000017,3.008000621760611e-05,16.825414828615173,0.6894882381294263,0.0019422908540876601
495,1000,0.3,integrated,False,True,33.395312117908254,21.720000000000017,2.064293263170558e-05,40.80526583429553,0.36284836851642804,0.0009609402526978241
496,1000,0.3,integrated,False,True,29.587681627854828,21.720000000000017,4.862315855365976e-05,25.145886559679894,1.309447606078959,0.0013922069654912987
497,1000,0.3,integrated,False,True,33.8969825885285,21.720000000000017,1.8731016012440964e-05,23.875441862217503,0.554386015095805,0.0005989343468666334
498,1000,0.3,integrated,False,True,34.10755815633014,21.720000000000017,1.651620756314967e-05,29.193124711229572,0.5510789651488017,0.0008356398266444274
499,1000,0.3,integrated,False,True,31.546884470729978,21.720000000000017,2.9845236479313565e-05,24.077396793995337,0.7645189648541285,0.0008797118116916752
0,1000,0.5,integrated,False,True,34.23215766421361,21.720000000000017,1.7760393816611255e-05,18.3141747866109,0.6827377665258441,0.0005341216585185786
1,1000,0.5,integrated,False,True,31.82156297280725,21.720000000000017,1.994523032815451e-05,23.73629664434092,0.32367112993439257,0.0013029593051106319
2,1000,0.5,integrated,False,True,31.76426174055428,21.720000000000017,3.356130661352611e-05,18.2095817923067,0.7151118373957728,0.0005655707811988112
3,1000,0.5,integrated,False,True,32.649298867692295,21.720000000000017,1.3849993056090824e-05,13.462652296379897,0.7382632965980367,0.0015123240228688407
4,1000,0.5,integrated,False,True,33.54774622412708,21.720000000000017,2.1841895636133762e-05,21.117381719668753,0.8718192919465777,0.0005968917167932472
5,1000,0.5,integrated,False,True,29.814856899774476,21.720000000000017,5.0480940401506664e-05,15.3504959197422,1.0466689574759778,0.0008583063034884343
6,1000,0.5,integrated,False,True,32.35571813433683,21.720000000000017,3.117406253076853e-05,37.00142221676825,1.2062147693774337,0.0009757631815498144
7,1000,0.5,integrated,False,True,32.42824250864591,21.720000000000017,1.9805325402527197e-05,27.266834516516315,0.800114397949968,0.0014669428952846608
8,1000,0.5,integrated,False,True,29.677622001346375,21.720000000000017,6.099821741551507e-05,39.08311687965002,0.7104834927527093,0.0008803414579065251
9,1000,0.5,integrated,False,True,32.77520156945873,21.720000000000017,2.101924797690863e-05,15.038238606093262,0.7845563854261007,0.0006676694301107171
10,1000,0.5,integrated,False,True,31.567276701782866,21.720000000000017,2.092610846102909e-05,19.344658814288866,0.9112798230136567,0.0017804261404392057
11,1000,0.5,integrated,False,True,32.93977028712763,21.720000000000017,3.901838561345107e-05,47.70998250139003,1.3819873258007418,0.0006471865233015036
12,1000,0.5,integrated,False,True,31.204956036044877,21.720000000000017,3.5124913820298875e-05,19.785845541634462,0.6899620673681017,0.0006603744549374034
13,1000,0.5,integrated,False,True,35.30123067198084,21.720000000000017,2.264596073862301e-05,56.30657646986055,1.3353557064693267,0.001111409662200262
14,1000,0.5,integrated,False,True,34.00040188567042,21.720000000000017,1.730487539289728e-05,25.200196903616103,0.39943126628385267,0.0006873399987061195
15,1000,0.5,integrated,False,True,32.21248715170136,21.720000000000017,3.453728200985455e-05,61.43152745997188,0.48960734734975203,0.0010055626152164646
16,1000,0.5,integrated,False,True,29.66261524383992,21.720000000000017,3.918133142138015e-05,13.525109402327104,0.8608416918489067,0.0011351929950986948
17,1000,0.5,integrated,False,True,34.471847277403,21.720000000000017,1.5122116629818532e-05,17.711185326494693,1.0894730460466409,0.0008010621539814677
18,1000,0.5,integrated,False,True,36.37377292905875,21.720000000000017,1.5032340815148282e-05,31.83387677211443,0.6847654917237282,0.0004897438818784181
19,1000,0.5,integrated,False,True,31.09974937155284,21.720000000000017,3.672288281888858e-05,19.30117884567602,0.7579796910050293,0.0006434756060030357
20,1000,0.5,integrated,False,True,38.15651741784799,21.720000000000017,9.442894902200634e-06,35.61985960826005,0.47093499243559195,0.0008849051625107034
21,1000,0.5,integrated,False,True,34.520103324127014,21.720000000000017,1.4196517805237526e-05,26.248961001319437,0.4190812528839096,0.0009270526291846652
22,1000,0.5,integrated,False,True,33.50057793060554,21.720000000000017,1.6738733374034923e-05,10.807684388674646,1.0511034046775756,0.0007614101829750413
23,1000,0.5,integrated,False,True,27.125174477766745,21.720000000000017,8.052729623732822e-05,23.950884944915025,0.5681685315144217,0.002232189710455124
24,1000,0.5,integrated,False,True,30.72271374775619,21.720000000000017,2.5804258124708486e-05,28.620621499745635,0.37057314673053776,0.0016245397641760603
25,1000,0.5,integrated,False,True,32.915524659647225,21.720000000000017,2.3669471791979226e-05,19.707073735684734,0.9273833169988657,0.0005937713873613464
26,1000,0.5,integrated,False,True,36.329758814672786,21.720000000000017,6.731709559784134e-06,34.461955850715036,0.27702177448619747,0.0048193860171209055
27,1000,0.5,integrated,False,True,37.3235321337459,21.720000000000017,1.885146574859756e-05,35.9155357515381,1.1212678924114725,0.00036563843145164416
28,1000,0.5,integrated,False,True,31.817954515232245,21.720000000000017,2.708692785803315e-05,19.023295459191683,0.3921969079908557,0.0006661254618675247
29,1000,0.5,integrated,False,True,32.1036970195749,21.720000000000017,2.894404190074181e-05,22.203439950169248,0.7488747675551649,0.0006498653752870481
30,1000,0.5,integrated,False,True,31.352271370503694,21.720000000000017,2.2276573116384467e-05,24.716258777470753,0.2907683131659178,0.0012286934839400559
31,1000,0.5,integrated,False,True,33.331979124381235,21.720000000000017,1.600303626363954e-05,44.64812503723077,0.5105782315558997,0.00233217660515555
32,1000,0.5,integrated,False,True,31.4891832024408,21.720000000000017,3.675252091181912e-05,28.075556714575242,0.4735006402865595,0.000624218706975135
33,1000,0.5,integrated,False,True,32.11878067666452,21.720000000000017,1.6040759098000328e-05,21.167333078790687,0.25961666435970054,0.0016168080288490483
34,1000,0.5,integrated,False,True,31.847985182691456,21.720000000000017,2.0711557382358583e-05,19.795145280022023,0.47951327669569993,0.001173648201129716
35,1000,0.5,integrated,False,True,31.215530141736544,21.720000000000017,2.5037196302387144e-05,19.005518237133288,1.2540872658838031,0.0016317834818150437
36,1000,0.5,integrated,False,True,30.470129162576495,21.720000000000017,3.4456725867972666e-05,23.025438562492038,0.5481890890056069,0.0010330133948997149
37,1000,0.5,integrated,False,True,34.51757962698056,21.720000000000017,2.280185419683017e-05,38.92397770431165,1.1048240493443733,0.0006971914729763561
38,1000,0.5,integrated,False,True,31.159294166180203,21.720000000000017,2.4375226082841622e-05,12.021298441334167,0.5475108774363433,0.0009059778537423762
39,1000,0.5,integrated,False,True,31.46000161989909,21.720000000000017,2.2866230670139268e-05,23.19927352544287,0.7699003494010696,0.00146092506328335
40,1000,0.5,integrated,False,True,34.22557546089628,21.720000000000017,2.8670797259841148e-05,15.803000120693873,1.3244962711784938,0.00035527181379909034
41,1000,0.5,integrated,False,True,35.30675402006458,21.720000000000017,1.7889889182645907e-05,31.63869433304907,0.5465595942217135,0.000540852713197255
42,1000,0.5,integrated,False,True,36.24243022168811,21.720000000000017,1.1911822223768837e-05,48.5673257876968,0.953950003454759,0.0027697587031460555
43,1000,0.5,integrated,False,True,30.00219955244803,21.720000000000017,3.447323821727489e-05,24.98557285076663,0.8516863974079804,0.001778389450485971
44,1000,0.5,integrated,False,True,34.99486302594933,21.720000000000017,2.449000474463989e-05,39.29343859827998,0.6130212781374471,0.00038144335708679533
45,1000,0.5,integrated,False,True,33.394216034344346,21.720000000000017,2.4944977198714542e-05,39.069800061143,0.49048284576289,0.0006855533383599386
46,1000,0.5,integrated,False,True,31.6851776382885,21.720000000000017,1.957172251162134e-05,17.484935995520647,0.4183943354082998,0.0011230126354073104
47,1000,0.5,integrated,False,True,35.41738258212674,21.720000000000017,1.1518987539595306e-05,20.15420242223337,0.9715410616600247,0.0010099072150113453
48,1000,0.5,integrated,False,True,35.007918325258565,21.720000000000017,1.3421697706254758e-05,18.280541562876216,0.3200225834862265,0.0005353480088494202
49,1000,0.5,integrated,False,True,41.18818005743633,21.720000000000017,8.856381942832126e-06,32.488724725543136,0.9199800043196626,0.00043435034543859674
50,1000,0.5,integrated,False,True,29.77837842487832,21.720000000000017,3.646190026653625e-05,12.13614091381029,0.43183982825155504,0.0009658240769965313
51,1000,0.5,integrated,False,True,33.8635309991744,21.720000000000017,1.9475416704015077e-05,20.354239416343216,1.3247595507517227,0.0007404619468377117
52,1000,0.5,integrated,False,True,36.09002219164031,21.720000000000017,1.8199246837777628e-05,45.93083370782062,0.8184851562686453,0.0006697906652330343
53,1000,0.5,integrated,False,True,34.90120501628516,21.720000000000017,1.0713317087409813e-05,15.815234956448382,0.5753570955704258,0.0010132676907051979
54,1000,0.5,integrated,False,True,37.90622073999097,21.840000000000018,1.2494557947307513e-05,24.956750430016523,2.0732116051036513,0.00062029605669719
55,1000,0.5,integrated,False,True,33.50819025811279,21.720000000000017,2.007026582205167e-05,36.202240424444476,1.316360325734249,0.0018131824469580968
56,1000,0.5,integrated,False,True,29.358592144583817,21.720000000000017,2.731840903952936e-05,8.992057840848455,0.35928168461861254,0.0016282955937973788
57,1000,0.5,integrated,False,True,37.95113345096044,21.720000000000017,1.0117014329759269e-05,27.255640475754358,0.5935135813509504,0.0006244830821066593
58,1000,0.5,integrated,False,True,34.56393134602832,21.720000000000017,1.747120515678753e-05,30.63971685217869,0.6310600783828356,0.0006953279056254098
59,1000,0.5,integrated,False,True,32.125186932840606,21.720000000000017,1.82290320843986e-05,14.438039470028642,0.5967731980494264,0.0010125900068786136
60,1000,0.5,integrated,False,True,31.955195860926395,21.720000000000017,1.9364665846870095e-05,14.909327724049138,0.43666806530405033,0.0009549864043581746
61,1000,0.5,integrated,False,True,34.61678593053032,21.720000000000017,1.1978626813787797e-05,32.1837568306485,0.5902461293405528,0.0021918765257628744
62,1000,0.5,integrated,False,True,33.685791177401896,21.720000000000017,1.43222938878087e-05,29.555418443745467,0.3379892120510865,0.0012808586569174492
63,1000,0.5,integrated,False,True,33.309309412816994,21.720000000000017,1.2077847228031336e-05,15.57032903995017,0.41274955082038356,0.0015169459202374743
64,1000,0.5,integrated,False,True,32.980835956873136,21.720000000000017,2.522871249464356e-05,45.644601183790506,0.6846000096733281,0.0010529473345815838
65,1000,0.5,integrated,False,True,30.464009119619558,21.720000000000017,3.446467142637284e-05,18.915950033267443,0.6853290296678234,0.00096677369441845
66,1000,0.5,integrated,False,True,32.29655747890739,21.720000000000017,2.4414604803935802e-05,13.199318321182698,0.4519700718923759,0.0005441515590991629
67,1000,0.5,integrated,False,True,30.673394095914873,21.720000000000017,2.8747654013172555e-05,20.77747876867926,0.7829506923809451,0.0013949535439719894
68,1000,0.5,integrated,False,True,32.73678373568826,21.720000000000017,1.8419654085426065e-05,25.499912750874493,0.6632146850917735,0.0012134372827516953
69,1000,0.5,integrated,False,True,34.605056964016924,21.720000000000017,1.720297672823224e-05,29.14636781316099,0.6397237004595268,0.0006757589722282502
70,1000,0.5,integrated,False,True,32.8335534655137,21.720000000000017,2.028708361594315e-05,24.921859822172674,0.5743783963594117,0.0009279972118693159
71,1000,0.5,integrated,False,True,38.7696969739916,21.720000000000017,7.404710489234323e-06,14.83837503867093,1.19893074924086,0.0006717958364107539
72,1000,0.5,integrated,False,True,35.569699219403525,21.720000000000017,1.8707523831669314e-05,40.02135040952891,0.41312397592727185,0.00048725862009054013
73,1000,0.5,integrated,False,True,29.778439249485782,21.720000000000017,3.060823694585123e-05,15.747229471509202,0.24461989837404674,0.0013530806429869595
74,1000,0.5,integrated,False,True,33.3146114052243,21.720000000000017,2.900645817473678e-05,27.489240333241206,1.9574126240155103,0.0007766351827723593
75,1000,0.5,integrated,False,True,37.37638660379086,21.720000000000017,1.4104811681505312e-05,50.26347933128498,0.4229144080689258,0.0006683054389201589
76,1000,0.5,integrated,False,True,30.08539323222685,21.720000000000017,5.290253533895451e-05,68.88268421685142,1.0387046501611203,0.0018834148192874891
77,1000,0.5,integrated,False,True,32.11748666173098,21.720000000000017,1.8435541894801064e-05,15.891650961286379,0.40487576150043586,0.0009476005528162209
78,1000,0.5,integrated,False,True,33.37733552718053,21.720000000000017,2.2912081856989357e-05,9.054814082494675,0.47225351240426644,0.00037887099273258663
79,1000,0.5,integrated,False,True,34.084711950720965,21.720000000000017,1.4243021934322718e-05,18.839432073354104,0.6192566961198046,0.0007728756857121833
80,1000,0.5,integrated,False,True,30.762325943294034,21.720000000000017,3.1164441827504245e-05,7.85904113361664,0.989866393911415,0.0008566524411316438
81,1000,0.5,integrated,False,True,35.33222192546505,21.720000000000017,1.1591462871182702e-05,20.567717645619233,0.8417959430889899,0.0010524961939111191
82,1000,0.5,integrated,False,True,37.25051303835383,21.720000000000017,1.1502391414230694e-05,26.89668226031274,0.9476621875453579,0.000733891546133984
83,1000,0.5,integrated,False,True,33.32498856020907,21.720000000000017,2.3150285258231526e-05,18.319622419998506,0.3871094328933812,0.00041716077119047717
84,1000,0.5,integrated,False,True,33.24775395206334,21.720000000000017,2.294639288964713e-05,57.21038639392156,0.4934750768040102,0.0013335003538425838
85,1000,0.5,integrated,False,True,30.450490770778593,21.720000000000017,4.3138474440137235e-05,26.405027751158247,0.8174873420915394,0.0008508271609842705
86,1000,0.5,integrated,False,True,28.951230670328684,21.720000000000017,5.348675917450751e-05,17.864572694920522,1.3247644715720712,0.0015453156386777659
87,1000,0.5,integrated,False,True,33.38544308105128,21.720000000000017,2.017345081888134e-05,26.93902816919458,0.8952873251884512,0.0008412163597289451
88,1000,0.5,integrated,False,True,32.37582585694827,21.720000000000017,2.1896813543480167e-05,18.589236600499017,1.5402032015274003,0.0014044456696795085
89,1000,0.5,integrated,False,True,39.25980554998822,21.720000000000017,9.251774232207134e-06,36.68795510786773,0.7135361996238339,0.0008636469800369047
90,1000,0.5,integrated,False,True,33.799688133949125,21.720000000000017,2.1557725065526672e-05,31.43387781346617,0.7686670207013102,0.0006795497311820953
91,1000,0.5,integrated,False,True,33.185638368681495,21.720000000000017,1.9894959925212397e-05,20.075632103997748,0.7248070226936756,0.0007010151840739874
92,1000,0.5,integrated,False,True,35.976518698406736,21.720000000000017,1.6343347727593175e-05,28.461110401738544,0.8303759534835509,0.0004751806859680545
93,1000,0.5,integrated,False,True,31.60452746927482,21.720000000000017,2.9379935652626176e-05,15.51236082636743,0.913597456121191,0.0007835804586848639
94,1000,0.5,integrated,False,True,32.92070196159994,21.720000000000017,1.464928902502879e-05,14.862301847649846,0.35388876149502646,0.0010075723639622152
95,1000,0.5,integrated,False,True,32.507153702657355,21.720000000000017,2.0621835450541912e-05,15.462385777116278,1.1699903089604007,0.00091295314016836
96,1000,0.5,integrated,False,True,32.359381212218295,21.720000000000017,2.839957128506135e-05,11.761287882966363,1.2740519065648592,0.0005926543952982739
97,1000,0.5,integrated,False,True,31.091633710059373,21.720000000000017,3.687805732716227e-05,19.93865477102771,1.6533410887052673,0.0010203709900001173
98,1000,0.5,integrated,False,True,33.83259128599864,21.720000000000017,3.15847701506258e-05,27.208864707117197,1.2225772153442198,0.0003900311101984828
99,1000,0.5,integrated,False,True,34.45312088952294,21.720000000000017,1.1925765645465655e-05,26.015809621722152,0.3957451520931837,0.0013566261101174888
100,1000,0.5,integrated,False,True,31.90475756696013,21.720000000000017,1.8854761138346106e-05,15.539310003899248,0.5334701779547059,0.0012228908147068525
101,1000,0.5,integrated,False,True,29.645196206343257,21.720000000000017,3.0746958283372664e-05,12.941709343229107,0.6375754509203588,0.0015711500636224531
102,1000,0.5,integrated,False,True,31.35462964492742,21.720000000000017,2.0732641707874122e-05,22.324955482536463,0.6482231137674099,0.001924434399476382
103,1000,0.5,integrated,False,True,31.48878933337098,21.720000000000017,1.5025603979274484e-05,12.661505506103486,0.5653541543038784,0.0022375535501341433
104,1000,0.5,integrated,False,True,29.853466050901584,21.720000000000017,2.8292318843177222e-05,14.756115439515106,1.2197377080579923,0.002659732240783479
105,1000,0.5,integrated,False,True,30.481607839425003,21.720000000000017,2.9158485361220925e-05,19.094774890756266,0.4389151676713922,0.001050838677872079
106,1000,0.5,integrated,False,True,30.82528820564975,21.720000000000017,2.60015420074752e-05,16.930511832996693,0.5208326996697252,0.001067693815447689
107,1000,0.5,integrated,False,True,34.150404477631255,21.720000000000017,1.087109264681876e-05,16.059543115138894,0.6881629729884049,0.0015600450321459193
108,1000,0.5,integrated,False,True,32.39935748970535,21.720000000000017,3.052284102065295e-05,35.76752730140123,0.22602008683329497,0.0005563196498372033
109,1000,0.5,integrated,False,True,35.54400648019745,21.720000000000017,1.2712676341897674e-05,17.870649854359307,1.536645787728809,0.0010751513155416782
110,1000,0.5,integrated,False,True,34.75695256218584,21.720000000000017,2.0389905055273606e-05,38.38778214172052,0.5233955130423865,0.0006038964111531614
111,1000,0.5,integrated,False,True,30.21927515403265,21.720000000000017,3.263886900703659e-05,13.839292447613033,0.27202270773055937,0.0008693446843829977
112,1000,0.5,integrated,False,True,32.250391371272165,21.720000000000017,2.0451604842220686e-05,10.456697544886229,0.4968378910168205,0.0006213580744545425
113,1000,0.5,integrated,False,True,41.21934495793129,21.720000000000017,1.1550815342998983e-05,47.27877614362123,1.1521762210669888,0.0004658449815346808
114,1000,0.5,integrated,False,True,31.89393981115448,21.720000000000017,2.4670967155541254e-05,11.725106800359208,0.20056937741758465,0.0005297734803461734
115,1000,0.5,integrated,False,True,31.51569581410272,21.720000000000017,2.829700798727574e-05,24.17706387487825,0.6183739069591239,0.0008904570588400423
116,1000,0.5,integrated,False,True,34.166482163632054,21.720000000000017,1.7219618062312595e-05,14.575306723142893,0.3598496656662196,0.00043874351963499834
117,1000,0.5,integrated,False,True,35.19957756762971,21.720000000000017,1.4499289789585169e-05,18.323913003172798,0.6484614708461307,0.0005030882816068447
118,1000,0.5,integrated,False,True,33.362050825125195,21.720000000000017,2.9864853536472587e-05,17.72616097049999,0.8118727442689168,0.00036952954995381887
119,1000,0.5,integrated,False,True,34.4417507796141,21.720000000000017,2.2217301989615448e-05,29.040435636109287,1.074802097516573,0.0005493684448922754
120,1000,0.5,integrated,False,True,29.14036448740667,21.720000000000017,3.9302777729878685e-05,10.683445188720984,0.6025500982612586,0.001319557555117698
121,1000,0.5,integrated,False,True,35.02865745589989,21.720000000000017,2.2115032570133498e-05,28.85505819344977,1.353344072470528,0.000513420153357887
122,1000,0.5,integrated,False,True,30.443224703959064,21.720000000000017,4.6037211191231624e-05,23.094529084438783,2.1416249136341787,0.0014737689409089713
123,1000,0.5,integrated,False,True,32.52224773526479,21.720000000000017,3.024583224194244e-05,32.27897089884738,0.6826789052783949,0.0006181986330366292
124,1000,0.5,integrated,False,True,32.15142718103435,21.720000000000017,1.7212029740172097e-05,15.810462338893759,0.34987398639410133,0.0010980466217029262
125,1000,0.5,integrated,False,True,31.893558749148298,21.720000000000017,1.7038943984220102e-05,18.637039241412385,0.5436976184466399,0.0015411780132815627
126,1000,0.5,integrated,False,True,30.989233403119737,21.720000000000017,2.9982666561622946e-05,32.21585256133912,0.9365887524467809,0.0016809168303028174
127,1000,0.5,integrated,False,True,32.526142262621676,21.720000000000017,2.1409606533021502e-05,17.044934708154706,2.1451192392082215,0.0019308011554647877
128,1000,0.5,integrated,False,True,31.28700522221991,21.720000000000017,3.082066591054367e-05,23.978452760518568,1.2742347619644843,0.0011553878816854806
129,1000,0.5,integrated,False,True,35.33055844266034,21.720000000000017,1.182139353230135e-05,35.16803817507238,0.49212463201673073,0.001734342352331213
130,1000,0.5,integrated,False,True,33.8716402706239,21.720000000000017,1.7683440754271035e-05,18.64158739304772,1.3274277082083636,0.0008349780160180747
131,1000,0.5,integrated,False,True,30.525293472644712,21.720000000000017,2.6744770064250278e-05,24.598853066612232,0.3223670980786984,0.0014724386389818414
132,1000,0.5,integrated,False,True,32.68788949228508,21.720000000000017,2.5704683920798426e-05,49.914145121056215,0.6367112816909518,0.0012858679061360492
133,1000,0.5,integrated,False,True,31.383328469966024,21.720000000000017,2.398370681142203e-05,9.502206049830985,0.6303830588509416,0.0007929434891328334
134,1000,0.5,integrated,False,True,32.2984213881677,21.720000000000017,1.656201649015595e-05,14.92285917247341,1.1345964363179624,0.0017891587826735348
135,1000,0.5,integrated,False,True,32.39206610625159,21.720000000000017,2.616611818848308e-05,21.41290716953567,0.5608565373241264,0.0006367818675674746
136,1000,0.5,integrated,False,True,30.766820448620347,21.720000000000017,2.0129400914359613e-05,7.968608586783872,0.9867443703142796,0.0017302174407248126
137,1000,0.5,integrated,False,True,29.515576384543607,21.720000000000017,5.9794608993967583e-05,26.311459105109773,0.6274521030977177,0.0008122341658312646
138,1000,0.5,integrated,False,True,31.901853869311957,21.720000000000017,2.591112408274081e-05,9.745130439219444,1.515870049928715,0.0008245643157898774
139,1000,0.5,integrated,False,True,29.465675822727412,21.720000000000017,3.694343067710509e-05,21.308474134241237,0.5476585351740328,0.0014884553509074232
140,1000,0.5,integrated,False,True,29.25169399588941,21.720000000000017,6.200346713400836e-05,27.932729335117333,0.9968309969392416,0.0010609255954961351
141,1000,0.5,integrated,False,True,30.360093572953723,21.720000000000017,2.9404169636580714e-05,21.2104281704674,0.953476095959731,0.0017876858685922157
142,1000,0.5,integrated,False,True,30.32825638079304,21.720000000000017,2.583280041057624e-05,23.346553130816194,0.44703112942381806,0.0018357956286096076
143,1000,0.5,integrated,False,True,33.53909412201979,21.720000000000017,1.7463993545105426e-05,36.02891038327081,0.49381529615184044,0.001482362247004758
144,1000,0.5,integrated,False,True,33.81755042292744,21.720000000000017,1.4554750645024207e-05,29.48874343555478,0.6222522193803238,0.0014946980489608218
145,1000,0.5,integrated,False,True,32.22147910422232,21.720000000000017,1.6459103754370397e-05,18.890123246545475,0.689169402088681,0.0015506296345788285
146,1000,0.5,integrated,False,True,28.954627381384572,21.720000000000017,4.3119668603523354e-05,10.407822675459308,0.4230069666270938,0.001167644163689007
147,1000,0.5,integrated,False,True,29.948409708844313,21.720000000000017,3.577281787507036e-05,27.708718490598493,0.3737731523287999,0.001212979567640711
148,1000,0.5,integrated,False,True,33.93710716987185,21.720000000000017,2.5881735305023218e-05,11.586257584598902,2.2281023412542553,0.0005461242837241797
149,1000,0.5,integrated,False,True,32.00020082682916,21.720000000000017,2.202509220888279e-05,13.409550100992966,1.1758142646442564,0.0009776305439415142
150,1000,0.5,integrated,False,True,31.618546380799447,21.720000000000017,2.2613952812545096e-05,20.338914197723575,0.5998891275731851,0.0010127518608929011
151,1000,0.5,integrated,False,True,33.4224599776061,21.720000000000017,2.0646215888696414e-05,9.013843624491221,0.7266748526444594,0.0004396020423321874
152,1000,0.5,integrated,False,True,34.52786829586712,21.720000000000017,2.2193363125380784e-05,34.701238157676066,0.39742112706899857,0.0004412903309032646
153,1000,0.5,integrated,False,True,29.138319562855898,21.720000000000017,4.854778559015183e-05,21.259581767696854,0.39411333540129984,0.00107385646604554
154,1000,0.5,integrated,False,True,35.92788074597406,21.720000000000017,1.1919394453900377e-05,16.51610378054269,0.7983151779531472,0.0006675704640727331
155,1000,0.5,integrated,False,True,31.71743345291259,21.720000000000017,2.8897823985141794e-05,24.271097941390643,0.6965721770278654,0.0008343215077026457
156,1000,0.5,integrated,False,True,31.365758824686164,21.720000000000017,2.1084838114148283e-05,17.034474949308517,0.3843807681971398,0.0011455374017999152
157,1000,0.5,integrated,False,True,33.011202786908086,21.720000000000017,1.700188057707683e-05,27.913591878270992,0.585066670291724,0.001585331843798129
158,1000,0.5,integrated,False,True,31.445545503013552,21.720000000000017,3.147078568747007e-05,29.983863369282023,0.7492169677910057,0.0009789906414462677
159,1000,0.5,integrated,False,True,36.09509932207749,21.720000000000017,1.7081887038380375e-05,40.774938409388085,0.7408646927978374,0.0006367606738085282
160,1000,0.5,integrated,False,True,27.575276170774206,21.720000000000017,8.144030468699542e-05,14.177550918052884,1.526657958783185,0.0020654265249002318
161,1000,0.5,integrated,False,True,31.026397533148803,21.720000000000017,3.695891706029298e-05,40.329409169536916,0.2857594476434619,0.0008250325187608695
162,1000,0.5,integrated,False,True,30.276742576233303,21.720000000000017,3.814768286867396e-05,7.405989259652587,0.6195464554821363,0.0007039523235788935
163,1000,0.5,integrated,False,True,31.81455717140252,21.720000000000017,2.3073955865452654e-05,18.971065424446905,0.59588918931324,0.0009810418343792603
164,1000,0.5,integrated,False,True,32.22914549134574,21.720000000000017,2.3914870880798904e-05,19.398037099501778,0.4837620959173285,0.0006589329053033197
165,1000,0.5,integrated,False,True,31.811534866060605,21.720000000000017,1.7932541425592982e-05,13.463656334477134,1.2603687753734811,0.0022789890782063667
166,1000,0.5,integrated,False,True,34.652193528263595,21.720000000000017,1.3011480897955265e-05,13.391170689809544,0.6294069801216211,0.0005821940624922842
167,1000,0.5,integrated,False,True,32.176483170819374,21.720000000000017,1.77085485225819e-05,25.256081975517997,0.557867299151884,0.001716943543030197
168,1000,0.5,integrated,False,True,32.370025970443045,21.720000000000017,2.1519571892381675e-05,33.00358157499364,0.43072765295205967,0.0012132640738748706
169,1000,0.5,integrated,False,True,37.24010467105853,21.720000000000017,1.1986918404535581e-05,18.954583989878472,1.531111934071805,0.0005801412052776786
170,1000,0.5,integrated,False,True,31.0309493143075,21.720000000000017,2.8689625877019346e-05,15.56048904984799,0.8698833258388856,0.0009979506250590456
171,1000,0.5,integrated,False,True,34.32790233353929,21.720000000000017,1.6950642620315975e-05,18.039380593807643,1.3823977816750554,0.0008412703704362723
172,1000,0.5,integrated,False,True,32.287462498276156,21.720000000000017,1.756103999332498e-05,13.370098593535115,0.8832400114836622,0.001219006341047355
173,1000,0.5,integrated,False,True,31.577786381241637,21.720000000000017,3.555726947979801e-05,27.703279960605617,0.46684805413596275,0.0006188953989704561
174,1000,0.5,integrated,False,True,32.87305026588885,21.720000000000017,1.678825593449845e-05,16.614995132597706,0.8903662325472994,0.001273371905050142
175,1000,0.5,integrated,False,True,31.009451176699194,21.720000000000017,6.092799085258571e-05,62.829744078657136,1.297340651255477,0.0008760249516601505
176,1000,0.5,integrated,False,True,32.935750191500006,21.720000000000017,2.1411721061699395e-05,39.036962720281466,0.23867970831071075,0.0010109996100064796
177,1000,0.5,integrated,False,True,31.40338617093977,21.720000000000017,3.7319006270595554e-05,25.20900902696979,1.1626445738603488,0.0007560566385576598
178,1000,0.5,integrated,False,True,32.15371726023179,21.720000000000017,1.7778049263784805e-05,20.936538563534487,0.4736855616670941,0.0014439303238487052
179,1000,0.5,integrated,False,True,32.721001820248745,21.720000000000017,1.9051111685930426e-05,28.15963615620781,0.5982999211826516,0.0012473855308133054
180,1000,0.5,integrated,False,True,33.04262594890463,21.720000000000017,2.8717974580059368e-05,35.45863889492301,2.131357929779387,0.0012109289185023827
181,1000,0.5,integrated,False,True,35.37559561794532,21.720000000000017,1.723983520362521e-05,41.38476641076009,0.5472552137101004,0.0007319173698207171
182,1000,0.5,integrated,False,True,32.06337991072514,21.720000000000017,2.745782112166924e-05,42.476506506420364,0.5753816851898028,0.0011051364566742018
183,1000,0.5,integrated,False,True,32.967365365384104,21.720000000000017,2.7391376624707745e-05,21.9049784797297,0.8017811612499571,0.0005074407182999404
184,1000,0.5,integrated,False,True,33.01191945321348,21.720000000000017,1.9250706608742035e-05,10.176200216280366,0.7844349773925723,0.0006077042403049862
185,1000,0.5,integrated,False,True,31.732957487458158,21.720000000000017,2.3780337284664854e-05,16.292639839557655,0.41103116473681045,0.0007204936492579369
186,1000,0.5,integrated,False,True,33.32723600362108,21.720000000000017,1.987858853672393e-05,25.108157956835626,0.3515482166558662,0.0006596443290054798
187,1000,0.5,integrated,False,True,29.22379311844196,21.720000000000017,3.087240496716761e-05,7.62571679996811,0.8498126751891091,0.0019021012095982157
188,1000,0.5,integrated,False,True,30.90651678306305,21.720000000000017,3.21461512875421e-05,20.436675662486113,1.0487471560356254,0.0010451918380456325
189,1000,0.5,integrated,False,True,31.62545677791021,21.720000000000017,2.6493436683210295e-05,35.93963371495972,0.43948973336245284,0.0011210607733137536
190,1000,0.5,integrated,False,True,31.455543347001466,21.720000000000017,1.850201937940719e-05,19.669243536868183,0.22865139475856536,0.0014511423685523266
191,1000,0.5,integrated,False,True,32.452228672198785,21.720000000000017,2.073345800799926e-05,17.402011098272283,1.0434034073595755,0.001096152296521395
192,1000,0.5,integrated,False,True,32.702323917306344,21.720000000000017,3.0408430114414375e-05,35.001077631889274,1.0465596641593016,0.000732762431118897
193,1000,0.5,integrated,False,True,30.972920638576515,21.720000000000017,2.8245286482642033e-05,29.15236927574627,0.6592226726504465,0.0014084959623493474
194,1000,0.5,integrated,False,True,32.20118016185137,21.720000000000017,1.8708961263560248e-05,12.416007209865311,1.0611023417687744,0.001063816971039463
195,1000,0.5,integrated,False,True,31.34592933286159,21.720000000000017,2.6728654338019788e-05,15.020604640985061,0.664625777693055,0.0007995961153608603
196,1000,0.5,integrated,False,True,32.651633821816986,21.720000000000017,1.788754000568014e-05,18.210771265886212,0.4544145183124573,0.0008825917323894245
197,1000,0.5,integrated,False,True,31.43603265810202,21.720000000000017,2.772770597211642e-05,30.18398147220807,0.540220340864032,0.0010169576535413055
198,1000,0.5,integrated,False,True,33.03973212354609,21.720000000000017,2.030461607823512e-05,15.946724076736107,0.264517506579348,0.0005682720843454102
199,1000,0.5,integrated,False,True,31.252722725966247,21.720000000000017,2.560208725208192e-05,16.201118939601372,0.46405049540896953,0.0008961013183153354
200,1000,0.5,integrated,False,True,34.00945945174347,21.720000000000017,2.376973814420193e-05,42.510143941218125,0.8825439610683518,0.0007566434382178558
201,1000,0.5,integrated,False,True,29.585566091263885,21.720000000000017,2.2311882129777072e-05,29.52385938357221,0.1923076688551344,0.00513293834467011
202,1000,0.5,integrated,False,True,36.28478567166147,21.720000000000017,1.2134699173958466e-05,43.65250067505814,0.5641489990111455,0.0017606809414843826
203,1000,0.5,integrated,False,True,31.640874438487742,21.720000000000017,2.0572317048923867e-05,19.005903676891336,0.9143211112576952,0.001695943458601433
204,1000,0.5,integrated,False,True,34.48764125171283,21.720000000000017,1.2052383895388425e-05,32.31610725117975,0.4704717960743202,0.001953946247000115
205,1000,0.5,integrated,False,True,31.854660520807624,21.720000000000017,1.988069699128475e-05,13.041807785277575,0.7245945665344385,0.0011412072252952657
206,1000,0.5,integrated,False,True,30.432187662857032,21.720000000000017,4.07877670014971e-05,33.05055292961781,0.30445169047862336,0.000814793244721136
207,1000,0.5,integrated,False,True,29.699287445279722,21.720000000000017,3.284729194681787e-05,15.119278896064248,0.6322062192534627,0.0014679966543853877
208,1000,0.5,integrated,False,True,29.451079704898184,21.720000000000017,4.599102701719041e-05,19.7727875906299,1.6536501885065553,0.0018506269043110381
209,1000,0.5,integrated,False,True,34.97721080058281,21.720000000000017,2.1103290701278185e-05,55.33598005379733,0.8423338021721661,0.0010986887656796829
210,1000,0.5,integrated,False,True,33.011151561112904,21.720000000000017,1.8471263070172745e-05,25.48212539759735,0.7465586208884204,0.0010027172715875872
211,1000,0.5,integrated,False,True,36.13775875476264,21.720000000000017,1.9968645260314492e-05,79.94811296276197,0.7667528151228385,0.0015581696347341098
212,1000,0.5,integrated,False,True,30.80689862339773,21.720000000000017,2.6655872182811147e-05,14.210372082054242,0.6180835758235936,0.0010447742439479274
213,1000,0.5,integrated,False,True,33.2712671723245,21.720000000000017,1.6454737232149577e-05,24.467774794080324,0.24365393165354557,0.0008979838486923388
214,1000,0.5,integrated,False,True,34.4789681139539,21.720000000000017,1.502511226326632e-05,15.997680518279681,1.0878834203003964,0.0007914382610211248
215,1000,0.5,integrated,False,True,28.740384787014484,21.720000000000017,4.6195857336120114e-05,14.10233503976664,0.29289221388051767,0.0012077044345996841
216,1000,0.5,integrated,False,True,33.3823677831554,21.720000000000017,1.4484027496249654e-05,21.379660583558778,0.45551073826276883,0.0011833632256003904
217,1000,0.5,integrated,False,True,29.555835330179335,21.720000000000017,5.508629318924123e-05,41.955228354618534,0.7090635506545615,0.0011932705316890176
218,1000,0.5,integrated,False,True,30.947250148727797,21.720000000000017,2.892762988396518e-05,25.98575456661407,0.5984480195375976,0.0012026011413376193
219,1000,0.5,integrated,False,True,32.8951337840088,21.720000000000017,1.5698694354167426e-05,21.923508207988444,0.5763707456079794,0.0014005845426857005
220,1000,0.5,integrated,False,True,31.703976292811234,21.720000000000017,3.633301731779728e-05,28.516735107695904,0.9136655227853665,0.0007146200534034429
221,1000,0.5,integrated,False,True,32.61445415534651,21.720000000000017,2.61801879977656e-05,20.519089707565463,1.4059578064899032,0.0007617678323831349
222,1000,0.5,integrated,False,True,32.94648135619562,21.720000000000017,1.775568298853792e-05,11.24585511485978,0.8514258683392586,0.0007700718713629133
223,1000,0.5,integrated,False,True,32.23597346973781,21.720000000000017,2.8181190282972935e-05,25.19010312932999,0.6694582522647211,0.0007317799557661995
224,1000,0.5,integrated,False,True,31.83467532059483,21.720000000000017,2.730459103865783e-05,33.563533323826476,0.748607015606081,0.0011392374913416004
225,1000,0.5,integrated,False,True,33.349418967662324,21.720000000000017,2.3447249552538476e-05,44.812677786326915,1.063303220616581,0.0016547206218779774
226,1000,0.5,integrated,False,True,31.079131568824266,21.720000000000017,2.9068034599489564e-05,30.92483088461511,1.5590187185172841,0.0026936526936867785
227,1000,0.5,integrated,False,True,32.640362731007706,21.720000000000017,1.9220537337290666e-05,11.845097373329786,1.384389009859477,0.0010082350349935845
228,1000,0.5,integrated,False,True,29.83596172942262,21.720000000000017,5.574603412322183e-05,33.58437684824784,0.6984044156694489,0.0008522617626539537
229,1000,0.5,integrated,False,True,30.1051388105083,21.720000000000017,4.008099521968149e-05,18.945850214976016,1.01227158368328,0.0011410610398887857
230,1000,0.5,integrated,False,True,29.226275972691546,21.720000000000017,3.663014641859576e-05,21.982933605829412,0.5793059226143273,0.0018707001469610096
231,1000,0.5,integrated,False,True,30.63242460469509,21.720000000000017,2.9489614943238883e-05,20.258092182283928,0.5395336123286206,0.0011432612446927884
232,1000,0.5,integrated,False,True,32.59515841432499,21.720000000000017,3.392938992886375e-05,43.67852685662446,0.3343529749295805,0.0005035500761825582
233,1000,0.5,integrated,False,True,36.836294188785715,21.720000000000017,1.2802132272792685e-05,24.49631705732395,0.7678180159659448,0.000517888334119275
234,1000,0.5,integrated,False,True,32.26540188784035,21.720000000000017,3.283655114785864e-05,48.69956816677066,0.9441773363474867,0.001055369514734555
235,1000,0.5,integrated,False,True,36.19048938954727,21.720000000000017,1.7492058270799787e-05,62.84257963946379,0.5450547483960381,0.0010833123405796883
236,1000,0.5,integrated,False,True,31.777719835544737,21.720000000000017,2.574175265499318e-05,23.774560959593376,1.2728420431567882,0.0014525920842714188
237,1000,0.5,integrated,False,True,33.8982240949943,21.720000000000017,1.2910436878665465e-05,16.898811928955258,0.4307725075887956,0.0008807607936094864
238,1000,0.5,integrated,False,True,36.05800205041908,21.720000000000017,1.069294078905512e-05,30.666190336480508,0.5868479237443635,0.0015858366533108353
239,1000,0.5,integrated,False,True,30.557209724945253,21.720000000000017,2.9877036775110343e-05,26.632021431078485,0.5459683592340085,0.0013492390366653482
240,1000,0.5,integrated,False,True,33.24510250269159,21.720000000000017,2.0197402599642883e-05,20.749732660691574,0.5828473113530881,0.0006675667418519883
241,1000,0.5,integrated,False,True,32.05611958621526,21.720000000000017,2.4889673013110416e-05,14.137730539852726,1.0694732370014555,0.0007599261561141418
242,1000,0.5,integrated,False,True,31.239409023358533,21.720000000000017,2.5025964985986187e-05,13.967667922044882,0.8111041026018249,0.001007845069127017
243,1000,0.5,integrated,False,True,35.7230876882207,21.720000000000017,1.54740678276032e-05,12.802697117768794,0.8523995718159012,0.00035475809542030983
244,1000,0.5,integrated,False,True,32.934734488015245,21.720000000000017,2.3874751495890953e-05,19.50527863621159,1.3733002918896893,0.0008016796699414409
245,1000,0.5,integrated,False,True,32.540011260404796,21.720000000000017,4.527378101044827e-05,12.371611249707362,1.1837321442049975,0.00032769487978985193
246,1000,0.5,integrated,False,True,31.35079538775587,21.720000000000017,2.330772836254198e-05,18.214721176776337,0.3618893561715312,0.0009356842188271364
247,1000,0.5,integrated,False,True,33.354635326728726,21.720000000000017,1.8730280530571692e-05,19.478179085095462,0.35086994973166236,0.0006193936418627444
248,1000,0.5,integrated,False,True,35.86497868730576,21.720000000000017,1.736658547926418e-05,41.27586352456744,0.9487635330112452,0.0007559397864557074
249,1000,0.5,integrated,False,True,34.008703566285085,21.720000000000017,1.3909884222774895e-05,17.752465109348126,0.7321378774141963,0.0009607441378641476
250,1000,0.5,integrated,False,True,29.647810386835467,21.720000000000017,3.3120081647697224e-05,23.342302113147543,0.7857293620116342,0.002192421578770514
251,1000,0.5,integrated,False,True,29.796996356127558,21.720000000000017,3.4192367002999735e-05,14.59570243167228,0.6540627258240073,0.0012194464481364645
252,1000,0.5,integrated,False,True,34.66926948621113,21.720000000000017,1.1998471760509041e-05,16.097882212529797,0.47352846050487074,0.0008581033052870472
253,1000,0.5,integrated,False,True,29.842278853290836,21.720000000000017,3.9934282462323585e-05,29.148634298676512,0.54732564305817,0.001290630920949924
254,1000,0.5,integrated,False,True,30.724725920856436,21.720000000000017,3.818914310567058e-05,22.257307823319483,0.8813544854043716,0.0009044537172023981
255,1000,0.5,integrated,False,True,28.713238462409407,21.720000000000017,5.082564266102679e-05,26.293824981730484,0.33522574839736885,0.0013665519478751294
256,1000,0.5,integrated,False,True,33.367614608359816,21.720000000000017,1.5540080914294545e-05,17.093988245551298,0.6889106444162385,0.0008378842355230027
257,1000,0.5,integrated,False,True,31.11454283261243,21.720000000000017,4.286720008940172e-05,30.5073014207871,0.7682044537104019,0.0006851486253324675
258,1000,0.5,integrated,False,True,31.42502352438755,21.720000000000017,2.1301521225330978e-05,15.566595767301315,0.3286002504391882,0.0010371864609256597
259,1000,0.5,integrated,False,True,32.377454599479904,21.720000000000017,2.5363008859315477e-05,28.92412384151458,0.4136598977506348,0.000752181533830731
260,1000,0.5,integrated,False,True,33.81287876962895,21.720000000000017,1.2884637979708602e-05,17.495039661278962,0.8569655914361505,0.001308303397519093
261,1000,0.5,integrated,False,True,35.22113364062607,21.720000000000017,1.2832129891410025e-05,35.500534138156496,1.1580273915984618,0.002323368455843888
262,1000,0.5,integrated,False,True,31.401380836835312,21.720000000000017,1.662902488237447e-05,7.129088497805097,0.4334256050015157,0.0011698517791962012
263,1000,0.5,integrated,False,True,33.10383064605555,21.720000000000017,1.604020009833962e-05,17.73696399684311,0.6383906347773125,0.0010835898406914236
264,1000,0.5,integrated,False,True,31.674004938476838,21.720000000000017,3.4277305200780315e-05,23.633809031884685,1.0774953429665526,0.0006916108420899741
265,1000,0.5,integrated,False,True,34.068034365129456,21.720000000000017,2.804778809780943e-05,40.77855344399364,1.1917029452078463,0.0005895080010212345
266,1000,0.5,integrated,False,True,32.408453491622694,21.720000000000017,2.915891960991359e-05,20.304241088686695,1.2755794335239117,0.0006609077966276217
267,1000,0.5,integrated,False,True,36.56298667370842,21.720000000000017,1.442287399424998e-05,27.92391932949777,1.0398045886273133,0.0005523792898916824
268,1000,0.5,integrated,False,True,30.718959554579634,21.720000000000017,3.313387575004784e-05,16.67934389373295,0.5672435850642096,0.0007765077514548297
269,1000,0.5,integrated,False,True,33.423423118876045,21.720000000000017,2.420373589838522e-05,64.52464641908365,0.9939175761463096,0.002138126909176122
270,1000,0.5,integrated,False,True,32.507419053255425,21.720000000000017,2.0206554385738054e-05,24.230986635989645,0.2506406842403707,0.0007789268960227209
271,1000,0.5,integrated,False,True,30.392311836541687,21.720000000000017,2.9803821837074755e-05,15.911391740890773,0.7600788623302789,0.0013198871450286085
272,1000,0.5,integrated,False,True,32.71664843991286,21.720000000000017,3.0093787602957853e-05,27.13878372072767,1.57939950935619,0.0008156586240464922
273,1000,0.5,integrated,False,True,32.50566749821739,21.720000000000017,1.8278675292119756e-05,26.13770658852233,0.41454995586576676,0.0011588792700984968
274,1000,0.5,integrated,False,True,30.771583202877757,21.720000000000017,3.6091898719021434e-05,14.138211748072292,0.5132589587656182,0.0006259277746272088
275,1000,0.5,integrated,False,True,32.105469168749515,21.720000000000017,2.405172035503114e-05,19.598536929957497,0.6430729964767533,0.0007920358720496816
276,1000,0.5,integrated,False,True,30.5363340882322,21.720000000000017,3.296949181383101e-05,13.175180282587316,0.5436735595973855,0.0008237226510877316
277,1000,0.5,integrated,False,True,34.58911429907496,21.720000000000017,1.5742911829096958e-05,20.6560052449452,0.44056649397454384,0.0005477745394705853
278,1000,0.5,integrated,False,True,32.48645248506959,21.720000000000017,4.5391170396902154e-05,18.58018292797821,1.3349735184268297,0.0004098577482557677
279,1000,0.5,integrated,False,True,34.017057691975275,21.720000000000017,2.2343955768966774e-05,37.0975519405,0.8824919490047416,0.0007491219246105741
280,1000,0.5,integrated,False,True,31.258714983240736,21.720000000000017,2.871641744655521e-05,16.63073625785282,0.4662075145947873,0.0007513115791452619
281,1000,0.5,integrated,False,True,30.134701977599466,21.720000000000017,3.369340010133362e-05,13.11753934345101,0.6073162962938857,0.0009862390673487074
282,1000,0.5,integrated,False,True,33.2438264381051,21.720000000000017,1.571215100938057e-05,33.7576427733927,0.4064484544679515,0.0016362317728801654
283,1000,0.5,integrated,False,True,35.884817003771225,21.720000000000017,1.3066867478156594e-05,34.42090416797173,0.5992280379787649,0.000924229757545508
284,1000,0.5,integrated,False,True,30.98622915366078,21.720000000000017,2.983479557010378e-05,15.9337153937486,0.9428050151567168,0.0009848247174501132
285,1000,0.5,integrated,False,True,33.78506278803408,21.720000000000017,1.4577752637011555e-05,22.075879011941748,0.5156814192422448,0.0011912173285377858
286,1000,0.5,integrated,False,True,31.997690501685362,21.720000000000017,1.9312085682102788e-05,17.320721935381865,0.5054326872524683,0.0011454159495902384
287,1000,0.5,integrated,False,True,30.32060301144285,21.720000000000017,3.198944927694041e-05,36.12287337430946,0.46187452005787705,0.0016176302588664392
288,1000,0.5,integrated,False,True,29.740509870913503,21.720000000000017,3.4084916773309476e-05,23.632519775264306,0.8065566473772424,0.002068429032283936
289,1000,0.5,integrated,False,True,30.719216473367958,21.720000000000017,1.7319864829024598e-05,18.525040136271326,0.4082029267165032,0.003067265422266249
290,1000,0.5,integrated,False,True,32.42875157533447,21.720000000000017,3.1406930547068665e-05,43.007539420605376,1.4636817129038069,0.001174504834153169
291,1000,0.5,integrated,False,True,33.79223353917612,21.720000000000017,1.8767767993357116e-05,24.174515187660493,1.1933192966304178,0.0010351349380419894
292,1000,0.5,integrated,False,True,34.081168465142085,21.720000000000017,2.0259972916791104e-05,23.175491942554416,1.2281312433474354,0.0006787912016249102
293,1000,0.5,integrated,False,True,32.31710423952006,21.720000000000017,2.3079292201375797e-05,35.32322428151628,0.776108936814762,0.001415440292005251
294,1000,0.5,integrated,False,True,33.83155614712156,21.720000000000017,3.497692298786865e-05,34.58307294957891,0.9950767788442574,0.00037673639077980925
295,1000,0.5,integrated,False,True,89.06423455804202,73.31999999999897,9.985239066126467e-06,28.5148050495182,3.923928088533111,0.0014652774917276092
296,1000,0.5,integrated,False,True,30.322556494092822,21.720000000000017,7.038263385939555e-05,23.60102698627479,0.2997439110709461,0.00041964912683294483
297,1000,0.5,integrated,False,True,33.666964946371316,21.720000000000017,1.6989396522123248e-05,34.61639426123585,1.1172002841892463,0.0019056114162625082
298,1000,0.5,integrated,False,True,31.84108725455925,21.720000000000017,2.6769382283538115e-05,16.229713083976787,0.47345034017633697,0.0006456352482141403
299,1000,0.5,integrated,False,True,31.83784453001899,21.720000000000017,2.7050592215449765e-05,31.54487015766942,0.44311434740954014,0.0009625669701698066
300,1000,0.5,integrated,False,True,29.84405294569134,21.720000000000017,3.110999140834865e-05,17.173791433024345,1.1207955787080055,0.002088773227943698
301,1000,0.5,integrated,False,True,30.590629765823422,21.720000000000017,3.6113213788823346e-05,41.09504798534261,0.5643510021020804,0.0014786932950434932
302,1000,0.5,integrated,False,True,32.41114452874144,21.720000000000017,2.3033831748027353e-05,16.32028902565459,1.4987108871530948,0.0010157728425905517
303,1000,0.5,integrated,False,True,33.5196068717822,21.720000000000017,3.33868593720328e-05,47.27387617734764,0.7073888435954436,0.0004951698829411105
304,1000,0.5,integrated,False,True,30.74251981459376,21.720000000000017,3.446730552788734e-05,28.677059365458923,1.5915062162078442,0.0018961388882804292
305,1000,0.5,integrated,False,True,30.13802629815912,21.720000000000017,2.8418553373867323e-05,12.388396605965037,0.2873966638220469,0.0010670647990868255
306,1000,0.5,integrated,False,True,33.763134402922,21.720000000000017,1.5130036105087078e-05,16.17915821547608,1.1216109877905927,0.0009962635982959547
307,1000,0.5,integrated,False,True,33.607190204035646,21.720000000000017,2.5459259874729542e-05,13.44203534145957,1.5690277272580815,0.00048434319771485163
308,1000,0.5,integrated,False,True,32.359355317195295,21.720000000000017,2.2011491386910393e-05,15.636854834150892,0.679560574240879,0.000694286030363387
309,1000,0.5,integrated,False,True,31.720325985809225,21.720000000000017,1.7807413431649315e-05,26.299847480248093,0.5560344696315601,0.002156680744446371
310,1000,0.5,integrated,False,True,39.67696886294139,21.840000000000018,1.1266438035099944e-05,35.41280734893137,2.2452619524683413,0.0009628360602872956
311,1000,0.5,integrated,False,True,33.863066991192866,21.720000000000017,1.782396698760266e-05,27.73225446914385,1.429546647458247,0.0015731816960790014
312,1000,0.5,integrated,False,True,34.07285254822504,21.720000000000017,2.5129744134974366e-05,68.0737134104461,0.3060522967901243,0.0009334643255557966
313,1000,0.5,integrated,False,True,30.460511951363152,21.720000000000017,3.647848176997618e-05,42.426358637591846,0.5235673234524986,0.001478835077019347
314,1000,0.5,integrated,False,True,33.291950204691574,21.720000000000017,2.196579309023132e-05,26.92011696355582,0.6926593252989195,0.0007401487909335107
315,1000,0.5,integrated,False,True,33.83407711128742,21.720000000000017,3.1552032734820665e-05,18.79953425892018,0.8617285201358552,0.00032539470102366317
316,1000,0.5,integrated,False,True,28.58736453534135,21.720000000000017,5.109670464729029e-05,14.615698112986767,1.9344197555364884,0.0026066155914394994
317,1000,0.5,integrated,False,True,37.402939786791585,21.720000000000017,1.1420132157316675e-05,45.6863500279291,0.5370193577771626,0.0011430551245177247
318,1000,0.5,integrated,False,True,36.66423627790048,21.720000000000017,1.6362240547956168e-05,42.61955103703985,0.41028777319304244,0.000437458264514527
319,1000,0.5,integrated,False,True,30.207478999591643,21.720000000000017,3.621798123770662e-05,7.840802497255734,0.3880687430142321,0.0007061478741260466
320,1000,0.5,integrated,False,True,30.79822822361043,21.720000000000017,2.4229024748107715e-05,15.840398529266887,0.7740960050737856,0.0014111076506483993
321,1000,0.5,integrated,False,True,30.812792064949072,21.720000000000017,3.535772316416908e-05,17.94026462669991,0.6350710116176882,0.0007663174057654761
322,1000,0.5,integrated,False,True,30.379664338861907,21.720000000000017,5.181366854413261e-05,34.525564637676105,0.8949023132329128,0.0008206514091536136
323,1000,0.5,integrated,False,True,35.428384517256866,21.720000000000017,1.385534834866728e-05,35.54650723724428,0.9592717216024518,0.0014050331980938948
324,1000,0.5,integrated,False,True,33.02569885461048,21.720000000000017,1.5630203687126906e-05,7.8359129528967335,0.5622599465683003,0.0006929341934278944
325,1000,0.5,integrated,False,True,39.787727170397176,21.720000000000017,8.33023136612879e-06,25.739463494645133,0.6741126155204714,0.0005914742637371889
326,1000,0.5,integrated,False,True,32.665345899220874,21.720000000000017,2.2166359571386257e-05,21.13840761154603,0.7513275068166918,0.0007139348359903257
327,1000,0.5,integrated,False,True,32.48827731337191,21.720000000000017,1.9375035998358e-05,22.058768755331354,0.6451840655201708,0.0010844333072885745
328,1000,0.5,integrated,False,True,35.373941288876864,21.720000000000017,1.1340072640565756e-05,25.52012434679032,0.5568638457075511,0.0010498976128530582
329,1000,0.5,integrated,False,True,29.861746270374645,21.720000000000017,3.839466358061641e-05,19.345276079689675,0.6448213321935446,0.0011140825600617643
330,1000,0.5,integrated,False,True,31.29346975734542,21.720000000000017,2.1842844645302968e-05,7.664705137746621,0.3861778446256233,0.0007975171228432839
331,1000,0.5,integrated,False,True,31.266377932155066,21.720000000000017,3.0044945040684708e-05,21.968678044664,0.5151840787537034,0.0008218994420406988
332,1000,0.5,integrated,False,True,28.59136074789345,21.720000000000017,4.781075209734338e-05,36.11349736451401,0.7213152242975899,0.002817212737373455
333,1000,0.5,integrated,False,True,29.96201526461797,21.720000000000017,4.8871363410816136e-05,10.237516473786675,0.8392922398627022,0.0007197659627265218
334,1000,0.5,integrated,False,True,32.44519225621006,21.720000000000017,1.943507094195423e-05,14.586060265129044,0.6049831879032866,0.0008197890134086108
335,1000,0.5,integrated,False,True,30.950266624496038,21.720000000000017,2.3816373606900202e-05,18.06973893540917,0.6051197471380084,0.0013959366795760185
336,1000,0.5,integrated,False,True,30.802974715752175,21.720000000000017,3.0910299855472125e-05,38.782758071573156,0.635217720600168,0.0015808498384288488
337,1000,0.5,integrated,False,True,38.898286801601735,21.720000000000017,1.0552652158222013e-05,22.07221676286597,0.8645762037526281,0.00035309867741321725
338,1000,0.5,integrated,False,True,28.79790032574948,21.720000000000017,7.92938935694286e-05,47.881307094107115,0.10695102844410426,0.0008434537471899266
339,1000,0.5,integrated,False,True,30.818365122397957,21.720000000000017,2.092513577239597e-05,10.275698327326602,0.8388008334639845,0.0016398736953277795
340,1000,0.5,integrated,False,True,31.685927117231003,21.720000000000017,4.206160613360429e-05,51.58507333155345,1.0474404019480796,0.0009423074582478225
341,1000,0.5,integrated,False,True,30.875390343304275,21.720000000000017,3.6533787967682494e-05,21.594863434797585,0.9297251943188787,0.0008347897138981492
342,1000,0.5,integrated,False,True,32.78389518867891,21.720000000000017,2.3204258231027775e-05,17.951198152266375,0.48325865623553693,0.0005441526382605109
343,1000,0.5,integrated,False,True,34.06925898752287,21.720000000000017,1.7200122126066748e-05,19.96757866841279,1.550242765670916,0.0009358655013670882
344,1000,0.5,integrated,False,True,32.875310499814454,21.720000000000017,1.7930446143354583e-05,16.074384878298233,0.6290645564234553,0.0008347811132985151
345,1000,0.5,integrated,False,True,31.713853691046992,21.720000000000017,2.637197731849889e-05,27.1302518660902,0.5184644929633366,0.0009287369285031221
346,1000,0.5,integrated,False,True,33.933149061154744,21.720000000000017,1.1770524311343603e-05,24.049147954896533,0.626515760213684,0.0019683437906542157
347,1000,0.5,integrated,False,True,30.18008142988684,21.720000000000017,5.393621558383842e-05,23.82098472452483,0.35808155130122493,0.0005600583531219797
348,1000,0.5,integrated,False,True,31.72852520436618,21.720000000000017,2.384500380247204e-05,14.36875922678691,0.5500275607575222,0.0008022726438628143
349,1000,0.5,integrated,False,True,31.16173376071226,21.720000000000017,3.082785770305741e-05,29.41799465422922,0.7080199959511819,0.0010309375489443533
350,1000,0.5,integrated,False,True,35.87741492992656,21.720000000000017,1.650977862041345e-05,51.08641070903355,0.6032357428872488,0.000860830241073253
351,1000,0.5,integrated,False,True,33.55466802937929,21.720000000000017,1.1192150970182753e-05,12.857711748485636,0.6713315128217866,0.001424278262030382
352,1000,0.5,integrated,False,True,31.731900454263904,21.720000000000017,2.5429568227709423e-05,36.42461934184011,0.3908597015384768,0.0011520466692722326
353,1000,0.5,integrated,False,True,32.345282809168204,21.720000000000017,1.410185747153849e-05,14.650616596635759,0.6535139282112201,0.0016086498424361592
354,1000,0.5,integrated,False,True,30.22233603871699,21.720000000000017,2.7059191501805207e-05,17.576473432850374,0.53437303817373,0.0014496115488219661
355,1000,0.5,integrated,False,True,32.51942847269324,21.720000000000017,1.961971834489908e-05,22.762088198704188,0.918991551257274,0.0013351197796919124
356,1000,0.5,integrated,False,True,32.958980034494914,21.720000000000017,2.6437492685354605e-05,16.774897371613562,1.5324516276293623,0.0006565621801337232
357,1000,0.5,integrated,False,True,34.7123300770298,21.720000000000017,1.3683946189129442e-05,31.780230727755498,0.2180709455309299,0.000963929086900012
358,1000,0.5,integrated,False,True,31.93235820179576,21.720000000000017,3.9196948069736956e-05,20.20825727779108,0.8447503938774229,0.0004517741756798726
359,1000,0.5,integrated,False,True,33.4982573540678,21.720000000000017,1.877838074078364e-05,19.281054114696964,0.5504814233774332,0.0006086717604251756
360,1000,0.5,integrated,False,True,29.46222333075027,21.720000000000017,3.852525498781352e-05,22.279721867378925,0.9510707087200995,0.0018369816783861573
361,1000,0.5,integrated,False,True,33.94644466344526,21.720000000000017,1.6896458915435928e-05,19.830353994449094,0.753195531413254,0.0007068983859773897
362,1000,0.5,integrated,False,True,35.83944104906233,21.720000000000017,2.082798513945877e-05,59.939315401209925,1.0012746717138261,0.0010842495022364668
363,1000,0.5,integrated,False,True,32.752692439914824,21.720000000000017,1.6366621688372225e-05,16.66415013685476,0.6275547451903,0.0010990658850973602
364,1000,0.5,integrated,False,True,30.857544595587555,21.720000000000017,3.41472270597062e-05,32.43723486576246,0.7984373601603101,0.0011725376890244954
365,1000,0.5,integrated,False,True,38.51052212403221,21.720000000000017,9.896520924203352e-06,21.52286463417834,1.0761142686714453,0.0004823343547738156
366,1000,0.5,integrated,False,True,29.13117960605127,21.720000000000017,2.6361935073692193e-05,14.066837519157968,0.46392173090167443,0.0029315551008828253
367,1000,0.5,integrated,False,True,34.32263244374516,21.720000000000017,1.3771176460454942e-05,19.75894999806069,0.6919610034961409,0.0008607552969282566
368,1000,0.5,integrated,False,True,29.324768746771944,21.720000000000017,2.9268156892792647e-05,8.317153782855831,0.565135859877217,0.0017206706682058336
369,1000,0.5,integrated,False,True,28.24189692495721,21.720000000000017,4.762226408952386e-05,12.50428072369556,1.345783032449607,0.003032968410238709
370,1000,0.5,integrated,False,True,32.3423827885653,21.720000000000017,1.2405681951503179e-05,10.605272379196496,0.2756825737767204,0.0014954968196120356
371,1000,0.5,integrated,False,True,30.760666139435752,21.720000000000017,2.8712654361159685e-05,22.8543345497066,0.3905134856130044,0.0011153654908300737
372,1000,0.5,integrated,False,True,33.95283669492542,21.720000000000017,1.4496506929965386e-05,19.248105197116104,0.6744870025937962,0.000820908631909918
373,1000,0.5,integrated,False,True,34.41453703551013,21.720000000000017,2.161042250758984e-05,26.71013978514388,0.7891730236698653,0.0004916198742886907
374,1000,0.5,integrated,False,True,33.26293850111898,21.720000000000017,1.9799540128794716e-05,15.243960987914587,0.8402761868485107,0.0006008094377569521
375,1000,0.5,integrated,False,True,33.26640099106963,21.720000000000017,1.963155302217467e-05,28.100453363758977,0.4129373773063897,0.0008154353598552297
376,1000,0.5,integrated,False,True,27.84071417410148,21.720000000000017,7.329756488775696e-05,12.611692561716277,0.8924184230404137,0.0014430540098106417
377,1000,0.5,integrated,False,True,30.769289720169713,21.720000000000017,3.1531962061280176e-05,27.60677955728229,1.159252267058202,0.0017066565154205567
378,1000,0.5,integrated,False,True,34.67727703503654,21.720000000000017,2.0043037469891008e-05,12.49842709785928,0.43941288927805294,0.0002842748092812685
379,1000,0.5,integrated,False,True,33.673883235660725,21.720000000000017,2.951699549844565e-05,38.07517203801286,0.6255301016092614,0.0004305229170637526
380,1000,0.5,integrated,False,True,32.61050150069221,21.720000000000017,2.9714305899521344e-05,17.906124558021407,1.036182703176344,0.0005972336801230355
381,1000,0.5,integrated,False,True,30.887249838785536,21.720000000000017,2.4060342346134785e-05,19.638737007751242,0.40333916304109513,0.0012814954401043244
382,1000,0.5,integrated,False,True,37.953228113659314,21.720000000000017,8.306078109628296e-06,14.436390049721538,0.4755047427582462,0.0004685168739921128
383,1000,0.5,integrated,False,True,40.380616214434745,21.720000000000017,6.705389630329912e-06,15.100951609939822,0.4325994076065748,0.00032364775895186667
384,1000,0.5,integrated,False,True,34.686726177337654,21.720000000000017,1.9713012303179508e-05,42.19187152717122,0.832106276813692,0.0008637559662841879
385,1000,0.5,integrated,False,True,33.08390946702845,21.720000000000017,2.4666365370806656e-05,16.331426727541963,1.6309641382896236,0.0007433322872741672
386,1000,0.5,integrated,False,True,37.72857567991325,21.840000000000018,1.0108475536262524e-05,28.972150649235857,1.9308534426022042,0.0017233259019906987
387,1000,0.5,integrated,False,True,33.00575257866183,21.720000000000017,1.610380855089579e-05,27.62115881172463,0.7637732482175889,0.0017965140733802664
388,1000,0.5,integrated,False,True,35.54214292956054,21.720000000000017,1.6402336071226725e-05,17.757997695139704,0.7072738383658556,0.0003640736690666415
389,1000,0.5,integrated,False,True,29.589168329635072,21.720000000000017,6.57957531298807e-05,64.17451452289467,0.6333902978775505,0.001243424820834634
390,1000,0.5,integrated,False,True,29.065434664785442,21.720000000000017,4.146895090645296e-05,21.18463094398839,1.0446545055724856,0.002215828843378782
391,1000,0.5,integrated,False,True,30.18017910358329,21.720000000000017,3.641174726918989e-05,26.867181351752357,0.6615537584976209,0.001278889000097453
392,1000,0.5,integrated,False,True,31.458821110403072,21.720000000000017,3.652364957016996e-05,24.431177907585642,0.941384039571652,0.0006921981738364631
393,1000,0.5,integrated,False,True,31.986319632754395,21.720000000000017,1.69899330656299e-05,10.471483305718948,0.6722757432605455,0.001068895152812458
394,1000,0.5,integrated,False,True,34.36293312352916,21.720000000000017,3.2680303431537375e-05,41.068874924448814,0.5407706278301796,0.00033406615192728477
395,1000,0.5,integrated,False,True,33.51547537985605,21.720000000000017,1.773921670349845e-05,27.620411304589233,0.5964781915695088,0.0009283280487225297
396,1000,0.5,integrated,False,True,31.628342653782035,21.720000000000017,4.278414700553297e-05,20.076218693788245,1.0831219768720366,0.0005505830642076123
397,1000,0.5,integrated,False,True,33.691020219122706,21.720000000000017,2.032325313000564e-05,23.422172479427957,0.7687885543365206,0.0006393809428382477
398,1000,0.5,integrated,False,True,30.752323171341764,21.720000000000017,2.9065292676194868e-05,22.125069548041687,1.1688076152127058,0.0016579998252943945
399,1000,0.5,integrated,False,True,30.15987366149197,21.720000000000017,3.748117892049396e-05,20.42070350004307,0.3446391350128326,0.000900593089152813
400,1000,0.5,integrated,False,True,36.917235427956626,21.720000000000017,1.558393562493736e-05,27.839423598019692,0.3875448776910508,0.00030900422553477877
401,1000,0.5,integrated,False,True,29.08858983833349,21.720000000000017,4.6664774206844195e-05,16.410146783422274,0.6881125599800141,0.0012101709384558005
402,1000,0.5,integrated,False,True,30.71431555957935,21.720000000000017,4.157922109717906e-05,35.20662620522939,0.9711246995210416,0.0010358814383819945
403,1000,0.5,integrated,False,True,32.064670295350204,21.720000000000017,4.513406445929777e-05,47.87365884125086,0.5094336714236867,0.0005149863187955933
404,1000,0.5,integrated,False,True,30.58339067997928,21.720000000000017,2.7965332366839377e-05,19.678547200811753,0.37939858936240906,0.00112912502220868
405,1000,0.5,integrated,False,True,33.573147860066456,21.720000000000017,1.7623683602411037e-05,15.654278699501372,0.8049978642375871,0.0006664178714186503
406,1000,0.5,integrated,False,True,33.12945062273864,21.720000000000017,3.051483397083299e-05,36.3158827369829,1.0557675321251256,0.0006449466927024094
407,1000,0.5,integrated,False,True,31.791837885471164,21.720000000000017,2.840864141163234e-05,35.98049418948575,0.8297338014921309,0.0012333375578285624
408,1000,0.5,integrated,False,True,33.23234838696531,21.720000000000017,2.0193207654542363e-05,28.599252124129983,0.7752092399173632,0.000992858243814923
409,1000,0.5,integrated,False,True,29.69861133086102,21.720000000000017,3.093201878789431e-05,15.122096019076526,1.3320509881587907,0.002377050993856901
410,1000,0.5,integrated,False,True,32.47341157023613,21.720000000000017,3.118669156424099e-05,38.0211777266886,0.8534621383841887,0.0008555206866078161
411,1000,0.5,integrated,False,True,35.89746352179102,21.720000000000017,1.39829449052534e-05,22.289781587125518,0.6683312749570489,0.00047621726396572897
412,1000,0.5,integrated,False,True,31.136050222445437,21.720000000000017,2.0004439468922753e-05,9.70032093641568,1.2320747108652,0.0018354287626010774
413,1000,0.5,integrated,False,True,38.36861764130169,21.720000000000017,1.0551863350728658e-05,28.510613067086915,0.8683210686157902,0.0006368762301077778
414,1000,0.5,integrated,False,True,29.917297754697728,21.720000000000017,2.7667411553627364e-05,8.654189976748937,0.5585652001792893,0.0013519030312585238
415,1000,0.5,integrated,False,True,36.56062771960202,21.720000000000017,9.400100662774513e-06,27.90712693447483,0.6931550379868054,0.0015163116992263643
416,1000,0.5,integrated,False,True,31.04661335467881,21.720000000000017,3.114408817910816e-05,39.65648578924069,0.9952126049629224,0.0019935774171942313
417,1000,0.5,integrated,False,True,32.214974111899416,21.720000000000017,2.692332739126761e-05,30.860859668053024,0.8157837917552471,0.0009706300498371136
418,1000,0.5,integrated,False,True,31.409314963472212,21.720000000000017,3.893995184836937e-05,24.513453090910314,1.2695303739671528,0.0007006856797665728
419,1000,0.5,integrated,False,True,37.46201948146481,21.720000000000017,1.1841238337648126e-05,34.15836823748792,0.9747876520025451,0.0009608834514363541
420,1000,0.5,integrated,False,True,33.72963494659671,21.720000000000017,1.9357778739457665e-05,30.83599825699471,0.6466922046804344,0.0008821056323232685
421,1000,0.5,integrated,False,True,29.96372476067517,21.720000000000017,3.462626734759156e-05,32.28435609858258,0.8259411365455352,0.0020287864107017017
422,1000,0.5,integrated,False,True,33.509794304627135,21.720000000000017,1.1853486603771256e-05,20.93230988290526,0.46748185216208127,0.001962517239919209
423,1000,0.5,integrated,False,True,32.00159430709791,21.720000000000017,2.6851852518532654e-05,34.89028284058601,0.8526670520806723,0.001164672206820254
424,1000,0.5,integrated,False,True,33.280494614188456,21.720000000000017,1.5867967191094205e-05,10.732599532613559,0.8722253412002988,0.0008498558295420832
425,1000,0.5,integrated,False,True,35.543625751348316,21.720000000000017,1.879385763593436e-05,37.535405256279816,0.7119740873589974,0.000567361391028479
426,1000,0.5,integrated,False,True,31.364409641223315,21.720000000000017,3.071677424791021e-05,15.538019602906017,0.43138555676018,0.0005982760288980313
427,1000,0.5,integrated,False,True,36.576267836233995,21.720000000000017,1.5552979995429526e-05,49.96216329470192,0.5616770285038895,0.0007770115411199164
428,1000,0.5,integrated,False,True,32.6049788239951,21.720000000000017,3.454687754168951e-05,33.296030922613014,0.3867476022417571,0.00044704601159317
429,1000,0.5,integrated,False,True,31.777418454413088,21.720000000000017,2.7389345186301406e-05,13.684179993396707,0.7405464871653618,0.0006624917261386519
430,1000,0.5,integrated,False,True,42.67550673934011,21.720000000000017,1.3560273997302375e-05,102.02433884845374,0.6643892319772212,0.0006957102252558296
431,1000,0.5,integrated,False,True,35.150125707063545,21.720000000000017,2.257449820363698e-05,34.60742328537808,1.369452365415868,0.0005372409137778564
432,1000,0.5,integrated,False,True,28.75082369461589,21.720000000000017,5.193071083801282e-05,16.556713461648304,0.9088276252005332,0.0014015903852241972
433,1000,0.5,integrated,False,True,32.59019182424608,21.720000000000017,2.0062252050611863e-05,25.373818766955694,0.37972935811149067,0.0009166849036788728
434,1000,0.5,integrated,False,True,34.873519017385966,21.720000000000017,1.4709585060855317e-05,27.147953561023215,0.7935966982271833,0.0008355961674634799
435,1000,0.5,integrated,False,True,31.964448277596404,21.720000000000017,2.477367377104817e-05,37.976417725791386,0.4300650914357543,0.001214184625448984
436,1000,0.5,integrated,False,True,37.452365983756536,21.720000000000017,1.2791738526768816e-05,16.754224435785748,0.7668689883868754,0.000327194758714214
437,1000,0.5,integrated,False,True,29.516308625857164,21.720000000000017,4.039685966842726e-05,24.099857500103052,0.6105755526925997,0.0013313475575189378
438,1000,0.5,integrated,False,True,32.89280894540001,21.720000000000017,3.0456046800672846e-05,56.22001522810069,0.7285820019045891,0.000961087644132566
439,1000,0.5,integrated,False,True,31.32701464909016,21.720000000000017,2.962591535620387e-05,21.109111485442487,0.6418554638439501,0.0008212586807020129
440,1000,0.5,integrated,False,True,32.226041444389296,21.720000000000017,2.353125998427767e-05,14.606608535080017,0.844229953866679,0.0007160203064380299
441,1000,0.5,integrated,False,True,35.30206416459069,21.720000000000017,2.8952624413249137e-05,73.43020775083734,0.5534499656166835,0.0004913271267552661
442,1000,0.5,integrated,False,True,32.627386068349054,21.720000000000017,2.2241213127049798e-05,29.307216368081278,0.6173772557133049,0.0009099405811838753
443,1000,0.5,integrated,False,True,30.159163971180412,21.720000000000017,4.1495959101562644e-05,17.766662072083726,0.9727982083568004,0.0009693998412395826
444,1000,0.5,integrated,False,True,34.384804954725354,21.720000000000017,1.1165032891628505e-05,13.237323816951285,1.0815122655122762,0.0013976722701870097
445,1000,0.5,integrated,False,True,33.64594604844475,21.720000000000017,1.410293411183444e-05,28.547017947917684,0.2565009214007245,0.0013779620011686422
446,1000,0.5,integrated,False,True,31.39069534835314,21.720000000000017,2.320204239506591e-05,11.743157083443158,0.9819708277223937,0.0010634276597794622
447,1000,0.5,integrated,False,True,36.9552334858413,21.720000000000017,1.412868998197143e-05,45.12119406704211,1.5842547282884127,0.002015586321541376
448,1000,0.5,integrated,False,True,31.413043894223428,21.720000000000017,3.095346512912237e-05,30.346169366108775,0.5761427645958216,0.0008598615572713709
449,1000,0.5,integrated,False,True,31.95806172467646,21.720000000000017,2.0348212381493708e-05,22.992809187550694,0.27996609551028845,0.0010350685657681581
450,1000,0.5,integrated,False,True,29.610593230936914,21.720000000000017,2.7250121369140376e-05,12.934918476175572,0.427298364521409,0.0017877244135919657
451,1000,0.5,integrated,False,True,31.198512250327134,21.720000000000017,1.8596722861174255e-05,15.689885505322646,0.22544901447502982,0.0013943899132943594
452,1000,0.5,integrated,False,True,32.90738726769072,21.720000000000017,1.9728264749622637e-05,37.10266008272251,0.8757515102528938,0.0020273237397735494
453,1000,0.5,integrated,False,True,34.5567974497723,21.720000000000017,1.72544431555868e-05,19.877225386943955,1.634415431756563,0.0009060247919147266
454,1000,0.5,integrated,False,True,37.03430763524723,21.720000000000017,1.614848616886391e-05,30.36766657314604,1.0663614647869517,0.00040438930841670944
455,1000,0.5,integrated,False,True,33.07827166585557,21.720000000000017,2.3550823463765827e-05,13.352372334829505,0.6450098454247263,0.00046060392970054015
456,1000,0.5,integrated,False,True,29.565497342637187,21.720000000000017,3.402749886890243e-05,14.454679455862882,0.7667754381834905,0.0015249600159827276
457,1000,0.5,integrated,False,True,33.12936169918372,21.720000000000017,2.0644904815994045e-05,37.72150808949803,0.6272955451361779,0.0010773145092238562
458,1000,0.5,integrated,False,True,30.59271464682039,21.720000000000017,2.7907200316472105e-05,8.85240424857705,0.6199493832711107,0.0009032661739040541
459,1000,0.5,integrated,False,True,31.423699627473194,21.720000000000017,2.4812438281312233e-05,30.135756886401087,0.5213232506917653,0.0013950505695091093
460,1000,0.5,integrated,False,True,29.9753082147176,21.720000000000017,3.32417922946869e-05,13.92360067255125,1.2765054509770228,0.0016784772892113429
461,1000,0.5,integrated,False,True,41.46126982135809,21.720000000000017,1.0289355853447496e-05,43.3048986504331,1.000577809723395,0.00048505453126703
462,1000,0.5,integrated,False,True,31.305100231436164,21.720000000000017,3.079416064633631e-05,42.456107487106465,0.5730920744270919,0.0013112726756880871
463,1000,0.5,integrated,False,True,32.24691284819113,21.720000000000017,2.1725851656390125e-05,36.65350650912702,0.435023942726391,0.0014889098514173369
464,1000,0.5,integrated,False,True,34.80180894363925,21.720000000000017,1.9296923930535692e-05,45.61147484053921,0.9298038130232145,0.0011657661454568182
465,1000,0.5,integrated,False,True,32.45830724014924,21.720000000000017,6.424841501199624e-05,57.69835853152987,1.0563355596769666,0.0003952290407240715
466,1000,0.5,integrated,False,True,30.69472552509818,21.720000000000017,2.4850341686996755e-05,21.754518836358788,0.4014704992376097,0.0014595530573296223
467,1000,0.5,integrated,False,True,35.68353564399475,21.720000000000017,8.073623292980451e-06,19.920833127256714,0.5350807145907959,0.0016958460541978905
468,1000,0.5,integrated,False,True,36.87128858371521,21.720000000000017,1.159190262990786e-05,34.634020765390545,1.0139725408628653,0.0011691092341304652
469,1000,0.5,integrated,False,True,34.550573125004625,21.720000000000017,1.9840984960916918e-05,32.18012604748199,0.891471176769149,0.0006763591046592859
470,1000,0.5,integrated,False,True,32.41506889276754,21.720000000000017,3.139827811683082e-05,17.667309220210257,1.1236114806910555,0.0005260118345487239
471,1000,0.5,integrated,False,True,32.1569473685184,21.720000000000017,3.213953924427102e-05,42.12377461805976,0.2692376638022767,0.0006558396808835965
472,1000,0.5,integrated,False,True,36.0872907812018,21.720000000000017,1.752379554664817e-05,48.72426240006804,0.9910921147504916,0.0008408528195940862
473,1000,0.5,integrated,False,True,31.55196919424604,21.720000000000017,3.423172834290196e-05,16.04337474516422,1.4981299602930414,0.0008150140275982152
474,1000,0.5,integrated,False,True,32.898426078153655,21.720000000000017,2.8691093185772257e-05,22.365987610570894,0.882395330658996,0.0005003994525532119
475,1000,0.5,integrated,False,True,31.562696389612558,21.720000000000017,2.5798881631231693e-05,21.404562129920503,1.2505448882763064,0.0013278762517274006
476,1000,0.5,integrated,False,True,31.414226172719925,21.720000000000017,2.0799405352936254e-05,23.175562729305796,0.6860535344583348,0.001788574548133051
477,1000,0.5,integrated,False,True,37.09071575464802,21.720000000000017,1.2703763512856976e-05,28.038777048620375,0.49490768136181307,0.0004451832666388848
478,1000,0.5,integrated,False,True,29.11140957502613,21.720000000000017,6.923114765617705e-05,26.465785857435527,1.1029429155129757,0.0009763761268289176
479,1000,0.5,integrated,False,True,32.558374145695204,21.720000000000017,3.1917995096505724e-05,25.825043364330025,0.7509118929637195,0.0005152020881506013
480,1000,0.5,integrated,False,True,32.51888739397758,21.720000000000017,1.9490728789242782e-05,29.271527752394505,0.6507831792310903,0.0014142491436597432
481,1000,0.5,integrated,False,True,32.8604470924808,21.720000000000017,3.8624756343540215e-05,12.585447412502761,1.108164768197008,0.00034867346306893717
482,1000,0.5,integrated,False,True,35.548428422126264,21.720000000000017,2.1305379662850007e-05,60.41631229480266,0.3843514166725496,0.0006448400911364203
483,1000,0.5,integrated,False,True,31.222178158240133,21.720000000000017,3.310259483751561e-05,11.77643622803523,0.8540367133819375,0.000651670012628002
484,1000,0.5,integrated,False,True,33.82438281232171,21.720000000000017,1.946103621316733e-05,27.234651385043552,0.8712556458761495,0.0008540779213570883
485,1000,0.5,integrated,False,True,29.264252925815185,21.720000000000017,4.810284160570758e-05,20.752904304211537,0.44277955751328396,0.0010707657769770823
486,1000,0.5,integrated,False,True,29.830483981716128,21.720000000000017,2.501887947799071e-05,10.611537935933608,0.2888707074653535,0.0015316610135888487
487,1000,0.5,integrated,False,True,30.741858133971466,21.720000000000017,1.8988565357712114e-05,15.638704724360595,0.21781563997556921,0.001841115436416846
488,1000,0.5,integrated,False,True,30.654742520274105,21.720000000000017,5.251360647797187e-05,18.332546777396917,0.7804819757970004,0.0005538818457408906
489,1000,0.5,integrated,False,True,31.547114353778557,21.720000000000017,3.855644239271034e-05,41.5121144701648,0.27649345369305617,0.0006365772486264665
490,1000,0.5,integrated,False,True,34.847395740221806,21.720000000000017,1.0592082813185647e-05,27.464447403763064,0.24726027887897165,0.0014898226612623945
491,1000,0.5,integrated,False,True,31.921346780654176,21.720000000000017,4.071077182744422e-05,68.78622933898937,1.1106473363954923,0.0012967915519434758
492,1000,0.5,integrated,False,True,31.065760684790934,21.720000000000017,3.189769787633713e-05,15.358714222117301,1.7103793013710682,0.0012185236941707643
493,1000,0.5,integrated,False,True,31.818777243588613,21.720000000000017,1.4738939512601953e-05,11.566459289836109,0.5208580698593921,0.0016838986644139155
494,1000,0.5,integrated,False,True,28.588251871061118,21.720000000000017,3.451553313583757e-05,13.908081581907867,0.6831625843198771,0.0029103081642034927
495,1000,0.5,integrated,False,True,34.990669647886335,21.720000000000017,1.8832550863037326e-05,57.86098471276192,0.24316003449634818,0.0009378988528690387
496,1000,0.5,integrated,False,True,28.616645706207443,21.720000000000017,7.475254106517895e-05,26.550006162662697,1.9176488025090763,0.0017030994763234833
497,1000,0.5,integrated,False,True,35.35006216758865,21.720000000000017,1.6105978396123124e-05,24.424962437110274,0.4809663717929536,0.0004382997819878994
498,1000,0.5,integrated,False,True,35.880843150161695,21.720000000000017,1.3153635866818656e-05,33.75662721871531,0.4763579995579541,0.000749061719882944
499,1000,0.5,integrated,False,True,31.296918555839923,21.720000000000017,3.408308019979635e-05,24.758272079723547,0.8067008178154407,0.0008136465045572315
