realization_idx,V0,log10_V0,outcome,extincted,integrated,T_int_hours,handoff_time_hours
0,1,0.0,extinct,True,False,,
1,1,0.0,extinct,True,False,,
2,1,0.0,integrated,False,True,55.60400773199891,44.591999999997746
3,1,0.0,extinct,True,False,,
4,1,0.0,integrated,False,True,55.660606822476026,44.42399999999777
5,1,0.0,integrated,False,True,55.15617343590368,44.1119999999978
6,1,0.0,extinct,True,False,,
7,1,0.0,integrated,False,True,56.15280759077886,44.44799999999776
8,1,0.0,extinct,True,False,,
9,1,0.0,extinct,True,False,,
10,1,0.0,extinct,True,False,,
11,1,0.0,integrated,False,True,56.050066019214356,44.23199999999779
12,1,0.0,extinct,True,False,,
13,1,0.0,extinct,True,False,,
14,1,0.0,extinct,True,False,,
15,1,0.0,integrated,False,True,56.2368512216666,44.807999999997726
16,1,0.0,extinct,True,False,,
17,1,0.0,extinct,True,False,,
18,1,0.0,integrated,False,True,55.14428471454094,44.1119999999978
19,1,0.0,integrated,False,True,55.291171093745795,44.35199999999777
20,1,0.0,extinct,True,False,,
21,1,0.0,extinct,True,False,,
22,1,0.0,extinct,True,False,,
23,1,0.0,integrated,False,True,55.08085011396676,44.03999999999781
24,1,0.0,extinct,True,False,,
25,1,0.0,integrated,False,True,55.66817969943165,44.71199999999774
26,1,0.0,extinct,True,False,,
27,1,0.0,integrated,False,True,55.60319683752458,44.23199999999779
28,1,0.0,extinct,True,False,,
29,1,0.0,extinct,True,False,,
30,1,0.0,extinct,True,False,,
31,1,0.0,integrated,False,True,55.212607746879485,44.23199999999779
32,1,0.0,integrated,False,True,55.115045507226114,44.1119999999978
33,1,0.0,extinct,True,False,,
34,1,0.0,extinct,True,False,,
35,1,0.0,extinct,True,False,,
36,1,0.0,extinct,True,False,,
37,1,0.0,extinct,True,False,,
38,1,0.0,integrated,False,True,55.9532868050607,44.71199999999774
39,1,0.0,integrated,False,True,54.936252274082726,43.991999999997816
40,1,0.0,extinct,True,False,,
41,1,0.0,extinct,True,False,,
42,1,0.0,integrated,False,True,55.2890214053265,44.20799999999779
43,1,0.0,integrated,False,True,55.324694216557745,44.03999999999781
44,1,0.0,integrated,False,True,56.31354217977852,44.73599999999773
45,1,0.0,integrated,False,True,55.478557960663025,44.063999999997804
46,1,0.0,extinct,True,False,,
47,1,0.0,integrated,False,True,56.027167532651085,44.903999999997716
48,1,0.0,integrated,False,True,55.220962879492035,44.20799999999779
49,1,0.0,extinct,True,False,,
50,1,0.0,extinct,True,False,,
51,1,0.0,extinct,True,False,,
52,1,0.0,integrated,False,True,56.715618569205176,45.719999999997626
53,1,0.0,extinct,True,False,,
54,1,0.0,extinct,True,False,,
55,1,0.0,integrated,False,True,56.1944398123413,44.35199999999777
56,1,0.0,integrated,False,True,55.54599989487016,43.991999999997816
57,1,0.0,extinct,True,False,,
58,1,0.0,integrated,False,True,56.523649159759216,45.16799999999768
59,1,0.0,extinct,True,False,,
60,1,0.0,extinct,True,False,,
61,1,0.0,extinct,True,False,,
62,1,0.0,integrated,False,True,56.51382189538501,45.14399999999769
63,1,0.0,extinct,True,False,,
64,1,0.0,integrated,False,True,55.4048872409649,44.39999999999777
65,1,0.0,extinct,True,False,,
66,1,0.0,integrated,False,True,55.10798117686757,44.159999999997794
67,1,0.0,extinct,True,False,,
68,1,0.0,extinct,True,False,,
69,1,0.0,extinct,True,False,,
70,1,0.0,extinct,True,False,,
71,1,0.0,integrated,False,True,55.86622861195261,44.83199999999772
72,1,0.0,extinct,True,False,,
73,1,0.0,extinct,True,False,,
74,1,0.0,extinct,True,False,,
75,1,0.0,integrated,False,True,55.87738627832563,44.1359999999978
76,1,0.0,extinct,True,False,,
77,1,0.0,extinct,True,False,,
78,1,0.0,extinct,True,False,,
79,1,0.0,extinct,True,False,,
80,1,0.0,extinct,True,False,,
81,1,0.0,extinct,True,False,,
82,1,0.0,extinct,True,False,,
83,1,0.0,integrated,False,True,54.9376070335251,43.91999999999782
84,1,0.0,integrated,False,True,55.55516865414542,44.54399999999775
85,1,0.0,integrated,False,True,56.4389930756698,45.43199999999766
86,1,0.0,integrated,False,True,55.14705765977193,44.1359999999978
87,1,0.0,extinct,True,False,,
88,1,0.0,extinct,True,False,,
89,1,0.0,integrated,False,True,55.17836896292137,44.183999999997795
90,1,0.0,integrated,False,True,55.08416339665206,44.1119999999978
91,1,0.0,extinct,True,False,,
92,1,0.0,integrated,False,True,56.05101546790155,45.14399999999769
93,1,0.0,integrated,False,True,56.10025596099848,44.32799999999778
94,1,0.0,extinct,True,False,,
95,1,0.0,extinct,True,False,,
96,1,0.0,extinct,True,False,,
97,1,0.0,integrated,False,True,55.47051157227971,44.49599999999776
98,1,0.0,extinct,True,False,,
99,1,0.0,extinct,True,False,,
100,1,0.0,integrated,False,True,55.17930413146006,44.183999999997795
101,1,0.0,extinct,True,False,,
102,1,0.0,integrated,False,True,55.930727503647404,44.75999999999773
103,1,0.0,extinct,True,False,,
104,1,0.0,integrated,False,True,57.40231708944661,46.39199999999755
105,1,0.0,integrated,False,True,55.91098515304833,44.879999999997715
106,1,0.0,extinct,True,False,,
107,1,0.0,integrated,False,True,55.06736246352387,44.063999999997804
108,1,0.0,extinct,True,False,,
109,1,0.0,integrated,False,True,56.57446973394829,45.38399999999766
110,1,0.0,integrated,False,True,56.26807546748556,44.39999999999777
111,1,0.0,extinct,True,False,,
112,1,0.0,extinct,True,False,,
113,1,0.0,integrated,False,True,56.350521265704536,45.35999999999766
114,1,0.0,integrated,False,True,55.465858529577176,44.51999999999776
115,1,0.0,extinct,True,False,,
116,1,0.0,extinct,True,False,,
117,1,0.0,integrated,False,True,54.93871908874755,43.91999999999782
118,1,0.0,integrated,False,True,55.323577392910536,43.967999999997815
119,1,0.0,extinct,True,False,,
120,1,0.0,extinct,True,False,,
121,1,0.0,integrated,False,True,55.9914974214376,44.1119999999978
122,1,0.0,extinct,True,False,,
123,1,0.0,integrated,False,True,56.01855618903609,44.63999999999774
124,1,0.0,extinct,True,False,,
125,1,0.0,integrated,False,True,56.21420404836735,45.23999999999768
126,1,0.0,integrated,False,True,56.156784216488624,45.21599999999768
127,1,0.0,extinct,True,False,,
128,1,0.0,extinct,True,False,,
129,1,0.0,integrated,False,True,55.14168667329592,44.183999999997795
130,1,0.0,extinct,True,False,,
131,1,0.0,extinct,True,False,,
132,1,0.0,extinct,True,False,,
133,1,0.0,integrated,False,True,56.78436146856202,45.887999999997604
134,1,0.0,extinct,True,False,,
135,1,0.0,integrated,False,True,55.37688963857744,44.42399999999777
136,1,0.0,extinct,True,False,,
137,1,0.0,integrated,False,True,54.79121659587838,43.75199999999784
138,1,0.0,integrated,False,True,55.23242107770507,44.20799999999779
139,1,0.0,integrated,False,True,54.931207415942296,43.94399999999782
140,1,0.0,extinct,True,False,,
141,1,0.0,extinct,True,False,,
142,1,0.0,integrated,False,True,76.6703965503262,65.9759999999954
143,1,0.0,integrated,False,True,55.725053931723835,44.20799999999779
144,1,0.0,extinct,True,False,,
145,1,0.0,extinct,True,False,,
146,1,0.0,extinct,True,False,,
147,1,0.0,extinct,True,False,,
148,1,0.0,integrated,False,True,55.78701008962612,44.20799999999779
149,1,0.0,extinct,True,False,,
150,1,0.0,extinct,True,False,,
151,1,0.0,extinct,True,False,,
152,1,0.0,extinct,True,False,,
153,1,0.0,extinct,True,False,,
154,1,0.0,integrated,False,True,56.002221449387676,44.999999999997705
155,1,0.0,integrated,False,True,55.838592507011384,44.879999999997715
156,1,0.0,extinct,True,False,,
157,1,0.0,extinct,True,False,,
158,1,0.0,extinct,True,False,,
159,1,0.0,integrated,False,True,55.61663663308953,44.183999999997795
160,1,0.0,integrated,False,True,55.27811476704019,43.89599999999783
161,1,0.0,integrated,False,True,55.75043033987565,44.183999999997795
162,1,0.0,integrated,False,True,56.039146013445524,44.56799999999775
163,1,0.0,integrated,False,True,55.12819373589308,44.159999999997794
164,1,0.0,integrated,False,True,56.7870453171777,45.67199999999763
165,1,0.0,extinct,True,False,,
166,1,0.0,extinct,True,False,,
167,1,0.0,integrated,False,True,56.64122085348808,44.61599999999775
168,1,0.0,extinct,True,False,,
169,1,0.0,integrated,False,True,55.6879600031677,44.61599999999775
170,1,0.0,extinct,True,False,,
171,1,0.0,integrated,False,True,56.40250997992699,44.39999999999777
172,1,0.0,extinct,True,False,,
173,1,0.0,extinct,True,False,,
174,1,0.0,extinct,True,False,,
175,1,0.0,integrated,False,True,57.49758488187332,45.695999999997625
176,1,0.0,extinct,True,False,,
177,1,0.0,extinct,True,False,,
178,1,0.0,extinct,True,False,,
179,1,0.0,integrated,False,True,55.15677858067919,44.20799999999779
180,1,0.0,extinct,True,False,,
181,1,0.0,integrated,False,True,55.97336752439378,44.20799999999779
182,1,0.0,integrated,False,True,55.58531826085971,43.94399999999782
183,1,0.0,extinct,True,False,,
184,1,0.0,extinct,True,False,,
185,1,0.0,extinct,True,False,,
186,1,0.0,extinct,True,False,,
187,1,0.0,extinct,True,False,,
188,1,0.0,extinct,True,False,,
189,1,0.0,integrated,False,True,55.78549902018524,44.56799999999775
190,1,0.0,extinct,True,False,,
191,1,0.0,integrated,False,True,55.665267931282926,44.66399999999774
192,1,0.0,extinct,True,False,,
193,1,0.0,integrated,False,True,55.59624959776583,44.61599999999775
194,1,0.0,integrated,False,True,55.66670669559943,44.687999999997736
195,1,0.0,integrated,False,True,55.2278587883925,44.25599999999778
196,1,0.0,extinct,True,False,,
197,1,0.0,extinct,True,False,,
198,1,0.0,integrated,False,True,55.270078951373414,44.25599999999778
199,1,0.0,extinct,True,False,,
0,3,0.47712125471966244,integrated,False,True,55.27951920303292,44.25599999999778
1,3,0.47712125471966244,integrated,False,True,54.5148981940376,44.1119999999978
2,3,0.47712125471966244,integrated,False,True,54.893263963174775,44.375999999997774
3,3,0.47712125471966244,integrated,False,True,54.37980602784605,43.82399999999783
4,3,0.47712125471966244,integrated,False,True,54.72016002853605,44.087999999997805
5,3,0.47712125471966244,integrated,False,True,54.271398529899784,43.72799999999784
6,3,0.47712125471966244,integrated,False,True,55.31051020056604,44.32799999999778
7,3,0.47712125471966244,integrated,False,True,55.84670649181575,44.1119999999978
8,3,0.47712125471966244,integrated,False,True,55.42223926427832,44.51999999999776
9,3,0.47712125471966244,integrated,False,True,55.31807086023706,44.375999999997774
10,3,0.47712125471966244,integrated,False,True,54.797258060502415,44.03999999999781
11,3,0.47712125471966244,integrated,False,True,54.74413125680599,44.01599999999781
12,3,0.47712125471966244,integrated,False,True,56.1282472111001,45.21599999999768
13,3,0.47712125471966244,extinct,True,False,,
14,3,0.47712125471966244,integrated,False,True,54.46180701811535,44.1359999999978
15,3,0.47712125471966244,integrated,False,True,56.3088512216666,44.879999999997715
16,3,0.47712125471966244,extinct,True,False,,
17,3,0.47712125471966244,extinct,True,False,,
18,3,0.47712125471966244,integrated,False,True,54.641204701103575,43.89599999999783
19,3,0.47712125471966244,integrated,False,True,55.23815588089627,44.279999999997784
20,3,0.47712125471966244,integrated,False,True,55.533468413891256,44.39999999999777
21,3,0.47712125471966244,integrated,False,True,56.08553178321942,44.66399999999774
22,3,0.47712125471966244,integrated,False,True,55.10834527512064,44.1119999999978
23,3,0.47712125471966244,integrated,False,True,54.72134235686005,43.89599999999783
24,3,0.47712125471966244,integrated,False,True,54.843246019042425,44.063999999997804
25,3,0.47712125471966244,integrated,False,True,55.418289707374726,44.47199999999776
26,3,0.47712125471966244,integrated,False,True,54.740298482991335,44.23199999999779
27,3,0.47712125471966244,integrated,False,True,54.76292005566301,44.1359999999978
28,3,0.47712125471966244,integrated,False,True,55.39515068627335,44.39999999999777
29,3,0.47712125471966244,extinct,True,False,,
30,3,0.47712125471966244,integrated,False,True,55.289698270785244,44.23199999999779
31,3,0.47712125471966244,integrated,False,True,53.832571412607365,43.67999999999785
32,3,0.47712125471966244,integrated,False,True,54.04406795125253,43.75199999999784
33,3,0.47712125471966244,integrated,False,True,54.728323599107014,43.72799999999784
34,3,0.47712125471966244,integrated,False,True,55.436543826322286,44.47199999999776
35,3,0.47712125471966244,extinct,True,False,,
36,3,0.47712125471966244,extinct,True,False,,
37,3,0.47712125471966244,extinct,True,False,,
38,3,0.47712125471966244,integrated,False,True,54.057430666918876,43.84799999999783
39,3,0.47712125471966244,integrated,False,True,54.57508245712806,43.94399999999782
40,3,0.47712125471966244,extinct,True,False,,
41,3,0.47712125471966244,integrated,False,True,54.35594343285652,43.84799999999783
42,3,0.47712125471966244,integrated,False,True,54.803984099870846,43.775999999997836
43,3,0.47712125471966244,integrated,False,True,54.48841635434107,43.91999999999782
44,3,0.47712125471966244,integrated,False,True,54.77185970754398,43.84799999999783
45,3,0.47712125471966244,integrated,False,True,54.61943377190536,44.1359999999978
46,3,0.47712125471966244,integrated,False,True,55.07906847917346,44.42399999999777
47,3,0.47712125471966244,integrated,False,True,54.48555800181319,44.03999999999781
48,3,0.47712125471966244,integrated,False,True,55.21990550644949,44.20799999999779
49,3,0.47712125471966244,integrated,False,True,76.55755189173125,65.63999999999544
50,3,0.47712125471966244,integrated,False,True,55.05945223057747,44.087999999997805
51,3,0.47712125471966244,integrated,False,True,56.36570154374783,44.95199999999771
52,3,0.47712125471966244,integrated,False,True,56.69161856920519,45.695999999997625
53,3,0.47712125471966244,integrated,False,True,54.95646252632542,44.063999999997804
54,3,0.47712125471966244,integrated,False,True,55.37823906695752,44.879999999997715
55,3,0.47712125471966244,integrated,False,True,55.061552818551284,44.30399999999778
56,3,0.47712125471966244,integrated,False,True,54.3215018992414,43.72799999999784
57,3,0.47712125471966244,integrated,False,True,56.29056388600162,44.783999999997725
58,3,0.47712125471966244,integrated,False,True,56.01665697872675,44.61599999999775
59,3,0.47712125471966244,integrated,False,True,54.72398338976632,44.159999999997794
60,3,0.47712125471966244,integrated,False,True,56.771681028574775,45.35999999999766
61,3,0.47712125471966244,integrated,False,True,55.36476145785376,44.279999999997784
62,3,0.47712125471966244,extinct,True,False,,
63,3,0.47712125471966244,extinct,True,False,,
64,3,0.47712125471966244,integrated,False,True,54.29091986965596,43.991999999997816
65,3,0.47712125471966244,integrated,False,True,54.88992467312907,43.91999999999782
66,3,0.47712125471966244,integrated,False,True,54.972713841413594,43.991999999997816
67,3,0.47712125471966244,integrated,False,True,55.29988398476178,44.279999999997784
68,3,0.47712125471966244,integrated,False,True,54.48782096769085,43.991999999997816
69,3,0.47712125471966244,integrated,False,True,54.723779131905424,44.25599999999778
70,3,0.47712125471966244,integrated,False,True,54.96258759025641,44.01599999999781
71,3,0.47712125471966244,integrated,False,True,54.30682534581794,43.871999999997826
72,3,0.47712125471966244,integrated,False,True,54.68040143157376,43.82399999999783
73,3,0.47712125471966244,integrated,False,True,54.513392969591834,44.03999999999781
74,3,0.47712125471966244,integrated,False,True,55.129264785980894,44.1119999999978
75,3,0.47712125471966244,integrated,False,True,55.162295199756684,44.25599999999778
76,3,0.47712125471966244,extinct,True,False,,
77,3,0.47712125471966244,integrated,False,True,57.28417900925561,45.40799999999766
78,3,0.47712125471966244,integrated,False,True,55.892190299829174,44.47199999999776
79,3,0.47712125471966244,integrated,False,True,54.780920204123575,44.279999999997784
80,3,0.47712125471966244,integrated,False,True,54.73096936665768,43.75199999999784
81,3,0.47712125471966244,integrated,False,True,55.46138506438299,43.967999999997815
82,3,0.47712125471966244,integrated,False,True,54.11824210422603,43.91999999999782
83,3,0.47712125471966244,integrated,False,True,54.666393658993016,44.01599999999781
84,3,0.47712125471966244,integrated,False,True,54.571625017018604,43.84799999999783
85,3,0.47712125471966244,integrated,False,True,54.460208286606985,44.279999999997784
86,3,0.47712125471966244,integrated,False,True,55.17970367912029,44.51999999999776
87,3,0.47712125471966244,integrated,False,True,55.56449248686185,44.63999999999774
88,3,0.47712125471966244,integrated,False,True,55.48093064321246,44.42399999999777
89,3,0.47712125471966244,integrated,False,True,54.81839169913208,43.94399999999782
90,3,0.47712125471966244,integrated,False,True,54.244120625626536,43.67999999999785
91,3,0.47712125471966244,integrated,False,True,54.30343118593587,43.79999999999784
92,3,0.47712125471966244,integrated,False,True,56.45185970687534,45.52799999999765
93,3,0.47712125471966244,integrated,False,True,54.95961202568983,44.087999999997805
94,3,0.47712125471966244,integrated,False,True,55.3900381661542,43.84799999999783
95,3,0.47712125471966244,integrated,False,True,54.615022279953266,43.94399999999782
96,3,0.47712125471966244,integrated,False,True,54.43149098847337,43.991999999997816
97,3,0.47712125471966244,integrated,False,True,56.83106217314949,45.887999999997604
98,3,0.47712125471966244,integrated,False,True,54.62141437637872,44.1359999999978
99,3,0.47712125471966244,extinct,True,False,,
100,3,0.47712125471966244,integrated,False,True,53.95133287126576,43.775999999997836
101,3,0.47712125471966244,integrated,False,True,54.95344990636175,44.47199999999776
102,3,0.47712125471966244,integrated,False,True,54.21977682781801,44.01599999999781
103,3,0.47712125471966244,extinct,True,False,,
104,3,0.47712125471966244,integrated,False,True,54.59331478654509,44.063999999997804
105,3,0.47712125471966244,integrated,False,True,55.8869851530484,44.85599999999772
106,3,0.47712125471966244,extinct,True,False,,
107,3,0.47712125471966244,integrated,False,True,54.83330280289536,44.35199999999777
108,3,0.47712125471966244,extinct,True,False,,
109,3,0.47712125471966244,integrated,False,True,55.024003887048536,44.063999999997804
110,3,0.47712125471966244,integrated,False,True,55.27370978342878,44.32799999999778
111,3,0.47712125471966244,integrated,False,True,55.36610779432315,44.375999999997774
112,3,0.47712125471966244,integrated,False,True,55.59760212918313,44.39999999999777
113,3,0.47712125471966244,integrated,False,True,56.326521265704685,45.33599999999767
114,3,0.47712125471966244,integrated,False,True,54.93425612134891,44.1359999999978
115,3,0.47712125471966244,integrated,False,True,54.4468200553696,43.72799999999784
116,3,0.47712125471966244,integrated,False,True,55.82230263501658,44.183999999997795
117,3,0.47712125471966244,integrated,False,True,54.604110771362976,43.70399999999785
118,3,0.47712125471966244,integrated,False,True,55.06928371913719,43.89599999999783
119,3,0.47712125471966244,integrated,False,True,55.40820429621424,44.44799999999776
120,3,0.47712125471966244,integrated,False,True,55.55260630692206,44.61599999999775
121,3,0.47712125471966244,integrated,False,True,54.46414139407647,43.991999999997816
122,3,0.47712125471966244,extinct,True,False,,
123,3,0.47712125471966244,integrated,False,True,56.25345881346682,44.903999999997716
124,3,0.47712125471966244,integrated,False,True,55.725389242847825,44.063999999997804
125,3,0.47712125471966244,integrated,False,True,54.937093304337196,44.39999999999777
126,3,0.47712125471966244,integrated,False,True,54.13896648367361,43.72799999999784
127,3,0.47712125471966244,integrated,False,True,55.93547718901442,44.39999999999777
128,3,0.47712125471966244,integrated,False,True,55.09221446668091,44.1119999999978
129,3,0.47712125471966244,integrated,False,True,54.61803235702751,43.84799999999783
130,3,0.47712125471966244,integrated,False,True,55.22061331570454,44.25599999999778
131,3,0.47712125471966244,integrated,False,True,54.70273567261531,43.82399999999783
132,3,0.47712125471966244,integrated,False,True,56.63282610140539,44.975999999997704
133,3,0.47712125471966244,integrated,False,True,54.77938729387304,44.279999999997784
134,3,0.47712125471966244,integrated,False,True,54.54341133575588,43.75199999999784
135,3,0.47712125471966244,integrated,False,True,55.00842216969299,43.991999999997816
136,3,0.47712125471966244,integrated,False,True,55.32685077131006,44.279999999997784
137,3,0.47712125471966244,integrated,False,True,54.936890020452864,44.39999999999777
138,3,0.47712125471966244,integrated,False,True,53.97258634865661,43.63199999999785
139,3,0.47712125471966244,integrated,False,True,54.682544141178866,44.183999999997795
140,3,0.47712125471966244,integrated,False,True,54.95205559095801,43.991999999997816
141,3,0.47712125471966244,integrated,False,True,55.705239001889794,44.23199999999779
142,3,0.47712125471966244,integrated,False,True,54.27078802048645,43.79999999999784
143,3,0.47712125471966244,integrated,False,True,54.43592799030115,43.75199999999784
144,3,0.47712125471966244,integrated,False,True,55.61845274188641,44.183999999997795
145,3,0.47712125471966244,integrated,False,True,54.91052756163958,44.159999999997794
146,3,0.47712125471966244,extinct,True,False,,
147,3,0.47712125471966244,extinct,True,False,,
148,3,0.47712125471966244,integrated,False,True,54.69984705526718,43.84799999999783
149,3,0.47712125471966244,integrated,False,True,57.488101637074124,45.52799999999765
150,3,0.47712125471966244,integrated,False,True,55.586897903123315,44.03999999999781
151,3,0.47712125471966244,integrated,False,True,54.54079309518956,44.183999999997795
152,3,0.47712125471966244,integrated,False,True,55.27697941130875,44.30399999999778
153,3,0.47712125471966244,integrated,False,True,56.49868708117943,44.687999999997736
154,3,0.47712125471966244,integrated,False,True,55.35501014464262,44.56799999999775
155,3,0.47712125471966244,integrated,False,True,56.01838179226998,45.0479999999977
156,3,0.47712125471966244,integrated,False,True,55.347605973533064,44.25599999999778
157,3,0.47712125471966244,integrated,False,True,55.77685011396665,44.73599999999773
158,3,0.47712125471966244,integrated,False,True,55.68767246939056,44.73599999999773
159,3,0.47712125471966244,integrated,False,True,54.84278800228006,43.89599999999783
160,3,0.47712125471966244,integrated,False,True,54.24519002825157,44.01599999999781
161,3,0.47712125471966244,integrated,False,True,55.59023216229841,44.01599999999781
162,3,0.47712125471966244,extinct,True,False,,
163,3,0.47712125471966244,integrated,False,True,54.60647929580372,43.79999999999784
164,3,0.47712125471966244,extinct,True,False,,
165,3,0.47712125471966244,extinct,True,False,,
166,3,0.47712125471966244,integrated,False,True,54.93130814863256,43.89599999999783
167,3,0.47712125471966244,integrated,False,True,54.532609865859214,44.087999999997805
168,3,0.47712125471966244,integrated,False,True,54.584908546332144,43.70399999999785
169,3,0.47712125471966244,integrated,False,True,54.172378589675766,43.775999999997836
170,3,0.47712125471966244,integrated,False,True,55.27106598835448,44.375999999997774
171,3,0.47712125471966244,integrated,False,True,56.15718637615078,44.159999999997794
172,3,0.47712125471966244,integrated,False,True,55.2781232128092,44.25599999999778
173,3,0.47712125471966244,integrated,False,True,55.05061978142337,44.01599999999781
174,3,0.47712125471966244,integrated,False,True,55.68580121040792,44.183999999997795
175,3,0.47712125471966244,integrated,False,True,55.109402049495046,44.087999999997805
176,3,0.47712125471966244,integrated,False,True,55.663428970150726,44.66399999999774
177,3,0.47712125471966244,integrated,False,True,54.07580314561465,43.60799999999786
178,3,0.47712125471966244,integrated,False,True,55.08983671074201,44.1119999999978
179,3,0.47712125471966244,integrated,False,True,54.90623827691747,43.991999999997816
180,3,0.47712125471966244,integrated,False,True,54.54328116605117,43.967999999997815
181,3,0.47712125471966244,integrated,False,True,54.12975459461813,43.55999999999786
182,3,0.47712125471966244,integrated,False,True,54.81253588498992,43.89599999999783
183,3,0.47712125471966244,extinct,True,False,,
184,3,0.47712125471966244,integrated,False,True,55.567414359533856,43.84799999999783
185,3,0.47712125471966244,integrated,False,True,55.18025532257272,44.159999999997794
186,3,0.47712125471966244,extinct,True,False,,
187,3,0.47712125471966244,extinct,True,False,,
188,3,0.47712125471966244,integrated,False,True,55.4149825959597,44.39999999999777
189,3,0.47712125471966244,integrated,False,True,55.469411309787056,44.1359999999978
190,3,0.47712125471966244,integrated,False,True,56.541438828388166,44.56799999999775
191,3,0.47712125471966244,integrated,False,True,55.151167726264696,44.375999999997774
192,3,0.47712125471966244,integrated,False,True,54.44565540450057,43.91999999999782
193,3,0.47712125471966244,integrated,False,True,54.50297108269336,43.991999999997816
194,3,0.47712125471966244,integrated,False,True,55.64270669559933,44.66399999999774
195,3,0.47712125471966244,extinct,True,False,,
196,3,0.47712125471966244,extinct,True,False,,
197,3,0.47712125471966244,extinct,True,False,,
198,3,0.47712125471966244,integrated,False,True,54.30830476560901,43.84799999999783
199,3,0.47712125471966244,integrated,False,True,55.18814063500357,44.44799999999776
0,10,1.0,integrated,False,True,54.4369232368595,43.967999999997815
1,10,1.0,integrated,False,True,53.93196614307897,43.89599999999783
2,10,1.0,integrated,False,True,54.32339789913267,43.91999999999782
3,10,1.0,integrated,False,True,53.42005804180781,43.67999999999785
4,10,1.0,integrated,False,True,53.39273162107506,43.58399999999786
5,10,1.0,integrated,False,True,53.44215595408025,43.75199999999784
6,10,1.0,integrated,False,True,54.10451045879209,43.91999999999782
7,10,1.0,integrated,False,True,53.82398881366671,43.775999999997836
8,10,1.0,integrated,False,True,54.07138971464037,43.775999999997836
9,10,1.0,integrated,False,True,53.34474789577913,43.65599999999785
10,10,1.0,integrated,False,True,54.671853350819674,43.94399999999782
11,10,1.0,integrated,False,True,53.43938897241485,43.58399999999786
12,10,1.0,integrated,False,True,53.2990497250709,43.70399999999785
13,10,1.0,integrated,False,True,53.0762315236735,43.58399999999786
14,10,1.0,integrated,False,True,54.11153491857516,44.03999999999781
15,10,1.0,integrated,False,True,55.039210447898654,44.20799999999779
16,10,1.0,integrated,False,True,53.527576598319925,43.871999999997826
17,10,1.0,integrated,False,True,53.000649360344525,43.60799999999786
18,10,1.0,integrated,False,True,54.64945653067843,43.775999999997836
19,10,1.0,integrated,False,True,55.18335509710751,44.32799999999778
20,10,1.0,integrated,False,True,54.79383550615967,44.35199999999777
21,10,1.0,integrated,False,True,54.228502190800256,43.72799999999784
22,10,1.0,integrated,False,True,53.37504309696081,43.55999999999786
23,10,1.0,integrated,False,True,54.57567296634203,43.82399999999783
24,10,1.0,integrated,False,True,53.76687087634261,43.94399999999782
25,10,1.0,integrated,False,True,53.22419851997862,43.72799999999784
26,10,1.0,integrated,False,True,53.88364114645367,43.79999999999784
27,10,1.0,integrated,False,True,54.31019893711753,44.01599999999781
28,10,1.0,integrated,False,True,53.43250593060118,43.51199999999787
29,10,1.0,integrated,False,True,54.19760336522667,44.03999999999781
30,10,1.0,integrated,False,True,54.43932238808584,44.087999999997805
31,10,1.0,integrated,False,True,53.993469592252104,43.84799999999783
32,10,1.0,integrated,False,True,53.13894060514634,43.60799999999786
33,10,1.0,integrated,False,True,54.43971146293531,43.94399999999782
34,10,1.0,integrated,False,True,53.369094565707286,43.63199999999785
35,10,1.0,integrated,False,True,53.33909539251632,43.82399999999783
36,10,1.0,integrated,False,True,54.067228945659515,43.775999999997836
37,10,1.0,integrated,False,True,53.92905923909761,43.89599999999783
38,10,1.0,integrated,False,True,54.87283084611611,44.687999999997736
39,10,1.0,integrated,False,True,52.9423937412853,43.55999999999786
40,10,1.0,integrated,False,True,53.48505803364715,43.67999999999785
41,10,1.0,integrated,False,True,53.2768415190802,43.53599999999786
42,10,1.0,integrated,False,True,54.19676554533224,43.75199999999784
43,10,1.0,integrated,False,True,54.17167548682579,43.60799999999786
44,10,1.0,integrated,False,True,55.09677497057035,44.183999999997795
45,10,1.0,integrated,False,True,53.38364584320213,43.67999999999785
46,10,1.0,integrated,False,True,53.751095406872594,43.84799999999783
47,10,1.0,integrated,False,True,53.412272010711504,43.53599999999786
48,10,1.0,integrated,False,True,53.396452602572296,43.55999999999786
49,10,1.0,integrated,False,True,54.209616064083846,43.89599999999783
50,10,1.0,integrated,False,True,53.27012489229864,43.67999999999785
51,10,1.0,integrated,False,True,53.59673517657391,43.72799999999784
52,10,1.0,integrated,False,True,52.99602878323963,43.60799999999786
53,10,1.0,integrated,False,True,53.85636137317674,43.70399999999785
54,10,1.0,integrated,False,True,53.6294962302954,43.84799999999783
55,10,1.0,integrated,False,True,53.543678347760604,43.70399999999785
56,10,1.0,integrated,False,True,53.71531050242555,43.871999999997826
57,10,1.0,integrated,False,True,53.86953161900117,43.94399999999782
58,10,1.0,integrated,False,True,53.803613350466186,43.871999999997826
59,10,1.0,integrated,False,True,54.60817262669954,43.991999999997816
60,10,1.0,integrated,False,True,53.6154283419355,43.967999999997815
61,10,1.0,integrated,False,True,53.483691281454995,43.70399999999785
62,10,1.0,integrated,False,True,53.09012516416939,43.53599999999786
63,10,1.0,integrated,False,True,53.944904044491736,43.775999999997836
64,10,1.0,integrated,False,True,53.947371623175016,43.775999999997836
65,10,1.0,integrated,False,True,53.398132592764526,43.55999999999786
66,10,1.0,integrated,False,True,53.82807635637231,43.89599999999783
67,10,1.0,integrated,False,True,53.79124207620684,43.775999999997836
68,10,1.0,integrated,False,True,53.35364340325296,43.65599999999785
69,10,1.0,integrated,False,True,54.3537905955431,43.94399999999782
70,10,1.0,integrated,False,True,53.16875528815393,43.60799999999786
71,10,1.0,integrated,False,True,53.28788923007097,43.53599999999786
72,10,1.0,integrated,False,True,53.59998774543835,43.82399999999783
73,10,1.0,integrated,False,True,53.62103742550951,43.70399999999785
74,10,1.0,integrated,False,True,54.10198511387176,43.991999999997816
75,10,1.0,integrated,False,True,54.20952079678608,43.63199999999785
76,10,1.0,integrated,False,True,54.19697612121894,44.183999999997795
77,10,1.0,integrated,False,True,54.50755323843001,44.159999999997794
78,10,1.0,integrated,False,True,53.659882705033695,43.79999999999784
79,10,1.0,integrated,False,True,53.24402601766455,43.63199999999785
80,10,1.0,integrated,False,True,53.7856432085617,43.63199999999785
81,10,1.0,integrated,False,True,52.971327640150115,43.65599999999785
82,10,1.0,integrated,False,True,53.23348959897569,43.65599999999785
83,10,1.0,integrated,False,True,53.836621472646925,43.67999999999785
84,10,1.0,integrated,False,True,53.571621343274586,43.55999999999786
85,10,1.0,integrated,False,True,53.55857875791315,43.72799999999784
86,10,1.0,integrated,False,True,53.38947202872758,43.63199999999785
87,10,1.0,integrated,False,True,52.79988713178544,43.43999999999787
88,10,1.0,integrated,False,True,56.03740924323725,44.1119999999978
89,10,1.0,integrated,False,True,53.85493047652287,43.67999999999785
90,10,1.0,integrated,False,True,53.826957170640945,43.82399999999783
91,10,1.0,integrated,False,True,53.48426720219495,43.60799999999786
92,10,1.0,integrated,False,True,53.34402962686167,43.67999999999785
93,10,1.0,integrated,False,True,54.45270441183614,44.087999999997805
94,10,1.0,integrated,False,True,53.51259179917275,43.67999999999785
95,10,1.0,integrated,False,True,54.10156856309305,43.70399999999785
96,10,1.0,integrated,False,True,53.83004636448947,43.75199999999784
97,10,1.0,integrated,False,True,53.49927092808247,43.70399999999785
98,10,1.0,integrated,False,True,53.16284351212734,43.53599999999786
99,10,1.0,integrated,False,True,53.563798411855956,43.55999999999786
100,10,1.0,integrated,False,True,54.03352636874628,43.871999999997826
101,10,1.0,integrated,False,True,54.076204927779884,43.79999999999784
102,10,1.0,integrated,False,True,53.676259462238804,43.871999999997826
103,10,1.0,integrated,False,True,53.71018714837589,43.72799999999784
104,10,1.0,integrated,False,True,53.32512924378598,43.65599999999785
105,10,1.0,integrated,False,True,53.693423614132804,43.72799999999784
106,10,1.0,integrated,False,True,53.05667023117867,43.63199999999785
107,10,1.0,integrated,False,True,53.16612183602024,43.55999999999786
108,10,1.0,integrated,False,True,53.27938253394761,43.65599999999785
109,10,1.0,integrated,False,True,53.496341901904216,43.65599999999785
110,10,1.0,integrated,False,True,53.89885639569949,43.775999999997836
111,10,1.0,integrated,False,True,53.18607770641378,43.53599999999786
112,10,1.0,integrated,False,True,53.56006260010617,43.67999999999785
113,10,1.0,integrated,False,True,53.16529940104435,43.65599999999785
114,10,1.0,integrated,False,True,53.533725416357,43.775999999997836
115,10,1.0,integrated,False,True,53.632229910402685,43.70399999999785
116,10,1.0,integrated,False,True,53.37501364665059,43.65599999999785
117,10,1.0,integrated,False,True,54.87099894339548,43.967999999997815
118,10,1.0,integrated,False,True,54.9233571259771,43.79999999999784
119,10,1.0,integrated,False,True,53.40400836211536,43.72799999999784
120,10,1.0,integrated,False,True,54.09256400406829,43.91999999999782
121,10,1.0,integrated,False,True,53.71675430910585,44.01599999999781
122,10,1.0,integrated,False,True,53.44042430527143,43.63199999999785
123,10,1.0,integrated,False,True,54.07476523153463,43.89599999999783
124,10,1.0,integrated,False,True,53.49465766814001,43.63199999999785
125,10,1.0,integrated,False,True,53.73243423440906,43.72799999999784
126,10,1.0,integrated,False,True,52.98474830567076,43.41599999999788
127,10,1.0,integrated,False,True,53.39298524077775,43.63199999999785
128,10,1.0,integrated,False,True,54.26760049865422,43.89599999999783
129,10,1.0,integrated,False,True,53.790351584000476,43.72799999999784
130,10,1.0,integrated,False,True,53.60254848775568,43.70399999999785
131,10,1.0,integrated,False,True,53.28259888709941,43.60799999999786
132,10,1.0,integrated,False,True,54.40578763852831,43.67999999999785
133,10,1.0,integrated,False,True,54.57977986617706,44.087999999997805
134,10,1.0,integrated,False,True,54.63526335017221,43.84799999999783
135,10,1.0,integrated,False,True,53.79648794546303,43.82399999999783
136,10,1.0,integrated,False,True,53.314878320250074,43.63199999999785
137,10,1.0,integrated,False,True,53.084987383443284,43.60799999999786
138,10,1.0,integrated,False,True,53.39980438804837,43.60799999999786
139,10,1.0,integrated,False,True,54.19169461041449,44.03999999999781
140,10,1.0,integrated,False,True,53.636117271923496,43.65599999999785
141,10,1.0,integrated,False,True,54.05049043271662,43.70399999999785
142,10,1.0,integrated,False,True,54.757408302081984,43.84799999999783
143,10,1.0,integrated,False,True,53.34560775430515,43.63199999999785
144,10,1.0,integrated,False,True,53.65160585345215,43.75199999999784
145,10,1.0,integrated,False,True,53.48741267126219,43.65599999999785
146,10,1.0,integrated,False,True,55.46418398292319,44.47199999999776
147,10,1.0,integrated,False,True,53.96777953624937,44.087999999997805
148,10,1.0,integrated,False,True,53.195008822220075,43.58399999999786
149,10,1.0,integrated,False,True,53.868098184327685,43.94399999999782
150,10,1.0,integrated,False,True,54.4576289457878,43.79999999999784
151,10,1.0,integrated,False,True,54.07582965916598,44.087999999997805
152,10,1.0,integrated,False,True,54.21509576879272,44.1119999999978
153,10,1.0,integrated,False,True,53.48802482876806,43.775999999997836
154,10,1.0,integrated,False,True,54.297339467786685,44.087999999997805
155,10,1.0,integrated,False,True,53.73628937659453,43.75199999999784
156,10,1.0,integrated,False,True,53.503808763328635,43.58399999999786
157,10,1.0,integrated,False,True,54.03856159452191,43.94399999999782
158,10,1.0,integrated,False,True,54.73878552411045,43.967999999997815
159,10,1.0,integrated,False,True,54.16406795125256,43.871999999997826
160,10,1.0,integrated,False,True,54.03493453266175,44.1119999999978
161,10,1.0,integrated,False,True,54.160103703693366,43.67999999999785
162,10,1.0,integrated,False,True,53.21757803205129,43.60799999999786
163,10,1.0,integrated,False,True,53.92072268457065,43.72799999999784
164,10,1.0,integrated,False,True,53.527755033093385,43.67999999999785
165,10,1.0,integrated,False,True,53.291560326631895,43.55999999999786
166,10,1.0,integrated,False,True,53.13694668348598,43.48799999999787
167,10,1.0,integrated,False,True,53.93071222367118,43.84799999999783
168,10,1.0,integrated,False,True,52.904047495211444,43.41599999999788
169,10,1.0,integrated,False,True,54.208168159346435,44.183999999997795
170,10,1.0,integrated,False,True,53.60804577888479,43.79999999999784
171,10,1.0,integrated,False,True,54.014098725722064,43.89599999999783
172,10,1.0,integrated,False,True,53.44116641395664,43.67999999999785
173,10,1.0,integrated,False,True,53.42586691216161,43.65599999999785
174,10,1.0,integrated,False,True,53.31347292119888,43.58399999999786
175,10,1.0,extinct,True,False,,
176,10,1.0,integrated,False,True,54.400958392580776,44.1359999999978
177,10,1.0,integrated,False,True,53.19222176371676,43.463999999997874
178,10,1.0,integrated,False,True,54.30138344412224,43.775999999997836
179,10,1.0,integrated,False,True,54.07300719685618,43.84799999999783
180,10,1.0,integrated,False,True,53.94673224718259,43.72799999999784
181,10,1.0,integrated,False,True,53.30342182082457,43.58399999999786
182,10,1.0,integrated,False,True,53.56746892513908,43.75199999999784
183,10,1.0,integrated,False,True,53.88782989205112,43.871999999997826
184,10,1.0,integrated,False,True,54.82251390046707,43.84799999999783
185,10,1.0,integrated,False,True,54.148587816752425,43.89599999999783
186,10,1.0,integrated,False,True,53.36713199284826,43.58399999999786
187,10,1.0,integrated,False,True,53.29852840856772,43.79999999999784
188,10,1.0,integrated,False,True,53.64109865095428,43.67999999999785
189,10,1.0,integrated,False,True,54.44272041324842,43.775999999997836
190,10,1.0,integrated,False,True,53.689977535361976,43.75199999999784
191,10,1.0,integrated,False,True,54.376140241929185,44.087999999997805
192,10,1.0,integrated,False,True,53.29372773725956,43.67999999999785
193,10,1.0,integrated,False,True,53.13618479202212,43.63199999999785
194,10,1.0,integrated,False,True,53.406787202149744,43.63199999999785
195,10,1.0,integrated,False,True,53.43150477824439,43.55999999999786
196,10,1.0,integrated,False,True,53.67170575764578,43.67999999999785
197,10,1.0,integrated,False,True,53.48184554779962,43.70399999999785
198,10,1.0,integrated,False,True,53.9465615378749,43.82399999999783
199,10,1.0,integrated,False,True,53.96010010925522,43.79999999999784
0,30,1.4771212547196624,integrated,False,True,34.19689822149068,22.176000000000016
1,30,1.4771212547196624,integrated,False,True,34.0188088367792,22.05600000000002
2,30,1.4771212547196624,integrated,False,True,34.11158755205814,21.984000000000016
3,30,1.4771212547196624,integrated,False,True,33.825090839397475,21.792000000000016
4,30,1.4771212547196624,integrated,False,True,34.153062017629864,22.200000000000017
5,30,1.4771212547196624,integrated,False,True,34.11423409733074,22.104000000000017
6,30,1.4771212547196624,integrated,False,True,34.032202209912384,22.05600000000002
7,30,1.4771212547196624,integrated,False,True,34.000022745045264,21.960000000000015
8,30,1.4771212547196624,integrated,False,True,34.602918251242286,22.944000000000017
9,30,1.4771212547196624,integrated,False,True,34.14197803867988,22.200000000000017
10,30,1.4771212547196624,integrated,False,True,33.9342226635345,21.840000000000018
11,30,1.4771212547196624,integrated,False,True,34.01362532319325,21.960000000000015
12,30,1.4771212547196624,integrated,False,True,34.018088763571676,22.008000000000017
13,30,1.4771212547196624,integrated,False,True,53.002819675086755,43.53599999999786
14,30,1.4771212547196624,integrated,False,True,33.888761481746826,21.840000000000018
15,30,1.4771212547196624,integrated,False,True,34.295828043448566,22.512000000000018
16,30,1.4771212547196624,integrated,False,True,34.27248444032705,22.416000000000018
17,30,1.4771212547196624,integrated,False,True,34.06537574634277,21.984000000000016
18,30,1.4771212547196624,integrated,False,True,34.7294486206385,23.20800000000002
19,30,1.4771212547196624,integrated,False,True,34.01988178551919,22.104000000000017
20,30,1.4771212547196624,integrated,False,True,34.36756222948795,22.512000000000018
21,30,1.4771212547196624,integrated,False,True,34.265623437519096,22.344000000000015
22,30,1.4771212547196624,integrated,False,True,34.00136246995733,21.936000000000018
23,30,1.4771212547196624,integrated,False,True,34.17381098565691,22.224000000000018
24,30,1.4771212547196624,integrated,False,True,34.144935048210854,22.152000000000015
25,30,1.4771212547196624,integrated,False,True,52.81223297903559,43.51199999999787
26,30,1.4771212547196624,integrated,False,True,34.09247793369744,22.176000000000016
27,30,1.4771212547196624,integrated,False,True,34.465753994514,22.536000000000016
28,30,1.4771212547196624,integrated,False,True,34.018749499403384,21.912000000000017
29,30,1.4771212547196624,integrated,False,True,34.00193769807233,22.008000000000017
30,30,1.4771212547196624,integrated,False,True,34.18468286377855,22.24800000000002
31,30,1.4771212547196624,integrated,False,True,34.141700858426574,22.152000000000015
32,30,1.4771212547196624,integrated,False,True,33.7442511550842,21.768000000000015
33,30,1.4771212547196624,integrated,False,True,34.16742333119124,22.200000000000017
34,30,1.4771212547196624,integrated,False,True,34.045282387089465,21.984000000000016
35,30,1.4771212547196624,integrated,False,True,34.00726704225083,21.888000000000016
36,30,1.4771212547196624,integrated,False,True,34.40591647654712,22.752000000000017
37,30,1.4771212547196624,integrated,False,True,34.52244997748918,22.920000000000016
38,30,1.4771212547196624,integrated,False,True,34.1375069833287,22.128000000000018
39,30,1.4771212547196624,integrated,False,True,34.04806518645843,22.032000000000018
40,30,1.4771212547196624,integrated,False,True,34.03233339325478,22.008000000000017
41,30,1.4771212547196624,integrated,False,True,33.93287797908155,21.960000000000015
42,30,1.4771212547196624,integrated,False,True,33.95366964808717,21.888000000000016
43,30,1.4771212547196624,integrated,False,True,33.922468690116354,21.768000000000015
44,30,1.4771212547196624,integrated,False,True,33.95127436901533,21.912000000000017
45,30,1.4771212547196624,integrated,False,True,33.96680091575795,21.960000000000015
46,30,1.4771212547196624,integrated,False,True,34.07650200575377,22.152000000000015
47,30,1.4771212547196624,integrated,False,True,34.25716062140788,22.488000000000017
48,30,1.4771212547196624,integrated,False,True,34.447013910970576,22.512000000000018
49,30,1.4771212547196624,integrated,False,True,34.00371634574971,21.936000000000018
50,30,1.4771212547196624,integrated,False,True,34.122779666054605,22.296000000000017
51,30,1.4771212547196624,integrated,False,True,33.940071562232916,21.816000000000017
52,30,1.4771212547196624,integrated,False,True,34.25402173309332,22.320000000000018
53,30,1.4771212547196624,integrated,False,True,33.899689297973055,21.744000000000018
54,30,1.4771212547196624,integrated,False,True,35.161384378610705,23.808000000000018
55,30,1.4771212547196624,integrated,False,True,33.93263040292768,21.816000000000017
56,30,1.4771212547196624,integrated,False,True,34.38273447262371,22.464000000000016
57,30,1.4771212547196624,integrated,False,True,53.021651165658724,43.48799999999787
58,30,1.4771212547196624,integrated,False,True,34.12572255010369,22.080000000000016
59,30,1.4771212547196624,integrated,False,True,33.99510868738171,21.984000000000016
60,30,1.4771212547196624,integrated,False,True,34.24447112900226,22.200000000000017
61,30,1.4771212547196624,integrated,False,True,53.18176190143921,43.70399999999785
62,30,1.4771212547196624,integrated,False,True,34.098457419664726,22.080000000000016
63,30,1.4771212547196624,integrated,False,True,34.083549133403096,22.152000000000015
64,30,1.4771212547196624,integrated,False,True,33.963908564757446,21.840000000000018
65,30,1.4771212547196624,integrated,False,True,34.74740827375187,22.944000000000017
66,30,1.4771212547196624,integrated,False,True,34.06694279958123,22.008000000000017
67,30,1.4771212547196624,integrated,False,True,34.35444278076686,22.416000000000018
68,30,1.4771212547196624,integrated,False,True,34.06444242949512,22.05600000000002
69,30,1.4771212547196624,integrated,False,True,34.01452798031919,22.032000000000018
70,30,1.4771212547196624,integrated,False,True,34.18473458338331,22.176000000000016
71,30,1.4771212547196624,integrated,False,True,34.35136457331388,22.512000000000018
72,30,1.4771212547196624,integrated,False,True,34.34946385164971,22.584000000000017
73,30,1.4771212547196624,integrated,False,True,34.10055989567392,22.080000000000016
74,30,1.4771212547196624,integrated,False,True,34.05301814395081,22.080000000000016
75,30,1.4771212547196624,integrated,False,True,33.874476552805476,21.840000000000018
76,30,1.4771212547196624,integrated,False,True,34.215785685772474,22.320000000000018
77,30,1.4771212547196624,integrated,False,True,34.28163024631081,22.344000000000015
78,30,1.4771212547196624,integrated,False,True,33.983690883215225,21.888000000000016
79,30,1.4771212547196624,integrated,False,True,34.08768937416874,22.152000000000015
80,30,1.4771212547196624,integrated,False,True,34.04541580883336,22.05600000000002
81,30,1.4771212547196624,integrated,False,True,34.12717077036468,22.152000000000015
82,30,1.4771212547196624,integrated,False,True,33.897675355328154,21.840000000000018
83,30,1.4771212547196624,integrated,False,True,33.98155757076738,22.008000000000017
84,30,1.4771212547196624,integrated,False,True,33.938876627674546,22.008000000000017
85,30,1.4771212547196624,integrated,False,True,34.12396652436407,22.272000000000016
86,30,1.4771212547196624,integrated,False,True,33.98932848220721,22.05600000000002
87,30,1.4771212547196624,integrated,False,True,34.10244063067542,22.176000000000016
88,30,1.4771212547196624,integrated,False,True,33.982222663534515,21.888000000000016
89,30,1.4771212547196624,integrated,False,True,34.470030209714984,22.560000000000016
90,30,1.4771212547196624,integrated,False,True,34.01808853627931,21.888000000000016
91,30,1.4771212547196624,integrated,False,True,33.897375746342796,21.816000000000017
92,30,1.4771212547196624,integrated,False,True,34.3007374900372,22.344000000000015
93,30,1.4771212547196624,integrated,False,True,34.097269308833425,22.05600000000002
94,30,1.4771212547196624,integrated,False,True,33.91851598388532,21.888000000000016
95,30,1.4771212547196624,integrated,False,True,34.273860219476944,22.368000000000016
96,30,1.4771212547196624,integrated,False,True,34.00122222533301,22.008000000000017
97,30,1.4771212547196624,integrated,False,True,33.94030860434235,21.792000000000016
98,30,1.4771212547196624,integrated,False,True,34.12545865222902,22.05600000000002
99,30,1.4771212547196624,integrated,False,True,33.83834574379429,21.816000000000017
100,30,1.4771212547196624,integrated,False,True,34.29096799340408,22.24800000000002
101,30,1.4771212547196624,integrated,False,True,34.221905303656094,22.296000000000017
102,30,1.4771212547196624,integrated,False,True,34.115553668938404,22.05600000000002
103,30,1.4771212547196624,integrated,False,True,34.106518782423336,22.24800000000002
104,30,1.4771212547196624,integrated,False,True,34.08251628624653,22.176000000000016
105,30,1.4771212547196624,integrated,False,True,34.03887883586569,22.104000000000017
106,30,1.4771212547196624,integrated,False,True,34.000935048210884,22.008000000000017
107,30,1.4771212547196624,integrated,False,True,33.975960024372725,22.008000000000017
108,30,1.4771212547196624,integrated,False,True,34.16909071827161,22.24800000000002
109,30,1.4771212547196624,integrated,False,True,34.077055093903,22.152000000000015
110,30,1.4771212547196624,integrated,False,True,34.0792782694046,22.032000000000018
111,30,1.4771212547196624,integrated,False,True,34.00259409154294,22.104000000000017
112,30,1.4771212547196624,integrated,False,True,33.9895130003734,21.816000000000017
113,30,1.4771212547196624,integrated,False,True,33.94407663404963,21.792000000000016
114,30,1.4771212547196624,integrated,False,True,34.01852642388255,22.008000000000017
115,30,1.4771212547196624,integrated,False,True,34.09037914227561,22.080000000000016
116,30,1.4771212547196624,integrated,False,True,33.96777010998563,21.888000000000016
117,30,1.4771212547196624,integrated,False,True,34.13790723591053,22.152000000000015
118,30,1.4771212547196624,integrated,False,True,33.999562835871295,22.032000000000018
119,30,1.4771212547196624,integrated,False,True,34.026699817846904,22.032000000000018
120,30,1.4771212547196624,integrated,False,True,34.11962698002161,22.05600000000002
121,30,1.4771212547196624,integrated,False,True,34.01347376073109,21.960000000000015
122,30,1.4771212547196624,integrated,False,True,33.92487891961998,21.816000000000017
123,30,1.4771212547196624,integrated,False,True,34.019882405217096,22.008000000000017
124,30,1.4771212547196624,integrated,False,True,34.29152679634892,22.488000000000017
125,30,1.4771212547196624,integrated,False,True,34.15678008305554,22.392000000000017
126,30,1.4771212547196624,integrated,False,True,34.09741935372179,22.05600000000002
127,30,1.4771212547196624,integrated,False,True,33.95432400071742,21.840000000000018
128,30,1.4771212547196624,integrated,False,True,34.04843758395313,22.05600000000002
129,30,1.4771212547196624,integrated,False,True,34.09741935372179,22.05600000000002
130,30,1.4771212547196624,integrated,False,True,34.06101827652337,22.008000000000017
131,30,1.4771212547196624,integrated,False,True,34.12489901852042,22.128000000000018
132,30,1.4771212547196624,integrated,False,True,33.931607196681945,21.912000000000017
133,30,1.4771212547196624,integrated,False,True,33.93878206366704,21.86400000000002
134,30,1.4771212547196624,integrated,False,True,33.884858399801274,21.744000000000018
135,30,1.4771212547196624,integrated,False,True,34.261286872065696,22.296000000000017
136,30,1.4771212547196624,integrated,False,True,34.03596026631106,22.05600000000002
137,30,1.4771212547196624,integrated,False,True,33.9982076223217,21.888000000000016
138,30,1.4771212547196624,integrated,False,True,33.80740981718169,21.792000000000016
139,30,1.4771212547196624,integrated,False,True,34.24999138405109,22.344000000000015
140,30,1.4771212547196624,integrated,False,True,33.99758832559554,21.936000000000018
141,30,1.4771212547196624,integrated,False,True,34.17930336841374,22.128000000000018
142,30,1.4771212547196624,integrated,False,True,34.23201029454414,22.272000000000016
143,30,1.4771212547196624,integrated,False,True,33.99362869895212,21.888000000000016
144,30,1.4771212547196624,integrated,False,True,33.930496960097194,21.792000000000016
145,30,1.4771212547196624,integrated,False,True,52.72370924229549,43.39199999999788
146,30,1.4771212547196624,integrated,False,True,34.17113780979527,22.24800000000002
147,30,1.4771212547196624,integrated,False,True,34.638316335740384,23.01600000000002
148,30,1.4771212547196624,integrated,False,True,33.955416733067096,21.792000000000016
149,30,1.4771212547196624,integrated,False,True,34.49258394927596,22.63200000000002
150,30,1.4771212547196624,integrated,False,True,34.42094732093003,22.752000000000017
151,30,1.4771212547196624,integrated,False,True,34.07256544031533,21.984000000000016
152,30,1.4771212547196624,integrated,False,True,33.9517802057196,21.888000000000016
153,30,1.4771212547196624,integrated,False,True,34.029458652228946,21.960000000000015
154,30,1.4771212547196624,integrated,False,True,34.19599099737763,22.200000000000017
155,30,1.4771212547196624,integrated,False,True,34.36985237682546,22.584000000000017
156,30,1.4771212547196624,integrated,False,True,34.21778343500885,22.320000000000018
157,30,1.4771212547196624,integrated,False,True,34.119645891412404,22.296000000000017
158,30,1.4771212547196624,integrated,False,True,34.189200684570366,22.080000000000016
159,30,1.4771212547196624,integrated,False,True,34.08174809809632,21.960000000000015
160,30,1.4771212547196624,integrated,False,True,34.27587734518354,22.368000000000016
161,30,1.4771212547196624,integrated,False,True,33.995230812454125,21.888000000000016
162,30,1.4771212547196624,integrated,False,True,34.199437583176106,22.344000000000015
163,30,1.4771212547196624,integrated,False,True,34.165985953755076,22.176000000000016
164,30,1.4771212547196624,integrated,False,True,34.22382787821521,22.296000000000017
165,30,1.4771212547196624,integrated,False,True,34.22729946852294,22.392000000000017
166,30,1.4771212547196624,integrated,False,True,34.013355484539055,21.984000000000016
167,30,1.4771212547196624,integrated,False,True,53.33505111379435,43.63199999999785
168,30,1.4771212547196624,integrated,False,True,33.92159642967419,21.792000000000016
169,30,1.4771212547196624,integrated,False,True,34.107447688703395,22.224000000000018
170,30,1.4771212547196624,integrated,False,True,33.85810204822973,21.888000000000016
171,30,1.4771212547196624,integrated,False,True,34.132673742059595,22.200000000000017
172,30,1.4771212547196624,integrated,False,True,34.06242983390982,22.008000000000017
173,30,1.4771212547196624,integrated,False,True,34.07714985585364,22.008000000000017
174,30,1.4771212547196624,integrated,False,True,34.05008087139979,22.05600000000002
175,30,1.4771212547196624,integrated,False,True,34.192174256657935,22.200000000000017
176,30,1.4771212547196624,integrated,False,True,34.27779956657916,22.24800000000002
177,30,1.4771212547196624,integrated,False,True,34.55109763066656,22.920000000000016
178,30,1.4771212547196624,integrated,False,True,33.88412312715242,21.792000000000016
179,30,1.4771212547196624,integrated,False,True,34.055890914529854,22.032000000000018
180,30,1.4771212547196624,integrated,False,True,34.02377206355597,22.008000000000017
181,30,1.4771212547196624,integrated,False,True,33.886822522689215,21.960000000000015
182,30,1.4771212547196624,integrated,False,True,33.975976652655945,21.840000000000018
183,30,1.4771212547196624,integrated,False,True,34.060071562233,21.936000000000018
184,30,1.4771212547196624,integrated,False,True,34.02684297551498,22.032000000000018
185,30,1.4771212547196624,integrated,False,True,34.14284847370326,22.416000000000018
186,30,1.4771212547196624,integrated,False,True,33.94454948525779,21.86400000000002
187,30,1.4771212547196624,integrated,False,True,34.00340854415639,21.936000000000018
188,30,1.4771212547196624,integrated,False,True,34.04793349057225,21.984000000000016
189,30,1.4771212547196624,integrated,False,True,34.004223044786336,22.104000000000017
190,30,1.4771212547196624,integrated,False,True,34.005612693592006,21.936000000000018
191,30,1.4771212547196624,integrated,False,True,33.97546350633503,21.888000000000016
192,30,1.4771212547196624,integrated,False,True,34.12183053954115,22.224000000000018
193,30,1.4771212547196624,integrated,False,True,34.114963067697495,22.104000000000017
194,30,1.4771212547196624,integrated,False,True,34.32361454601306,22.416000000000018
195,30,1.4771212547196624,integrated,False,True,34.04022254038392,22.008000000000017
196,30,1.4771212547196624,integrated,False,True,34.13002662714795,22.44000000000002
197,30,1.4771212547196624,integrated,False,True,33.987383250530925,21.960000000000015
198,30,1.4771212547196624,integrated,False,True,52.969747356988066,43.55999999999786
199,30,1.4771212547196624,integrated,False,True,34.07538501961018,22.152000000000015
0,100,2.0,integrated,False,True,33.5338317609884,21.696000000000016
1,100,2.0,integrated,False,True,33.603577459797584,21.720000000000017
2,100,2.0,integrated,False,True,33.671618253480474,21.696000000000016
3,100,2.0,integrated,False,True,33.69966742952818,21.648000000000017
4,100,2.0,integrated,False,True,33.62160335542447,21.648000000000017
5,100,2.0,integrated,False,True,33.764577137636806,21.720000000000017
6,100,2.0,integrated,False,True,33.71193232481127,21.67200000000002
7,100,2.0,integrated,False,True,33.71540152221733,21.624000000000017
8,100,2.0,integrated,False,True,33.64214755848164,21.67200000000002
9,100,2.0,integrated,False,True,33.690729432525934,21.744000000000018
10,100,2.0,integrated,False,True,33.71849421099168,21.648000000000017
11,100,2.0,integrated,False,True,33.74877513277609,21.696000000000016
12,100,2.0,integrated,False,True,33.803499136610604,21.792000000000016
13,100,2.0,integrated,False,True,33.648788111528006,21.720000000000017
14,100,2.0,integrated,False,True,33.8263086260836,21.792000000000016
15,100,2.0,integrated,False,True,33.5988272089402,21.720000000000017
16,100,2.0,integrated,False,True,33.78563154952091,21.768000000000015
17,100,2.0,integrated,False,True,33.74938321062584,21.696000000000016
18,100,2.0,integrated,False,True,33.681965086591,21.648000000000017
19,100,2.0,integrated,False,True,33.597120604043766,21.720000000000017
20,100,2.0,integrated,False,True,33.67307220781562,21.696000000000016
21,100,2.0,integrated,False,True,33.72117468518185,21.696000000000016
22,100,2.0,integrated,False,True,33.546044676458756,21.648000000000017
23,100,2.0,integrated,False,True,33.59908264137184,21.720000000000017
24,100,2.0,integrated,False,True,33.69132289338741,21.744000000000018
25,100,2.0,integrated,False,True,33.683788247439566,21.768000000000015
26,100,2.0,integrated,False,True,33.70596508659107,21.67200000000002
27,100,2.0,integrated,False,True,33.7175221762083,21.648000000000017
28,100,2.0,integrated,False,True,33.78875032112757,21.720000000000017
29,100,2.0,integrated,False,True,33.561253985134414,21.67200000000002
30,100,2.0,integrated,False,True,33.74303593347556,21.696000000000016
31,100,2.0,integrated,False,True,33.39613236299732,21.696000000000016
32,100,2.0,integrated,False,True,33.69997069665597,21.648000000000017
33,100,2.0,integrated,False,True,33.53178577437241,21.67200000000002
34,100,2.0,integrated,False,True,33.61099185246699,21.648000000000017
35,100,2.0,integrated,False,True,33.74548033489649,21.67200000000002
36,100,2.0,integrated,False,True,33.73870145305089,21.67200000000002
37,100,2.0,integrated,False,True,33.579747741288315,21.67200000000002
38,100,2.0,integrated,False,True,33.696790542139915,21.720000000000017
39,100,2.0,integrated,False,True,33.65632513486153,21.67200000000002
40,100,2.0,integrated,False,True,33.54397535411514,21.696000000000016
41,100,2.0,integrated,False,True,33.627516020352445,21.648000000000017
42,100,2.0,integrated,False,True,33.75830922643512,21.696000000000016
43,100,2.0,integrated,False,True,33.74057713763686,21.696000000000016
44,100,2.0,integrated,False,True,33.643596057545395,21.696000000000016
45,100,2.0,integrated,False,True,33.63828605764041,21.67200000000002
46,100,2.0,integrated,False,True,33.61726424806725,21.720000000000017
47,100,2.0,integrated,False,True,33.757130926138764,21.67200000000002
48,100,2.0,integrated,False,True,33.637533731576674,21.744000000000018
49,100,2.0,integrated,False,True,33.64087379766961,21.744000000000018
50,100,2.0,integrated,False,True,33.523916815938485,21.624000000000017
51,100,2.0,integrated,False,True,33.71721220789428,21.648000000000017
52,100,2.0,integrated,False,True,33.588564890548284,21.67200000000002
53,100,2.0,integrated,False,True,33.76524921913379,21.744000000000018
54,100,2.0,integrated,False,True,33.719186877318606,21.67200000000002
55,100,2.0,integrated,False,True,33.7650246379519,21.67200000000002
56,100,2.0,integrated,False,True,33.735032932807925,21.696000000000016
57,100,2.0,integrated,False,True,33.6820754563393,21.696000000000016
58,100,2.0,integrated,False,True,33.60902840380971,21.696000000000016
59,100,2.0,integrated,False,True,33.717330884639765,21.67200000000002
60,100,2.0,integrated,False,True,33.605809768238444,21.720000000000017
61,100,2.0,integrated,False,True,33.616018305303946,21.744000000000018
62,100,2.0,integrated,False,True,33.70367993491253,21.624000000000017
63,100,2.0,integrated,False,True,33.818455725076376,21.744000000000018
64,100,2.0,integrated,False,True,33.78902944480275,21.744000000000018
65,100,2.0,integrated,False,True,33.719791370522636,21.67200000000002
66,100,2.0,integrated,False,True,33.68255451583697,21.67200000000002
67,100,2.0,integrated,False,True,33.579753342733376,21.792000000000016
68,100,2.0,integrated,False,True,33.65052805464899,21.67200000000002
69,100,2.0,integrated,False,True,33.56441129564409,21.744000000000018
70,100,2.0,integrated,False,True,33.66558948719474,21.696000000000016
71,100,2.0,integrated,False,True,33.737928887208625,21.696000000000016
72,100,2.0,integrated,False,True,33.74926361271384,21.720000000000017
73,100,2.0,integrated,False,True,33.7513885024376,21.720000000000017
74,100,2.0,integrated,False,True,33.69223064740959,21.648000000000017
75,100,2.0,integrated,False,True,33.61340939522856,21.67200000000002
76,100,2.0,integrated,False,True,33.776669761092535,21.720000000000017
77,100,2.0,integrated,False,True,33.73900932249259,21.67200000000002
78,100,2.0,integrated,False,True,33.760120048648545,21.744000000000018
79,100,2.0,integrated,False,True,33.594416602940385,21.768000000000015
80,100,2.0,integrated,False,True,33.70416724728226,21.648000000000017
81,100,2.0,integrated,False,True,33.73947795099383,21.696000000000016
82,100,2.0,integrated,False,True,33.681743840331045,21.720000000000017
83,100,2.0,integrated,False,True,33.71000025894297,21.768000000000015
84,100,2.0,integrated,False,True,33.650043796967864,21.720000000000017
85,100,2.0,integrated,False,True,33.70783217638905,21.624000000000017
86,100,2.0,integrated,False,True,33.76050298701189,21.696000000000016
87,100,2.0,integrated,False,True,33.715929703062514,21.67200000000002
88,100,2.0,integrated,False,True,33.482007077176625,21.67200000000002
89,100,2.0,integrated,False,True,33.67860375325598,21.720000000000017
90,100,2.0,integrated,False,True,33.646519967165275,21.696000000000016
91,100,2.0,integrated,False,True,33.394589147927036,21.696000000000016
92,100,2.0,integrated,False,True,33.72771020993891,21.67200000000002
93,100,2.0,integrated,False,True,33.688532262722475,21.648000000000017
94,100,2.0,integrated,False,True,33.71976084343942,21.624000000000017
95,100,2.0,integrated,False,True,33.75689206642069,21.720000000000017
96,100,2.0,integrated,False,True,33.62761078734842,21.67200000000002
97,100,2.0,integrated,False,True,33.77982693591443,21.67200000000002
98,100,2.0,integrated,False,True,33.65390856291937,21.720000000000017
99,100,2.0,integrated,False,True,33.681584962579734,21.624000000000017
100,100,2.0,integrated,False,True,33.662425966670185,21.696000000000016
101,100,2.0,integrated,False,True,33.67640955475429,21.696000000000016
102,100,2.0,integrated,False,True,33.54526538248306,21.720000000000017
103,100,2.0,integrated,False,True,33.72768607211266,21.696000000000016
104,100,2.0,integrated,False,True,33.5067978738173,21.67200000000002
105,100,2.0,integrated,False,True,33.7182356207484,21.67200000000002
106,100,2.0,integrated,False,True,33.58326485629054,21.67200000000002
107,100,2.0,integrated,False,True,33.67321179087931,21.696000000000016
108,100,2.0,integrated,False,True,33.673494812208794,21.696000000000016
109,100,2.0,integrated,False,True,33.35867558228998,21.648000000000017
110,100,2.0,integrated,False,True,33.67683262429124,21.696000000000016
111,100,2.0,integrated,False,True,33.73180089877683,21.696000000000016
112,100,2.0,integrated,False,True,33.71362247102977,21.624000000000017
113,100,2.0,integrated,False,True,33.53936748705194,21.648000000000017
114,100,2.0,integrated,False,True,33.65802155179538,21.696000000000016
115,100,2.0,integrated,False,True,33.61538262830812,21.744000000000018
116,100,2.0,integrated,False,True,33.450005465047546,21.720000000000017
117,100,2.0,integrated,False,True,33.69346431624204,21.720000000000017
118,100,2.0,integrated,False,True,33.79936745356673,21.720000000000017
119,100,2.0,integrated,False,True,33.705127082926474,21.648000000000017
120,100,2.0,integrated,False,True,33.71702944480276,21.67200000000002
121,100,2.0,integrated,False,True,33.63913765845078,21.744000000000018
122,100,2.0,integrated,False,True,33.64738969945271,21.696000000000016
123,100,2.0,integrated,False,True,33.76711139939881,21.696000000000016
124,100,2.0,integrated,False,True,33.69469775902964,21.696000000000016
125,100,2.0,integrated,False,True,33.77283117560988,21.696000000000016
126,100,2.0,integrated,False,True,33.512059359351746,21.696000000000016
127,100,2.0,integrated,False,True,33.70192047244805,21.624000000000017
128,100,2.0,integrated,False,True,33.56526291458725,21.696000000000016
129,100,2.0,integrated,False,True,33.66874701110653,21.768000000000015
130,100,2.0,integrated,False,True,33.67209365833282,21.624000000000017
131,100,2.0,integrated,False,True,33.65672686001547,21.696000000000016
132,100,2.0,integrated,False,True,33.7384734669616,21.768000000000015
133,100,2.0,integrated,False,True,33.70121261947119,21.696000000000016
134,100,2.0,integrated,False,True,33.42887651664494,21.648000000000017
135,100,2.0,integrated,False,True,33.5720539665,21.696000000000016
136,100,2.0,integrated,False,True,33.76142532189385,21.696000000000016
137,100,2.0,integrated,False,True,33.46626914878989,21.648000000000017
138,100,2.0,integrated,False,True,33.735075819866694,21.67200000000002
139,100,2.0,integrated,False,True,33.658437903676855,21.696000000000016
140,100,2.0,integrated,False,True,33.626048926463014,21.67200000000002
141,100,2.0,integrated,False,True,33.74907885829973,21.696000000000016
142,100,2.0,integrated,False,True,33.737270234936815,21.67200000000002
143,100,2.0,integrated,False,True,33.612062114843596,21.720000000000017
144,100,2.0,integrated,False,True,33.71327023493679,21.648000000000017
145,100,2.0,integrated,False,True,33.77121203348769,21.720000000000017
146,100,2.0,integrated,False,True,33.72740586969721,21.67200000000002
147,100,2.0,integrated,False,True,33.609379556812506,21.744000000000018
148,100,2.0,integrated,False,True,33.554912180945315,21.648000000000017
149,100,2.0,integrated,False,True,33.700243913296504,21.768000000000015
150,100,2.0,integrated,False,True,33.727537402996276,21.696000000000016
151,100,2.0,integrated,False,True,33.76733793564716,21.720000000000017
152,100,2.0,integrated,False,True,33.71736760853739,21.648000000000017
153,100,2.0,integrated,False,True,33.63300431559595,21.67200000000002
154,100,2.0,integrated,False,True,33.6951963666753,21.720000000000017
155,100,2.0,integrated,False,True,33.51575373549325,21.67200000000002
156,100,2.0,integrated,False,True,33.719791370522636,21.67200000000002
157,100,2.0,integrated,False,True,33.65952314065853,21.744000000000018
158,100,2.0,integrated,False,True,33.63532557377235,21.696000000000016
159,100,2.0,integrated,False,True,33.62193210687733,21.744000000000018
160,100,2.0,integrated,False,True,33.72951787690384,21.696000000000016
161,100,2.0,integrated,False,True,33.66848078835937,21.696000000000016
162,100,2.0,integrated,False,True,33.72496721522508,21.696000000000016
163,100,2.0,integrated,False,True,33.76272580417375,21.720000000000017
164,100,2.0,integrated,False,True,33.724328180063026,21.696000000000016
165,100,2.0,integrated,False,True,33.68044960753823,21.720000000000017
166,100,2.0,integrated,False,True,33.76034940509736,21.696000000000016
167,100,2.0,integrated,False,True,33.72507885829971,21.67200000000002
168,100,2.0,integrated,False,True,33.58353022486367,21.696000000000016
169,100,2.0,integrated,False,True,33.638298077402354,21.648000000000017
170,100,2.0,integrated,False,True,33.68572875450834,21.720000000000017
171,100,2.0,integrated,False,True,33.689534479022655,21.696000000000016
172,100,2.0,integrated,False,True,33.48328649753883,21.648000000000017
173,100,2.0,integrated,False,True,33.52522468174203,21.67200000000002
174,100,2.0,integrated,False,True,33.71008893306537,21.67200000000002
175,100,2.0,integrated,False,True,33.69045609054917,21.744000000000018
176,100,2.0,integrated,False,True,33.66045824016503,21.720000000000017
177,100,2.0,integrated,False,True,33.67279054213985,21.696000000000016
178,100,2.0,integrated,False,True,33.666891785074135,21.744000000000018
179,100,2.0,integrated,False,True,33.79058284011547,21.744000000000018
180,100,2.0,integrated,False,True,33.689628522209844,21.648000000000017
181,100,2.0,integrated,False,True,33.68992888720865,21.648000000000017
182,100,2.0,integrated,False,True,33.48821086110077,21.648000000000017
183,100,2.0,integrated,False,True,33.68793232481174,21.648000000000017
184,100,2.0,integrated,False,True,33.66145033823893,21.696000000000016
185,100,2.0,integrated,False,True,33.68748256432887,21.648000000000017
186,100,2.0,integrated,False,True,33.63100310926832,21.648000000000017
187,100,2.0,integrated,False,True,33.65727998533925,21.696000000000016
188,100,2.0,integrated,False,True,33.72134892850914,21.67200000000002
189,100,2.0,integrated,False,True,33.70746169107825,21.648000000000017
190,100,2.0,integrated,False,True,33.62563583428308,21.67200000000002
191,100,2.0,integrated,False,True,33.74102944480276,21.696000000000016
192,100,2.0,integrated,False,True,33.58412633725882,21.624000000000017
193,100,2.0,integrated,False,True,33.74675753742149,21.696000000000016
194,100,2.0,integrated,False,True,33.779424032075276,21.792000000000016
195,100,2.0,integrated,False,True,33.66334261861818,21.648000000000017
196,100,2.0,integrated,False,True,33.34420940947842,21.696000000000016
197,100,2.0,integrated,False,True,33.72912708292648,21.67200000000002
198,100,2.0,integrated,False,True,33.739177031784,21.696000000000016
199,100,2.0,integrated,False,True,33.56991409589092,21.67200000000002
0,300,2.4771212547196626,integrated,False,True,33.05017650443065,21.624000000000017
1,300,2.4771212547196626,integrated,False,True,33.280833837292704,21.624000000000017
2,300,2.4771212547196626,integrated,False,True,33.12483682893916,21.624000000000017
3,300,2.4771212547196626,integrated,False,True,33.27040846566863,21.600000000000016
4,300,2.4771212547196626,integrated,False,True,33.25438544627613,21.600000000000016
5,300,2.4771212547196626,integrated,False,True,33.27797658153799,21.624000000000017
6,300,2.4771212547196626,integrated,False,True,32.93648671660967,21.648000000000017
7,300,2.4771212547196626,integrated,False,True,32.88988903673209,21.624000000000017
8,300,2.4771212547196626,integrated,False,True,33.23584363290196,21.624000000000017
9,300,2.4771212547196626,integrated,False,True,33.23247065564877,21.648000000000017
10,300,2.4771212547196626,integrated,False,True,33.25703886955094,21.600000000000016
11,300,2.4771212547196626,integrated,False,True,33.13744194686884,21.624000000000017
12,300,2.4771212547196626,integrated,False,True,33.240602995372726,21.648000000000017
13,300,2.4771212547196626,integrated,False,True,33.166637130388146,21.624000000000017
14,300,2.4771212547196626,integrated,False,True,33.353074098415625,21.624000000000017
15,300,2.4771212547196626,integrated,False,True,33.169659920620546,21.624000000000017
16,300,2.4771212547196626,integrated,False,True,33.30763626174064,21.624000000000017
17,300,2.4771212547196626,integrated,False,True,33.15364583273143,21.648000000000017
18,300,2.4771212547196626,integrated,False,True,33.02400461253019,21.648000000000017
19,300,2.4771212547196626,integrated,False,True,33.25514753234475,21.624000000000017
20,300,2.4771212547196626,integrated,False,True,33.11378033183022,21.624000000000017
21,300,2.4771212547196626,integrated,False,True,33.06950268756815,21.624000000000017
22,300,2.4771212547196626,integrated,False,True,33.25649403651941,21.624000000000017
23,300,2.4771212547196626,integrated,False,True,33.21382007346265,21.624000000000017
24,300,2.4771212547196626,integrated,False,True,33.11664940810411,21.624000000000017
25,300,2.4771212547196626,integrated,False,True,33.216409368304525,21.624000000000017
26,300,2.4771212547196626,integrated,False,True,33.17177007968346,21.648000000000017
27,300,2.4771212547196626,integrated,False,True,33.110651372150244,21.648000000000017
28,300,2.4771212547196626,integrated,False,True,33.21732215340222,21.624000000000017
29,300,2.4771212547196626,integrated,False,True,33.27980591185381,21.624000000000017
30,300,2.4771212547196626,integrated,False,True,33.15886530827348,21.648000000000017
31,300,2.4771212547196626,integrated,False,True,33.13393271525986,21.624000000000017
32,300,2.4771212547196626,integrated,False,True,32.77566533597259,21.624000000000017
33,300,2.4771212547196626,integrated,False,True,33.07463645782261,21.648000000000017
34,300,2.4771212547196626,integrated,False,True,33.09012664720359,21.600000000000016
35,300,2.4771212547196626,integrated,False,True,33.149254873022876,21.624000000000017
36,300,2.4771212547196626,integrated,False,True,33.10111591255699,21.624000000000017
37,300,2.4771212547196626,integrated,False,True,33.22279651137424,21.648000000000017
38,300,2.4771212547196626,integrated,False,True,33.27122279358354,21.624000000000017
39,300,2.4771212547196626,integrated,False,True,33.0666816904767,21.624000000000017
40,300,2.4771212547196626,integrated,False,True,32.98525272118992,21.624000000000017
41,300,2.4771212547196626,integrated,False,True,33.19870234294061,21.624000000000017
42,300,2.4771212547196626,integrated,False,True,32.9491592707614,21.624000000000017
43,300,2.4771212547196626,integrated,False,True,33.278513600812474,21.600000000000016
44,300,2.4771212547196626,integrated,False,True,33.0589252126299,21.600000000000016
45,300,2.4771212547196626,integrated,False,True,33.05174214863136,21.624000000000017
46,300,2.4771212547196626,integrated,False,True,32.99498738377078,21.624000000000017
47,300,2.4771212547196626,integrated,False,True,33.00797411992603,21.600000000000016
48,300,2.4771212547196626,integrated,False,True,33.20007114268153,21.624000000000017
49,300,2.4771212547196626,integrated,False,True,33.0894780569125,21.648000000000017
50,300,2.4771212547196626,integrated,False,True,32.943064914060116,21.648000000000017
51,300,2.4771212547196626,integrated,False,True,32.985385695202545,21.624000000000017
52,300,2.4771212547196626,integrated,False,True,33.29518330063945,21.624000000000017
53,300,2.4771212547196626,integrated,False,True,33.09331485371215,21.624000000000017
54,300,2.4771212547196626,integrated,False,True,33.30590624203484,21.648000000000017
55,300,2.4771212547196626,integrated,False,True,33.342247339972836,21.600000000000016
56,300,2.4771212547196626,integrated,False,True,33.1577036422026,21.624000000000017
57,300,2.4771212547196626,integrated,False,True,33.101543458132994,21.624000000000017
58,300,2.4771212547196626,integrated,False,True,33.33263116640089,21.648000000000017
59,300,2.4771212547196626,integrated,False,True,33.181283360262896,21.600000000000016
60,300,2.4771212547196626,integrated,False,True,33.22497013433365,21.648000000000017
61,300,2.4771212547196626,integrated,False,True,33.320240532638614,21.624000000000017
62,300,2.4771212547196626,integrated,False,True,33.10943948464799,21.624000000000017
63,300,2.4771212547196626,integrated,False,True,33.08247579143473,21.648000000000017
64,300,2.4771212547196626,integrated,False,True,33.21559459092204,21.624000000000017
65,300,2.4771212547196626,integrated,False,True,33.20618621966322,21.624000000000017
66,300,2.4771212547196626,integrated,False,True,32.86916190885728,21.624000000000017
67,300,2.4771212547196626,integrated,False,True,33.10420647640862,21.624000000000017
68,300,2.4771212547196626,integrated,False,True,33.33363160808361,21.600000000000016
69,300,2.4771212547196626,integrated,False,True,33.28616014566749,21.624000000000017
70,300,2.4771212547196626,integrated,False,True,33.29767467236664,21.600000000000016
71,300,2.4771212547196626,integrated,False,True,33.23584363290196,21.624000000000017
72,300,2.4771212547196626,integrated,False,True,33.298088275367405,21.624000000000017
73,300,2.4771212547196626,integrated,False,True,33.34678920116257,21.648000000000017
74,300,2.4771212547196626,integrated,False,True,33.20366922750773,21.648000000000017
75,300,2.4771212547196626,integrated,False,True,33.31438420821695,21.600000000000016
76,300,2.4771212547196626,integrated,False,True,33.367410594016484,21.624000000000017
77,300,2.4771212547196626,integrated,False,True,33.1723249000012,21.624000000000017
78,300,2.4771212547196626,integrated,False,True,33.36005172108179,21.624000000000017
79,300,2.4771212547196626,integrated,False,True,33.32225399834744,21.600000000000016
80,300,2.4771212547196626,integrated,False,True,33.170533195713276,21.624000000000017
81,300,2.4771212547196626,integrated,False,True,32.90944332130316,21.648000000000017
82,300,2.4771212547196626,integrated,False,True,33.26159611790508,21.624000000000017
83,300,2.4771212547196626,integrated,False,True,33.057667643532994,21.648000000000017
84,300,2.4771212547196626,integrated,False,True,33.18417258852274,21.624000000000017
85,300,2.4771212547196626,integrated,False,True,33.223601702685706,21.600000000000016
86,300,2.4771212547196626,integrated,False,True,33.09592795677449,21.624000000000017
87,300,2.4771212547196626,integrated,False,True,33.29710039635978,21.600000000000016
88,300,2.4771212547196626,integrated,False,True,33.121195389249124,21.624000000000017
89,300,2.4771212547196626,integrated,False,True,33.15594475851106,21.648000000000017
90,300,2.4771212547196626,integrated,False,True,33.21382007346265,21.624000000000017
91,300,2.4771212547196626,integrated,False,True,33.126470884603286,21.600000000000016
92,300,2.4771212547196626,integrated,False,True,33.342247339972836,21.600000000000016
93,300,2.4771212547196626,integrated,False,True,33.144049272599986,21.624000000000017
94,300,2.4771212547196626,integrated,False,True,33.24965105034811,21.600000000000016
95,300,2.4771212547196626,integrated,False,True,33.13300856226833,21.648000000000017
96,300,2.4771212547196626,integrated,False,True,33.19164608098729,21.624000000000017
97,300,2.4771212547196626,integrated,False,True,33.016585145959425,21.624000000000017
98,300,2.4771212547196626,integrated,False,True,33.25784270918616,21.624000000000017
99,300,2.4771212547196626,integrated,False,True,32.99588109939702,21.624000000000017
100,300,2.4771212547196626,integrated,False,True,33.20654528677538,21.648000000000017
101,300,2.4771212547196626,integrated,False,True,33.318596260885826,21.624000000000017
102,300,2.4771212547196626,integrated,False,True,33.263659430575174,21.624000000000017
103,300,2.4771212547196626,integrated,False,True,33.296686423798995,21.624000000000017
104,300,2.4771212547196626,integrated,False,True,33.208755637500225,21.624000000000017
105,300,2.4771212547196626,integrated,False,True,33.31380165203805,21.600000000000016
106,300,2.4771212547196626,integrated,False,True,33.02785650250967,21.624000000000017
107,300,2.4771212547196626,integrated,False,True,33.158386654934134,21.624000000000017
108,300,2.4771212547196626,integrated,False,True,32.92968190773429,21.624000000000017
109,300,2.4771212547196626,integrated,False,True,33.29528699678884,21.624000000000017
110,300,2.4771212547196626,integrated,False,True,32.95582754429412,21.624000000000017
111,300,2.4771212547196626,integrated,False,True,33.188931084937934,21.624000000000017
112,300,2.4771212547196626,integrated,False,True,33.01194873742388,21.624000000000017
113,300,2.4771212547196626,integrated,False,True,33.05934889501108,21.624000000000017
114,300,2.4771212547196626,integrated,False,True,33.3685310426235,21.600000000000016
115,300,2.4771212547196626,integrated,False,True,33.15263652498778,21.624000000000017
116,300,2.4771212547196626,integrated,False,True,33.0194965178017,21.648000000000017
117,300,2.4771212547196626,integrated,False,True,33.31320726869426,21.624000000000017
118,300,2.4771212547196626,integrated,False,True,33.36154167073909,21.624000000000017
119,300,2.4771212547196626,integrated,False,True,33.24176752112438,21.600000000000016
120,300,2.4771212547196626,integrated,False,True,33.325130248926875,21.624000000000017
121,300,2.4771212547196626,integrated,False,True,33.25438544627613,21.600000000000016
122,300,2.4771212547196626,integrated,False,True,33.09939604127767,21.624000000000017
123,300,2.4771212547196626,integrated,False,True,32.949232657868976,21.624000000000017
124,300,2.4771212547196626,integrated,False,True,32.86302509998494,21.624000000000017
125,300,2.4771212547196626,integrated,False,True,33.29679077532399,21.624000000000017
126,300,2.4771212547196626,integrated,False,True,33.1046873247802,21.624000000000017
127,300,2.4771212547196626,integrated,False,True,33.2623661074101,21.600000000000016
128,300,2.4771212547196626,integrated,False,True,32.84017592619122,21.624000000000017
129,300,2.4771212547196626,integrated,False,True,33.34977963159673,21.648000000000017
130,300,2.4771212547196626,integrated,False,True,33.12712533315053,21.624000000000017
131,300,2.4771212547196626,integrated,False,True,33.25979749566848,21.624000000000017
132,300,2.4771212547196626,integrated,False,True,33.024564096726024,21.624000000000017
133,300,2.4771212547196626,integrated,False,True,33.09693730704812,21.648000000000017
134,300,2.4771212547196626,integrated,False,True,33.15687299944877,21.600000000000016
135,300,2.4771212547196626,integrated,False,True,33.13975836184768,21.624000000000017
136,300,2.4771212547196626,integrated,False,True,32.808356047779796,21.624000000000017
137,300,2.4771212547196626,integrated,False,True,32.98849541662056,21.648000000000017
138,300,2.4771212547196626,integrated,False,True,33.156119068433924,21.624000000000017
139,300,2.4771212547196626,integrated,False,True,33.3051846391926,21.648000000000017
140,300,2.4771212547196626,integrated,False,True,33.36165264201789,21.624000000000017
141,300,2.4771212547196626,integrated,False,True,33.10528461953153,21.624000000000017
142,300,2.4771212547196626,integrated,False,True,33.16065980688305,21.624000000000017
143,300,2.4771212547196626,integrated,False,True,33.33489057533821,21.624000000000017
144,300,2.4771212547196626,integrated,False,True,33.25173877337766,21.600000000000016
145,300,2.4771212547196626,integrated,False,True,33.20637606218128,21.624000000000017
146,300,2.4771212547196626,integrated,False,True,33.019269351320645,21.624000000000017
147,300,2.4771212547196626,integrated,False,True,33.111542267324424,21.648000000000017
148,300,2.4771212547196626,integrated,False,True,33.020791290707194,21.624000000000017
149,300,2.4771212547196626,integrated,False,True,33.2681855528258,21.624000000000017
150,300,2.4771212547196626,integrated,False,True,33.26772076549344,21.600000000000016
151,300,2.4771212547196626,integrated,False,True,33.098067958141,21.624000000000017
152,300,2.4771212547196626,integrated,False,True,33.36568946594053,21.624000000000017
153,300,2.4771212547196626,integrated,False,True,33.006336887537685,21.624000000000017
154,300,2.4771212547196626,integrated,False,True,33.14190191867662,21.624000000000017
155,300,2.4771212547196626,integrated,False,True,33.252460586120534,21.624000000000017
156,300,2.4771212547196626,integrated,False,True,33.042238402461294,21.624000000000017
157,300,2.4771212547196626,integrated,False,True,33.2204033901908,21.624000000000017
158,300,2.4771212547196626,integrated,False,True,33.30541760172957,21.600000000000016
159,300,2.4771212547196626,integrated,False,True,33.026562519786665,21.624000000000017
160,300,2.4771212547196626,integrated,False,True,33.255047943777626,21.624000000000017
161,300,2.4771212547196626,integrated,False,True,33.15123849393215,21.624000000000017
162,300,2.4771212547196626,integrated,False,True,33.0983237380975,21.624000000000017
163,300,2.4771212547196626,integrated,False,True,33.270711679110676,21.624000000000017
164,300,2.4771212547196626,integrated,False,True,33.012876031470384,21.648000000000017
165,300,2.4771212547196626,integrated,False,True,33.115491023399905,21.648000000000017
166,300,2.4771212547196626,integrated,False,True,33.10477277368494,21.624000000000017
167,300,2.4771212547196626,integrated,False,True,33.317166996859676,21.624000000000017
168,300,2.4771212547196626,integrated,False,True,33.19620905183758,21.600000000000016
169,300,2.4771212547196626,integrated,False,True,33.22875955546784,21.600000000000016
170,300,2.4771212547196626,integrated,False,True,33.254002855644536,21.624000000000017
171,300,2.4771212547196626,integrated,False,True,33.03065065305501,21.624000000000017
172,300,2.4771212547196626,integrated,False,True,33.17274125760987,21.624000000000017
173,300,2.4771212547196626,integrated,False,True,33.1723249000012,21.624000000000017
174,300,2.4771212547196626,integrated,False,True,33.19889028132872,21.624000000000017
175,300,2.4771212547196626,integrated,False,True,33.25457405962407,21.648000000000017
176,300,2.4771212547196626,integrated,False,True,33.1293307277336,21.624000000000017
177,300,2.4771212547196626,integrated,False,True,32.972661664606214,21.624000000000017
178,300,2.4771212547196626,integrated,False,True,33.03778385223956,21.624000000000017
179,300,2.4771212547196626,integrated,False,True,33.32967297869897,21.624000000000017
180,300,2.4771212547196626,integrated,False,True,33.166222441171215,21.624000000000017
181,300,2.4771212547196626,integrated,False,True,33.02332886681886,21.624000000000017
182,300,2.4771212547196626,integrated,False,True,33.22875955546784,21.600000000000016
183,300,2.4771212547196626,integrated,False,True,33.30915770149346,21.624000000000017
184,300,2.4771212547196626,integrated,False,True,32.92470618960743,21.624000000000017
185,300,2.4771212547196626,integrated,False,True,33.17881644758995,21.600000000000016
186,300,2.4771212547196626,integrated,False,True,33.016820027660074,21.624000000000017
187,300,2.4771212547196626,integrated,False,True,32.9695915514424,21.624000000000017
188,300,2.4771212547196626,integrated,False,True,33.25438544627613,21.600000000000016
189,300,2.4771212547196626,integrated,False,True,33.20574712779694,21.600000000000016
190,300,2.4771212547196626,integrated,False,True,33.14028999313617,21.624000000000017
191,300,2.4771212547196626,integrated,False,True,33.21081711168451,21.600000000000016
192,300,2.4771212547196626,integrated,False,True,33.096936174012725,21.600000000000016
193,300,2.4771212547196626,integrated,False,True,33.314419790662,21.624000000000017
194,300,2.4771212547196626,integrated,False,True,33.121282478562975,21.624000000000017
195,300,2.4771212547196626,integrated,False,True,33.28543421120554,21.624000000000017
196,300,2.4771212547196626,integrated,False,True,33.38054056081631,21.624000000000017
197,300,2.4771212547196626,integrated,False,True,33.16129429961722,21.624000000000017
198,300,2.4771212547196626,integrated,False,True,33.1161314200394,21.624000000000017
199,300,2.4771212547196626,integrated,False,True,33.163119135326575,21.624000000000017
0,1000,3.0,integrated,False,True,32.39579367095157,21.600000000000016
1,1000,3.0,integrated,False,True,32.35310382852721,21.600000000000016
2,1000,3.0,integrated,False,True,32.31639919643201,21.600000000000016
3,1000,3.0,integrated,False,True,32.12187473870209,21.600000000000016
4,1000,3.0,integrated,False,True,32.33705283184041,21.600000000000016
5,1000,3.0,integrated,False,True,32.38538995341341,21.600000000000016
6,1000,3.0,integrated,False,True,32.5610996717041,21.600000000000016
7,1000,3.0,integrated,False,True,32.31532338674583,21.600000000000016
8,1000,3.0,integrated,False,True,32.18559819557419,21.600000000000016
9,1000,3.0,integrated,False,True,32.39143803554019,21.600000000000016
10,1000,3.0,integrated,False,True,32.14853792932085,21.600000000000016
11,1000,3.0,integrated,False,True,32.167023228992534,21.600000000000016
12,1000,3.0,integrated,False,True,32.28642548294194,21.600000000000016
13,1000,3.0,integrated,False,True,32.36855513233582,21.600000000000016
14,1000,3.0,integrated,False,True,32.381636860596046,21.600000000000016
15,1000,3.0,integrated,False,True,32.496054176797315,21.600000000000016
16,1000,3.0,integrated,False,True,32.2695689388387,21.600000000000016
17,1000,3.0,integrated,False,True,32.30489087378088,21.600000000000016
18,1000,3.0,integrated,False,True,32.10703484600138,21.600000000000016
19,1000,3.0,integrated,False,True,32.31963329084274,21.600000000000016
20,1000,3.0,integrated,False,True,32.17803141706467,21.600000000000016
21,1000,3.0,integrated,False,True,32.35003691065887,21.600000000000016
22,1000,3.0,integrated,False,True,32.277057227435904,21.600000000000016
23,1000,3.0,integrated,False,True,32.1308427755301,21.600000000000016
24,1000,3.0,integrated,False,True,32.22970174293836,21.600000000000016
25,1000,3.0,integrated,False,True,32.232676977038366,21.600000000000016
26,1000,3.0,integrated,False,True,32.24944329864657,21.600000000000016
27,1000,3.0,integrated,False,True,32.18844996014357,21.600000000000016
28,1000,3.0,integrated,False,True,32.24340503351986,21.600000000000016
29,1000,3.0,integrated,False,True,32.26341393642518,21.600000000000016
30,1000,3.0,integrated,False,True,32.31532338674583,21.600000000000016
31,1000,3.0,integrated,False,True,32.36571712609265,21.600000000000016
32,1000,3.0,integrated,False,True,32.256789170850986,21.600000000000016
33,1000,3.0,integrated,False,True,32.23640459279879,21.600000000000016
34,1000,3.0,integrated,False,True,32.36657057453661,21.600000000000016
35,1000,3.0,integrated,False,True,32.483340510334756,21.600000000000016
36,1000,3.0,integrated,False,True,32.393754302740554,21.600000000000016
37,1000,3.0,integrated,False,True,32.26367097733332,21.600000000000016
38,1000,3.0,integrated,False,True,32.23441327402366,21.600000000000016
39,1000,3.0,integrated,False,True,32.333764585656624,21.600000000000016
40,1000,3.0,integrated,False,True,32.146944282335205,21.600000000000016
41,1000,3.0,integrated,False,True,32.49252620226219,21.600000000000016
42,1000,3.0,integrated,False,True,32.15060957090756,21.600000000000016
43,1000,3.0,integrated,False,True,32.25424760714246,21.600000000000016
44,1000,3.0,integrated,False,True,32.415731858380965,21.600000000000016
45,1000,3.0,integrated,False,True,32.25146387144571,21.600000000000016
46,1000,3.0,integrated,False,True,32.23540856487998,21.600000000000016
47,1000,3.0,integrated,False,True,32.262648322766076,21.600000000000016
48,1000,3.0,integrated,False,True,32.18251155943827,21.600000000000016
49,1000,3.0,integrated,False,True,32.20838560621241,21.600000000000016
50,1000,3.0,integrated,False,True,32.16726401473586,21.600000000000016
51,1000,3.0,integrated,False,True,32.24768171827194,21.600000000000016
52,1000,3.0,integrated,False,True,32.20379199270973,21.600000000000016
53,1000,3.0,integrated,False,True,32.456494106873095,21.600000000000016
54,1000,3.0,integrated,False,True,32.12791010432209,21.600000000000016
55,1000,3.0,integrated,False,True,32.03706865611686,21.600000000000016
56,1000,3.0,integrated,False,True,32.22574765127421,21.600000000000016
57,1000,3.0,integrated,False,True,32.37879013409472,21.600000000000016
58,1000,3.0,integrated,False,True,32.26060601318338,21.600000000000016
59,1000,3.0,integrated,False,True,32.317208974385835,21.600000000000016
60,1000,3.0,integrated,False,True,32.183458518665724,21.600000000000016
61,1000,3.0,integrated,False,True,32.37906939372943,21.600000000000016
62,1000,3.0,integrated,False,True,32.323692559465975,21.600000000000016
63,1000,3.0,integrated,False,True,32.2446634605056,21.600000000000016
64,1000,3.0,integrated,False,True,32.43605800670928,21.600000000000016
65,1000,3.0,integrated,False,True,32.198973310916465,21.600000000000016
66,1000,3.0,integrated,False,True,32.293246731678586,21.600000000000016
67,1000,3.0,integrated,False,True,32.381945002501496,21.600000000000016
68,1000,3.0,integrated,False,True,32.261370027198964,21.600000000000016
69,1000,3.0,integrated,False,True,32.39491432000101,21.600000000000016
70,1000,3.0,integrated,False,True,32.649942769014395,21.600000000000016
71,1000,3.0,integrated,False,True,32.1626110570491,21.600000000000016
72,1000,3.0,integrated,False,True,32.38972017372318,21.600000000000016
73,1000,3.0,integrated,False,True,32.250453096375765,21.600000000000016
74,1000,3.0,integrated,False,True,32.359815449873444,21.600000000000016
75,1000,3.0,integrated,False,True,32.30995931099114,21.600000000000016
76,1000,3.0,integrated,False,True,32.19680680054061,21.600000000000016
77,1000,3.0,integrated,False,True,32.27369307798268,21.600000000000016
78,1000,3.0,integrated,False,True,32.32260916726172,21.600000000000016
79,1000,3.0,integrated,False,True,32.28747170851976,21.600000000000016
80,1000,3.0,integrated,False,True,32.35337723081895,21.600000000000016
81,1000,3.0,integrated,False,True,32.291143511466196,21.600000000000016
82,1000,3.0,integrated,False,True,32.34892582025395,21.600000000000016
83,1000,3.0,integrated,False,True,32.38222425897004,21.600000000000016
84,1000,3.0,integrated,False,True,32.175906765967625,21.600000000000016
85,1000,3.0,integrated,False,True,32.25424760714246,21.600000000000016
86,1000,3.0,integrated,False,True,32.38682098842613,21.600000000000016
87,1000,3.0,integrated,False,True,32.43485134412105,21.600000000000016
88,1000,3.0,integrated,False,True,32.1261152985828,21.600000000000016
89,1000,3.0,integrated,False,True,32.40045075430302,21.600000000000016
90,1000,3.0,integrated,False,True,32.227471488588655,21.600000000000016
91,1000,3.0,integrated,False,True,32.02198079370389,21.600000000000016
92,1000,3.0,integrated,False,True,32.270340869656906,21.600000000000016
93,1000,3.0,integrated,False,True,32.098498083164294,21.600000000000016
94,1000,3.0,integrated,False,True,32.22501189611632,21.600000000000016
95,1000,3.0,integrated,False,True,32.12658362772514,21.600000000000016
96,1000,3.0,integrated,False,True,32.272920029422735,21.600000000000016
97,1000,3.0,integrated,False,True,32.49095015191698,21.600000000000016
98,1000,3.0,integrated,False,True,32.28904389944286,21.600000000000016
99,1000,3.0,integrated,False,True,32.376785711417355,21.600000000000016
100,1000,3.0,integrated,False,True,32.20813714537583,21.600000000000016
101,1000,3.0,integrated,False,True,32.30889089796579,21.600000000000016
102,1000,3.0,integrated,False,True,32.36657057453661,21.600000000000016
103,1000,3.0,integrated,False,True,32.21788476486914,21.600000000000016
104,1000,3.0,integrated,False,True,32.17639013236803,21.600000000000016
105,1000,3.0,integrated,False,True,32.28042962113084,21.600000000000016
106,1000,3.0,integrated,False,True,32.22304206642393,21.600000000000016
107,1000,3.0,integrated,False,True,32.43576753052255,21.600000000000016
108,1000,3.0,integrated,False,True,32.47482985270321,21.600000000000016
109,1000,3.0,integrated,False,True,32.23615270956938,21.600000000000016
110,1000,3.0,integrated,False,True,32.4016183256946,21.600000000000016
111,1000,3.0,integrated,False,True,32.351989319224145,21.600000000000016
112,1000,3.0,integrated,False,True,32.15520915611784,21.600000000000016
113,1000,3.0,integrated,False,True,32.341181385703635,21.600000000000016
114,1000,3.0,integrated,False,True,32.17332989463511,21.600000000000016
115,1000,3.0,integrated,False,True,32.34449326379326,21.600000000000016
116,1000,3.0,integrated,False,True,32.22944994561435,21.600000000000016
117,1000,3.0,integrated,False,True,32.29746592487651,21.600000000000016
118,1000,3.0,integrated,False,True,32.36544168729097,21.600000000000016
119,1000,3.0,integrated,False,True,32.197766811028586,21.600000000000016
120,1000,3.0,integrated,False,True,32.22970174293836,21.600000000000016
121,1000,3.0,integrated,False,True,32.348380683138494,21.600000000000016
122,1000,3.0,integrated,False,True,32.174268509921795,21.600000000000016
123,1000,3.0,integrated,False,True,32.206693931705146,21.600000000000016
124,1000,3.0,integrated,False,True,32.190111275656406,21.600000000000016
125,1000,3.0,integrated,False,True,32.08181191194281,21.600000000000016
126,1000,3.0,integrated,False,True,32.36544168729097,21.600000000000016
127,1000,3.0,integrated,False,True,32.232676977038366,21.600000000000016
128,1000,3.0,integrated,False,True,32.24240273392971,21.600000000000016
129,1000,3.0,integrated,False,True,32.25755012656312,21.600000000000016
130,1000,3.0,integrated,False,True,32.17544965143993,21.600000000000016
131,1000,3.0,integrated,False,True,32.27059845582207,21.600000000000016
132,1000,3.0,integrated,False,True,32.30037669850749,21.600000000000016
133,1000,3.0,integrated,False,True,32.2052320269244,21.600000000000016
134,1000,3.0,integrated,False,True,32.06352400882163,21.600000000000016
135,1000,3.0,integrated,False,True,32.23591203879769,21.600000000000016
136,1000,3.0,integrated,False,True,32.28799656723208,21.600000000000016
137,1000,3.0,integrated,False,True,32.359815449873444,21.600000000000016
138,1000,3.0,integrated,False,True,32.205478856769595,21.600000000000016
139,1000,3.0,integrated,False,True,32.331307894688926,21.600000000000016
140,1000,3.0,integrated,False,True,32.17827376823154,21.600000000000016
141,1000,3.0,integrated,False,True,32.17639013236803,21.600000000000016
142,1000,3.0,integrated,False,True,32.156815866888664,21.600000000000016
143,1000,3.0,integrated,False,True,32.55192640815367,21.600000000000016
144,1000,3.0,integrated,False,True,32.30568983985011,21.600000000000016
145,1000,3.0,integrated,False,True,32.11653062720773,21.600000000000016
146,1000,3.0,integrated,False,True,32.18820612404369,21.600000000000016
147,1000,3.0,integrated,False,True,32.30223519970363,21.600000000000016
148,1000,3.0,integrated,False,True,32.04472595948274,21.600000000000016
149,1000,3.0,integrated,False,True,32.22205854248603,21.600000000000016
150,1000,3.0,integrated,False,True,32.31398218291536,21.600000000000016
151,1000,3.0,integrated,False,True,32.207167810625,21.600000000000016
152,1000,3.0,integrated,False,True,32.329396110702795,21.600000000000016
153,1000,3.0,integrated,False,True,32.381357992585876,21.600000000000016
154,1000,3.0,integrated,False,True,32.323692559465975,21.600000000000016
155,1000,3.0,integrated,False,True,32.24868974527635,21.600000000000016
156,1000,3.0,integrated,False,True,32.1679561419305,21.600000000000016
157,1000,3.0,integrated,False,True,32.29219459200564,21.600000000000016
158,1000,3.0,integrated,False,True,32.198973310916465,21.600000000000016
159,1000,3.0,integrated,False,True,32.298523392479865,21.600000000000016
160,1000,3.0,integrated,False,True,32.28930506565357,21.600000000000016
161,1000,3.0,integrated,False,True,32.17851666890732,21.600000000000016
162,1000,3.0,integrated,False,True,32.264694498588696,21.600000000000016
163,1000,3.0,integrated,False,True,32.33240029665219,21.600000000000016
164,1000,3.0,integrated,False,True,32.13807302504553,21.600000000000016
165,1000,3.0,integrated,False,True,32.10814662738151,21.600000000000016
166,1000,3.0,integrated,False,True,32.39579367095157,21.600000000000016
167,1000,3.0,integrated,False,True,32.39143803554019,21.600000000000016
168,1000,3.0,integrated,False,True,32.32071367093211,21.600000000000016
169,1000,3.0,integrated,False,True,32.18844996014357,21.600000000000016
170,1000,3.0,integrated,False,True,32.18654791904763,21.600000000000016
171,1000,3.0,integrated,False,True,32.41662906599613,21.600000000000016
172,1000,3.0,integrated,False,True,32.15958994340748,21.600000000000016
173,1000,3.0,integrated,False,True,32.18725484914327,21.600000000000016
174,1000,3.0,integrated,False,True,32.369964573793375,21.600000000000016
175,1000,3.0,integrated,False,True,32.31451476334038,21.600000000000016
176,1000,3.0,integrated,False,True,32.39403617543684,21.600000000000016
177,1000,3.0,integrated,False,True,32.11676350460241,21.600000000000016
178,1000,3.0,integrated,False,True,32.13602519305567,21.600000000000016
179,1000,3.0,integrated,False,True,32.34449326379326,21.600000000000016
180,1000,3.0,integrated,False,True,32.2223086688111,21.600000000000016
181,1000,3.0,integrated,False,True,32.25984191449295,21.600000000000016
182,1000,3.0,integrated,False,True,32.180160660770355,21.600000000000016
183,1000,3.0,integrated,False,True,32.18086252067319,21.600000000000016
184,1000,3.0,integrated,False,True,32.215199671957166,21.600000000000016
185,1000,3.0,integrated,False,True,32.085482950953136,21.600000000000016
186,1000,3.0,integrated,False,True,32.20161571854233,21.600000000000016
187,1000,3.0,integrated,False,True,32.27576137464029,21.600000000000016
188,1000,3.0,integrated,False,True,32.44152953239391,21.600000000000016
189,1000,3.0,integrated,False,True,32.28799656723208,21.600000000000016
190,1000,3.0,integrated,False,True,32.38107822901187,21.600000000000016
191,1000,3.0,integrated,False,True,32.33349369553861,21.600000000000016
192,1000,3.0,integrated,False,True,32.33897910885793,21.600000000000016
193,1000,3.0,integrated,False,True,32.26060601318338,21.600000000000016
194,1000,3.0,integrated,False,True,31.929712343153703,21.600000000000016
195,1000,3.0,integrated,False,True,32.32885706150339,21.600000000000016
196,1000,3.0,integrated,False,True,32.272920029422735,21.600000000000016
197,1000,3.0,integrated,False,True,32.401901696636834,21.600000000000016
198,1000,3.0,integrated,False,True,32.21299898499441,21.600000000000016
199,1000,3.0,integrated,False,True,32.21911351331107,21.600000000000016
0,3000,3.4771212547196626,integrated,False,True,31.220862623883352,21.600000000000016
1,3000,3.4771212547196626,integrated,False,True,31.191237632675694,21.600000000000016
2,3000,3.4771212547196626,integrated,False,True,31.13703169879598,21.600000000000016
3,3000,3.4771212547196626,integrated,False,True,31.029339741568357,21.600000000000016
4,3000,3.4771212547196626,integrated,False,True,31.16159079106461,21.600000000000016
5,3000,3.4771212547196626,integrated,False,True,31.208980579302995,21.600000000000016
6,3000,3.4771212547196626,integrated,False,True,31.28852634538449,21.600000000000016
7,3000,3.4771212547196626,integrated,False,True,31.16243444929657,21.600000000000016
8,3000,3.4771212547196626,integrated,False,True,31.07797644065854,21.600000000000016
9,3000,3.4771212547196626,integrated,False,True,31.191708719556456,21.600000000000016
10,3000,3.4771212547196626,integrated,False,True,31.06708076965971,21.600000000000016
11,3000,3.4771212547196626,integrated,False,True,31.07855416580756,21.600000000000016
12,3000,3.4771212547196626,integrated,False,True,31.18574589064373,21.600000000000016
13,3000,3.4771212547196626,integrated,False,True,31.18585024795847,21.600000000000016
14,3000,3.4771212547196626,integrated,False,True,31.171140076420606,21.600000000000016
15,3000,3.4771212547196626,integrated,False,True,31.25589891588417,21.600000000000016
16,3000,3.4771212547196626,integrated,False,True,31.117169510084732,21.600000000000016
17,3000,3.4771212547196626,integrated,False,True,31.147318392174377,21.600000000000016
18,3000,3.4771212547196626,integrated,False,True,31.026127636429027,21.600000000000016
19,3000,3.4771212547196626,integrated,False,True,31.1595814868585,21.600000000000016
20,3000,3.4771212547196626,integrated,False,True,31.077441595304595,21.600000000000016
21,3000,3.4771212547196626,integrated,False,True,31.16039350257649,21.600000000000016
22,3000,3.4771212547196626,integrated,False,True,31.116953991582264,21.600000000000016
23,3000,3.4771212547196626,integrated,False,True,31.050430663211984,21.600000000000016
24,3000,3.4771212547196626,integrated,False,True,31.11196271662682,21.600000000000016
25,3000,3.4771212547196626,integrated,False,True,31.23822335261339,21.600000000000016
26,3000,3.4771212547196626,integrated,False,True,31.11524488524631,21.600000000000016
27,3000,3.4771212547196626,integrated,False,True,31.085456726172684,21.600000000000016
28,3000,3.4771212547196626,integrated,False,True,31.094287879044664,21.600000000000016
29,3000,3.4771212547196626,integrated,False,True,31.125626378920046,21.600000000000016
30,3000,3.4771212547196626,integrated,False,True,31.16016510170125,21.600000000000016
31,3000,3.4771212547196626,integrated,False,True,31.15647829559585,21.600000000000016
32,3000,3.4771212547196626,integrated,False,True,31.09654954003426,21.600000000000016
33,3000,3.4771212547196626,integrated,False,True,31.094957451028513,21.600000000000016
34,3000,3.4771212547196626,integrated,False,True,31.17724985432538,21.600000000000016
35,3000,3.4771212547196626,integrated,False,True,31.24864095010249,21.600000000000016
36,3000,3.4771212547196626,integrated,False,True,31.208368472269225,21.600000000000016
37,3000,3.4771212547196626,integrated,False,True,31.119565352322283,21.600000000000016
38,3000,3.4771212547196626,integrated,False,True,31.126444967948466,21.600000000000016
39,3000,3.4771212547196626,integrated,False,True,31.14192353796919,21.600000000000016
40,3000,3.4771212547196626,integrated,False,True,31.05714421763446,21.600000000000016
41,3000,3.4771212547196626,integrated,False,True,31.238875883166614,21.600000000000016
42,3000,3.4771212547196626,integrated,False,True,31.062648819554187,21.600000000000016
43,3000,3.4771212547196626,integrated,False,True,31.117852277468344,21.600000000000016
44,3000,3.4771212547196626,integrated,False,True,31.207488197956394,21.600000000000016
45,3000,3.4771212547196626,integrated,False,True,31.126353384074584,21.600000000000016
46,3000,3.4771212547196626,integrated,False,True,31.10382657071323,21.600000000000016
47,3000,3.4771212547196626,integrated,False,True,31.123471239543576,21.600000000000016
48,3000,3.4771212547196626,integrated,False,True,31.09847751646179,21.600000000000016
49,3000,3.4771212547196626,integrated,False,True,31.106444983128014,21.600000000000016
50,3000,3.4771212547196626,integrated,False,True,31.057790381400984,21.600000000000016
51,3000,3.4771212547196626,integrated,False,True,31.0914049144738,21.600000000000016
52,3000,3.4771212547196626,integrated,False,True,31.06956860188783,21.600000000000016
53,3000,3.4771212547196626,integrated,False,True,31.174948123588937,21.600000000000016
54,3000,3.4771212547196626,integrated,False,True,31.055008179006528,21.600000000000016
55,3000,3.4771212547196626,integrated,False,True,30.96976469095264,21.600000000000016
56,3000,3.4771212547196626,integrated,False,True,31.097095196593358,21.600000000000016
57,3000,3.4771212547196626,integrated,False,True,31.17724985432538,21.600000000000016
58,3000,3.4771212547196626,integrated,False,True,31.11614382938862,21.600000000000016
59,3000,3.4771212547196626,integrated,False,True,31.15825544231774,21.600000000000016
60,3000,3.4771212547196626,integrated,False,True,31.1012540965822,21.600000000000016
61,3000,3.4771212547196626,integrated,False,True,31.188305143601063,21.600000000000016
62,3000,3.4771212547196626,integrated,False,True,31.159096577016776,21.600000000000016
63,3000,3.4771212547196626,integrated,False,True,31.109244781883653,21.600000000000016
64,3000,3.4771212547196626,integrated,False,True,31.200295911125124,21.600000000000016
65,3000,3.4771212547196626,integrated,False,True,31.068138325822183,21.600000000000016
66,3000,3.4771212547196626,integrated,False,True,31.143453445186793,21.600000000000016
67,3000,3.4771212547196626,integrated,False,True,31.220241313895222,21.600000000000016
68,3000,3.4771212547196626,integrated,False,True,31.12012390549787,21.600000000000016
69,3000,3.4771212547196626,integrated,False,True,31.199212075860025,21.600000000000016
70,3000,3.4771212547196626,integrated,False,True,31.347348480661523,21.600000000000016
71,3000,3.4771212547196626,integrated,False,True,31.052632164212923,21.600000000000016
72,3000,3.4771212547196626,integrated,False,True,31.222240480153978,21.600000000000016
73,3000,3.4771212547196626,integrated,False,True,31.130720095653032,21.600000000000016
74,3000,3.4771212547196626,integrated,False,True,31.186112674962214,21.600000000000016
75,3000,3.4771212547196626,integrated,False,True,31.16444938301983,21.600000000000016
76,3000,3.4771212547196626,integrated,False,True,31.077727615263395,21.600000000000016
77,3000,3.4771212547196626,integrated,False,True,31.12231130682087,21.600000000000016
78,3000,3.4771212547196626,integrated,False,True,31.158029133150066,21.600000000000016
79,3000,3.4771212547196626,integrated,False,True,31.130937995449713,21.600000000000016
80,3000,3.4771212547196626,integrated,False,True,31.155187700693503,21.600000000000016
81,3000,3.4771212547196626,integrated,False,True,31.14275224472961,21.600000000000016
82,3000,3.4771212547196626,integrated,False,True,31.169341101589353,21.600000000000016
83,3000,3.4771212547196626,integrated,False,True,31.172551053023533,21.600000000000016
84,3000,3.4771212547196626,integrated,False,True,31.08301190975064,21.600000000000016
85,3000,3.4771212547196626,integrated,False,True,31.121625219957288,21.600000000000016
86,3000,3.4771212547196626,integrated,False,True,31.122871576386974,21.600000000000016
87,3000,3.4771212547196626,integrated,False,True,31.187179407254003,21.600000000000016
88,3000,3.4771212547196626,integrated,False,True,31.04890238210779,21.600000000000016
89,3000,3.4771212547196626,integrated,False,True,31.204509754587544,21.600000000000016
90,3000,3.4771212547196626,integrated,False,True,31.09831241319995,21.600000000000016
91,3000,3.4771212547196626,integrated,False,True,30.97309492026379,21.600000000000016
92,3000,3.4771212547196626,integrated,False,True,31.146262908753805,21.600000000000016
93,3000,3.4771212547196626,integrated,False,True,31.01358971559491,21.600000000000016
94,3000,3.4771212547196626,integrated,False,True,31.098352375297587,21.600000000000016
95,3000,3.4771212547196626,integrated,False,True,31.11592777619721,21.600000000000016
96,3000,3.4771212547196626,integrated,False,True,31.0993207751781,21.600000000000016
97,3000,3.4771212547196626,integrated,False,True,31.230190629410497,21.600000000000016
98,3000,3.4771212547196626,integrated,False,True,31.184519819799778,21.600000000000016
99,3000,3.4771212547196626,integrated,False,True,31.191237632675694,21.600000000000016
100,3000,3.4771212547196626,integrated,False,True,31.09253287516588,21.600000000000016
101,3000,3.4771212547196626,integrated,False,True,31.153544428709175,21.600000000000016
102,3000,3.4771212547196626,integrated,False,True,31.16347520076505,21.600000000000016
103,3000,3.4771212547196626,integrated,False,True,31.098898726290884,21.600000000000016
104,3000,3.4771212547196626,integrated,False,True,31.05702124819382,21.600000000000016
105,3000,3.4771212547196626,integrated,False,True,31.139474771323485,21.600000000000016
106,3000,3.4771212547196626,integrated,False,True,31.191708719556456,21.600000000000016
107,3000,3.4771212547196626,integrated,False,True,31.21371230069652,21.600000000000016
108,3000,3.4771212547196626,integrated,False,True,31.22500327873733,21.600000000000016
109,3000,3.4771212547196626,integrated,False,True,31.133111700570147,21.600000000000016
110,3000,3.4771212547196626,integrated,False,True,31.20191206612095,21.600000000000016
111,3000,3.4771212547196626,integrated,False,True,31.17304205280906,21.600000000000016
112,3000,3.4771212547196626,integrated,False,True,31.05649844893219,21.600000000000016
113,3000,3.4771212547196626,integrated,False,True,31.17438717730048,21.600000000000016
114,3000,3.4771212547196626,integrated,False,True,31.0884474090805,21.600000000000016
115,3000,3.4771212547196626,integrated,False,True,31.17823599891125,21.600000000000016
116,3000,3.4771212547196626,integrated,False,True,31.1220948302351,21.600000000000016
117,3000,3.4771212547196626,integrated,False,True,31.15828797555361,21.600000000000016
118,3000,3.4771212547196626,integrated,False,True,31.176424781155553,21.600000000000016
119,3000,3.4771212547196626,integrated,False,True,31.092447801921114,21.600000000000016
120,3000,3.4771212547196626,integrated,False,True,31.089528707737387,21.600000000000016
121,3000,3.4771212547196626,integrated,False,True,31.179425624073748,21.600000000000016
122,3000,3.4771212547196626,integrated,False,True,31.08115163217797,21.600000000000016
123,3000,3.4771212547196626,integrated,False,True,31.063903256281844,21.600000000000016
124,3000,3.4771212547196626,integrated,False,True,31.09533338856311,21.600000000000016
125,3000,3.4771212547196626,integrated,False,True,31.04946842020255,21.600000000000016
126,3000,3.4771212547196626,integrated,False,True,31.18150405337419,21.600000000000016
127,3000,3.4771212547196626,integrated,False,True,31.09341024057829,21.600000000000016
128,3000,3.4771212547196626,integrated,False,True,31.13554554607592,21.600000000000016
129,3000,3.4771212547196626,integrated,False,True,31.112857723577907,21.600000000000016
130,3000,3.4771212547196626,integrated,False,True,31.09936017822244,21.600000000000016
131,3000,3.4771212547196626,integrated,False,True,31.1099228199229,21.600000000000016
132,3000,3.4771212547196626,integrated,False,True,31.150009277397224,21.600000000000016
133,3000,3.4771212547196626,integrated,False,True,31.088530001476187,21.600000000000016
134,3000,3.4771212547196626,integrated,False,True,31.15728570442024,21.600000000000016
135,3000,3.4771212547196626,integrated,False,True,31.082143741538616,21.600000000000016
136,3000,3.4771212547196626,integrated,False,True,31.14428359164541,21.600000000000016
137,3000,3.4771212547196626,integrated,False,True,31.1790915167945,21.600000000000016
138,3000,3.4771212547196626,integrated,False,True,31.130464797716012,21.600000000000016
139,3000,3.4771212547196626,integrated,False,True,31.155413443020926,21.600000000000016
140,3000,3.4771212547196626,integrated,False,True,31.058637293596654,21.600000000000016
141,3000,3.4771212547196626,integrated,False,True,31.090695648689994,21.600000000000016
142,3000,3.4771212547196626,integrated,False,True,31.217336173021366,21.600000000000016
143,3000,3.4771212547196626,integrated,False,True,31.258363828434767,21.600000000000016
144,3000,3.4771212547196626,integrated,False,True,31.150362259263026,21.600000000000016
145,3000,3.4771212547196626,integrated,False,True,31.054363830559982,21.600000000000016
146,3000,3.4771212547196626,integrated,False,True,31.0884474090805,21.600000000000016
147,3000,3.4771212547196626,integrated,False,True,31.153642420163273,21.600000000000016
148,3000,3.4771212547196626,integrated,False,True,30.999421376241553,21.600000000000016
149,3000,3.4771212547196626,integrated,False,True,31.101505372359256,21.600000000000016
150,3000,3.4771212547196626,integrated,False,True,31.15376993790781,21.600000000000016
151,3000,3.4771212547196626,integrated,False,True,31.12428547391979,21.600000000000016
152,3000,3.4771212547196626,integrated,False,True,31.161234011128528,21.600000000000016
153,3000,3.4771212547196626,integrated,False,True,31.176656162761862,21.600000000000016
154,3000,3.4771212547196626,integrated,False,True,31.168263188098845,21.600000000000016
155,3000,3.4771212547196626,integrated,False,True,31.091071216828478,21.600000000000016
156,3000,3.4771212547196626,integrated,False,True,31.070673055281226,21.600000000000016
157,3000,3.4771212547196626,integrated,False,True,31.14100127994601,21.600000000000016
158,3000,3.4771212547196626,integrated,False,True,31.07797644065854,21.600000000000016
159,3000,3.4771212547196626,integrated,False,True,31.145208487698884,21.600000000000016
160,3000,3.4771212547196626,integrated,False,True,31.115119120590336,21.600000000000016
161,3000,3.4771212547196626,integrated,False,True,31.062648819554187,21.600000000000016
162,3000,3.4771212547196626,integrated,False,True,31.11626944157377,21.600000000000016
163,3000,3.4771212547196626,integrated,False,True,31.163832773766167,21.600000000000016
164,3000,3.4771212547196626,integrated,False,True,31.087698882095218,21.600000000000016
165,3000,3.4771212547196626,integrated,False,True,31.01514010992661,21.600000000000016
166,3000,3.4771212547196626,integrated,False,True,31.205253575273936,21.600000000000016
167,3000,3.4771212547196626,integrated,False,True,31.19147311110664,21.600000000000016
168,3000,3.4771212547196626,integrated,False,True,31.14144513170576,21.600000000000016
169,3000,3.4771212547196626,integrated,False,True,31.102853861972328,21.600000000000016
170,3000,3.4771212547196626,integrated,False,True,31.07009857519999,21.600000000000016
171,3000,3.4771212547196626,integrated,False,True,31.215831761000587,21.600000000000016
172,3000,3.4771212547196626,integrated,False,True,31.065653803537263,21.600000000000016
173,3000,3.4771212547196626,integrated,False,True,31.1140954398365,21.600000000000016
174,3000,3.4771212547196626,integrated,False,True,31.162988107906283,21.600000000000016
175,3000,3.4771212547196626,integrated,False,True,31.125154367359443,21.600000000000016
176,3000,3.4771212547196626,integrated,False,True,31.191604768090354,21.600000000000016
177,3000,3.4771212547196626,integrated,False,True,31.030211917453855,21.600000000000016
178,3000,3.4771212547196626,integrated,False,True,31.052310603671962,21.600000000000016
179,3000,3.4771212547196626,integrated,False,True,31.174747366633433,21.600000000000016
180,3000,3.4771212547196626,integrated,False,True,31.09157133693713,21.600000000000016
181,3000,3.4771212547196626,integrated,False,True,31.11468844469092,21.600000000000016
182,3000,3.4771212547196626,integrated,False,True,31.036648670067052,21.600000000000016
183,3000,3.4771212547196626,integrated,False,True,31.072062687857592,21.600000000000016
184,3000,3.4771212547196626,integrated,False,True,31.117169510084732,21.600000000000016
185,3000,3.4771212547196626,integrated,False,True,31.19760310161074,21.600000000000016
186,3000,3.4771212547196626,integrated,False,True,31.093994364306326,21.600000000000016
187,3000,3.4771212547196626,integrated,False,True,31.137067193034532,21.600000000000016
188,3000,3.4771212547196626,integrated,False,True,31.22956216679374,21.600000000000016
189,3000,3.4771212547196626,integrated,False,True,31.152257993393512,21.600000000000016
190,3000,3.4771212547196626,integrated,False,True,31.186710643700273,21.600000000000016
191,3000,3.4771212547196626,integrated,False,True,31.16718637543709,21.600000000000016
192,3000,3.4771212547196626,integrated,False,True,31.16754519083656,21.600000000000016
193,3000,3.4771212547196626,integrated,False,True,31.11490345235901,21.600000000000016
194,3000,3.4771212547196626,integrated,False,True,30.9151657451959,21.600000000000016
195,3000,3.4771212547196626,integrated,False,True,31.166697730827757,21.600000000000016
196,3000,3.4771212547196626,integrated,False,True,31.117293679554663,21.600000000000016
197,3000,3.4771212547196626,integrated,False,True,31.19944982267198,21.600000000000016
198,3000,3.4771212547196626,integrated,False,True,31.096759487042696,21.600000000000016
199,3000,3.4771212547196626,integrated,False,True,31.109835507972857,21.600000000000016
0,10000,4.0,integrated,False,True,29.913736855323307,21.600000000000016
1,10000,4.0,integrated,False,True,29.888557461707578,21.600000000000016
2,10000,4.0,integrated,False,True,29.87275317067623,21.600000000000016
3,10000,4.0,integrated,False,True,29.816465040585506,21.600000000000016
4,10000,4.0,integrated,False,True,29.887426222054525,21.600000000000016
5,10000,4.0,integrated,False,True,29.917413926999817,21.600000000000016
6,10000,4.0,integrated,False,True,29.94514285777996,21.600000000000016
7,10000,4.0,integrated,False,True,29.88393098643089,21.600000000000016
8,10000,4.0,integrated,False,True,29.845672185116605,21.600000000000016
9,10000,4.0,integrated,False,True,29.902976160666537,21.600000000000016
10,10000,4.0,integrated,False,True,29.83272902652608,21.600000000000016
11,10000,4.0,integrated,False,True,29.82426807530247,21.600000000000016
12,10000,4.0,integrated,False,True,29.900445724732343,21.600000000000016
13,10000,4.0,integrated,False,True,29.899495420177985,21.600000000000016
14,10000,4.0,integrated,False,True,29.898174423253607,21.600000000000016
15,10000,4.0,integrated,False,True,29.93047460375896,21.600000000000016
16,10000,4.0,integrated,False,True,29.86812348537011,21.600000000000016
17,10000,4.0,integrated,False,True,29.874067096423637,21.600000000000016
18,10000,4.0,integrated,False,True,29.815979598895275,21.600000000000016
19,10000,4.0,integrated,False,True,29.878274489160134,21.600000000000016
20,10000,4.0,integrated,False,True,29.836875526824926,21.600000000000016
21,10000,4.0,integrated,False,True,29.886815108195094,21.600000000000016
22,10000,4.0,integrated,False,True,29.868768804144253,21.600000000000016
23,10000,4.0,integrated,False,True,29.822278885564195,21.600000000000016
24,10000,4.0,integrated,False,True,29.857718486621295,21.600000000000016
25,10000,4.0,integrated,False,True,29.931072908446172,21.600000000000016
26,10000,4.0,integrated,False,True,29.864166986170318,21.600000000000016
27,10000,4.0,integrated,False,True,29.84880327788897,21.600000000000016
28,10000,4.0,integrated,False,True,29.86413729634171,21.600000000000016
29,10000,4.0,integrated,False,True,29.869633806462005,21.600000000000016
30,10000,4.0,integrated,False,True,29.887104194044717,21.600000000000016
31,10000,4.0,integrated,False,True,29.899184533182577,21.600000000000016
32,10000,4.0,integrated,False,True,29.85627058634185,21.600000000000016
33,10000,4.0,integrated,False,True,29.851325118913905,21.600000000000016
34,10000,4.0,integrated,False,True,29.901057854477394,21.600000000000016
35,10000,4.0,integrated,False,True,29.928168518445027,21.600000000000016
36,10000,4.0,integrated,False,True,29.90450304283037,21.600000000000016
37,10000,4.0,integrated,False,True,29.864272039591807,21.600000000000016
38,10000,4.0,integrated,False,True,29.861262637795267,21.600000000000016
39,10000,4.0,integrated,False,True,29.877529603967872,21.600000000000016
40,10000,4.0,integrated,False,True,29.831957683328127,21.600000000000016
41,10000,4.0,integrated,False,True,29.919249215194718,21.600000000000016
42,10000,4.0,integrated,False,True,29.836142704315186,21.600000000000016
43,10000,4.0,integrated,False,True,29.86749174212639,21.600000000000016
44,10000,4.0,integrated,False,True,29.90788537146109,21.600000000000016
45,10000,4.0,integrated,False,True,29.85427670587183,21.600000000000016
46,10000,4.0,integrated,False,True,29.854172629616013,21.600000000000016
47,10000,4.0,integrated,False,True,29.863536725611734,21.600000000000016
48,10000,4.0,integrated,False,True,29.85287885404945,21.600000000000016
49,10000,4.0,integrated,False,True,29.84896640409208,21.600000000000016
50,10000,4.0,integrated,False,True,29.83737103916934,21.600000000000016
51,10000,4.0,integrated,False,True,29.85136791829955,21.600000000000016
52,10000,4.0,integrated,False,True,29.83708031278597,21.600000000000016
53,10000,4.0,integrated,False,True,29.895195003746892,21.600000000000016
54,10000,4.0,integrated,False,True,29.828034596640272,21.600000000000016
55,10000,4.0,integrated,False,True,29.783620278066063,21.600000000000016
56,10000,4.0,integrated,False,True,29.8537576645692,21.600000000000016
57,10000,4.0,integrated,False,True,29.900113795367943,21.600000000000016
58,10000,4.0,integrated,False,True,29.856141221865485,21.600000000000016
59,10000,4.0,integrated,False,True,29.892583687765722,21.600000000000016
60,10000,4.0,integrated,False,True,29.852523199894073,21.600000000000016
61,10000,4.0,integrated,False,True,29.89798350488969,21.600000000000016
62,10000,4.0,integrated,False,True,29.88221093738222,21.600000000000016
63,10000,4.0,integrated,False,True,29.854068531886174,21.600000000000016
64,10000,4.0,integrated,False,True,29.91538894837958,21.600000000000016
65,10000,4.0,integrated,False,True,29.845672185116605,21.600000000000016
66,10000,4.0,integrated,False,True,29.87725262370902,21.600000000000016
67,10000,4.0,integrated,False,True,29.909857209264985,21.600000000000016
68,10000,4.0,integrated,False,True,29.86749174212639,21.600000000000016
69,10000,4.0,integrated,False,True,29.89870223166404,21.600000000000016
70,10000,4.0,integrated,False,True,29.981700689681233,21.600000000000016
71,10000,4.0,integrated,False,True,29.826135704726106,21.600000000000016
72,10000,4.0,integrated,False,True,29.93044396131277,21.600000000000016
73,10000,4.0,integrated,False,True,29.8954923726671,21.600000000000016
74,10000,4.0,integrated,False,True,29.891820368967544,21.600000000000016
75,10000,4.0,integrated,False,True,29.88850039393055,21.600000000000016
76,10000,4.0,integrated,False,True,29.838117379754646,21.600000000000016
77,10000,4.0,integrated,False,True,29.863706008410468,21.600000000000016
78,10000,4.0,integrated,False,True,29.884242926132305,21.600000000000016
79,10000,4.0,integrated,False,True,29.85264502052239,21.600000000000016
80,10000,4.0,integrated,False,True,29.88724440262505,21.600000000000016
81,10000,4.0,integrated,False,True,29.876221785147287,21.600000000000016
82,10000,4.0,integrated,False,True,29.84434610728291,21.600000000000016
83,10000,4.0,integrated,False,True,29.889699102535147,21.600000000000016
84,10000,4.0,integrated,False,True,29.841667437311322,21.600000000000016
85,10000,4.0,integrated,False,True,29.870974880911422,21.600000000000016
86,10000,4.0,integrated,False,True,29.87439522803571,21.600000000000016
87,10000,4.0,integrated,False,True,29.903808717094073,21.600000000000016
88,10000,4.0,integrated,False,True,29.817425039104126,21.600000000000016
89,10000,4.0,integrated,False,True,29.90982202130574,21.600000000000016
90,10000,4.0,integrated,False,True,29.86711312906487,21.600000000000016
91,10000,4.0,integrated,False,True,29.774546352128542,21.600000000000016
92,10000,4.0,integrated,False,True,29.876646841972615,21.600000000000016
93,10000,4.0,integrated,False,True,29.808638497772616,21.600000000000016
94,10000,4.0,integrated,False,True,29.845862601624326,21.600000000000016
95,10000,4.0,integrated,False,True,29.868694434765754,21.600000000000016
96,10000,4.0,integrated,False,True,29.841184286623246,21.600000000000016
97,10000,4.0,integrated,False,True,29.930401973146814,21.600000000000016
98,10000,4.0,integrated,False,True,29.888550007427764,21.600000000000016
99,10000,4.0,integrated,False,True,29.90418116263133,21.600000000000016
100,10000,4.0,integrated,False,True,29.847886473042962,21.600000000000016
101,10000,4.0,integrated,False,True,29.879765796512196,21.600000000000016
102,10000,4.0,integrated,False,True,29.889276309281335,21.600000000000016
103,10000,4.0,integrated,False,True,29.863253644102265,21.600000000000016
104,10000,4.0,integrated,False,True,29.827105323728574,21.600000000000016
105,10000,4.0,integrated,False,True,29.882573326361438,21.600000000000016
106,10000,4.0,integrated,False,True,29.906174604597638,21.600000000000016
107,10000,4.0,integrated,False,True,29.917816424105606,21.600000000000016
108,10000,4.0,integrated,False,True,29.932119163308485,21.600000000000016
109,10000,4.0,integrated,False,True,29.87040472528374,21.600000000000016
110,10000,4.0,integrated,False,True,29.915207285584422,21.600000000000016
111,10000,4.0,integrated,False,True,29.890958157531173,21.600000000000016
112,10000,4.0,integrated,False,True,29.82809184180336,21.600000000000016
113,10000,4.0,integrated,False,True,29.87968076686378,21.600000000000016
114,10000,4.0,integrated,False,True,29.84096126350122,21.600000000000016
115,10000,4.0,integrated,False,True,29.89193641848638,21.600000000000016
116,10000,4.0,integrated,False,True,29.860183971707233,21.600000000000016
117,10000,4.0,integrated,False,True,29.879307225082655,21.600000000000016
118,10000,4.0,integrated,False,True,29.837490000390282,21.600000000000016
119,10000,4.0,integrated,False,True,29.840786322548894,21.600000000000016
120,10000,4.0,integrated,False,True,29.846100234556246,21.600000000000016
121,10000,4.0,integrated,False,True,29.895451210327508,21.600000000000016
122,10000,4.0,integrated,False,True,29.840112513183726,21.600000000000016
123,10000,4.0,integrated,False,True,29.845981926083816,21.600000000000016
124,10000,4.0,integrated,False,True,29.852285681062966,21.600000000000016
125,10000,4.0,integrated,False,True,29.81701180295796,21.600000000000016
126,10000,4.0,integrated,False,True,29.89103259500468,21.600000000000016
127,10000,4.0,integrated,False,True,29.854589053193102,21.600000000000016
128,10000,4.0,integrated,False,True,29.86574532830464,21.600000000000016
129,10000,4.0,integrated,False,True,29.868272942620493,21.600000000000016
130,10000,4.0,integrated,False,True,29.849248385619664,21.600000000000016
131,10000,4.0,integrated,False,True,29.85500552592302,21.600000000000016
132,10000,4.0,integrated,False,True,29.876997855926867,21.600000000000016
133,10000,4.0,integrated,False,True,29.836873764252804,21.600000000000016
134,10000,4.0,integrated,False,True,29.799451097207168,21.600000000000016
135,10000,4.0,integrated,False,True,29.850077310563304,21.600000000000016
136,10000,4.0,integrated,False,True,29.878710183134004,21.600000000000016
137,10000,4.0,integrated,False,True,29.887706837845652,21.600000000000016
138,10000,4.0,integrated,False,True,29.87556194618049,21.600000000000016
139,10000,4.0,integrated,False,True,29.880395897128174,21.600000000000016
140,10000,4.0,integrated,False,True,29.836129124840205,21.600000000000016
141,10000,4.0,integrated,False,True,29.842697149110883,21.600000000000016
142,10000,4.0,integrated,False,True,29.91542420086305,21.600000000000016
143,10000,4.0,integrated,False,True,29.939415867844808,21.600000000000016
144,10000,4.0,integrated,False,True,29.876859432822176,21.600000000000016
145,10000,4.0,integrated,False,True,29.822333875592314,21.600000000000016
146,10000,4.0,integrated,False,True,29.83573332768323,21.600000000000016
147,10000,4.0,integrated,False,True,29.884414196665503,21.600000000000016
148,10000,4.0,integrated,False,True,29.791193936859138,21.600000000000016
149,10000,4.0,integrated,False,True,29.854439113037067,21.600000000000016
150,10000,4.0,integrated,False,True,29.87836990476388,21.600000000000016
151,10000,4.0,integrated,False,True,29.86397043273903,21.600000000000016
152,10000,4.0,integrated,False,True,29.88428468101139,21.600000000000016
153,10000,4.0,integrated,False,True,29.89830885767308,21.600000000000016
154,10000,4.0,integrated,False,True,29.89219353392307,21.600000000000016
155,10000,4.0,integrated,False,True,29.85831277155002,21.600000000000016
156,10000,4.0,integrated,False,True,29.83005170934569,21.600000000000016
157,10000,4.0,integrated,False,True,29.879594504976694,21.600000000000016
158,10000,4.0,integrated,False,True,29.84042067049905,21.600000000000016
159,10000,4.0,integrated,False,True,29.874735395647082,21.600000000000016
160,10000,4.0,integrated,False,True,29.865461030543358,21.600000000000016
161,10000,4.0,integrated,False,True,29.825150836719878,21.600000000000016
162,10000,4.0,integrated,False,True,29.864797582373164,21.600000000000016
163,10000,4.0,integrated,False,True,29.889350826092084,21.600000000000016
164,10000,4.0,integrated,False,True,29.82430007143428,21.600000000000016
165,10000,4.0,integrated,False,True,29.808466802608567,21.600000000000016
166,10000,4.0,integrated,False,True,29.90599147457543,21.600000000000016
167,10000,4.0,integrated,False,True,29.896750197143852,21.600000000000016
168,10000,4.0,integrated,False,True,29.876285875272753,21.600000000000016
169,10000,4.0,integrated,False,True,29.847015034063407,21.600000000000016
170,10000,4.0,integrated,False,True,29.841315633167333,21.600000000000016
171,10000,4.0,integrated,False,True,29.90908446846354,21.600000000000016
172,10000,4.0,integrated,False,True,29.831054259912307,21.600000000000016
173,10000,4.0,integrated,False,True,29.869781588960045,21.600000000000016
174,10000,4.0,integrated,False,True,29.889558555296727,21.600000000000016
175,10000,4.0,integrated,False,True,29.875838954755316,21.600000000000016
176,10000,4.0,integrated,False,True,29.896033436468368,21.600000000000016
177,10000,4.0,integrated,False,True,29.810444310317884,21.600000000000016
178,10000,4.0,integrated,False,True,29.82626544531297,21.600000000000016
179,10000,4.0,integrated,False,True,29.89712420828735,21.600000000000016
180,10000,4.0,integrated,False,True,29.852715623697648,21.600000000000016
181,10000,4.0,integrated,False,True,29.857925773020597,21.600000000000016
182,10000,4.0,integrated,False,True,29.810017700878248,21.600000000000016
183,10000,4.0,integrated,False,True,29.842138466871752,21.600000000000016
184,10000,4.0,integrated,False,True,29.86759724691736,21.600000000000016
185,10000,4.0,integrated,False,True,29.87189463530907,21.600000000000016
186,10000,4.0,integrated,False,True,29.861256049419048,21.600000000000016
187,10000,4.0,integrated,False,True,29.86749174212639,21.600000000000016
188,10000,4.0,integrated,False,True,29.922533529934803,21.600000000000016
189,10000,4.0,integrated,False,True,29.875552512817066,21.600000000000016
190,10000,4.0,integrated,False,True,29.858034377361932,21.600000000000016
191,10000,4.0,integrated,False,True,29.88007594253181,21.600000000000016
192,10000,4.0,integrated,False,True,29.887062668196084,21.600000000000016
193,10000,4.0,integrated,False,True,29.863090096537206,21.600000000000016
194,10000,4.0,integrated,False,True,29.745229800703125,21.600000000000016
195,10000,4.0,integrated,False,True,29.885519037773072,21.600000000000016
196,10000,4.0,integrated,False,True,29.863717387765732,21.600000000000016
197,10000,4.0,integrated,False,True,29.89862775539827,21.600000000000016
198,10000,4.0,integrated,False,True,29.85674860246364,21.600000000000016
199,10000,4.0,integrated,False,True,29.852285681062966,21.600000000000016
