realization_idx,V0,log10_V0,outcome,extincted,integrated,T_int_hours,handoff_time_hours
0,1,0.0,extinct,True,False,,
1,1,0.0,extinct,True,False,,
2,1,0.0,integrated,False,True,57.32098408177593,45.83999999999955
3,1,0.0,extinct,True,False,,
4,1,0.0,integrated,False,True,56.27327553009492,45.23999999999956
5,1,0.0,integrated,False,True,56.51280998175017,45.479999999999556
6,1,0.0,extinct,True,False,,
7,1,0.0,integrated,False,True,56.73701032062904,45.23999999999956
8,1,0.0,integrated,False,True,56.53205609795108,45.479999999999556
9,1,0.0,integrated,False,True,58.07626127242597,47.03999999999952
10,1,0.0,extinct,True,False,,
11,1,0.0,extinct,True,False,,
12,1,0.0,extinct,True,False,,
13,1,0.0,integrated,False,True,56.120867604663445,45.119999999999564
14,1,0.0,extinct,True,False,,
15,1,0.0,extinct,True,False,,
16,1,0.0,extinct,True,False,,
17,1,0.0,extinct,True,False,,
18,1,0.0,extinct,True,False,,
19,1,0.0,integrated,False,True,57.11726655869005,45.71999999999955
20,1,0.0,extinct,True,False,,
21,1,0.0,extinct,True,False,,
22,1,0.0,extinct,True,False,,
23,1,0.0,extinct,True,False,,
24,1,0.0,extinct,True,False,,
25,1,0.0,integrated,False,True,57.2478377443054,45.71999999999955
26,1,0.0,extinct,True,False,,
27,1,0.0,integrated,False,True,55.48319188701262,44.39999999999958
28,1,0.0,extinct,True,False,,
29,1,0.0,extinct,True,False,,
30,1,0.0,extinct,True,False,,
31,1,0.0,extinct,True,False,,
32,1,0.0,extinct,True,False,,
33,1,0.0,integrated,False,True,56.22568503668211,44.87999999999957
34,1,0.0,integrated,False,True,56.160043857849914,45.119999999999564
35,1,0.0,extinct,True,False,,
36,1,0.0,extinct,True,False,,
37,1,0.0,extinct,True,False,,
38,1,0.0,extinct,True,False,,
39,1,0.0,integrated,False,True,56.09603688018761,44.99999999999957
40,1,0.0,extinct,True,False,,
41,1,0.0,extinct,True,False,,
42,1,0.0,extinct,True,False,,
43,1,0.0,extinct,True,False,,
44,1,0.0,integrated,False,True,56.098562775171274,44.75999999999957
45,1,0.0,extinct,True,False,,
46,1,0.0,extinct,True,False,,
47,1,0.0,extinct,True,False,,
48,1,0.0,extinct,True,False,,
49,1,0.0,extinct,True,False,,
50,1,0.0,extinct,True,False,,
51,1,0.0,integrated,False,True,57.606635167638544,46.55999999999953
52,1,0.0,integrated,False,True,56.551229426851535,45.479999999999556
53,1,0.0,extinct,True,False,,
54,1,0.0,integrated,False,True,55.949457489421434,44.87999999999957
55,1,0.0,extinct,True,False,,
56,1,0.0,integrated,False,True,56.93449955237011,45.479999999999556
57,1,0.0,extinct,True,False,,
58,1,0.0,extinct,True,False,,
59,1,0.0,extinct,True,False,,
60,1,0.0,extinct,True,False,,
61,1,0.0,extinct,True,False,,
62,1,0.0,extinct,True,False,,
63,1,0.0,extinct,True,False,,
64,1,0.0,integrated,False,True,56.9879418544359,45.959999999999546
65,1,0.0,integrated,False,True,56.55881517476446,44.99999999999957
66,1,0.0,extinct,True,False,,
67,1,0.0,extinct,True,False,,
68,1,0.0,extinct,True,False,,
69,1,0.0,extinct,True,False,,
70,1,0.0,extinct,True,False,,
71,1,0.0,extinct,True,False,,
72,1,0.0,extinct,True,False,,
73,1,0.0,integrated,False,True,56.54131389964949,45.119999999999564
74,1,0.0,extinct,True,False,,
75,1,0.0,extinct,True,False,,
76,1,0.0,integrated,False,True,56.55390604326906,45.35999999999956
77,1,0.0,extinct,True,False,,
78,1,0.0,integrated,False,True,56.845628503335085,45.599999999999554
79,1,0.0,extinct,True,False,,
80,1,0.0,integrated,False,True,55.96171578502649,44.87999999999957
81,1,0.0,extinct,True,False,,
82,1,0.0,integrated,False,True,55.715054183882316,44.639999999999574
83,1,0.0,extinct,True,False,,
84,1,0.0,integrated,False,True,56.86596811273169,45.23999999999956
85,1,0.0,integrated,False,True,57.832525171637315,46.67999999999953
86,1,0.0,integrated,False,True,55.66651776436966,44.51999999999958
87,1,0.0,extinct,True,False,,
88,1,0.0,extinct,True,False,,
89,1,0.0,integrated,False,True,56.40930968584792,45.35999999999956
90,1,0.0,integrated,False,True,55.61762850446373,44.51999999999958
91,1,0.0,integrated,False,True,56.434551399067416,44.99999999999957
92,1,0.0,extinct,True,False,,
93,1,0.0,extinct,True,False,,
94,1,0.0,integrated,False,True,57.03440796942547,45.23999999999956
95,1,0.0,extinct,True,False,,
96,1,0.0,extinct,True,False,,
97,1,0.0,extinct,True,False,,
98,1,0.0,integrated,False,True,56.44491862860664,45.35999999999956
99,1,0.0,extinct,True,False,,
100,1,0.0,integrated,False,True,56.426357401918324,45.35999999999956
101,1,0.0,extinct,True,False,,
102,1,0.0,integrated,False,True,56.67422072679376,45.599999999999554
103,1,0.0,extinct,True,False,,
104,1,0.0,extinct,True,False,,
105,1,0.0,extinct,True,False,,
106,1,0.0,integrated,False,True,55.62143211275699,44.51999999999958
107,1,0.0,extinct,True,False,,
108,1,0.0,extinct,True,False,,
109,1,0.0,integrated,False,True,56.23807264654368,45.119999999999564
110,1,0.0,extinct,True,False,,
111,1,0.0,integrated,False,True,57.51907318928237,45.83999999999955
112,1,0.0,extinct,True,False,,
113,1,0.0,extinct,True,False,,
114,1,0.0,extinct,True,False,,
115,1,0.0,extinct,True,False,,
116,1,0.0,extinct,True,False,,
117,1,0.0,extinct,True,False,,
118,1,0.0,extinct,True,False,,
119,1,0.0,extinct,True,False,,
120,1,0.0,extinct,True,False,,
121,1,0.0,extinct,True,False,,
122,1,0.0,extinct,True,False,,
123,1,0.0,extinct,True,False,,
124,1,0.0,extinct,True,False,,
125,1,0.0,extinct,True,False,,
126,1,0.0,extinct,True,False,,
127,1,0.0,extinct,True,False,,
128,1,0.0,extinct,True,False,,
129,1,0.0,extinct,True,False,,
130,1,0.0,extinct,True,False,,
131,1,0.0,extinct,True,False,,
132,1,0.0,integrated,False,True,56.623039435074254,44.99999999999957
133,1,0.0,extinct,True,False,,
134,1,0.0,extinct,True,False,,
135,1,0.0,extinct,True,False,,
136,1,0.0,extinct,True,False,,
137,1,0.0,integrated,False,True,56.60452791545279,45.599999999999554
138,1,0.0,extinct,True,False,,
139,1,0.0,extinct,True,False,,
140,1,0.0,integrated,False,True,56.015023367195695,44.75999999999957
141,1,0.0,extinct,True,False,,
142,1,0.0,extinct,True,False,,
143,1,0.0,integrated,False,True,55.5069788511499,44.27999999999958
144,1,0.0,extinct,True,False,,
145,1,0.0,extinct,True,False,,
146,1,0.0,extinct,True,False,,
147,1,0.0,extinct,True,False,,
148,1,0.0,extinct,True,False,,
149,1,0.0,extinct,True,False,,
150,1,0.0,extinct,True,False,,
151,1,0.0,extinct,True,False,,
152,1,0.0,extinct,True,False,,
153,1,0.0,extinct,True,False,,
154,1,0.0,extinct,True,False,,
155,1,0.0,integrated,False,True,57.24712294756765,45.83999999999955
156,1,0.0,extinct,True,False,,
157,1,0.0,extinct,True,False,,
158,1,0.0,extinct,True,False,,
159,1,0.0,integrated,False,True,57.7371598890293,46.07999999999954
160,1,0.0,extinct,True,False,,
161,1,0.0,extinct,True,False,,
162,1,0.0,extinct,True,False,,
163,1,0.0,extinct,True,False,,
164,1,0.0,extinct,True,False,,
165,1,0.0,extinct,True,False,,
166,1,0.0,integrated,False,True,56.47616089482037,45.35999999999956
167,1,0.0,integrated,False,True,55.96729536948344,44.75999999999957
168,1,0.0,integrated,False,True,55.71703950751582,44.639999999999574
169,1,0.0,integrated,False,True,56.346915213691894,45.35999999999956
170,1,0.0,integrated,False,True,56.98169937680758,45.23999999999956
171,1,0.0,extinct,True,False,,
172,1,0.0,integrated,False,True,55.875533145509756,44.75999999999957
173,1,0.0,integrated,False,True,56.57016381375928,45.599999999999554
174,1,0.0,extinct,True,False,,
175,1,0.0,integrated,False,True,75.94117593555369,66.11999999999912
176,1,0.0,integrated,False,True,56.368243948023995,45.23999999999956
177,1,0.0,extinct,True,False,,
178,1,0.0,extinct,True,False,,
179,1,0.0,extinct,True,False,,
180,1,0.0,extinct,True,False,,
181,1,0.0,extinct,True,False,,
182,1,0.0,integrated,False,True,56.59510874893998,44.99999999999957
183,1,0.0,extinct,True,False,,
184,1,0.0,integrated,False,True,55.8169023686267,44.75999999999957
185,1,0.0,extinct,True,False,,
186,1,0.0,extinct,True,False,,
187,1,0.0,extinct,True,False,,
188,1,0.0,integrated,False,True,56.69568192607666,45.119999999999564
189,1,0.0,extinct,True,False,,
190,1,0.0,extinct,True,False,,
191,1,0.0,extinct,True,False,,
192,1,0.0,extinct,True,False,,
193,1,0.0,integrated,False,True,57.34281135389739,46.19999999999954
194,1,0.0,extinct,True,False,,
195,1,0.0,extinct,True,False,,
196,1,0.0,extinct,True,False,,
197,1,0.0,integrated,False,True,56.58886731808275,45.479999999999556
198,1,0.0,integrated,False,True,55.985284271333285,44.87999999999957
199,1,0.0,extinct,True,False,,
200,1,0.0,extinct,True,False,,
201,1,0.0,extinct,True,False,,
202,1,0.0,extinct,True,False,,
203,1,0.0,extinct,True,False,,
204,1,0.0,extinct,True,False,,
205,1,0.0,extinct,True,False,,
206,1,0.0,integrated,False,True,56.287908145766735,45.23999999999956
207,1,0.0,integrated,False,True,56.055313773271266,44.87999999999957
208,1,0.0,extinct,True,False,,
209,1,0.0,extinct,True,False,,
210,1,0.0,extinct,True,False,,
211,1,0.0,extinct,True,False,,
212,1,0.0,extinct,True,False,,
213,1,0.0,extinct,True,False,,
214,1,0.0,extinct,True,False,,
215,1,0.0,integrated,False,True,56.34936037890515,45.23999999999956
216,1,0.0,integrated,False,True,56.57169642938874,45.119999999999564
217,1,0.0,extinct,True,False,,
218,1,0.0,integrated,False,True,55.5942380020857,44.51999999999958
219,1,0.0,integrated,False,True,56.14331825746357,45.119999999999564
220,1,0.0,extinct,True,False,,
221,1,0.0,extinct,True,False,,
222,1,0.0,extinct,True,False,,
223,1,0.0,extinct,True,False,,
224,1,0.0,extinct,True,False,,
225,1,0.0,extinct,True,False,,
226,1,0.0,integrated,False,True,56.381288648770315,44.639999999999574
227,1,0.0,extinct,True,False,,
228,1,0.0,integrated,False,True,55.79700126900502,44.75999999999957
229,1,0.0,integrated,False,True,56.95104759929233,45.479999999999556
230,1,0.0,extinct,True,False,,
231,1,0.0,extinct,True,False,,
232,1,0.0,extinct,True,False,,
233,1,0.0,extinct,True,False,,
234,1,0.0,extinct,True,False,,
235,1,0.0,extinct,True,False,,
236,1,0.0,extinct,True,False,,
237,1,0.0,extinct,True,False,,
238,1,0.0,extinct,True,False,,
239,1,0.0,extinct,True,False,,
240,1,0.0,integrated,False,True,56.43429823910736,44.639999999999574
241,1,0.0,integrated,False,True,55.744913245020406,44.639999999999574
242,1,0.0,extinct,True,False,,
243,1,0.0,integrated,False,True,56.142959397333264,44.99999999999957
244,1,0.0,extinct,True,False,,
245,1,0.0,extinct,True,False,,
246,1,0.0,extinct,True,False,,
247,1,0.0,extinct,True,False,,
248,1,0.0,extinct,True,False,,
249,1,0.0,integrated,False,True,56.74911365378923,45.71999999999955
250,1,0.0,integrated,False,True,57.05255625729856,45.35999999999956
251,1,0.0,integrated,False,True,56.71819138709762,44.99999999999957
252,1,0.0,extinct,True,False,,
253,1,0.0,extinct,True,False,,
254,1,0.0,integrated,False,True,55.68564404462165,44.51999999999958
255,1,0.0,extinct,True,False,,
256,1,0.0,extinct,True,False,,
257,1,0.0,integrated,False,True,57.00384375029748,45.959999999999546
258,1,0.0,integrated,False,True,77.42879794226627,66.35999999999912
259,1,0.0,extinct,True,False,,
260,1,0.0,extinct,True,False,,
261,1,0.0,integrated,False,True,57.32445129953976,45.71999999999955
262,1,0.0,extinct,True,False,,
263,1,0.0,extinct,True,False,,
264,1,0.0,extinct,True,False,,
265,1,0.0,extinct,True,False,,
266,1,0.0,extinct,True,False,,
267,1,0.0,integrated,False,True,57.99594783388542,46.919999999999526
268,1,0.0,integrated,False,True,55.974771762095045,44.99999999999957
269,1,0.0,extinct,True,False,,
270,1,0.0,extinct,True,False,,
271,1,0.0,integrated,False,True,57.41832101125363,46.31999999999954
272,1,0.0,integrated,False,True,56.65556851957966,45.599999999999554
273,1,0.0,integrated,False,True,56.17742870868189,45.119999999999564
274,1,0.0,integrated,False,True,56.20128536626959,45.119999999999564
275,1,0.0,extinct,True,False,,
276,1,0.0,integrated,False,True,56.13322419288669,44.99999999999957
277,1,0.0,extinct,True,False,,
278,1,0.0,extinct,True,False,,
279,1,0.0,extinct,True,False,,
280,1,0.0,extinct,True,False,,
281,1,0.0,extinct,True,False,,
282,1,0.0,extinct,True,False,,
283,1,0.0,extinct,True,False,,
284,1,0.0,extinct,True,False,,
285,1,0.0,integrated,False,True,56.36337109422011,45.35999999999956
286,1,0.0,extinct,True,False,,
287,1,0.0,extinct,True,False,,
288,1,0.0,extinct,True,False,,
289,1,0.0,extinct,True,False,,
290,1,0.0,extinct,True,False,,
291,1,0.0,extinct,True,False,,
292,1,0.0,extinct,True,False,,
293,1,0.0,extinct,True,False,,
294,1,0.0,integrated,False,True,57.413235814476536,46.31999999999954
295,1,0.0,extinct,True,False,,
296,1,0.0,extinct,True,False,,
297,1,0.0,integrated,False,True,55.659492938396326,44.51999999999958
298,1,0.0,extinct,True,False,,
299,1,0.0,extinct,True,False,,
300,1,0.0,integrated,False,True,57.04560126007938,45.959999999999546
301,1,0.0,extinct,True,False,,
302,1,0.0,extinct,True,False,,
303,1,0.0,integrated,False,True,56.10242374002202,44.99999999999957
304,1,0.0,extinct,True,False,,
305,1,0.0,extinct,True,False,,
306,1,0.0,extinct,True,False,,
307,1,0.0,extinct,True,False,,
308,1,0.0,extinct,True,False,,
309,1,0.0,integrated,False,True,55.79539134877123,44.639999999999574
310,1,0.0,extinct,True,False,,
311,1,0.0,extinct,True,False,,
312,1,0.0,extinct,True,False,,
313,1,0.0,integrated,False,True,56.4876084384069,44.87999999999957
314,1,0.0,extinct,True,False,,
315,1,0.0,extinct,True,False,,
316,1,0.0,integrated,False,True,56.39681666615603,44.87999999999957
317,1,0.0,extinct,True,False,,
318,1,0.0,extinct,True,False,,
319,1,0.0,integrated,False,True,56.001520879815374,44.99999999999957
320,1,0.0,extinct,True,False,,
321,1,0.0,extinct,True,False,,
322,1,0.0,extinct,True,False,,
323,1,0.0,extinct,True,False,,
324,1,0.0,extinct,True,False,,
325,1,0.0,extinct,True,False,,
326,1,0.0,extinct,True,False,,
327,1,0.0,extinct,True,False,,
328,1,0.0,extinct,True,False,,
329,1,0.0,extinct,True,False,,
330,1,0.0,integrated,False,True,56.66766585061333,45.35999999999956
331,1,0.0,extinct,True,False,,
332,1,0.0,integrated,False,True,56.18417135648235,45.119999999999564
333,1,0.0,extinct,True,False,,
334,1,0.0,extinct,True,False,,
335,1,0.0,extinct,True,False,,
336,1,0.0,extinct,True,False,,
337,1,0.0,extinct,True,False,,
338,1,0.0,extinct,True,False,,
339,1,0.0,extinct,True,False,,
340,1,0.0,integrated,False,True,57.29856452872907,45.959999999999546
341,1,0.0,extinct,True,False,,
342,1,0.0,extinct,True,False,,
343,1,0.0,extinct,True,False,,
344,1,0.0,extinct,True,False,,
345,1,0.0,integrated,False,True,57.22941488267482,45.479999999999556
346,1,0.0,extinct,True,False,,
347,1,0.0,extinct,True,False,,
348,1,0.0,extinct,True,False,,
349,1,0.0,integrated,False,True,56.36940828109796,44.87999999999957
350,1,0.0,extinct,True,False,,
351,1,0.0,integrated,False,True,55.57645159153907,44.39999999999958
352,1,0.0,extinct,True,False,,
353,1,0.0,extinct,True,False,,
354,1,0.0,extinct,True,False,,
355,1,0.0,integrated,False,True,57.64877599634403,46.19999999999954
356,1,0.0,extinct,True,False,,
357,1,0.0,extinct,True,False,,
358,1,0.0,extinct,True,False,,
359,1,0.0,extinct,True,False,,
360,1,0.0,extinct,True,False,,
361,1,0.0,extinct,True,False,,
362,1,0.0,extinct,True,False,,
363,1,0.0,integrated,False,True,56.8567189565007,45.23999999999956
364,1,0.0,extinct,True,False,,
365,1,0.0,extinct,True,False,,
366,1,0.0,extinct,True,False,,
367,1,0.0,integrated,False,True,55.892925238682764,44.75999999999957
368,1,0.0,extinct,True,False,,
369,1,0.0,integrated,False,True,56.82025228715093,44.87999999999957
370,1,0.0,extinct,True,False,,
371,1,0.0,extinct,True,False,,
372,1,0.0,extinct,True,False,,
373,1,0.0,extinct,True,False,,
374,1,0.0,extinct,True,False,,
375,1,0.0,extinct,True,False,,
376,1,0.0,extinct,True,False,,
377,1,0.0,integrated,False,True,56.26367076334527,45.23999999999956
378,1,0.0,extinct,True,False,,
379,1,0.0,extinct,True,False,,
380,1,0.0,extinct,True,False,,
381,1,0.0,extinct,True,False,,
382,1,0.0,extinct,True,False,,
383,1,0.0,extinct,True,False,,
384,1,0.0,integrated,False,True,56.96466258965762,45.959999999999546
385,1,0.0,extinct,True,False,,
386,1,0.0,integrated,False,True,55.826365817921754,44.75999999999957
387,1,0.0,integrated,False,True,55.8200168745515,44.75999999999957
388,1,0.0,extinct,True,False,,
389,1,0.0,integrated,False,True,56.1735108166452,44.51999999999958
390,1,0.0,extinct,True,False,,
391,1,0.0,extinct,True,False,,
392,1,0.0,extinct,True,False,,
393,1,0.0,integrated,False,True,56.238969038265154,45.23999999999956
394,1,0.0,integrated,False,True,55.613094201493304,44.639999999999574
395,1,0.0,extinct,True,False,,
396,1,0.0,extinct,True,False,,
397,1,0.0,extinct,True,False,,
398,1,0.0,extinct,True,False,,
399,1,0.0,extinct,True,False,,
400,1,0.0,integrated,False,True,56.28405820331434,45.23999999999956
401,1,0.0,extinct,True,False,,
402,1,0.0,extinct,True,False,,
403,1,0.0,extinct,True,False,,
404,1,0.0,extinct,True,False,,
405,1,0.0,integrated,False,True,57.89153663871616,46.439999999999536
406,1,0.0,extinct,True,False,,
407,1,0.0,integrated,False,True,57.29806815305493,46.19999999999954
408,1,0.0,integrated,False,True,56.56186876108525,44.87999999999957
409,1,0.0,extinct,True,False,,
410,1,0.0,extinct,True,False,,
411,1,0.0,extinct,True,False,,
412,1,0.0,extinct,True,False,,
413,1,0.0,integrated,False,True,56.36194150649183,45.119999999999564
414,1,0.0,extinct,True,False,,
415,1,0.0,extinct,True,False,,
416,1,0.0,extinct,True,False,,
417,1,0.0,integrated,False,True,56.12309080680302,44.99999999999957
418,1,0.0,integrated,False,True,56.0884827484997,44.99999999999957
419,1,0.0,extinct,True,False,,
420,1,0.0,integrated,False,True,55.95906124757762,44.639999999999574
421,1,0.0,extinct,True,False,,
422,1,0.0,extinct,True,False,,
423,1,0.0,extinct,True,False,,
424,1,0.0,extinct,True,False,,
425,1,0.0,integrated,False,True,56.37259012834163,45.35999999999956
426,1,0.0,extinct,True,False,,
427,1,0.0,extinct,True,False,,
428,1,0.0,extinct,True,False,,
429,1,0.0,extinct,True,False,,
430,1,0.0,extinct,True,False,,
431,1,0.0,extinct,True,False,,
432,1,0.0,extinct,True,False,,
433,1,0.0,extinct,True,False,,
434,1,0.0,extinct,True,False,,
435,1,0.0,extinct,True,False,,
436,1,0.0,integrated,False,True,56.05265412928787,44.99999999999957
437,1,0.0,extinct,True,False,,
438,1,0.0,integrated,False,True,75.85404013415325,66.23999999999913
439,1,0.0,extinct,True,False,,
440,1,0.0,integrated,False,True,57.42558104309504,45.959999999999546
441,1,0.0,extinct,True,False,,
442,1,0.0,extinct,True,False,,
443,1,0.0,integrated,False,True,58.54452718676416,47.51999999999951
444,1,0.0,integrated,False,True,57.246648885866726,45.83999999999955
445,1,0.0,extinct,True,False,,
446,1,0.0,extinct,True,False,,
447,1,0.0,integrated,False,True,56.33111351780889,45.23999999999956
448,1,0.0,extinct,True,False,,
449,1,0.0,extinct,True,False,,
450,1,0.0,extinct,True,False,,
451,1,0.0,extinct,True,False,,
452,1,0.0,extinct,True,False,,
453,1,0.0,extinct,True,False,,
454,1,0.0,extinct,True,False,,
455,1,0.0,extinct,True,False,,
456,1,0.0,extinct,True,False,,
457,1,0.0,extinct,True,False,,
458,1,0.0,extinct,True,False,,
459,1,0.0,extinct,True,False,,
460,1,0.0,extinct,True,False,,
461,1,0.0,extinct,True,False,,
462,1,0.0,extinct,True,False,,
463,1,0.0,integrated,False,True,57.24662451145541,45.83999999999955
464,1,0.0,integrated,False,True,55.815784039949804,44.39999999999958
465,1,0.0,extinct,True,False,,
466,1,0.0,integrated,False,True,56.35546748344191,45.23999999999956
467,1,0.0,extinct,True,False,,
468,1,0.0,integrated,False,True,56.374496483970816,44.99999999999957
469,1,0.0,extinct,True,False,,
470,1,0.0,extinct,True,False,,
471,1,0.0,extinct,True,False,,
472,1,0.0,extinct,True,False,,
473,1,0.0,integrated,False,True,56.42974801991589,45.119999999999564
474,1,0.0,integrated,False,True,57.130315780832596,45.959999999999546
475,1,0.0,extinct,True,False,,
476,1,0.0,extinct,True,False,,
477,1,0.0,integrated,False,True,56.41027928264306,45.35999999999956
478,1,0.0,extinct,True,False,,
479,1,0.0,integrated,False,True,56.051695396699145,44.99999999999957
480,1,0.0,extinct,True,False,,
481,1,0.0,extinct,True,False,,
482,1,0.0,extinct,True,False,,
483,1,0.0,extinct,True,False,,
484,1,0.0,integrated,False,True,55.93815736429386,44.75999999999957
485,1,0.0,extinct,True,False,,
486,1,0.0,integrated,False,True,56.40256975293734,44.75999999999957
487,1,0.0,integrated,False,True,56.362470422301485,45.23999999999956
488,1,0.0,extinct,True,False,,
489,1,0.0,extinct,True,False,,
490,1,0.0,extinct,True,False,,
491,1,0.0,extinct,True,False,,
492,1,0.0,integrated,False,True,57.09637293394789,45.71999999999955
493,1,0.0,extinct,True,False,,
494,1,0.0,integrated,False,True,55.47040952704575,44.39999999999958
495,1,0.0,integrated,False,True,56.00858463172443,44.51999999999958
496,1,0.0,extinct,True,False,,
497,1,0.0,extinct,True,False,,
498,1,0.0,extinct,True,False,,
499,1,0.0,extinct,True,False,,
500,1,0.0,extinct,True,False,,
501,1,0.0,extinct,True,False,,
502,1,0.0,extinct,True,False,,
503,1,0.0,integrated,False,True,55.89545584386157,44.87999999999957
504,1,0.0,extinct,True,False,,
505,1,0.0,integrated,False,True,55.76681777394975,44.639999999999574
506,1,0.0,integrated,False,True,55.900650921018716,44.87999999999957
507,1,0.0,extinct,True,False,,
508,1,0.0,integrated,False,True,56.47339242097662,45.479999999999556
509,1,0.0,extinct,True,False,,
510,1,0.0,extinct,True,False,,
511,1,0.0,integrated,False,True,55.61865706269194,44.51999999999958
512,1,0.0,extinct,True,False,,
513,1,0.0,extinct,True,False,,
514,1,0.0,extinct,True,False,,
515,1,0.0,extinct,True,False,,
516,1,0.0,extinct,True,False,,
517,1,0.0,extinct,True,False,,
518,1,0.0,extinct,True,False,,
519,1,0.0,integrated,False,True,58.242760980392944,46.55999999999953
520,1,0.0,integrated,False,True,57.27766854353282,46.07999999999954
521,1,0.0,extinct,True,False,,
522,1,0.0,extinct,True,False,,
523,1,0.0,extinct,True,False,,
524,1,0.0,extinct,True,False,,
525,1,0.0,integrated,False,True,57.19160651542515,46.07999999999954
526,1,0.0,extinct,True,False,,
527,1,0.0,extinct,True,False,,
528,1,0.0,extinct,True,False,,
529,1,0.0,extinct,True,False,,
530,1,0.0,extinct,True,False,,
531,1,0.0,extinct,True,False,,
532,1,0.0,integrated,False,True,57.85237691380377,46.31999999999954
533,1,0.0,integrated,False,True,77.6238837098263,66.71999999999912
534,1,0.0,extinct,True,False,,
535,1,0.0,extinct,True,False,,
536,1,0.0,extinct,True,False,,
537,1,0.0,extinct,True,False,,
538,1,0.0,extinct,True,False,,
539,1,0.0,extinct,True,False,,
540,1,0.0,extinct,True,False,,
541,1,0.0,extinct,True,False,,
542,1,0.0,integrated,False,True,57.11085962517622,45.71999999999955
543,1,0.0,extinct,True,False,,
544,1,0.0,integrated,False,True,55.81340249385927,44.51999999999958
545,1,0.0,extinct,True,False,,
546,1,0.0,extinct,True,False,,
547,1,0.0,extinct,True,False,,
548,1,0.0,extinct,True,False,,
549,1,0.0,extinct,True,False,,
550,1,0.0,integrated,False,True,55.656867591310686,44.51999999999958
551,1,0.0,extinct,True,False,,
552,1,0.0,integrated,False,True,76.73262528208018,66.59999999999911
553,1,0.0,extinct,True,False,,
554,1,0.0,extinct,True,False,,
555,1,0.0,extinct,True,False,,
556,1,0.0,integrated,False,True,56.24838215987795,44.87999999999957
557,1,0.0,integrated,False,True,55.592475367470655,44.39999999999958
558,1,0.0,extinct,True,False,,
559,1,0.0,extinct,True,False,,
560,1,0.0,extinct,True,False,,
561,1,0.0,extinct,True,False,,
562,1,0.0,extinct,True,False,,
563,1,0.0,integrated,False,True,56.26120037915953,44.87999999999957
564,1,0.0,extinct,True,False,,
565,1,0.0,integrated,False,True,55.64057124235045,44.51999999999958
566,1,0.0,extinct,True,False,,
567,1,0.0,extinct,True,False,,
568,1,0.0,integrated,False,True,56.05429087446758,45.119999999999564
569,1,0.0,integrated,False,True,55.64960423942253,44.51999999999958
570,1,0.0,integrated,False,True,56.85085162993221,45.83999999999955
571,1,0.0,extinct,True,False,,
572,1,0.0,extinct,True,False,,
573,1,0.0,integrated,False,True,56.40839755458141,45.35999999999956
574,1,0.0,extinct,True,False,,
575,1,0.0,extinct,True,False,,
576,1,0.0,extinct,True,False,,
577,1,0.0,extinct,True,False,,
578,1,0.0,integrated,False,True,56.830643643404244,45.119999999999564
579,1,0.0,extinct,True,False,,
580,1,0.0,extinct,True,False,,
581,1,0.0,extinct,True,False,,
582,1,0.0,extinct,True,False,,
583,1,0.0,extinct,True,False,,
584,1,0.0,integrated,False,True,55.753135453561725,44.639999999999574
585,1,0.0,extinct,True,False,,
586,1,0.0,integrated,False,True,57.764763741563584,46.439999999999536
587,1,0.0,extinct,True,False,,
588,1,0.0,extinct,True,False,,
589,1,0.0,integrated,False,True,56.764275536579525,45.35999999999956
590,1,0.0,integrated,False,True,56.52537685398377,45.479999999999556
591,1,0.0,integrated,False,True,56.82852818080764,45.83999999999955
592,1,0.0,extinct,True,False,,
593,1,0.0,extinct,True,False,,
594,1,0.0,extinct,True,False,,
595,1,0.0,integrated,False,True,56.451656921315234,44.99999999999957
596,1,0.0,extinct,True,False,,
597,1,0.0,extinct,True,False,,
598,1,0.0,extinct,True,False,,
599,1,0.0,integrated,False,True,56.48690016001332,45.479999999999556
600,1,0.0,extinct,True,False,,
601,1,0.0,integrated,False,True,57.036345122745715,45.35999999999956
602,1,0.0,extinct,True,False,,
603,1,0.0,extinct,True,False,,
604,1,0.0,extinct,True,False,,
605,1,0.0,extinct,True,False,,
606,1,0.0,extinct,True,False,,
607,1,0.0,extinct,True,False,,
608,1,0.0,extinct,True,False,,
609,1,0.0,extinct,True,False,,
610,1,0.0,extinct,True,False,,
611,1,0.0,extinct,True,False,,
612,1,0.0,extinct,True,False,,
613,1,0.0,extinct,True,False,,
614,1,0.0,extinct,True,False,,
615,1,0.0,extinct,True,False,,
616,1,0.0,extinct,True,False,,
617,1,0.0,extinct,True,False,,
618,1,0.0,integrated,False,True,56.619121571076484,45.35999999999956
619,1,0.0,extinct,True,False,,
620,1,0.0,extinct,True,False,,
621,1,0.0,extinct,True,False,,
622,1,0.0,extinct,True,False,,
623,1,0.0,extinct,True,False,,
624,1,0.0,integrated,False,True,56.7180533711722,44.87999999999957
625,1,0.0,extinct,True,False,,
626,1,0.0,extinct,True,False,,
627,1,0.0,integrated,False,True,57.592350959088435,46.55999999999953
628,1,0.0,extinct,True,False,,
629,1,0.0,extinct,True,False,,
630,1,0.0,extinct,True,False,,
631,1,0.0,extinct,True,False,,
632,1,0.0,extinct,True,False,,
633,1,0.0,integrated,False,True,57.852622939211166,46.07999999999954
634,1,0.0,extinct,True,False,,
635,1,0.0,integrated,False,True,76.876635358198,66.71999999999912
636,1,0.0,extinct,True,False,,
637,1,0.0,extinct,True,False,,
638,1,0.0,extinct,True,False,,
639,1,0.0,extinct,True,False,,
640,1,0.0,extinct,True,False,,
641,1,0.0,integrated,False,True,55.67406716702885,44.51999999999958
642,1,0.0,integrated,False,True,57.67216734031581,46.07999999999954
643,1,0.0,extinct,True,False,,
644,1,0.0,extinct,True,False,,
645,1,0.0,extinct,True,False,,
646,1,0.0,integrated,False,True,56.159198515545114,45.119999999999564
647,1,0.0,extinct,True,False,,
648,1,0.0,extinct,True,False,,
649,1,0.0,integrated,False,True,56.109640366641486,44.99999999999957
650,1,0.0,extinct,True,False,,
651,1,0.0,integrated,False,True,55.93822519203366,44.87999999999957
652,1,0.0,integrated,False,True,56.11530549349487,44.75999999999957
653,1,0.0,extinct,True,False,,
654,1,0.0,extinct,True,False,,
655,1,0.0,integrated,False,True,56.26956620801214,45.23999999999956
656,1,0.0,extinct,True,False,,
657,1,0.0,extinct,True,False,,
658,1,0.0,extinct,True,False,,
659,1,0.0,integrated,False,True,55.646037774774655,44.39999999999958
660,1,0.0,extinct,True,False,,
661,1,0.0,extinct,True,False,,
662,1,0.0,extinct,True,False,,
663,1,0.0,integrated,False,True,57.16464282599641,45.479999999999556
664,1,0.0,integrated,False,True,55.74852906746648,44.639999999999574
665,1,0.0,integrated,False,True,55.98778737465579,44.99999999999957
666,1,0.0,extinct,True,False,,
667,1,0.0,extinct,True,False,,
668,1,0.0,extinct,True,False,,
669,1,0.0,extinct,True,False,,
670,1,0.0,extinct,True,False,,
671,1,0.0,extinct,True,False,,
672,1,0.0,extinct,True,False,,
673,1,0.0,extinct,True,False,,
674,1,0.0,extinct,True,False,,
675,1,0.0,extinct,True,False,,
676,1,0.0,extinct,True,False,,
677,1,0.0,extinct,True,False,,
678,1,0.0,integrated,False,True,55.80821891489869,44.51999999999958
679,1,0.0,extinct,True,False,,
680,1,0.0,integrated,False,True,56.23391011346037,45.119999999999564
681,1,0.0,extinct,True,False,,
682,1,0.0,integrated,False,True,56.270106239244896,45.119999999999564
683,1,0.0,extinct,True,False,,
684,1,0.0,extinct,True,False,,
685,1,0.0,extinct,True,False,,
686,1,0.0,extinct,True,False,,
687,1,0.0,extinct,True,False,,
688,1,0.0,integrated,False,True,56.581006504238985,45.35999999999956
689,1,0.0,extinct,True,False,,
690,1,0.0,extinct,True,False,,
691,1,0.0,extinct,True,False,,
692,1,0.0,extinct,True,False,,
693,1,0.0,extinct,True,False,,
694,1,0.0,extinct,True,False,,
695,1,0.0,extinct,True,False,,
696,1,0.0,extinct,True,False,,
697,1,0.0,extinct,True,False,,
698,1,0.0,extinct,True,False,,
699,1,0.0,extinct,True,False,,
700,1,0.0,extinct,True,False,,
701,1,0.0,extinct,True,False,,
702,1,0.0,extinct,True,False,,
703,1,0.0,extinct,True,False,,
704,1,0.0,extinct,True,False,,
705,1,0.0,extinct,True,False,,
706,1,0.0,integrated,False,True,56.63176842042324,45.479999999999556
707,1,0.0,integrated,False,True,56.96161553892638,45.83999999999955
708,1,0.0,integrated,False,True,57.44850101063067,46.19999999999954
709,1,0.0,extinct,True,False,,
710,1,0.0,extinct,True,False,,
711,1,0.0,extinct,True,False,,
712,1,0.0,integrated,False,True,56.78198430089648,45.71999999999955
713,1,0.0,integrated,False,True,57.042087085213375,45.83999999999955
714,1,0.0,integrated,False,True,56.7055189001695,45.35999999999956
715,1,0.0,extinct,True,False,,
716,1,0.0,extinct,True,False,,
717,1,0.0,integrated,False,True,56.910545968928815,45.119999999999564
718,1,0.0,integrated,False,True,55.40739150986897,44.27999999999958
719,1,0.0,extinct,True,False,,
720,1,0.0,extinct,True,False,,
721,1,0.0,extinct,True,False,,
722,1,0.0,extinct,True,False,,
723,1,0.0,extinct,True,False,,
724,1,0.0,extinct,True,False,,
725,1,0.0,extinct,True,False,,
726,1,0.0,integrated,False,True,78.53633220240987,68.51999999999907
727,1,0.0,extinct,True,False,,
728,1,0.0,integrated,False,True,56.18338282194729,45.119999999999564
729,1,0.0,integrated,False,True,56.085805148477704,44.99999999999957
730,1,0.0,extinct,True,False,,
731,1,0.0,extinct,True,False,,
732,1,0.0,extinct,True,False,,
733,1,0.0,integrated,False,True,55.70041853263665,44.639999999999574
734,1,0.0,extinct,True,False,,
735,1,0.0,extinct,True,False,,
736,1,0.0,extinct,True,False,,
737,1,0.0,extinct,True,False,,
738,1,0.0,extinct,True,False,,
739,1,0.0,extinct,True,False,,
740,1,0.0,integrated,False,True,56.417483127701246,45.119999999999564
741,1,0.0,extinct,True,False,,
742,1,0.0,extinct,True,False,,
743,1,0.0,integrated,False,True,56.02918596456716,44.75999999999957
744,1,0.0,extinct,True,False,,
745,1,0.0,extinct,True,False,,
746,1,0.0,extinct,True,False,,
747,1,0.0,extinct,True,False,,
748,1,0.0,extinct,True,False,,
749,1,0.0,extinct,True,False,,
750,1,0.0,integrated,False,True,55.77629651925363,44.75999999999957
751,1,0.0,extinct,True,False,,
752,1,0.0,extinct,True,False,,
753,1,0.0,extinct,True,False,,
754,1,0.0,extinct,True,False,,
755,1,0.0,extinct,True,False,,
756,1,0.0,extinct,True,False,,
757,1,0.0,integrated,False,True,56.04588754060723,44.99999999999957
758,1,0.0,extinct,True,False,,
759,1,0.0,integrated,False,True,56.64070346197701,44.99999999999957
760,1,0.0,extinct,True,False,,
761,1,0.0,integrated,False,True,55.36639793715071,44.159999999999584
762,1,0.0,extinct,True,False,,
763,1,0.0,integrated,False,True,56.97327681148424,45.479999999999556
764,1,0.0,integrated,False,True,56.32616535504606,45.119999999999564
765,1,0.0,integrated,False,True,57.46830583830431,46.07999999999954
766,1,0.0,extinct,True,False,,
767,1,0.0,extinct,True,False,,
768,1,0.0,extinct,True,False,,
769,1,0.0,extinct,True,False,,
770,1,0.0,extinct,True,False,,
771,1,0.0,integrated,False,True,55.9072269344862,44.75999999999957
772,1,0.0,extinct,True,False,,
773,1,0.0,extinct,True,False,,
774,1,0.0,integrated,False,True,77.80139773115118,67.55999999999909
775,1,0.0,integrated,False,True,55.89144847455263,44.75999999999957
776,1,0.0,extinct,True,False,,
777,1,0.0,extinct,True,False,,
778,1,0.0,extinct,True,False,,
779,1,0.0,extinct,True,False,,
780,1,0.0,extinct,True,False,,
781,1,0.0,extinct,True,False,,
782,1,0.0,integrated,False,True,56.405124942117546,45.479999999999556
783,1,0.0,extinct,True,False,,
784,1,0.0,extinct,True,False,,
785,1,0.0,extinct,True,False,,
786,1,0.0,extinct,True,False,,
787,1,0.0,extinct,True,False,,
788,1,0.0,integrated,False,True,56.60564285818057,45.599999999999554
789,1,0.0,extinct,True,False,,
790,1,0.0,extinct,True,False,,
791,1,0.0,extinct,True,False,,
792,1,0.0,extinct,True,False,,
793,1,0.0,extinct,True,False,,
794,1,0.0,integrated,False,True,56.11363057709988,45.119999999999564
795,1,0.0,integrated,False,True,55.84479225138031,44.75999999999957
796,1,0.0,extinct,True,False,,
797,1,0.0,extinct,True,False,,
798,1,0.0,integrated,False,True,57.042482040406426,45.959999999999546
799,1,0.0,extinct,True,False,,
800,1,0.0,extinct,True,False,,
801,1,0.0,extinct,True,False,,
802,1,0.0,extinct,True,False,,
803,1,0.0,extinct,True,False,,
804,1,0.0,integrated,False,True,56.798452291342606,45.71999999999955
805,1,0.0,extinct,True,False,,
806,1,0.0,extinct,True,False,,
807,1,0.0,integrated,False,True,56.0989071473597,44.99999999999957
808,1,0.0,integrated,False,True,56.36203386258917,45.35999999999956
809,1,0.0,integrated,False,True,56.92993359964541,45.83999999999955
810,1,0.0,integrated,False,True,56.904267251059075,45.71999999999955
811,1,0.0,extinct,True,False,,
812,1,0.0,extinct,True,False,,
813,1,0.0,extinct,True,False,,
814,1,0.0,extinct,True,False,,
815,1,0.0,integrated,False,True,57.51941834752445,45.959999999999546
816,1,0.0,integrated,False,True,56.04651943381353,44.87999999999957
817,1,0.0,integrated,False,True,56.92844471874464,45.83999999999955
818,1,0.0,extinct,True,False,,
819,1,0.0,extinct,True,False,,
820,1,0.0,extinct,True,False,,
821,1,0.0,integrated,False,True,56.6684975460646,44.99999999999957
822,1,0.0,extinct,True,False,,
823,1,0.0,extinct,True,False,,
824,1,0.0,extinct,True,False,,
825,1,0.0,extinct,True,False,,
826,1,0.0,integrated,False,True,55.79294579808373,44.639999999999574
827,1,0.0,extinct,True,False,,
828,1,0.0,integrated,False,True,55.77216086669317,44.51999999999958
829,1,0.0,extinct,True,False,,
830,1,0.0,extinct,True,False,,
831,1,0.0,extinct,True,False,,
832,1,0.0,extinct,True,False,,
833,1,0.0,extinct,True,False,,
834,1,0.0,integrated,False,True,56.041355561900204,44.99999999999957
835,1,0.0,extinct,True,False,,
836,1,0.0,extinct,True,False,,
837,1,0.0,extinct,True,False,,
838,1,0.0,integrated,False,True,56.70048112074508,45.23999999999956
839,1,0.0,extinct,True,False,,
840,1,0.0,extinct,True,False,,
841,1,0.0,extinct,True,False,,
842,1,0.0,extinct,True,False,,
843,1,0.0,extinct,True,False,,
844,1,0.0,extinct,True,False,,
845,1,0.0,extinct,True,False,,
846,1,0.0,extinct,True,False,,
847,1,0.0,extinct,True,False,,
848,1,0.0,extinct,True,False,,
849,1,0.0,integrated,False,True,56.00683421251806,44.87999999999957
850,1,0.0,integrated,False,True,56.179629292894845,45.119999999999564
851,1,0.0,extinct,True,False,,
852,1,0.0,integrated,False,True,55.799668851272486,44.75999999999957
853,1,0.0,extinct,True,False,,
854,1,0.0,extinct,True,False,,
855,1,0.0,integrated,False,True,56.42302543559242,44.99999999999957
856,1,0.0,extinct,True,False,,
857,1,0.0,integrated,False,True,56.22536557497262,45.119999999999564
858,1,0.0,extinct,True,False,,
859,1,0.0,extinct,True,False,,
860,1,0.0,extinct,True,False,,
861,1,0.0,extinct,True,False,,
862,1,0.0,integrated,False,True,56.81890000067399,45.23999999999956
863,1,0.0,integrated,False,True,56.30994481139527,44.639999999999574
864,1,0.0,extinct,True,False,,
865,1,0.0,extinct,True,False,,
866,1,0.0,integrated,False,True,56.39436845633854,44.87999999999957
867,1,0.0,extinct,True,False,,
868,1,0.0,extinct,True,False,,
869,1,0.0,extinct,True,False,,
870,1,0.0,integrated,False,True,57.11677304757565,45.479999999999556
871,1,0.0,extinct,True,False,,
872,1,0.0,extinct,True,False,,
873,1,0.0,extinct,True,False,,
874,1,0.0,extinct,True,False,,
875,1,0.0,integrated,False,True,55.75889476548144,44.639999999999574
876,1,0.0,extinct,True,False,,
877,1,0.0,integrated,False,True,57.52498809335973,46.439999999999536
878,1,0.0,extinct,True,False,,
879,1,0.0,integrated,False,True,56.73339330996056,45.35999999999956
880,1,0.0,integrated,False,True,56.69004623825947,45.599999999999554
881,1,0.0,integrated,False,True,56.728057625483686,45.599999999999554
882,1,0.0,extinct,True,False,,
883,1,0.0,extinct,True,False,,
884,1,0.0,integrated,False,True,55.91006474622983,44.87999999999957
885,1,0.0,integrated,False,True,56.271860998949734,45.119999999999564
886,1,0.0,extinct,True,False,,
887,1,0.0,extinct,True,False,,
888,1,0.0,extinct,True,False,,
889,1,0.0,extinct,True,False,,
890,1,0.0,extinct,True,False,,
891,1,0.0,extinct,True,False,,
892,1,0.0,extinct,True,False,,
893,1,0.0,extinct,True,False,,
894,1,0.0,extinct,True,False,,
895,1,0.0,integrated,False,True,56.6529127858407,45.119999999999564
896,1,0.0,extinct,True,False,,
897,1,0.0,extinct,True,False,,
898,1,0.0,extinct,True,False,,
899,1,0.0,extinct,True,False,,
900,1,0.0,extinct,True,False,,
901,1,0.0,integrated,False,True,56.07818579185103,44.99999999999957
902,1,0.0,extinct,True,False,,
903,1,0.0,integrated,False,True,55.82144690193142,44.639999999999574
904,1,0.0,extinct,True,False,,
905,1,0.0,extinct,True,False,,
906,1,0.0,integrated,False,True,56.56558760149262,45.479999999999556
907,1,0.0,extinct,True,False,,
908,1,0.0,extinct,True,False,,
909,1,0.0,integrated,False,True,55.65948182906336,44.51999999999958
910,1,0.0,integrated,False,True,56.01719960860762,44.639999999999574
911,1,0.0,extinct,True,False,,
912,1,0.0,extinct,True,False,,
913,1,0.0,extinct,True,False,,
914,1,0.0,extinct,True,False,,
915,1,0.0,extinct,True,False,,
916,1,0.0,extinct,True,False,,
917,1,0.0,extinct,True,False,,
918,1,0.0,extinct,True,False,,
919,1,0.0,integrated,False,True,56.52202472280712,45.35999999999956
920,1,0.0,integrated,False,True,56.14844520523639,44.99999999999957
921,1,0.0,integrated,False,True,57.39237029320213,46.31999999999954
922,1,0.0,extinct,True,False,,
923,1,0.0,integrated,False,True,56.33666487842881,45.23999999999956
924,1,0.0,extinct,True,False,,
925,1,0.0,extinct,True,False,,
926,1,0.0,integrated,False,True,56.10388770971019,44.99999999999957
927,1,0.0,integrated,False,True,57.06915388670093,45.599999999999554
928,1,0.0,extinct,True,False,,
929,1,0.0,extinct,True,False,,
930,1,0.0,extinct,True,False,,
931,1,0.0,integrated,False,True,55.589461674940154,44.51999999999958
932,1,0.0,extinct,True,False,,
933,1,0.0,integrated,False,True,55.68987423790708,44.51999999999958
934,1,0.0,extinct,True,False,,
935,1,0.0,integrated,False,True,55.91544765865396,44.87999999999957
936,1,0.0,extinct,True,False,,
937,1,0.0,extinct,True,False,,
938,1,0.0,extinct,True,False,,
939,1,0.0,extinct,True,False,,
940,1,0.0,integrated,False,True,59.339390888297515,48.3599999999995
941,1,0.0,integrated,False,True,56.637235488291225,45.599999999999554
942,1,0.0,extinct,True,False,,
943,1,0.0,integrated,False,True,57.11070560734301,45.599999999999554
944,1,0.0,integrated,False,True,56.51828133247404,45.479999999999556
945,1,0.0,extinct,True,False,,
946,1,0.0,extinct,True,False,,
947,1,0.0,extinct,True,False,,
948,1,0.0,extinct,True,False,,
949,1,0.0,extinct,True,False,,
950,1,0.0,integrated,False,True,56.14172488976573,44.639999999999574
951,1,0.0,extinct,True,False,,
952,1,0.0,extinct,True,False,,
953,1,0.0,extinct,True,False,,
954,1,0.0,extinct,True,False,,
955,1,0.0,extinct,True,False,,
956,1,0.0,integrated,False,True,56.53601518415495,44.99999999999957
957,1,0.0,extinct,True,False,,
958,1,0.0,extinct,True,False,,
959,1,0.0,integrated,False,True,57.43631954797618,45.959999999999546
960,1,0.0,integrated,False,True,57.651600021170026,46.55999999999953
961,1,0.0,extinct,True,False,,
962,1,0.0,integrated,False,True,56.11477679375608,44.87999999999957
963,1,0.0,extinct,True,False,,
964,1,0.0,extinct,True,False,,
965,1,0.0,extinct,True,False,,
966,1,0.0,integrated,False,True,56.698133220644266,45.479999999999556
967,1,0.0,extinct,True,False,,
968,1,0.0,integrated,False,True,57.318837711447145,45.71999999999955
969,1,0.0,extinct,True,False,,
970,1,0.0,extinct,True,False,,
971,1,0.0,integrated,False,True,55.54943835404259,44.39999999999958
972,1,0.0,integrated,False,True,55.57729010768629,44.39999999999958
973,1,0.0,extinct,True,False,,
974,1,0.0,extinct,True,False,,
975,1,0.0,integrated,False,True,56.076665817810785,44.99999999999957
976,1,0.0,integrated,False,True,56.26673131734408,44.99999999999957
977,1,0.0,integrated,False,True,55.58453088239237,44.639999999999574
978,1,0.0,extinct,True,False,,
979,1,0.0,integrated,False,True,56.480519333271026,45.23999999999956
980,1,0.0,integrated,False,True,56.242432284008174,45.23999999999956
981,1,0.0,extinct,True,False,,
982,1,0.0,extinct,True,False,,
983,1,0.0,integrated,False,True,56.16665154277204,44.51999999999958
984,1,0.0,extinct,True,False,,
985,1,0.0,extinct,True,False,,
986,1,0.0,extinct,True,False,,
987,1,0.0,extinct,True,False,,
988,1,0.0,extinct,True,False,,
989,1,0.0,integrated,False,True,56.46738679058781,45.119999999999564
990,1,0.0,extinct,True,False,,
991,1,0.0,extinct,True,False,,
992,1,0.0,extinct,True,False,,
993,1,0.0,extinct,True,False,,
994,1,0.0,extinct,True,False,,
995,1,0.0,integrated,False,True,56.75020527006679,45.23999999999956
996,1,0.0,extinct,True,False,,
997,1,0.0,extinct,True,False,,
998,1,0.0,extinct,True,False,,
999,1,0.0,extinct,True,False,,
0,3,0.47712125471966244,integrated,False,True,56.41033209093497,45.599999999999554
1,3,0.47712125471966244,extinct,True,False,,
2,3,0.47712125471966244,integrated,False,True,57.403503689304166,45.959999999999546
3,3,0.47712125471966244,integrated,False,True,55.067576903008344,44.39999999999958
4,3,0.47712125471966244,integrated,False,True,55.55473748597469,44.51999999999958
5,3,0.47712125471966244,integrated,False,True,55.06782798710927,44.27999999999958
6,3,0.47712125471966244,integrated,False,True,56.401576434550186,45.23999999999956
7,3,0.47712125471966244,integrated,False,True,56.06577654041088,44.39999999999958
8,3,0.47712125471966244,integrated,False,True,56.376537827631694,45.35999999999956
9,3,0.47712125471966244,integrated,False,True,55.989974652735086,44.87999999999957
10,3,0.47712125471966244,extinct,True,False,,
11,3,0.47712125471966244,integrated,False,True,56.66771642743964,44.99999999999957
12,3,0.47712125471966244,extinct,True,False,,
13,3,0.47712125471966244,integrated,False,True,55.0723049561669,44.39999999999958
14,3,0.47712125471966244,integrated,False,True,55.96227965181869,45.35999999999956
15,3,0.47712125471966244,integrated,False,True,56.52964134280133,45.119999999999564
16,3,0.47712125471966244,integrated,False,True,57.30207778958003,46.31999999999954
17,3,0.47712125471966244,integrated,False,True,56.93984732824387,45.479999999999556
18,3,0.47712125471966244,extinct,True,False,,
19,3,0.47712125471966244,extinct,True,False,,
20,3,0.47712125471966244,extinct,True,False,,
21,3,0.47712125471966244,integrated,False,True,55.708095426507825,44.51999999999958
22,3,0.47712125471966244,integrated,False,True,56.6208523122378,45.35999999999956
23,3,0.47712125471966244,extinct,True,False,,
24,3,0.47712125471966244,integrated,False,True,56.49723428686312,45.35999999999956
25,3,0.47712125471966244,integrated,False,True,56.618588205374586,44.99999999999957
26,3,0.47712125471966244,extinct,True,False,,
27,3,0.47712125471966244,extinct,True,False,,
28,3,0.47712125471966244,integrated,False,True,55.454619903564584,44.639999999999574
29,3,0.47712125471966244,integrated,False,True,56.13728103982874,44.99999999999957
30,3,0.47712125471966244,extinct,True,False,,
31,3,0.47712125471966244,integrated,False,True,56.34877470571884,45.35999999999956
32,3,0.47712125471966244,extinct,True,False,,
33,3,0.47712125471966244,integrated,False,True,56.809986275939124,45.599999999999554
34,3,0.47712125471966244,integrated,False,True,55.49971414912396,44.75999999999957
35,3,0.47712125471966244,extinct,True,False,,
36,3,0.47712125471966244,integrated,False,True,56.298052244102806,45.119999999999564
37,3,0.47712125471966244,extinct,True,False,,
38,3,0.47712125471966244,extinct,True,False,,
39,3,0.47712125471966244,integrated,False,True,56.09603688018761,44.99999999999957
40,3,0.47712125471966244,integrated,False,True,56.100713953432205,44.51999999999958
41,3,0.47712125471966244,extinct,True,False,,
42,3,0.47712125471966244,extinct,True,False,,
43,3,0.47712125471966244,extinct,True,False,,
44,3,0.47712125471966244,integrated,False,True,56.590837059459034,45.599999999999554
45,3,0.47712125471966244,extinct,True,False,,
46,3,0.47712125471966244,integrated,False,True,56.70663777206997,44.99999999999957
47,3,0.47712125471966244,extinct,True,False,,
48,3,0.47712125471966244,extinct,True,False,,
49,3,0.47712125471966244,extinct,True,False,,
50,3,0.47712125471966244,integrated,False,True,55.121564352439336,44.39999999999958
51,3,0.47712125471966244,integrated,False,True,56.61455909851784,45.71999999999955
52,3,0.47712125471966244,integrated,False,True,56.43122942685156,45.35999999999956
53,3,0.47712125471966244,extinct,True,False,,
54,3,0.47712125471966244,integrated,False,True,57.38465715106289,46.31999999999954
55,3,0.47712125471966244,extinct,True,False,,
56,3,0.47712125471966244,integrated,False,True,56.106390476317515,44.75999999999957
57,3,0.47712125471966244,integrated,False,True,55.95056192669253,45.23999999999956
58,3,0.47712125471966244,integrated,False,True,57.75115998560246,46.439999999999536
59,3,0.47712125471966244,extinct,True,False,,
60,3,0.47712125471966244,integrated,False,True,57.07103051479709,45.959999999999546
61,3,0.47712125471966244,extinct,True,False,,
62,3,0.47712125471966244,integrated,False,True,56.21224542138255,44.75999999999957
63,3,0.47712125471966244,integrated,False,True,55.58785040930438,44.51999999999958
64,3,0.47712125471966244,integrated,False,True,55.36276140714035,44.51999999999958
65,3,0.47712125471966244,extinct,True,False,,
66,3,0.47712125471966244,extinct,True,False,,
67,3,0.47712125471966244,integrated,False,True,56.4664323583982,45.35999999999956
68,3,0.47712125471966244,extinct,True,False,,
69,3,0.47712125471966244,extinct,True,False,,
70,3,0.47712125471966244,integrated,False,True,55.877646291049246,44.75999999999957
71,3,0.47712125471966244,integrated,False,True,55.57191144534414,44.39999999999958
72,3,0.47712125471966244,extinct,True,False,,
73,3,0.47712125471966244,integrated,False,True,56.82547850684891,45.599999999999554
74,3,0.47712125471966244,extinct,True,False,,
75,3,0.47712125471966244,extinct,True,False,,
76,3,0.47712125471966244,integrated,False,True,56.012816235962504,44.75999999999957
77,3,0.47712125471966244,integrated,False,True,78.31891079753154,68.51999999999907
78,3,0.47712125471966244,integrated,False,True,55.479638756920345,44.639999999999574
79,3,0.47712125471966244,extinct,True,False,,
80,3,0.47712125471966244,integrated,False,True,56.166635820301885,45.119999999999564
81,3,0.47712125471966244,integrated,False,True,56.4016128235472,45.35999999999956
82,3,0.47712125471966244,integrated,False,True,55.73687304266258,44.51999999999958
83,3,0.47712125471966244,extinct,True,False,,
84,3,0.47712125471966244,integrated,False,True,56.60579544591709,44.87999999999957
85,3,0.47712125471966244,integrated,False,True,56.16336802449989,45.119999999999564
86,3,0.47712125471966244,integrated,False,True,55.20104937601588,44.51999999999958
87,3,0.47712125471966244,extinct,True,False,,
88,3,0.47712125471966244,integrated,False,True,56.04741333522714,44.75999999999957
89,3,0.47712125471966244,extinct,True,False,,
90,3,0.47712125471966244,integrated,False,True,55.759799619918084,44.87999999999957
91,3,0.47712125471966244,integrated,False,True,56.29666672121061,44.99999999999957
92,3,0.47712125471966244,integrated,False,True,56.15974072647286,45.479999999999556
93,3,0.47712125471966244,integrated,False,True,55.916647334336616,45.23999999999956
94,3,0.47712125471966244,integrated,False,True,56.367338405755916,44.75999999999957
95,3,0.47712125471966244,extinct,True,False,,
96,3,0.47712125471966244,extinct,True,False,,
97,3,0.47712125471966244,integrated,False,True,55.30630857834041,44.51999999999958
98,3,0.47712125471966244,integrated,False,True,56.01591668724223,44.87999999999957
99,3,0.47712125471966244,extinct,True,False,,
100,3,0.47712125471966244,integrated,False,True,55.38085513190897,44.51999999999958
101,3,0.47712125471966244,integrated,False,True,55.78697455786764,44.639999999999574
102,3,0.47712125471966244,integrated,False,True,56.89306866559134,45.83999999999955
103,3,0.47712125471966244,integrated,False,True,57.27123817581828,46.31999999999954
104,3,0.47712125471966244,integrated,False,True,55.950616691975156,44.159999999999584
105,3,0.47712125471966244,integrated,False,True,55.41129000881544,44.39999999999958
106,3,0.47712125471966244,integrated,False,True,55.33115159497967,44.639999999999574
107,3,0.47712125471966244,extinct,True,False,,
108,3,0.47712125471966244,integrated,False,True,55.181436163597695,44.51999999999958
109,3,0.47712125471966244,integrated,False,True,55.17273214615521,44.51999999999958
110,3,0.47712125471966244,extinct,True,False,,
111,3,0.47712125471966244,integrated,False,True,55.55230814084696,44.639999999999574
112,3,0.47712125471966244,extinct,True,False,,
113,3,0.47712125471966244,extinct,True,False,,
114,3,0.47712125471966244,extinct,True,False,,
115,3,0.47712125471966244,integrated,False,True,56.74810322801517,45.35999999999956
116,3,0.47712125471966244,integrated,False,True,56.041871300975636,44.99999999999957
117,3,0.47712125471966244,extinct,True,False,,
118,3,0.47712125471966244,integrated,False,True,56.5842260849861,44.99999999999957
119,3,0.47712125471966244,extinct,True,False,,
120,3,0.47712125471966244,integrated,False,True,55.89738985358083,44.87999999999957
121,3,0.47712125471966244,extinct,True,False,,
122,3,0.47712125471966244,integrated,False,True,56.69036296649951,45.23999999999956
123,3,0.47712125471966244,extinct,True,False,,
124,3,0.47712125471966244,integrated,False,True,56.37900176773927,45.35999999999956
125,3,0.47712125471966244,integrated,False,True,55.103003707581124,44.39999999999958
126,3,0.47712125471966244,integrated,False,True,55.27299373435419,44.159999999999584
127,3,0.47712125471966244,integrated,False,True,54.85485196660916,44.39999999999958
128,3,0.47712125471966244,extinct,True,False,,
129,3,0.47712125471966244,integrated,False,True,55.40289728904004,44.27999999999958
130,3,0.47712125471966244,extinct,True,False,,
131,3,0.47712125471966244,integrated,False,True,56.471918282358445,45.35999999999956
132,3,0.47712125471966244,integrated,False,True,55.8955178155417,44.639999999999574
133,3,0.47712125471966244,extinct,True,False,,
134,3,0.47712125471966244,integrated,False,True,55.93257695201375,44.75999999999957
135,3,0.47712125471966244,integrated,False,True,56.05835616631737,44.639999999999574
136,3,0.47712125471966244,extinct,True,False,,
137,3,0.47712125471966244,integrated,False,True,56.48452791545278,45.479999999999556
138,3,0.47712125471966244,integrated,False,True,56.19701917859285,45.119999999999564
139,3,0.47712125471966244,extinct,True,False,,
140,3,0.47712125471966244,integrated,False,True,55.5026929001702,44.39999999999958
141,3,0.47712125471966244,integrated,False,True,55.70279774627795,44.639999999999574
142,3,0.47712125471966244,extinct,True,False,,
143,3,0.47712125471966244,integrated,False,True,55.11573373060194,44.159999999999584
144,3,0.47712125471966244,integrated,False,True,55.856791615020285,44.75999999999957
145,3,0.47712125471966244,integrated,False,True,56.04037211372389,44.99999999999957
146,3,0.47712125471966244,extinct,True,False,,
147,3,0.47712125471966244,extinct,True,False,,
148,3,0.47712125471966244,extinct,True,False,,
149,3,0.47712125471966244,integrated,False,True,57.16049202804008,45.599999999999554
150,3,0.47712125471966244,extinct,True,False,,
151,3,0.47712125471966244,extinct,True,False,,
152,3,0.47712125471966244,extinct,True,False,,
153,3,0.47712125471966244,integrated,False,True,56.59901087488437,44.99999999999957
154,3,0.47712125471966244,extinct,True,False,,
155,3,0.47712125471966244,integrated,False,True,56.67920211305481,45.35999999999956
156,3,0.47712125471966244,integrated,False,True,56.082362614957866,44.99999999999957
157,3,0.47712125471966244,integrated,False,True,56.99353004723234,45.23999999999956
158,3,0.47712125471966244,extinct,True,False,,
159,3,0.47712125471966244,integrated,False,True,57.7371598890293,46.07999999999954
160,3,0.47712125471966244,extinct,True,False,,
161,3,0.47712125471966244,integrated,False,True,55.31381529669629,44.27999999999958
162,3,0.47712125471966244,integrated,False,True,55.95642793491204,44.87999999999957
163,3,0.47712125471966244,extinct,True,False,,
164,3,0.47712125471966244,integrated,False,True,56.74435074334001,45.23999999999956
165,3,0.47712125471966244,integrated,False,True,55.439135970650504,44.39999999999958
166,3,0.47712125471966244,integrated,False,True,55.36844762702023,44.75999999999957
167,3,0.47712125471966244,integrated,False,True,56.64396834616757,45.599999999999554
168,3,0.47712125471966244,integrated,False,True,55.67641649684472,44.51999999999958
169,3,0.47712125471966244,integrated,False,True,55.51679083432228,44.51999999999958
170,3,0.47712125471966244,integrated,False,True,56.381699376807624,44.639999999999574
171,3,0.47712125471966244,integrated,False,True,56.540100646205794,44.99999999999957
172,3,0.47712125471966244,integrated,False,True,55.19402662017342,44.27999999999958
173,3,0.47712125471966244,extinct,True,False,,
174,3,0.47712125471966244,integrated,False,True,56.22268780214199,45.119999999999564
175,3,0.47712125471966244,extinct,True,False,,
176,3,0.47712125471966244,integrated,False,True,55.96017950578138,44.99999999999957
177,3,0.47712125471966244,extinct,True,False,,
178,3,0.47712125471966244,integrated,False,True,56.05781150600046,44.39999999999958
179,3,0.47712125471966244,integrated,False,True,56.23737632901778,44.87999999999957
180,3,0.47712125471966244,integrated,False,True,55.91937594269644,44.75999999999957
181,3,0.47712125471966244,integrated,False,True,55.44128321811158,44.27999999999958
182,3,0.47712125471966244,integrated,False,True,76.39580664394472,65.87999999999913
183,3,0.47712125471966244,extinct,True,False,,
184,3,0.47712125471966244,integrated,False,True,55.51006359880725,44.87999999999957
185,3,0.47712125471966244,extinct,True,False,,
186,3,0.47712125471966244,extinct,True,False,,
187,3,0.47712125471966244,integrated,False,True,55.034419424544694,44.27999999999958
188,3,0.47712125471966244,integrated,False,True,56.26091419662244,45.119999999999564
189,3,0.47712125471966244,integrated,False,True,56.32370536434148,44.99999999999957
190,3,0.47712125471966244,extinct,True,False,,
191,3,0.47712125471966244,extinct,True,False,,
192,3,0.47712125471966244,integrated,False,True,56.23207571464697,45.119999999999564
193,3,0.47712125471966244,integrated,False,True,55.891453299023105,44.75999999999957
194,3,0.47712125471966244,integrated,False,True,55.68252222507333,44.75999999999957
195,3,0.47712125471966244,extinct,True,False,,
196,3,0.47712125471966244,extinct,True,False,,
197,3,0.47712125471966244,extinct,True,False,,
198,3,0.47712125471966244,integrated,False,True,56.74951618510367,45.71999999999955
199,3,0.47712125471966244,integrated,False,True,55.32199343058128,44.39999999999958
200,3,0.47712125471966244,integrated,False,True,55.62359000442436,44.51999999999958
201,3,0.47712125471966244,integrated,False,True,56.69158651739281,44.99999999999957
202,3,0.47712125471966244,integrated,False,True,56.20198181306439,45.119999999999564
203,3,0.47712125471966244,extinct,True,False,,
204,3,0.47712125471966244,extinct,True,False,,
205,3,0.47712125471966244,integrated,False,True,55.97602650373999,44.87999999999957
206,3,0.47712125471966244,integrated,False,True,55.82341945746664,44.75999999999957
207,3,0.47712125471966244,integrated,False,True,55.200876439773694,44.51999999999958
208,3,0.47712125471966244,integrated,False,True,55.524943457723005,44.39999999999958
209,3,0.47712125471966244,integrated,False,True,57.58487466989825,45.71999999999955
210,3,0.47712125471966244,integrated,False,True,55.313800923976416,44.639999999999574
211,3,0.47712125471966244,extinct,True,False,,
212,3,0.47712125471966244,extinct,True,False,,
213,3,0.47712125471966244,extinct,True,False,,
214,3,0.47712125471966244,extinct,True,False,,
215,3,0.47712125471966244,extinct,True,False,,
216,3,0.47712125471966244,integrated,False,True,56.65560913040569,45.119999999999564
217,3,0.47712125471966244,integrated,False,True,56.75466249919117,45.71999999999955
218,3,0.47712125471966244,integrated,False,True,55.35312205745811,44.51999999999958
219,3,0.47712125471966244,integrated,False,True,55.7595202791848,44.51999999999958
220,3,0.47712125471966244,integrated,False,True,56.72962548817206,44.99999999999957
221,3,0.47712125471966244,integrated,False,True,55.914387439304484,44.39999999999958
222,3,0.47712125471966244,integrated,False,True,56.4551539709228,44.639999999999574
223,3,0.47712125471966244,extinct,True,False,,
224,3,0.47712125471966244,extinct,True,False,,
225,3,0.47712125471966244,integrated,False,True,55.88492482137889,44.51999999999958
226,3,0.47712125471966244,integrated,False,True,55.389762053807985,44.39999999999958
227,3,0.47712125471966244,integrated,False,True,55.34931330918352,44.39999999999958
228,3,0.47712125471966244,integrated,False,True,56.654112535052306,45.23999999999956
229,3,0.47712125471966244,integrated,False,True,75.6137027809689,66.11999999999912
230,3,0.47712125471966244,integrated,False,True,55.969586441576695,44.99999999999957
231,3,0.47712125471966244,integrated,False,True,56.037216848349544,44.99999999999957
232,3,0.47712125471966244,integrated,False,True,55.61020224195337,44.51999999999958
233,3,0.47712125471966244,integrated,False,True,56.36422784070599,45.23999999999956
234,3,0.47712125471966244,integrated,False,True,55.92524381108671,44.99999999999957
235,3,0.47712125471966244,integrated,False,True,56.19684851558884,44.75999999999957
236,3,0.47712125471966244,extinct,True,False,,
237,3,0.47712125471966244,extinct,True,False,,
238,3,0.47712125471966244,extinct,True,False,,
239,3,0.47712125471966244,integrated,False,True,56.27645434141291,45.23999999999956
240,3,0.47712125471966244,integrated,False,True,56.67605249901323,44.87999999999957
241,3,0.47712125471966244,integrated,False,True,55.39547414754439,44.27999999999958
242,3,0.47712125471966244,integrated,False,True,56.653016414633015,45.119999999999564
243,3,0.47712125471966244,integrated,False,True,56.649998801590286,45.35999999999956
244,3,0.47712125471966244,integrated,False,True,56.64634261193858,44.75999999999957
245,3,0.47712125471966244,integrated,False,True,55.906832863304885,44.87999999999957
246,3,0.47712125471966244,integrated,False,True,55.97751998344444,44.87999999999957
247,3,0.47712125471966244,extinct,True,False,,
248,3,0.47712125471966244,integrated,False,True,56.66511665663563,45.71999999999955
249,3,0.47712125471966244,integrated,False,True,56.97838623806689,45.479999999999556
250,3,0.47712125471966244,integrated,False,True,55.49196488766222,44.639999999999574
251,3,0.47712125471966244,integrated,False,True,56.49706818454513,45.119999999999564
252,3,0.47712125471966244,integrated,False,True,56.96179199418096,45.83999999999955
253,3,0.47712125471966244,extinct,True,False,,
254,3,0.47712125471966244,integrated,False,True,55.71709265827254,44.639999999999574
255,3,0.47712125471966244,integrated,False,True,75.82473828320435,65.99999999999912
256,3,0.47712125471966244,integrated,False,True,56.53361275309129,44.75999999999957
257,3,0.47712125471966244,integrated,False,True,55.716438744854834,44.75999999999957
258,3,0.47712125471966244,integrated,False,True,56.714759727833254,45.23999999999956
259,3,0.47712125471966244,integrated,False,True,55.69959507964734,44.639999999999574
260,3,0.47712125471966244,integrated,False,True,55.9247523513574,44.87999999999957
261,3,0.47712125471966244,integrated,False,True,57.204451299539784,45.599999999999554
262,3,0.47712125471966244,integrated,False,True,56.69228785562562,44.87999999999957
263,3,0.47712125471966244,integrated,False,True,55.82972257102816,44.75999999999957
264,3,0.47712125471966244,integrated,False,True,56.35801159921192,45.23999999999956
265,3,0.47712125471966244,extinct,True,False,,
266,3,0.47712125471966244,extinct,True,False,,
267,3,0.47712125471966244,integrated,False,True,56.586287661684466,45.599999999999554
268,3,0.47712125471966244,integrated,False,True,56.87506254496542,45.119999999999564
269,3,0.47712125471966244,integrated,False,True,56.514560381973496,45.479999999999556
270,3,0.47712125471966244,extinct,True,False,,
271,3,0.47712125471966244,integrated,False,True,56.39109996765862,45.23999999999956
272,3,0.47712125471966244,extinct,True,False,,
273,3,0.47712125471966244,integrated,False,True,55.98361142462025,44.87999999999957
274,3,0.47712125471966244,integrated,False,True,56.1349037334666,44.99999999999957
275,3,0.47712125471966244,integrated,False,True,56.89043644553549,45.83999999999955
276,3,0.47712125471966244,extinct,True,False,,
277,3,0.47712125471966244,integrated,False,True,56.24221821237452,45.119999999999564
278,3,0.47712125471966244,integrated,False,True,56.99011544186908,45.959999999999546
279,3,0.47712125471966244,integrated,False,True,56.26488257088029,45.23999999999956
280,3,0.47712125471966244,extinct,True,False,,
281,3,0.47712125471966244,integrated,False,True,55.342131843169724,44.27999999999958
282,3,0.47712125471966244,integrated,False,True,56.71751084829761,45.119999999999564
283,3,0.47712125471966244,extinct,True,False,,
284,3,0.47712125471966244,extinct,True,False,,
285,3,0.47712125471966244,extinct,True,False,,
286,3,0.47712125471966244,extinct,True,False,,
287,3,0.47712125471966244,integrated,False,True,56.90889693361538,45.119999999999564
288,3,0.47712125471966244,integrated,False,True,55.26138352929485,44.27999999999958
289,3,0.47712125471966244,extinct,True,False,,
290,3,0.47712125471966244,integrated,False,True,56.734926048866384,45.599999999999554
291,3,0.47712125471966244,integrated,False,True,56.933388594535685,45.35999999999956
292,3,0.47712125471966244,extinct,True,False,,
293,3,0.47712125471966244,extinct,True,False,,
294,3,0.47712125471966244,integrated,False,True,55.85173422182343,44.75999999999957
295,3,0.47712125471966244,integrated,False,True,56.79347937598963,45.479999999999556
296,3,0.47712125471966244,integrated,False,True,56.23382736707924,45.23999999999956
297,3,0.47712125471966244,integrated,False,True,55.156557181714504,44.39999999999958
298,3,0.47712125471966244,extinct,True,False,,
299,3,0.47712125471966244,extinct,True,False,,
300,3,0.47712125471966244,integrated,False,True,56.14603592557273,45.119999999999564
301,3,0.47712125471966244,integrated,False,True,56.627039407626,45.599999999999554
302,3,0.47712125471966244,integrated,False,True,56.74309249000292,45.23999999999956
303,3,0.47712125471966244,integrated,False,True,56.13973741523873,45.119999999999564
304,3,0.47712125471966244,extinct,True,False,,
305,3,0.47712125471966244,integrated,False,True,56.40109214120198,45.119999999999564
306,3,0.47712125471966244,integrated,False,True,56.06754138259939,44.99999999999957
307,3,0.47712125471966244,extinct,True,False,,
308,3,0.47712125471966244,integrated,False,True,55.73439692113565,44.639999999999574
309,3,0.47712125471966244,integrated,False,True,55.52024601713799,44.51999999999958
310,3,0.47712125471966244,integrated,False,True,56.99995372827216,45.479999999999556
311,3,0.47712125471966244,integrated,False,True,55.347979306912805,44.27999999999958
312,3,0.47712125471966244,integrated,False,True,55.06341998518639,44.27999999999958
313,3,0.47712125471966244,integrated,False,True,55.25344022889533,44.27999999999958
314,3,0.47712125471966244,integrated,False,True,56.0462527694348,44.75999999999957
315,3,0.47712125471966244,extinct,True,False,,
316,3,0.47712125471966244,integrated,False,True,56.140344270500364,44.639999999999574
317,3,0.47712125471966244,extinct,True,False,,
318,3,0.47712125471966244,integrated,False,True,55.94198770066668,44.87999999999957
319,3,0.47712125471966244,integrated,False,True,55.07381191246088,44.27999999999958
320,3,0.47712125471966244,extinct,True,False,,
321,3,0.47712125471966244,extinct,True,False,,
322,3,0.47712125471966244,integrated,False,True,56.723155212020984,45.119999999999564
323,3,0.47712125471966244,extinct,True,False,,
324,3,0.47712125471966244,extinct,True,False,,
325,3,0.47712125471966244,integrated,False,True,56.62507292991403,45.23999999999956
326,3,0.47712125471966244,extinct,True,False,,
327,3,0.47712125471966244,extinct,True,False,,
328,3,0.47712125471966244,extinct,True,False,,
329,3,0.47712125471966244,integrated,False,True,54.523399714856744,44.159999999999584
330,3,0.47712125471966244,integrated,False,True,56.45180738061366,45.35999999999956
331,3,0.47712125471966244,extinct,True,False,,
332,3,0.47712125471966244,integrated,False,True,55.60340463743279,44.639999999999574
333,3,0.47712125471966244,extinct,True,False,,
334,3,0.47712125471966244,extinct,True,False,,
335,3,0.47712125471966244,extinct,True,False,,
336,3,0.47712125471966244,integrated,False,True,56.36105508014985,45.35999999999956
337,3,0.47712125471966244,extinct,True,False,,
338,3,0.47712125471966244,extinct,True,False,,
339,3,0.47712125471966244,extinct,True,False,,
340,3,0.47712125471966244,integrated,False,True,55.572294200072704,44.75999999999957
341,3,0.47712125471966244,extinct,True,False,,
342,3,0.47712125471966244,extinct,True,False,,
343,3,0.47712125471966244,extinct,True,False,,
344,3,0.47712125471966244,integrated,False,True,56.541518598367915,44.99999999999957
345,3,0.47712125471966244,integrated,False,True,55.915820094261335,44.87999999999957
346,3,0.47712125471966244,integrated,False,True,54.98285979362766,44.39999999999958
347,3,0.47712125471966244,extinct,True,False,,
348,3,0.47712125471966244,extinct,True,False,,
349,3,0.47712125471966244,integrated,False,True,55.281094574405785,44.39999999999958
350,3,0.47712125471966244,integrated,False,True,55.504816144026904,44.39999999999958
351,3,0.47712125471966244,integrated,False,True,55.82667250763551,44.75999999999957
352,3,0.47712125471966244,extinct,True,False,,
353,3,0.47712125471966244,integrated,False,True,55.40399611672814,44.51999999999958
354,3,0.47712125471966244,integrated,False,True,56.33777361006159,45.23999999999956
355,3,0.47712125471966244,integrated,False,True,55.345825862496454,44.27999999999958
356,3,0.47712125471966244,integrated,False,True,55.26766545018488,44.27999999999958
357,3,0.47712125471966244,extinct,True,False,,
358,3,0.47712125471966244,extinct,True,False,,
359,3,0.47712125471966244,extinct,True,False,,
360,3,0.47712125471966244,extinct,True,False,,
361,3,0.47712125471966244,integrated,False,True,55.76073198538452,44.51999999999958
362,3,0.47712125471966244,integrated,False,True,56.15906578581911,45.119999999999564
363,3,0.47712125471966244,integrated,False,True,54.98205439314966,44.27999999999958
364,3,0.47712125471966244,integrated,False,True,56.607384906977316,45.599999999999554
365,3,0.47712125471966244,extinct,True,False,,
366,3,0.47712125471966244,integrated,False,True,56.40756861822992,45.35999999999956
367,3,0.47712125471966244,integrated,False,True,55.59832411240436,44.39999999999958
368,3,0.47712125471966244,integrated,False,True,55.96530086160797,44.87999999999957
369,3,0.47712125471966244,extinct,True,False,,
370,3,0.47712125471966244,integrated,False,True,55.69468596855243,44.639999999999574
371,3,0.47712125471966244,integrated,False,True,55.67483609277786,44.639999999999574
372,3,0.47712125471966244,integrated,False,True,55.11272235226993,44.27999999999958
373,3,0.47712125471966244,extinct,True,False,,
374,3,0.47712125471966244,extinct,True,False,,
375,3,0.47712125471966244,integrated,False,True,55.98388595831436,44.87999999999957
376,3,0.47712125471966244,extinct,True,False,,
377,3,0.47712125471966244,integrated,False,True,55.093793633570016,44.39999999999958
378,3,0.47712125471966244,extinct,True,False,,
379,3,0.47712125471966244,extinct,True,False,,
380,3,0.47712125471966244,integrated,False,True,55.948576696365535,44.87999999999957
381,3,0.47712125471966244,integrated,False,True,56.18532856272143,45.119999999999564
382,3,0.47712125471966244,integrated,False,True,55.746172394667425,44.75999999999957
383,3,0.47712125471966244,extinct,True,False,,
384,3,0.47712125471966244,integrated,False,True,54.84971707961567,44.39999999999958
385,3,0.47712125471966244,integrated,False,True,56.12904603602122,45.119999999999564
386,3,0.47712125471966244,integrated,False,True,55.75973866132124,44.75999999999957
387,3,0.47712125471966244,integrated,False,True,55.32075953279613,44.39999999999958
388,3,0.47712125471966244,integrated,False,True,56.305378577770085,45.119999999999564
389,3,0.47712125471966244,extinct,True,False,,
390,3,0.47712125471966244,extinct,True,False,,
391,3,0.47712125471966244,integrated,False,True,55.772050763214104,44.639999999999574
392,3,0.47712125471966244,integrated,False,True,55.79389483940383,44.27999999999958
393,3,0.47712125471966244,integrated,False,True,55.24388075715316,44.27999999999958
394,3,0.47712125471966244,integrated,False,True,56.090705394793474,45.23999999999956
395,3,0.47712125471966244,integrated,False,True,57.6073120846396,46.55999999999953
396,3,0.47712125471966244,extinct,True,False,,
397,3,0.47712125471966244,integrated,False,True,55.8910308819694,44.75999999999957
398,3,0.47712125471966244,extinct,True,False,,
399,3,0.47712125471966244,integrated,False,True,56.159898067681816,45.119999999999564
400,3,0.47712125471966244,integrated,False,True,56.08196465084238,44.99999999999957
401,3,0.47712125471966244,extinct,True,False,,
402,3,0.47712125471966244,extinct,True,False,,
403,3,0.47712125471966244,extinct,True,False,,
404,3,0.47712125471966244,integrated,False,True,56.81448040668579,45.479999999999556
405,3,0.47712125471966244,integrated,False,True,54.69709597218413,44.27999999999958
406,3,0.47712125471966244,extinct,True,False,,
407,3,0.47712125471966244,integrated,False,True,57.17806815305483,46.07999999999954
408,3,0.47712125471966244,extinct,True,False,,
409,3,0.47712125471966244,extinct,True,False,,
410,3,0.47712125471966244,integrated,False,True,56.02373339567244,44.87999999999957
411,3,0.47712125471966244,integrated,False,True,56.65315473219019,45.599999999999554
412,3,0.47712125471966244,extinct,True,False,,
413,3,0.47712125471966244,integrated,False,True,55.15511297493575,44.27999999999958
414,3,0.47712125471966244,extinct,True,False,,
415,3,0.47712125471966244,integrated,False,True,76.60605936631802,66.47999999999911
416,3,0.47712125471966244,extinct,True,False,,
417,3,0.47712125471966244,integrated,False,True,55.961435872780314,45.119999999999564
418,3,0.47712125471966244,extinct,True,False,,
419,3,0.47712125471966244,integrated,False,True,56.19965008255096,45.119999999999564
420,3,0.47712125471966244,integrated,False,True,55.503116636170276,44.639999999999574
421,3,0.47712125471966244,extinct,True,False,,
422,3,0.47712125471966244,extinct,True,False,,
423,3,0.47712125471966244,integrated,False,True,57.008287427876084,45.71999999999955
424,3,0.47712125471966244,integrated,False,True,56.19542743744519,45.119999999999564
425,3,0.47712125471966244,integrated,False,True,57.55308912638772,46.439999999999536
426,3,0.47712125471966244,extinct,True,False,,
427,3,0.47712125471966244,extinct,True,False,,
428,3,0.47712125471966244,extinct,True,False,,
429,3,0.47712125471966244,integrated,False,True,56.24522037869712,45.119999999999564
430,3,0.47712125471966244,integrated,False,True,56.32125743144691,45.23999999999956
431,3,0.47712125471966244,extinct,True,False,,
432,3,0.47712125471966244,integrated,False,True,56.1013817396024,44.87999999999957
433,3,0.47712125471966244,integrated,False,True,55.14656437511408,44.51999999999958
434,3,0.47712125471966244,integrated,False,True,55.29637277150454,44.51999999999958
435,3,0.47712125471966244,integrated,False,True,55.71634893448087,44.75999999999957
436,3,0.47712125471966244,integrated,False,True,55.500192635474846,44.51999999999958
437,3,0.47712125471966244,integrated,False,True,56.81164561213082,45.119999999999564
438,3,0.47712125471966244,integrated,False,True,55.74192853633838,44.639999999999574
439,3,0.47712125471966244,extinct,True,False,,
440,3,0.47712125471966244,integrated,False,True,56.440110483746246,45.23999999999956
441,3,0.47712125471966244,extinct,True,False,,
442,3,0.47712125471966244,extinct,True,False,,
443,3,0.47712125471966244,integrated,False,True,58.42452718676411,47.399999999999515
444,3,0.47712125471966244,integrated,False,True,56.8040777374667,45.71999999999955
445,3,0.47712125471966244,integrated,False,True,57.52196460357096,46.55999999999953
446,3,0.47712125471966244,integrated,False,True,56.17651249865122,45.119999999999564
447,3,0.47712125471966244,integrated,False,True,56.473563982247256,45.35999999999956
448,3,0.47712125471966244,integrated,False,True,55.23002237550677,44.51999999999958
449,3,0.47712125471966244,integrated,False,True,56.34069266140845,45.23999999999956
450,3,0.47712125471966244,extinct,True,False,,
451,3,0.47712125471966244,integrated,False,True,56.38773728473559,45.119999999999564
452,3,0.47712125471966244,integrated,False,True,56.72189454471692,45.23999999999956
453,3,0.47712125471966244,integrated,False,True,56.461755914907144,45.119999999999564
454,3,0.47712125471966244,extinct,True,False,,
455,3,0.47712125471966244,integrated,False,True,56.593831394861596,45.479999999999556
456,3,0.47712125471966244,integrated,False,True,56.88744329395763,45.23999999999956
457,3,0.47712125471966244,extinct,True,False,,
458,3,0.47712125471966244,integrated,False,True,55.98445262879126,44.99999999999957
459,3,0.47712125471966244,extinct,True,False,,
460,3,0.47712125471966244,extinct,True,False,,
461,3,0.47712125471966244,extinct,True,False,,
462,3,0.47712125471966244,integrated,False,True,56.5114130730608,45.479999999999556
463,3,0.47712125471966244,integrated,False,True,56.386747772841716,45.119999999999564
464,3,0.47712125471966244,integrated,False,True,54.84044169852721,44.159999999999584
465,3,0.47712125471966244,integrated,False,True,55.92032687065668,44.87999999999957
466,3,0.47712125471966244,integrated,False,True,58.05346972151278,46.79999999999953
467,3,0.47712125471966244,extinct,True,False,,
468,3,0.47712125471966244,integrated,False,True,58.129354610210314,46.67999999999953
469,3,0.47712125471966244,extinct,True,False,,
470,3,0.47712125471966244,integrated,False,True,57.328440759695795,45.71999999999955
471,3,0.47712125471966244,integrated,False,True,55.82517741405938,44.99999999999957
472,3,0.47712125471966244,extinct,True,False,,
473,3,0.47712125471966244,integrated,False,True,57.23331817588341,45.83999999999955
474,3,0.47712125471966244,integrated,False,True,55.51751329949764,44.639999999999574
475,3,0.47712125471966244,extinct,True,False,,
476,3,0.47712125471966244,extinct,True,False,,
477,3,0.47712125471966244,integrated,False,True,56.37549397618153,45.23999999999956
478,3,0.47712125471966244,extinct,True,False,,
479,3,0.47712125471966244,integrated,False,True,56.21930367347865,45.119999999999564
480,3,0.47712125471966244,extinct,True,False,,
481,3,0.47712125471966244,integrated,False,True,56.79424899442718,45.83999999999955
482,3,0.47712125471966244,integrated,False,True,54.97181179818942,44.27999999999958
483,3,0.47712125471966244,extinct,True,False,,
484,3,0.47712125471966244,integrated,False,True,56.21574933107681,45.23999999999956
485,3,0.47712125471966244,integrated,False,True,56.97634804502091,45.599999999999554
486,3,0.47712125471966244,extinct,True,False,,
487,3,0.47712125471966244,integrated,False,True,56.60229307583745,45.479999999999556
488,3,0.47712125471966244,integrated,False,True,55.32586970052907,44.51999999999958
489,3,0.47712125471966244,extinct,True,False,,
490,3,0.47712125471966244,integrated,False,True,55.77796849670008,44.75999999999957
491,3,0.47712125471966244,integrated,False,True,56.06313041233018,44.99999999999957
492,3,0.47712125471966244,integrated,False,True,55.21855824078753,44.51999999999958
493,3,0.47712125471966244,integrated,False,True,55.77460632990429,44.639999999999574
494,3,0.47712125471966244,integrated,False,True,55.509014349927625,44.51999999999958
495,3,0.47712125471966244,integrated,False,True,56.42778875347697,44.75999999999957
496,3,0.47712125471966244,extinct,True,False,,
497,3,0.47712125471966244,integrated,False,True,55.604415102258,44.639999999999574
498,3,0.47712125471966244,extinct,True,False,,
499,3,0.47712125471966244,extinct,True,False,,
500,3,0.47712125471966244,extinct,True,False,,
501,3,0.47712125471966244,extinct,True,False,,
502,3,0.47712125471966244,integrated,False,True,56.213139649443036,45.119999999999564
503,3,0.47712125471966244,integrated,False,True,55.89545584386157,44.87999999999957
504,3,0.47712125471966244,extinct,True,False,,
505,3,0.47712125471966244,integrated,False,True,56.144391712986305,45.119999999999564
506,3,0.47712125471966244,extinct,True,False,,
507,3,0.47712125471966244,extinct,True,False,,
508,3,0.47712125471966244,integrated,False,True,56.3533924209766,45.35999999999956
509,3,0.47712125471966244,extinct,True,False,,
510,3,0.47712125471966244,extinct,True,False,,
511,3,0.47712125471966244,integrated,False,True,55.63956177001688,44.51999999999958
512,3,0.47712125471966244,extinct,True,False,,
513,3,0.47712125471966244,integrated,False,True,54.626972747122444,44.03999999999959
514,3,0.47712125471966244,extinct,True,False,,
515,3,0.47712125471966244,integrated,False,True,55.85647359006004,44.75999999999957
516,3,0.47712125471966244,integrated,False,True,56.322961204898235,45.119999999999564
517,3,0.47712125471966244,extinct,True,False,,
518,3,0.47712125471966244,integrated,False,True,56.26901252169987,44.87999999999957
519,3,0.47712125471966244,integrated,False,True,58.122760980393,46.439999999999536
520,3,0.47712125471966244,integrated,False,True,56.41982605596479,45.479999999999556
521,3,0.47712125471966244,integrated,False,True,56.58562771337975,45.35999999999956
522,3,0.47712125471966244,integrated,False,True,55.8872774943156,44.87999999999957
523,3,0.47712125471966244,extinct,True,False,,
524,3,0.47712125471966244,integrated,False,True,56.50640288252989,45.119999999999564
525,3,0.47712125471966244,integrated,False,True,56.50234645720661,45.35999999999956
526,3,0.47712125471966244,integrated,False,True,57.803713994899184,46.919999999999526
527,3,0.47712125471966244,integrated,False,True,55.77159620772112,44.639999999999574
528,3,0.47712125471966244,integrated,False,True,56.19034703165502,45.119999999999564
529,3,0.47712125471966244,extinct,True,False,,
530,3,0.47712125471966244,extinct,True,False,,
531,3,0.47712125471966244,integrated,False,True,56.1403158150093,45.119999999999564
532,3,0.47712125471966244,integrated,False,True,56.18251028626874,44.51999999999958
533,3,0.47712125471966244,integrated,False,True,56.549900935223995,45.479999999999556
534,3,0.47712125471966244,extinct,True,False,,
535,3,0.47712125471966244,extinct,True,False,,
536,3,0.47712125471966244,extinct,True,False,,
537,3,0.47712125471966244,integrated,False,True,56.242366811830074,45.23999999999956
538,3,0.47712125471966244,extinct,True,False,,
539,3,0.47712125471966244,integrated,False,True,55.0499678236379,44.39999999999958
540,3,0.47712125471966244,extinct,True,False,,
541,3,0.47712125471966244,integrated,False,True,57.69363913136576,46.19999999999954
542,3,0.47712125471966244,integrated,False,True,56.99085962517623,45.599999999999554
543,3,0.47712125471966244,integrated,False,True,55.935726164198186,44.75999999999957
544,3,0.47712125471966244,integrated,False,True,55.81340249385927,44.51999999999958
545,3,0.47712125471966244,extinct,True,False,,
546,3,0.47712125471966244,extinct,True,False,,
547,3,0.47712125471966244,integrated,False,True,56.30628783752729,45.23999999999956
548,3,0.47712125471966244,integrated,False,True,56.277863694412915,44.75999999999957
549,3,0.47712125471966244,extinct,True,False,,
550,3,0.47712125471966244,integrated,False,True,55.548254462571336,44.639999999999574
551,3,0.47712125471966244,extinct,True,False,,
552,3,0.47712125471966244,integrated,False,True,57.007252775071784,45.959999999999546
553,3,0.47712125471966244,integrated,False,True,56.729606742781144,44.99999999999957
554,3,0.47712125471966244,integrated,False,True,56.545196174564,44.99999999999957
555,3,0.47712125471966244,integrated,False,True,56.71722181377528,45.599999999999554
556,3,0.47712125471966244,extinct,True,False,,
557,3,0.47712125471966244,integrated,False,True,55.78020308840692,44.639999999999574
558,3,0.47712125471966244,extinct,True,False,,
559,3,0.47712125471966244,integrated,False,True,55.89082988728896,44.75999999999957
560,3,0.47712125471966244,integrated,False,True,55.964883581145756,44.87999999999957
561,3,0.47712125471966244,integrated,False,True,54.883995927214876,44.03999999999959
562,3,0.47712125471966244,integrated,False,True,55.437883293612316,44.39999999999958
563,3,0.47712125471966244,extinct,True,False,,
564,3,0.47712125471966244,integrated,False,True,56.7746795529488,45.35999999999956
565,3,0.47712125471966244,integrated,False,True,55.568913806179935,44.51999999999958
566,3,0.47712125471966244,extinct,True,False,,
567,3,0.47712125471966244,integrated,False,True,57.27842247222233,45.599999999999554
568,3,0.47712125471966244,integrated,False,True,56.000130953377024,44.99999999999957
569,3,0.47712125471966244,integrated,False,True,55.816564423786176,44.75999999999957
570,3,0.47712125471966244,integrated,False,True,56.67709144584856,45.599999999999554
571,3,0.47712125471966244,integrated,False,True,56.91950184285606,45.599999999999554
572,3,0.47712125471966244,integrated,False,True,54.645176171791505,44.27999999999958
573,3,0.47712125471966244,integrated,False,True,56.134675488641946,45.119999999999564
574,3,0.47712125471966244,integrated,False,True,56.86944236083093,45.83999999999955
575,3,0.47712125471966244,extinct,True,False,,
576,3,0.47712125471966244,extinct,True,False,,
577,3,0.47712125471966244,extinct,True,False,,
578,3,0.47712125471966244,integrated,False,True,56.54573439720286,44.87999999999957
579,3,0.47712125471966244,integrated,False,True,55.87101702487416,44.75999999999957
580,3,0.47712125471966244,integrated,False,True,55.700945914456454,44.51999999999958
581,3,0.47712125471966244,integrated,False,True,56.7924956029004,45.23999999999956
582,3,0.47712125471966244,extinct,True,False,,
583,3,0.47712125471966244,integrated,False,True,56.21346916151151,45.35999999999956
584,3,0.47712125471966244,integrated,False,True,55.69726975547785,44.639999999999574
585,3,0.47712125471966244,integrated,False,True,54.955956802236805,44.27999999999958
586,3,0.47712125471966244,integrated,False,True,56.34171511920978,45.119999999999564
587,3,0.47712125471966244,extinct,True,False,,
588,3,0.47712125471966244,extinct,True,False,,
589,3,0.47712125471966244,integrated,False,True,56.62013620412087,45.23999999999956
590,3,0.47712125471966244,integrated,False,True,56.855765598208464,45.83999999999955
591,3,0.47712125471966244,integrated,False,True,55.95688816804946,44.39999999999958
592,3,0.47712125471966244,extinct,True,False,,
593,3,0.47712125471966244,extinct,True,False,,
594,3,0.47712125471966244,integrated,False,True,55.920467577686736,44.75999999999957
595,3,0.47712125471966244,integrated,False,True,56.331656921315215,44.87999999999957
596,3,0.47712125471966244,integrated,False,True,56.21261755221851,45.119999999999564
597,3,0.47712125471966244,extinct,True,False,,
598,3,0.47712125471966244,extinct,True,False,,
599,3,0.47712125471966244,integrated,False,True,55.91086829481755,44.75999999999957
600,3,0.47712125471966244,extinct,True,False,,
601,3,0.47712125471966244,integrated,False,True,56.9163451227457,45.23999999999956
602,3,0.47712125471966244,integrated,False,True,56.512145484911606,45.479999999999556
603,3,0.47712125471966244,extinct,True,False,,
604,3,0.47712125471966244,extinct,True,False,,
605,3,0.47712125471966244,extinct,True,False,,
606,3,0.47712125471966244,extinct,True,False,,
607,3,0.47712125471966244,extinct,True,False,,
608,3,0.47712125471966244,integrated,False,True,56.36370679146799,44.87999999999957
609,3,0.47712125471966244,extinct,True,False,,
610,3,0.47712125471966244,extinct,True,False,,
611,3,0.47712125471966244,extinct,True,False,,
612,3,0.47712125471966244,integrated,False,True,56.36149019759836,45.23999999999956
613,3,0.47712125471966244,extinct,True,False,,
614,3,0.47712125471966244,integrated,False,True,54.871285779340624,44.27999999999958
615,3,0.47712125471966244,extinct,True,False,,
616,3,0.47712125471966244,extinct,True,False,,
617,3,0.47712125471966244,extinct,True,False,,
618,3,0.47712125471966244,integrated,False,True,57.18292557775888,45.83999999999955
619,3,0.47712125471966244,integrated,False,True,56.5858293561887,44.99999999999957
620,3,0.47712125471966244,extinct,True,False,,
621,3,0.47712125471966244,extinct,True,False,,
622,3,0.47712125471966244,integrated,False,True,55.681594881765776,44.87999999999957
623,3,0.47712125471966244,integrated,False,True,57.25933883595889,46.19999999999954
624,3,0.47712125471966244,integrated,False,True,57.04354826853613,45.23999999999956
625,3,0.47712125471966244,integrated,False,True,56.39759625246543,45.35999999999956
626,3,0.47712125471966244,integrated,False,True,56.10623303595168,44.99999999999957
627,3,0.47712125471966244,integrated,False,True,56.26296575330077,45.119999999999564
628,3,0.47712125471966244,integrated,False,True,55.92955525256349,44.87999999999957
629,3,0.47712125471966244,extinct,True,False,,
630,3,0.47712125471966244,extinct,True,False,,
631,3,0.47712125471966244,integrated,False,True,56.164596188870405,45.119999999999564
632,3,0.47712125471966244,extinct,True,False,,
633,3,0.47712125471966244,integrated,False,True,57.164817693802085,45.479999999999556
634,3,0.47712125471966244,extinct,True,False,,
635,3,0.47712125471966244,integrated,False,True,55.64944562643203,44.87999999999957
636,3,0.47712125471966244,extinct,True,False,,
637,3,0.47712125471966244,extinct,True,False,,
638,3,0.47712125471966244,extinct,True,False,,
639,3,0.47712125471966244,integrated,False,True,56.218574746678556,45.119999999999564
640,3,0.47712125471966244,integrated,False,True,56.052724395787294,44.99999999999957
641,3,0.47712125471966244,integrated,False,True,56.10011586761321,44.99999999999957
642,3,0.47712125471966244,integrated,False,True,56.85628184458294,45.479999999999556
643,3,0.47712125471966244,integrated,False,True,56.680154427410095,45.119999999999564
644,3,0.47712125471966244,extinct,True,False,,
645,3,0.47712125471966244,extinct,True,False,,
646,3,0.47712125471966244,integrated,False,True,56.08814953303917,44.639999999999574
647,3,0.47712125471966244,integrated,False,True,57.215154060002035,45.83999999999955
648,3,0.47712125471966244,extinct,True,False,,
649,3,0.47712125471966244,integrated,False,True,57.45735527893231,46.439999999999536
650,3,0.47712125471966244,extinct,True,False,,
651,3,0.47712125471966244,integrated,False,True,55.70113583031434,44.51999999999958
652,3,0.47712125471966244,integrated,False,True,55.755283744565574,44.639999999999574
653,3,0.47712125471966244,extinct,True,False,,
654,3,0.47712125471966244,integrated,False,True,56.40236955657289,44.99999999999957
655,3,0.47712125471966244,integrated,False,True,54.851397440716724,44.03999999999959
656,3,0.47712125471966244,integrated,False,True,55.772125650834326,44.75999999999957
657,3,0.47712125471966244,extinct,True,False,,
658,3,0.47712125471966244,extinct,True,False,,
659,3,0.47712125471966244,extinct,True,False,,
660,3,0.47712125471966244,extinct,True,False,,
661,3,0.47712125471966244,integrated,False,True,56.72995746600819,45.119999999999564
662,3,0.47712125471966244,extinct,True,False,,
663,3,0.47712125471966244,integrated,False,True,55.49142090525858,44.39999999999958
664,3,0.47712125471966244,integrated,False,True,55.27098234393545,44.27999999999958
665,3,0.47712125471966244,integrated,False,True,55.86778737465577,44.87999999999957
666,3,0.47712125471966244,integrated,False,True,57.863351300331175,46.19999999999954
667,3,0.47712125471966244,extinct,True,False,,
668,3,0.47712125471966244,integrated,False,True,55.79745856005171,44.639999999999574
669,3,0.47712125471966244,integrated,False,True,55.445454312965154,44.75999999999957
670,3,0.47712125471966244,integrated,False,True,56.01461670876944,44.99999999999957
671,3,0.47712125471966244,integrated,False,True,55.84741391855317,44.75999999999957
672,3,0.47712125471966244,extinct,True,False,,
673,3,0.47712125471966244,integrated,False,True,56.121157266725724,44.75999999999957
674,3,0.47712125471966244,integrated,False,True,56.24489820611863,45.23999999999956
675,3,0.47712125471966244,integrated,False,True,56.825199720535366,45.71999999999955
676,3,0.47712125471966244,integrated,False,True,56.10913367318388,44.87999999999957
677,3,0.47712125471966244,integrated,False,True,56.61440115700496,45.23999999999956
678,3,0.47712125471966244,integrated,False,True,55.92403466002288,44.75999999999957
679,3,0.47712125471966244,integrated,False,True,55.54032906330326,44.39999999999958
680,3,0.47712125471966244,integrated,False,True,55.464622934637546,44.75999999999957
681,3,0.47712125471966244,integrated,False,True,57.093884544961774,45.83999999999955
682,3,0.47712125471966244,integrated,False,True,54.981532007392076,44.39999999999958
683,3,0.47712125471966244,extinct,True,False,,
684,3,0.47712125471966244,integrated,False,True,56.2340777994621,45.23999999999956
685,3,0.47712125471966244,extinct,True,False,,
686,3,0.47712125471966244,extinct,True,False,,
687,3,0.47712125471966244,extinct,True,False,,
688,3,0.47712125471966244,integrated,False,True,55.9413498831246,44.87999999999957
689,3,0.47712125471966244,extinct,True,False,,
690,3,0.47712125471966244,extinct,True,False,,
691,3,0.47712125471966244,extinct,True,False,,
692,3,0.47712125471966244,integrated,False,True,56.60726748167731,45.599999999999554
693,3,0.47712125471966244,integrated,False,True,56.73193041516925,44.99999999999957
694,3,0.47712125471966244,extinct,True,False,,
695,3,0.47712125471966244,extinct,True,False,,
696,3,0.47712125471966244,extinct,True,False,,
697,3,0.47712125471966244,integrated,False,True,56.96138959575009,45.83999999999955
698,3,0.47712125471966244,extinct,True,False,,
699,3,0.47712125471966244,extinct,True,False,,
700,3,0.47712125471966244,integrated,False,True,55.15827879935469,44.27999999999958
701,3,0.47712125471966244,integrated,False,True,55.36810930158086,44.639999999999574
702,3,0.47712125471966244,extinct,True,False,,
703,3,0.47712125471966244,extinct,True,False,,
704,3,0.47712125471966244,extinct,True,False,,
705,3,0.47712125471966244,extinct,True,False,,
706,3,0.47712125471966244,integrated,False,True,55.432154572460206,44.39999999999958
707,3,0.47712125471966244,integrated,False,True,56.24644288192228,45.23999999999956
708,3,0.47712125471966244,integrated,False,True,56.28434973158765,44.99999999999957
709,3,0.47712125471966244,extinct,True,False,,
710,3,0.47712125471966244,extinct,True,False,,
711,3,0.47712125471966244,extinct,True,False,,
712,3,0.47712125471966244,integrated,False,True,55.8437748589102,44.75999999999957
713,3,0.47712125471966244,integrated,False,True,55.23804724955448,44.159999999999584
714,3,0.47712125471966244,integrated,False,True,56.50601616939221,45.119999999999564
715,3,0.47712125471966244,integrated,False,True,56.222623540398516,45.119999999999564
716,3,0.47712125471966244,integrated,False,True,55.55195485038378,44.39999999999958
717,3,0.47712125471966244,integrated,False,True,56.54229721989772,44.75999999999957
718,3,0.47712125471966244,integrated,False,True,55.56718836902123,44.51999999999958
719,3,0.47712125471966244,extinct,True,False,,
720,3,0.47712125471966244,integrated,False,True,56.94928700367565,45.35999999999956
721,3,0.47712125471966244,integrated,False,True,55.717773100105134,44.639999999999574
722,3,0.47712125471966244,integrated,False,True,56.76122989017449,44.87999999999957
723,3,0.47712125471966244,integrated,False,True,56.18874023663852,45.119999999999564
724,3,0.47712125471966244,integrated,False,True,56.28907163533886,45.23999999999956
725,3,0.47712125471966244,integrated,False,True,55.56744941070376,44.39999999999958
726,3,0.47712125471966244,integrated,False,True,55.77189571470473,44.87999999999957
727,3,0.47712125471966244,integrated,False,True,55.823998826655775,44.75999999999957
728,3,0.47712125471966244,integrated,False,True,55.339516406002765,44.39999999999958
729,3,0.47712125471966244,integrated,False,True,55.2625201571708,44.51999999999958
730,3,0.47712125471966244,extinct,True,False,,
731,3,0.47712125471966244,extinct,True,False,,
732,3,0.47712125471966244,extinct,True,False,,
733,3,0.47712125471966244,integrated,False,True,55.4866454922506,44.51999999999958
734,3,0.47712125471966244,integrated,False,True,55.09873256815858,44.39999999999958
735,3,0.47712125471966244,integrated,False,True,76.22538327907262,66.47999999999911
736,3,0.47712125471966244,integrated,False,True,55.76794092725195,44.639999999999574
737,3,0.47712125471966244,extinct,True,False,,
738,3,0.47712125471966244,integrated,False,True,56.694618156366204,45.119999999999564
739,3,0.47712125471966244,integrated,False,True,56.04655782816684,44.87999999999957
740,3,0.47712125471966244,integrated,False,True,54.69798933485302,44.159999999999584
741,3,0.47712125471966244,extinct,True,False,,
742,3,0.47712125471966244,integrated,False,True,55.912254528877526,44.75999999999957
743,3,0.47712125471966244,integrated,False,True,56.06419322307761,44.639999999999574
744,3,0.47712125471966244,extinct,True,False,,
745,3,0.47712125471966244,integrated,False,True,58.25659405335644,46.67999999999953
746,3,0.47712125471966244,integrated,False,True,56.37247436043279,45.35999999999956
747,3,0.47712125471966244,integrated,False,True,56.36957473122831,45.35999999999956
748,3,0.47712125471966244,extinct,True,False,,
749,3,0.47712125471966244,extinct,True,False,,
750,3,0.47712125471966244,integrated,False,True,54.972490674823874,44.27999999999958
751,3,0.47712125471966244,extinct,True,False,,
752,3,0.47712125471966244,integrated,False,True,55.7556417235893,44.639999999999574
753,3,0.47712125471966244,extinct,True,False,,
754,3,0.47712125471966244,integrated,False,True,56.36601728313647,45.23999999999956
755,3,0.47712125471966244,extinct,True,False,,
756,3,0.47712125471966244,extinct,True,False,,
757,3,0.47712125471966244,integrated,False,True,55.61523864552953,44.51999999999958
758,3,0.47712125471966244,integrated,False,True,55.807213675534484,44.75999999999957
759,3,0.47712125471966244,integrated,False,True,56.22387789878434,45.119999999999564
760,3,0.47712125471966244,integrated,False,True,55.88618180998053,44.75999999999957
761,3,0.47712125471966244,integrated,False,True,55.45288344425391,44.27999999999958
762,3,0.47712125471966244,integrated,False,True,55.04470442705128,44.159999999999584
763,3,0.47712125471966244,integrated,False,True,55.5165476114557,44.27999999999958
764,3,0.47712125471966244,integrated,False,True,55.94955144497666,44.639999999999574
765,3,0.47712125471966244,integrated,False,True,56.17836730058927,44.639999999999574
766,3,0.47712125471966244,extinct,True,False,,
767,3,0.47712125471966244,integrated,False,True,56.097700546831014,44.99999999999957
768,3,0.47712125471966244,integrated,False,True,56.719096979711026,45.35999999999956
769,3,0.47712125471966244,integrated,False,True,75.98274624902778,66.11999999999912
770,3,0.47712125471966244,extinct,True,False,,
771,3,0.47712125471966244,integrated,False,True,56.14656161049555,44.99999999999957
772,3,0.47712125471966244,extinct,True,False,,
773,3,0.47712125471966244,extinct,True,False,,
774,3,0.47712125471966244,integrated,False,True,77.68139773115114,67.43999999999909
775,3,0.47712125471966244,extinct,True,False,,
776,3,0.47712125471966244,integrated,False,True,76.6912381256866,66.71999999999912
777,3,0.47712125471966244,integrated,False,True,56.79602354420902,45.71999999999955
778,3,0.47712125471966244,integrated,False,True,56.02477741204447,44.87999999999957
779,3,0.47712125471966244,extinct,True,False,,
780,3,0.47712125471966244,extinct,True,False,,
781,3,0.47712125471966244,integrated,False,True,56.14541999385958,44.87999999999957
782,3,0.47712125471966244,integrated,False,True,55.874757612338826,44.99999999999957
783,3,0.47712125471966244,integrated,False,True,56.63625364077143,45.119999999999564
784,3,0.47712125471966244,integrated,False,True,56.65075152585155,45.71999999999955
785,3,0.47712125471966244,extinct,True,False,,
786,3,0.47712125471966244,extinct,True,False,,
787,3,0.47712125471966244,extinct,True,False,,
788,3,0.47712125471966244,integrated,False,True,56.28740365744905,45.119999999999564
789,3,0.47712125471966244,integrated,False,True,56.739953495842165,45.119999999999564
790,3,0.47712125471966244,extinct,True,False,,
791,3,0.47712125471966244,integrated,False,True,56.74221693702408,45.23999999999956
792,3,0.47712125471966244,extinct,True,False,,
793,3,0.47712125471966244,extinct,True,False,,
794,3,0.47712125471966244,integrated,False,True,55.113787500196324,44.39999999999958
795,3,0.47712125471966244,integrated,False,True,55.202042309634855,44.51999999999958
796,3,0.47712125471966244,extinct,True,False,,
797,3,0.47712125471966244,extinct,True,False,,
798,3,0.47712125471966244,integrated,False,True,55.54435811575895,44.39999999999958
799,3,0.47712125471966244,integrated,False,True,56.028329306154575,44.99999999999957
800,3,0.47712125471966244,extinct,True,False,,
801,3,0.47712125471966244,extinct,True,False,,
802,3,0.47712125471966244,extinct,True,False,,
803,3,0.47712125471966244,integrated,False,True,54.857885483033115,44.159999999999584
804,3,0.47712125471966244,extinct,True,False,,
805,3,0.47712125471966244,extinct,True,False,,
806,3,0.47712125471966244,extinct,True,False,,
807,3,0.47712125471966244,integrated,False,True,54.424692168783324,44.03999999999959
808,3,0.47712125471966244,integrated,False,True,54.906200884435336,44.27999999999958
809,3,0.47712125471966244,integrated,False,True,56.61191179801682,44.99999999999957
810,3,0.47712125471966244,integrated,False,True,56.78426725105909,45.599999999999554
811,3,0.47712125471966244,extinct,True,False,,
812,3,0.47712125471966244,integrated,False,True,56.66097091242539,45.71999999999955
813,3,0.47712125471966244,extinct,True,False,,
814,3,0.47712125471966244,extinct,True,False,,
815,3,0.47712125471966244,integrated,False,True,57.15941834752449,45.599999999999554
816,3,0.47712125471966244,integrated,False,True,55.96369647438236,44.75999999999957
817,3,0.47712125471966244,integrated,False,True,56.55141124930927,45.479999999999556
818,3,0.47712125471966244,extinct,True,False,,
819,3,0.47712125471966244,extinct,True,False,,
820,3,0.47712125471966244,extinct,True,False,,
821,3,0.47712125471966244,integrated,False,True,56.6684975460646,44.99999999999957
822,3,0.47712125471966244,integrated,False,True,55.603392298731706,44.87999999999957
823,3,0.47712125471966244,integrated,False,True,55.17644976252799,44.51999999999958
824,3,0.47712125471966244,integrated,False,True,56.50267803171281,45.479999999999556
825,3,0.47712125471966244,extinct,True,False,,
826,3,0.47712125471966244,integrated,False,True,55.421840251470854,44.39999999999958
827,3,0.47712125471966244,integrated,False,True,56.67052358849269,45.23999999999956
828,3,0.47712125471966244,integrated,False,True,55.92043799962866,44.87999999999957
829,3,0.47712125471966244,extinct,True,False,,
830,3,0.47712125471966244,integrated,False,True,56.127666805189435,44.99999999999957
831,3,0.47712125471966244,extinct,True,False,,
832,3,0.47712125471966244,extinct,True,False,,
833,3,0.47712125471966244,extinct,True,False,,
834,3,0.47712125471966244,integrated,False,True,56.011090535698045,44.87999999999957
835,3,0.47712125471966244,integrated,False,True,56.181338549712876,44.99999999999957
836,3,0.47712125471966244,integrated,False,True,56.54765641326709,44.99999999999957
837,3,0.47712125471966244,integrated,False,True,55.055680307563506,44.27999999999958
838,3,0.47712125471966244,integrated,False,True,55.66703386549556,44.27999999999958
839,3,0.47712125471966244,integrated,False,True,56.552200862861866,45.479999999999556
840,3,0.47712125471966244,integrated,False,True,55.8701637646118,44.99999999999957
841,3,0.47712125471966244,integrated,False,True,56.1330314257513,44.99999999999957
842,3,0.47712125471966244,integrated,False,True,57.08572782413913,45.959999999999546
843,3,0.47712125471966244,extinct,True,False,,
844,3,0.47712125471966244,integrated,False,True,56.7135749848497,44.87999999999957
845,3,0.47712125471966244,integrated,False,True,56.002763216736284,44.51999999999958
846,3,0.47712125471966244,extinct,True,False,,
847,3,0.47712125471966244,extinct,True,False,,
848,3,0.47712125471966244,extinct,True,False,,
849,3,0.47712125471966244,extinct,True,False,,
850,3,0.47712125471966244,integrated,False,True,55.967713742971384,44.87999999999957
851,3,0.47712125471966244,extinct,True,False,,
852,3,0.47712125471966244,integrated,False,True,56.19808165626357,45.23999999999956
853,3,0.47712125471966244,extinct,True,False,,
854,3,0.47712125471966244,integrated,False,True,55.317105451742904,44.27999999999958
855,3,0.47712125471966244,extinct,True,False,,
856,3,0.47712125471966244,integrated,False,True,56.108592669616996,44.99999999999957
857,3,0.47712125471966244,integrated,False,True,55.276983534904616,44.159999999999584
858,3,0.47712125471966244,extinct,True,False,,
859,3,0.47712125471966244,integrated,False,True,56.16081025808989,44.639999999999574
860,3,0.47712125471966244,extinct,True,False,,
861,3,0.47712125471966244,integrated,False,True,54.885712678668796,44.159999999999584
862,3,0.47712125471966244,integrated,False,True,56.43415997829818,45.119999999999564
863,3,0.47712125471966244,integrated,False,True,55.43853427433541,44.75999999999957
864,3,0.47712125471966244,integrated,False,True,76.99763133274611,66.47999999999911
865,3,0.47712125471966244,extinct,True,False,,
866,3,0.47712125471966244,integrated,False,True,56.197195451200216,44.639999999999574
867,3,0.47712125471966244,extinct,True,False,,
868,3,0.47712125471966244,extinct,True,False,,
869,3,0.47712125471966244,extinct,True,False,,
870,3,0.47712125471966244,integrated,False,True,55.47868678377091,44.39999999999958
871,3,0.47712125471966244,extinct,True,False,,
872,3,0.47712125471966244,integrated,False,True,55.628208747738334,44.87999999999957
873,3,0.47712125471966244,integrated,False,True,56.22255334170005,45.119999999999564
874,3,0.47712125471966244,extinct,True,False,,
875,3,0.47712125471966244,integrated,False,True,55.404629142915844,44.27999999999958
876,3,0.47712125471966244,integrated,False,True,55.92284986056085,44.87999999999957
877,3,0.47712125471966244,integrated,False,True,57.40498809335971,46.31999999999954
878,3,0.47712125471966244,extinct,True,False,,
879,3,0.47712125471966244,integrated,False,True,56.47935971077038,45.119999999999564
880,3,0.47712125471966244,integrated,False,True,55.4495293697307,44.39999999999958
881,3,0.47712125471966244,integrated,False,True,56.36805762548371,45.23999999999956
882,3,0.47712125471966244,integrated,False,True,56.34117053761257,44.51999999999958
883,3,0.47712125471966244,extinct,True,False,,
884,3,0.47712125471966244,integrated,False,True,55.25120211426941,44.639999999999574
885,3,0.47712125471966244,integrated,False,True,55.1084387140548,44.39999999999958
886,3,0.47712125471966244,integrated,False,True,56.185053266633645,44.639999999999574
887,3,0.47712125471966244,extinct,True,False,,
888,3,0.47712125471966244,extinct,True,False,,
889,3,0.47712125471966244,integrated,False,True,55.9357228907746,44.87999999999957
890,3,0.47712125471966244,integrated,False,True,56.37876373474107,45.23999999999956
891,3,0.47712125471966244,extinct,True,False,,
892,3,0.47712125471966244,integrated,False,True,55.741946868025735,44.639999999999574
893,3,0.47712125471966244,extinct,True,False,,
894,3,0.47712125471966244,integrated,False,True,56.239865329180546,45.23999999999956
895,3,0.47712125471966244,integrated,False,True,56.448856574978905,44.75999999999957
896,3,0.47712125471966244,extinct,True,False,,
897,3,0.47712125471966244,integrated,False,True,55.835141562414194,44.75999999999957
898,3,0.47712125471966244,extinct,True,False,,
899,3,0.47712125471966244,extinct,True,False,,
900,3,0.47712125471966244,integrated,False,True,57.0535406486119,45.959999999999546
901,3,0.47712125471966244,integrated,False,True,56.52902098986509,45.479999999999556
902,3,0.47712125471966244,integrated,False,True,55.37078682588208,44.639999999999574
903,3,0.47712125471966244,integrated,False,True,55.709272765189354,44.639999999999574
904,3,0.47712125471966244,extinct,True,False,,
905,3,0.47712125471966244,extinct,True,False,,
906,3,0.47712125471966244,integrated,False,True,55.46261315692509,44.639999999999574
907,3,0.47712125471966244,integrated,False,True,56.65858189053131,45.119999999999564
908,3,0.47712125471966244,integrated,False,True,55.12127121170369,44.27999999999958
909,3,0.47712125471966244,integrated,False,True,56.21618660585281,45.23999999999956
910,3,0.47712125471966244,integrated,False,True,56.19449909608632,44.75999999999957
911,3,0.47712125471966244,integrated,False,True,56.615189279272144,45.35999999999956
912,3,0.47712125471966244,extinct,True,False,,
913,3,0.47712125471966244,extinct,True,False,,
914,3,0.47712125471966244,extinct,True,False,,
915,3,0.47712125471966244,extinct,True,False,,
916,3,0.47712125471966244,extinct,True,False,,
917,3,0.47712125471966244,integrated,False,True,55.004278272354846,44.27999999999958
918,3,0.47712125471966244,integrated,False,True,56.31048260617626,45.23999999999956
919,3,0.47712125471966244,integrated,False,True,56.574700077593704,45.479999999999556
920,3,0.47712125471966244,integrated,False,True,56.14844520523639,44.99999999999957
921,3,0.47712125471966244,integrated,False,True,57.272370293202144,46.19999999999954
922,3,0.47712125471966244,extinct,True,False,,
923,3,0.47712125471966244,integrated,False,True,55.36857155537979,44.51999999999958
924,3,0.47712125471966244,integrated,False,True,56.509734001853616,45.479999999999556
925,3,0.47712125471966244,integrated,False,True,55.8777855728997,44.39999999999958
926,3,0.47712125471966244,integrated,False,True,55.983887709710245,44.87999999999957
927,3,0.47712125471966244,extinct,True,False,,
928,3,0.47712125471966244,extinct,True,False,,
929,3,0.47712125471966244,extinct,True,False,,
930,3,0.47712125471966244,extinct,True,False,,
931,3,0.47712125471966244,integrated,False,True,55.589461674940154,44.51999999999958
932,3,0.47712125471966244,extinct,True,False,,
933,3,0.47712125471966244,integrated,False,True,56.01133247812117,44.99999999999957
934,3,0.47712125471966244,extinct,True,False,,
935,3,0.47712125471966244,integrated,False,True,56.60945389708257,45.479999999999556
936,3,0.47712125471966244,integrated,False,True,55.754886744930175,44.639999999999574
937,3,0.47712125471966244,extinct,True,False,,
938,3,0.47712125471966244,integrated,False,True,55.73082846377863,44.639999999999574
939,3,0.47712125471966244,integrated,False,True,57.12902776953047,45.599999999999554
940,3,0.47712125471966244,integrated,False,True,56.37838599341325,45.35999999999956
941,3,0.47712125471966244,integrated,False,True,58.953521268517676,47.399999999999515
942,3,0.47712125471966244,integrated,False,True,57.280966081445776,45.959999999999546
943,3,0.47712125471966244,integrated,False,True,56.819099864307205,45.35999999999956
944,3,0.47712125471966244,integrated,False,True,55.768807922390586,44.75999999999957
945,3,0.47712125471966244,extinct,True,False,,
946,3,0.47712125471966244,extinct,True,False,,
947,3,0.47712125471966244,extinct,True,False,,
948,3,0.47712125471966244,integrated,False,True,55.32247886471956,44.27999999999958
949,3,0.47712125471966244,integrated,False,True,56.254345953826544,44.39999999999958
950,3,0.47712125471966244,integrated,False,True,55.93825516040982,44.51999999999958
951,3,0.47712125471966244,integrated,False,True,56.025817553427615,44.99999999999957
952,3,0.47712125471966244,extinct,True,False,,
953,3,0.47712125471966244,integrated,False,True,55.916745588295356,44.87999999999957
954,3,0.47712125471966244,integrated,False,True,55.44872064947684,44.51999999999958
955,3,0.47712125471966244,extinct,True,False,,
956,3,0.47712125471966244,integrated,False,True,56.33734894851319,44.87999999999957
957,3,0.47712125471966244,extinct,True,False,,
958,3,0.47712125471966244,extinct,True,False,,
959,3,0.47712125471966244,integrated,False,True,55.83971795970194,44.99999999999957
960,3,0.47712125471966244,integrated,False,True,57.1252951534069,45.83999999999955
961,3,0.47712125471966244,integrated,False,True,55.77971125074226,44.639999999999574
962,3,0.47712125471966244,integrated,False,True,55.87502896972623,44.51999999999958
963,3,0.47712125471966244,integrated,False,True,56.54802834743612,45.479999999999556
964,3,0.47712125471966244,integrated,False,True,56.19560890196392,45.119999999999564
965,3,0.47712125471966244,extinct,True,False,,
966,3,0.47712125471966244,integrated,False,True,55.71553231173267,44.639999999999574
967,3,0.47712125471966244,integrated,False,True,54.97456256316776,44.51999999999958
968,3,0.47712125471966244,integrated,False,True,55.07064051196099,44.39999999999958
969,3,0.47712125471966244,extinct,True,False,,
970,3,0.47712125471966244,integrated,False,True,57.23424811912196,45.71999999999955
971,3,0.47712125471966244,integrated,False,True,55.75751580458942,44.75999999999957
972,3,0.47712125471966244,integrated,False,True,55.05112935123888,44.39999999999958
973,3,0.47712125471966244,extinct,True,False,,
974,3,0.47712125471966244,extinct,True,False,,
975,3,0.47712125471966244,integrated,False,True,54.68979922865561,44.159999999999584
976,3,0.47712125471966244,integrated,False,True,56.30336410599651,44.99999999999957
977,3,0.47712125471966244,integrated,False,True,55.49172342697533,44.87999999999957
978,3,0.47712125471966244,integrated,False,True,56.52570300432264,44.75999999999957
979,3,0.47712125471966244,integrated,False,True,56.98168981731774,45.71999999999955
980,3,0.47712125471966244,integrated,False,True,55.10055127119384,44.39999999999958
981,3,0.47712125471966244,integrated,False,True,56.59673287639918,44.99999999999957
982,3,0.47712125471966244,extinct,True,False,,
983,3,0.47712125471966244,integrated,False,True,57.10692919987471,45.599999999999554
984,3,0.47712125471966244,extinct,True,False,,
985,3,0.47712125471966244,integrated,False,True,56.26422612347128,44.87999999999957
986,3,0.47712125471966244,integrated,False,True,56.84773683254609,44.99999999999957
987,3,0.47712125471966244,integrated,False,True,56.427069560932495,45.479999999999556
988,3,0.47712125471966244,integrated,False,True,55.739363247310145,44.639999999999574
989,3,0.47712125471966244,extinct,True,False,,
990,3,0.47712125471966244,integrated,False,True,55.02514410845771,44.39999999999958
991,3,0.47712125471966244,integrated,False,True,55.81090950637001,44.75999999999957
992,3,0.47712125471966244,integrated,False,True,56.81418763267166,45.71999999999955
993,3,0.47712125471966244,extinct,True,False,,
994,3,0.47712125471966244,extinct,True,False,,
995,3,0.47712125471966244,integrated,False,True,55.075073761077775,44.39999999999958
996,3,0.47712125471966244,integrated,False,True,55.332991494259865,44.639999999999574
997,3,0.47712125471966244,extinct,True,False,,
998,3,0.47712125471966244,integrated,False,True,54.88424442574299,44.159999999999584
999,3,0.47712125471966244,extinct,True,False,,
0,10,1.0,integrated,False,True,55.430819299199236,44.75999999999957
1,10,1.0,integrated,False,True,56.23031231779932,45.119999999999564
2,10,1.0,integrated,False,True,56.31423948981623,45.23999999999956
3,10,1.0,integrated,False,True,55.29329198885308,44.27999999999958
4,10,1.0,integrated,False,True,55.22536495853949,44.27999999999958
5,10,1.0,integrated,False,True,55.44446156681434,44.27999999999958
6,10,1.0,integrated,False,True,54.80563167298947,44.27999999999958
7,10,1.0,integrated,False,True,54.74050602048933,44.03999999999959
8,10,1.0,integrated,False,True,55.222636876419614,44.51999999999958
9,10,1.0,integrated,False,True,55.18251459160776,44.159999999999584
10,10,1.0,integrated,False,True,56.92488320332568,45.71999999999955
11,10,1.0,integrated,False,True,56.25729424529894,44.87999999999957
12,10,1.0,integrated,False,True,55.9645099668212,45.119999999999564
13,10,1.0,integrated,False,True,54.79786357328223,44.159999999999584
14,10,1.0,integrated,False,True,54.28946596844857,44.03999999999959
15,10,1.0,integrated,False,True,55.193366760347246,44.39999999999958
16,10,1.0,integrated,False,True,55.875169636142886,44.87999999999957
17,10,1.0,integrated,False,True,55.45811517588754,44.639999999999574
18,10,1.0,integrated,False,True,55.02431047434213,44.27999999999958
19,10,1.0,integrated,False,True,56.59976381037838,44.99999999999957
20,10,1.0,integrated,False,True,54.99818082944821,44.27999999999958
21,10,1.0,integrated,False,True,54.30020694859158,44.03999999999959
22,10,1.0,integrated,False,True,55.7737555143988,44.639999999999574
23,10,1.0,integrated,False,True,56.13681156871277,45.119999999999564
24,10,1.0,integrated,False,True,54.751402350227394,44.159999999999584
25,10,1.0,integrated,False,True,56.62095903559538,45.35999999999956
26,10,1.0,integrated,False,True,55.465248889607096,44.51999999999958
27,10,1.0,integrated,False,True,55.605252760197246,44.87999999999957
28,10,1.0,integrated,False,True,54.50388687122994,44.159999999999584
29,10,1.0,integrated,False,True,55.19783916344895,44.27999999999958
30,10,1.0,integrated,False,True,56.39485546826769,44.87999999999957
31,10,1.0,integrated,False,True,54.959593401123534,44.27999999999958
32,10,1.0,integrated,False,True,56.02539747343113,44.51999999999958
33,10,1.0,integrated,False,True,55.235407921298666,44.51999999999958
34,10,1.0,integrated,False,True,54.27197151810643,44.03999999999959
35,10,1.0,integrated,False,True,55.770033443833384,44.639999999999574
36,10,1.0,integrated,False,True,54.99723122968983,44.27999999999958
37,10,1.0,integrated,False,True,54.2405420879072,44.03999999999959
38,10,1.0,integrated,False,True,55.059211901492446,44.39999999999958
39,10,1.0,integrated,False,True,54.91807306156049,44.159999999999584
40,10,1.0,integrated,False,True,54.48994804202853,44.159999999999584
41,10,1.0,integrated,False,True,55.67609619145504,44.51999999999958
42,10,1.0,integrated,False,True,54.51910400500022,44.159999999999584
43,10,1.0,integrated,False,True,56.61903174636562,45.119999999999564
44,10,1.0,integrated,False,True,54.773372934817296,44.159999999999584
45,10,1.0,integrated,False,True,54.76779032724295,44.39999999999958
46,10,1.0,integrated,False,True,54.88806960689891,44.51999999999958
47,10,1.0,extinct,True,False,,
48,10,1.0,integrated,False,True,56.17430161751553,44.87999999999957
49,10,1.0,integrated,False,True,55.7392310775167,44.51999999999958
50,10,1.0,integrated,False,True,54.641155241350006,44.27999999999958
51,10,1.0,integrated,False,True,55.6177041393766,44.51999999999958
52,10,1.0,integrated,False,True,55.246606165068584,44.639999999999574
53,10,1.0,extinct,True,False,,
54,10,1.0,integrated,False,True,55.243961356339696,44.51999999999958
55,10,1.0,integrated,False,True,54.89970148491187,44.27999999999958
56,10,1.0,integrated,False,True,55.40167686136731,44.51999999999958
57,10,1.0,integrated,False,True,55.30513267186171,44.639999999999574
58,10,1.0,integrated,False,True,55.22483028881393,44.75999999999957
59,10,1.0,integrated,False,True,54.87640286790277,44.159999999999584
60,10,1.0,integrated,False,True,55.65354006013706,44.639999999999574
61,10,1.0,integrated,False,True,55.75726699323266,44.639999999999574
62,10,1.0,integrated,False,True,55.25643547009405,44.27999999999958
63,10,1.0,integrated,False,True,54.6761646045976,44.159999999999584
64,10,1.0,integrated,False,True,54.639935471164904,44.159999999999584
65,10,1.0,integrated,False,True,56.26352911719563,44.87999999999957
66,10,1.0,integrated,False,True,55.15251956519782,44.39999999999958
67,10,1.0,integrated,False,True,56.64001061407144,45.599999999999554
68,10,1.0,integrated,False,True,54.26942839031685,44.159999999999584
69,10,1.0,integrated,False,True,55.2128821131341,44.39999999999958
70,10,1.0,integrated,False,True,54.973521361532846,44.39999999999958
71,10,1.0,integrated,False,True,54.64149686861087,44.159999999999584
72,10,1.0,integrated,False,True,54.3969836153355,44.27999999999958
73,10,1.0,integrated,False,True,54.77671534010459,44.51999999999958
74,10,1.0,integrated,False,True,55.44771439901931,44.51999999999958
75,10,1.0,integrated,False,True,56.42793257216955,45.35999999999956
76,10,1.0,integrated,False,True,56.30108656083678,45.119999999999564
77,10,1.0,integrated,False,True,55.47250078648288,44.87999999999957
78,10,1.0,integrated,False,True,55.31430949957237,44.639999999999574
79,10,1.0,integrated,False,True,54.406787925909995,44.03999999999959
80,10,1.0,integrated,False,True,55.74862378936541,44.639999999999574
81,10,1.0,integrated,False,True,54.55229912780071,44.39999999999958
82,10,1.0,integrated,False,True,54.29190165611146,44.03999999999959
83,10,1.0,extinct,True,False,,
84,10,1.0,integrated,False,True,54.73724559391904,44.159999999999584
85,10,1.0,integrated,False,True,54.63297203071069,44.27999999999958
86,10,1.0,integrated,False,True,53.769489441734706,43.79999999999959
87,10,1.0,integrated,False,True,56.5541239195882,45.23999999999956
88,10,1.0,integrated,False,True,55.431447633531036,44.39999999999958
89,10,1.0,integrated,False,True,54.993984037253256,44.51999999999958
90,10,1.0,integrated,False,True,54.960907163144725,44.51999999999958
91,10,1.0,integrated,False,True,54.66892894276717,43.91999999999959
92,10,1.0,integrated,False,True,55.36736118480253,44.39999999999958
93,10,1.0,integrated,False,True,55.0481491890325,44.27999999999958
94,10,1.0,integrated,False,True,54.86260828569628,44.159999999999584
95,10,1.0,integrated,False,True,54.72431992204889,44.03999999999959
96,10,1.0,integrated,False,True,55.81410969717476,44.75999999999957
97,10,1.0,integrated,False,True,55.111131604671186,44.159999999999584
98,10,1.0,integrated,False,True,55.21856709148321,44.39999999999958
99,10,1.0,integrated,False,True,54.54407529652296,44.03999999999959
100,10,1.0,integrated,False,True,54.25895070384233,44.159999999999584
101,10,1.0,integrated,False,True,54.67678605567721,44.159999999999584
102,10,1.0,integrated,False,True,55.71951496431315,44.639999999999574
103,10,1.0,integrated,False,True,54.572566649594535,44.159999999999584
104,10,1.0,integrated,False,True,55.150934259557815,44.159999999999584
105,10,1.0,integrated,False,True,54.57738071299549,44.159999999999584
106,10,1.0,integrated,False,True,54.11797221999683,43.91999999999959
107,10,1.0,integrated,False,True,55.183381146515174,44.75999999999957
108,10,1.0,integrated,False,True,54.29751366791818,44.03999999999959
109,10,1.0,integrated,False,True,53.91940172760586,43.91999999999959
110,10,1.0,integrated,False,True,54.917295577446616,44.51999999999958
111,10,1.0,integrated,False,True,54.99182098765789,44.27999999999958
112,10,1.0,integrated,False,True,55.06914764162922,44.39999999999958
113,10,1.0,integrated,False,True,55.793041988132316,44.75999999999957
114,10,1.0,integrated,False,True,56.01322201727059,44.87999999999957
115,10,1.0,integrated,False,True,55.664343007775614,44.51999999999958
116,10,1.0,integrated,False,True,54.43953362330338,44.159999999999584
117,10,1.0,integrated,False,True,54.647850574537685,44.159999999999584
118,10,1.0,integrated,False,True,54.968515185214926,44.27999999999958
119,10,1.0,integrated,False,True,54.84237773622426,44.159999999999584
120,10,1.0,integrated,False,True,55.35183719546288,44.51999999999958
121,10,1.0,integrated,False,True,55.77937771800569,44.87999999999957
122,10,1.0,integrated,False,True,54.6862860423158,44.159999999999584
123,10,1.0,integrated,False,True,55.52337352973346,44.75999999999957
124,10,1.0,integrated,False,True,54.47552798917428,44.03999999999959
125,10,1.0,integrated,False,True,53.886567594666296,43.79999999999959
126,10,1.0,integrated,False,True,54.65527467238499,44.27999999999958
127,10,1.0,integrated,False,True,54.52769540269746,44.159999999999584
128,10,1.0,integrated,False,True,55.808922783968896,44.639999999999574
129,10,1.0,integrated,False,True,56.468284365317786,45.35999999999956
130,10,1.0,integrated,False,True,54.59162838676626,44.159999999999584
131,10,1.0,integrated,False,True,55.59711272624378,44.75999999999957
132,10,1.0,integrated,False,True,54.785901401667985,44.39999999999958
133,10,1.0,integrated,False,True,54.27650313185798,44.159999999999584
134,10,1.0,integrated,False,True,56.19348867176699,44.99999999999957
135,10,1.0,integrated,False,True,55.961310154438024,44.39999999999958
136,10,1.0,integrated,False,True,55.830196092311155,45.119999999999564
137,10,1.0,integrated,False,True,54.96300374575445,44.27999999999958
138,10,1.0,integrated,False,True,54.126299282317866,43.79999999999959
139,10,1.0,integrated,False,True,55.60225377834895,44.639999999999574
140,10,1.0,integrated,False,True,54.02657673930719,43.91999999999959
141,10,1.0,integrated,False,True,54.738271257948384,44.39999999999958
142,10,1.0,integrated,False,True,56.478957936045475,44.87999999999957
143,10,1.0,integrated,False,True,54.715814499054076,44.27999999999958
144,10,1.0,integrated,False,True,54.54862767758699,43.91999999999959
145,10,1.0,integrated,False,True,55.03236960433071,44.27999999999958
146,10,1.0,integrated,False,True,56.08511548196914,44.75999999999957
147,10,1.0,integrated,False,True,55.2000163531118,44.159999999999584
148,10,1.0,extinct,True,False,,
149,10,1.0,integrated,False,True,55.791688127891746,45.119999999999564
150,10,1.0,integrated,False,True,54.99634367348773,44.39999999999958
151,10,1.0,integrated,False,True,55.80915119682879,44.639999999999574
152,10,1.0,integrated,False,True,55.0178429725426,44.27999999999958
153,10,1.0,integrated,False,True,56.46088101126014,45.119999999999564
154,10,1.0,integrated,False,True,56.17093658725312,44.51999999999958
155,10,1.0,integrated,False,True,55.31387936977595,44.639999999999574
156,10,1.0,integrated,False,True,54.58416794094039,44.03999999999959
157,10,1.0,integrated,False,True,55.42708749804763,44.51999999999958
158,10,1.0,integrated,False,True,55.471109213506196,44.75999999999957
159,10,1.0,integrated,False,True,54.18303206228903,44.159999999999584
160,10,1.0,integrated,False,True,54.99725039619299,44.27999999999958
161,10,1.0,integrated,False,True,54.92096585310023,44.27999999999958
162,10,1.0,integrated,False,True,54.454488959870694,44.03999999999959
163,10,1.0,integrated,False,True,54.59098086491577,44.159999999999584
164,10,1.0,integrated,False,True,54.68457393599182,44.03999999999959
165,10,1.0,integrated,False,True,55.40646164477409,44.639999999999574
166,10,1.0,integrated,False,True,54.51554008680826,44.03999999999959
167,10,1.0,integrated,False,True,56.43887971042905,45.35999999999956
168,10,1.0,integrated,False,True,54.360908920834305,44.03999999999959
169,10,1.0,integrated,False,True,54.74631584914862,44.39999999999958
170,10,1.0,integrated,False,True,54.94058252617624,44.39999999999958
171,10,1.0,integrated,False,True,54.80208098083428,44.27999999999958
172,10,1.0,integrated,False,True,54.892978218438984,44.27999999999958
173,10,1.0,integrated,False,True,54.06792495914428,43.91999999999959
174,10,1.0,integrated,False,True,54.218608810672706,44.159999999999584
175,10,1.0,integrated,False,True,56.67840072104878,45.599999999999554
176,10,1.0,integrated,False,True,55.64099247914452,44.639999999999574
177,10,1.0,integrated,False,True,54.861721896171844,44.03999999999959
178,10,1.0,integrated,False,True,55.27258472408594,44.27999999999958
179,10,1.0,integrated,False,True,54.60448362545628,44.27999999999958
180,10,1.0,integrated,False,True,54.722473060366056,44.03999999999959
181,10,1.0,integrated,False,True,54.30233142135221,43.91999999999959
182,10,1.0,integrated,False,True,56.34910568188684,44.99999999999957
183,10,1.0,integrated,False,True,55.520579237946336,44.51999999999958
184,10,1.0,integrated,False,True,54.14903247673266,44.03999999999959
185,10,1.0,integrated,False,True,54.493501760764175,44.03999999999959
186,10,1.0,integrated,False,True,55.57839256499268,44.39999999999958
187,10,1.0,integrated,False,True,55.074018734684365,44.51999999999958
188,10,1.0,integrated,False,True,55.56121623915616,44.639999999999574
189,10,1.0,integrated,False,True,54.925073361316606,44.27999999999958
190,10,1.0,integrated,False,True,56.100442117239325,44.99999999999957
191,10,1.0,integrated,False,True,54.65972013866481,44.27999999999958
192,10,1.0,integrated,False,True,54.95309731467351,44.39999999999958
193,10,1.0,integrated,False,True,54.53191499080401,44.159999999999584
194,10,1.0,integrated,False,True,54.740275963421766,44.39999999999958
195,10,1.0,integrated,False,True,54.245693992733834,44.03999999999959
196,10,1.0,integrated,False,True,54.60396213933903,44.27999999999958
197,10,1.0,integrated,False,True,55.769547651514856,44.39999999999958
198,10,1.0,integrated,False,True,54.84036545907559,44.27999999999958
199,10,1.0,integrated,False,True,55.29930863671213,44.639999999999574
200,10,1.0,integrated,False,True,56.743545431710444,45.71999999999955
201,10,1.0,integrated,False,True,54.730910281100094,44.27999999999958
202,10,1.0,integrated,False,True,54.61164563634918,44.27999999999958
203,10,1.0,integrated,False,True,55.33020300057811,44.75999999999957
204,10,1.0,integrated,False,True,54.08004325065996,43.79999999999959
205,10,1.0,integrated,False,True,55.352370138002115,44.639999999999574
206,10,1.0,integrated,False,True,55.11255476782048,44.39999999999958
207,10,1.0,integrated,False,True,55.5799347518642,44.75999999999957
208,10,1.0,integrated,False,True,54.86145708589869,44.39999999999958
209,10,1.0,integrated,False,True,55.886476434971264,44.75999999999957
210,10,1.0,integrated,False,True,54.60982452106373,44.159999999999584
211,10,1.0,integrated,False,True,54.45791801145279,44.27999999999958
212,10,1.0,extinct,True,False,,
213,10,1.0,integrated,False,True,56.081720726169166,44.99999999999957
214,10,1.0,integrated,False,True,55.37002872801992,44.39999999999958
215,10,1.0,integrated,False,True,54.30160115921757,44.03999999999959
216,10,1.0,integrated,False,True,54.72073339414264,44.159999999999584
217,10,1.0,integrated,False,True,55.11006702245453,44.27999999999958
218,10,1.0,integrated,False,True,54.58166143961011,44.159999999999584
219,10,1.0,integrated,False,True,55.16410987476678,44.51999999999958
220,10,1.0,integrated,False,True,54.45212113475733,44.03999999999959
221,10,1.0,integrated,False,True,55.82350906859234,44.39999999999958
222,10,1.0,integrated,False,True,54.6648324591189,44.159999999999584
223,10,1.0,integrated,False,True,55.44338232258535,44.75999999999957
224,10,1.0,integrated,False,True,54.440442593679,44.159999999999584
225,10,1.0,integrated,False,True,54.65627295049465,44.27999999999958
226,10,1.0,integrated,False,True,54.819241867128454,44.159999999999584
227,10,1.0,integrated,False,True,54.20447921470192,44.159999999999584
228,10,1.0,integrated,False,True,55.13505238944731,44.27999999999958
229,10,1.0,integrated,False,True,54.655644910403375,44.159999999999584
230,10,1.0,integrated,False,True,54.438933066473815,44.159999999999584
231,10,1.0,integrated,False,True,54.97837103292245,44.39999999999958
232,10,1.0,integrated,False,True,54.897966330325154,44.39999999999958
233,10,1.0,integrated,False,True,54.95359010822684,44.39999999999958
234,10,1.0,integrated,False,True,54.434237364943925,44.39999999999958
235,10,1.0,integrated,False,True,54.26473634666273,43.91999999999959
236,10,1.0,integrated,False,True,55.05047262871358,44.27999999999958
237,10,1.0,extinct,True,False,,
238,10,1.0,integrated,False,True,55.708857568624296,44.639999999999574
239,10,1.0,integrated,False,True,55.94272413924221,44.87999999999957
240,10,1.0,integrated,False,True,55.17390564853373,44.75999999999957
241,10,1.0,integrated,False,True,54.4797797798075,44.03999999999959
242,10,1.0,integrated,False,True,56.53791316778185,44.99999999999957
243,10,1.0,integrated,False,True,55.57183583294315,44.87999999999957
244,10,1.0,integrated,False,True,55.84835663569376,44.639999999999574
245,10,1.0,integrated,False,True,55.409087734262975,44.39999999999958
246,10,1.0,integrated,False,True,55.59048746113105,44.51999999999958
247,10,1.0,integrated,False,True,56.20511597853534,45.119999999999564
248,10,1.0,integrated,False,True,55.69655919221949,44.99999999999957
249,10,1.0,integrated,False,True,55.992745019722264,45.119999999999564
250,10,1.0,integrated,False,True,54.93660895299607,44.159999999999584
251,10,1.0,integrated,False,True,54.89426342330184,44.159999999999584
252,10,1.0,integrated,False,True,54.893688237805236,44.51999999999958
253,10,1.0,integrated,False,True,56.633121131025284,45.23999999999956
254,10,1.0,integrated,False,True,55.2358842757594,44.39999999999958
255,10,1.0,integrated,False,True,55.53026913952243,44.39999999999958
256,10,1.0,integrated,False,True,54.40955909028952,44.03999999999959
257,10,1.0,integrated,False,True,55.35196203823035,44.39999999999958
258,10,1.0,integrated,False,True,55.6949097841043,44.99999999999957
259,10,1.0,integrated,False,True,54.06246247036003,44.159999999999584
260,10,1.0,integrated,False,True,55.133514835990596,44.39999999999958
261,10,1.0,integrated,False,True,54.63451204223813,44.27999999999958
262,10,1.0,integrated,False,True,56.92925426841757,45.35999999999956
263,10,1.0,integrated,False,True,56.138465298824144,45.119999999999564
264,10,1.0,integrated,False,True,54.03977845882143,44.159999999999584
265,10,1.0,integrated,False,True,55.56259434846581,44.51999999999958
266,10,1.0,integrated,False,True,56.799865664168706,45.23999999999956
267,10,1.0,integrated,False,True,55.88052051682228,44.87999999999957
268,10,1.0,integrated,False,True,53.86508046329193,43.91999999999959
269,10,1.0,integrated,False,True,54.84822682636015,44.159999999999584
270,10,1.0,integrated,False,True,55.74040309036879,44.639999999999574
271,10,1.0,integrated,False,True,56.60165916456576,45.479999999999556
272,10,1.0,integrated,False,True,54.628006757757134,44.27999999999958
273,10,1.0,integrated,False,True,54.69563370448876,44.27999999999958
274,10,1.0,integrated,False,True,55.056093791858586,44.03999999999959
275,10,1.0,integrated,False,True,57.05706009170797,45.479999999999556
276,10,1.0,integrated,False,True,55.51154063420765,44.87999999999957
277,10,1.0,integrated,False,True,55.038639068239604,44.03999999999959
278,10,1.0,integrated,False,True,54.36087239460029,44.159999999999584
279,10,1.0,integrated,False,True,54.33534037750316,44.159999999999584
280,10,1.0,integrated,False,True,55.91814725894709,44.75999999999957
281,10,1.0,integrated,False,True,56.37050745799673,44.87999999999957
282,10,1.0,integrated,False,True,55.78566547797979,44.75999999999957
283,10,1.0,integrated,False,True,55.91431043889315,44.87999999999957
284,10,1.0,integrated,False,True,56.523018862389875,45.35999999999956
285,10,1.0,integrated,False,True,55.51548262036617,44.39999999999958
286,10,1.0,integrated,False,True,55.3379041805202,44.639999999999574
287,10,1.0,integrated,False,True,54.52554968491988,44.159999999999584
288,10,1.0,integrated,False,True,54.674352706619885,44.27999999999958
289,10,1.0,integrated,False,True,55.92050002587179,44.87999999999957
290,10,1.0,integrated,False,True,55.18835125554282,44.27999999999958
291,10,1.0,integrated,False,True,53.81593040379839,44.03999999999959
292,10,1.0,integrated,False,True,54.95021608592475,44.27999999999958
293,10,1.0,integrated,False,True,56.024081988207854,44.99999999999957
294,10,1.0,integrated,False,True,55.41791739228778,44.51999999999958
295,10,1.0,integrated,False,True,56.51079188024839,45.119999999999564
296,10,1.0,integrated,False,True,54.33479919332923,43.91999999999959
297,10,1.0,integrated,False,True,54.64049288411555,44.27999999999958
298,10,1.0,integrated,False,True,55.18956146734121,44.51999999999958
299,10,1.0,integrated,False,True,54.76520064419611,44.27999999999958
300,10,1.0,integrated,False,True,55.95075008200493,44.87999999999957
301,10,1.0,integrated,False,True,54.16747422276299,44.03999999999959
302,10,1.0,integrated,False,True,55.18590978762074,44.51999999999958
303,10,1.0,integrated,False,True,54.798223814302574,44.27999999999958
304,10,1.0,integrated,False,True,55.54421290517517,44.639999999999574
305,10,1.0,integrated,False,True,56.26026801375333,44.99999999999957
306,10,1.0,integrated,False,True,55.08992414359609,44.51999999999958
307,10,1.0,integrated,False,True,55.19278165399762,44.39999999999958
308,10,1.0,integrated,False,True,55.16026277298204,44.51999999999958
309,10,1.0,integrated,False,True,53.99634340379007,43.91999999999959
310,10,1.0,integrated,False,True,54.83666118112801,44.27999999999958
311,10,1.0,integrated,False,True,54.43310707031213,44.03999999999959
312,10,1.0,integrated,False,True,54.649436440123225,44.159999999999584
313,10,1.0,integrated,False,True,55.04745330194996,44.39999999999958
314,10,1.0,integrated,False,True,56.615082500453475,45.35999999999956
315,10,1.0,integrated,False,True,55.63575412881447,44.75999999999957
316,10,1.0,integrated,False,True,56.05104955712319,44.39999999999958
317,10,1.0,extinct,True,False,,
318,10,1.0,integrated,False,True,55.42945772938349,44.75999999999957
319,10,1.0,integrated,False,True,54.543507084910914,44.03999999999959
320,10,1.0,integrated,False,True,55.944205572152356,44.87999999999957
321,10,1.0,integrated,False,True,55.26239888694111,44.39999999999958
322,10,1.0,integrated,False,True,54.57119011209197,44.159999999999584
323,10,1.0,integrated,False,True,55.44929104951604,44.51999999999958
324,10,1.0,extinct,True,False,,
325,10,1.0,integrated,False,True,55.63062051143936,44.99999999999957
326,10,1.0,integrated,False,True,54.822929734686326,44.27999999999958
327,10,1.0,integrated,False,True,54.84844215009427,44.159999999999584
328,10,1.0,extinct,True,False,,
329,10,1.0,integrated,False,True,55.475502661560846,44.39999999999958
330,10,1.0,integrated,False,True,56.75392613518698,45.71999999999955
331,10,1.0,extinct,True,False,,
332,10,1.0,integrated,False,True,55.63728143239625,44.639999999999574
333,10,1.0,integrated,False,True,54.948098480397285,44.51999999999958
334,10,1.0,integrated,False,True,54.589603687938876,44.03999999999959
335,10,1.0,integrated,False,True,55.19221166453153,44.639999999999574
336,10,1.0,integrated,False,True,54.51200062259336,44.159999999999584
337,10,1.0,integrated,False,True,54.82015412566582,44.27999999999958
338,10,1.0,integrated,False,True,55.33896118918324,44.39999999999958
339,10,1.0,integrated,False,True,56.22183175584736,45.119999999999564
340,10,1.0,integrated,False,True,54.503919918660074,44.159999999999584
341,10,1.0,integrated,False,True,55.982101868351656,44.87999999999957
342,10,1.0,integrated,False,True,54.73100327978962,44.159999999999584
343,10,1.0,integrated,False,True,56.54653011730181,45.479999999999556
344,10,1.0,integrated,False,True,56.63731601973191,45.119999999999564
345,10,1.0,integrated,False,True,54.958944914712774,44.27999999999958
346,10,1.0,integrated,False,True,55.41826571637974,44.75999999999957
347,10,1.0,integrated,False,True,54.15979216651999,43.91999999999959
348,10,1.0,extinct,True,False,,
349,10,1.0,integrated,False,True,54.49029970742147,44.03999999999959
350,10,1.0,integrated,False,True,55.37577887387083,44.639999999999574
351,10,1.0,integrated,False,True,55.28475790688654,44.159999999999584
352,10,1.0,integrated,False,True,54.753617010584314,44.159999999999584
353,10,1.0,integrated,False,True,55.31621827789203,44.27999999999958
354,10,1.0,integrated,False,True,54.38945804039842,44.159999999999584
355,10,1.0,integrated,False,True,54.525524893887194,43.91999999999959
356,10,1.0,integrated,False,True,55.563539441915296,44.39999999999958
357,10,1.0,integrated,False,True,55.03264359413264,44.39999999999958
358,10,1.0,integrated,False,True,55.67268492755891,44.75999999999957
359,10,1.0,extinct,True,False,,
360,10,1.0,integrated,False,True,54.734539535546205,44.03999999999959
361,10,1.0,integrated,False,True,54.824297224435256,44.27999999999958
362,10,1.0,integrated,False,True,55.36891921167563,44.639999999999574
363,10,1.0,integrated,False,True,56.21383927871241,45.119999999999564
364,10,1.0,integrated,False,True,55.39048982784452,44.75999999999957
365,10,1.0,integrated,False,True,54.51845463103707,44.03999999999959
366,10,1.0,integrated,False,True,54.89676800545605,44.39999999999958
367,10,1.0,integrated,False,True,54.911966677321445,44.159999999999584
368,10,1.0,integrated,False,True,55.63428299728312,44.639999999999574
369,10,1.0,integrated,False,True,54.71694160652962,44.39999999999958
370,10,1.0,integrated,False,True,55.30275201892979,44.51999999999958
371,10,1.0,integrated,False,True,55.290140018028524,44.51999999999958
372,10,1.0,integrated,False,True,54.49966104138023,44.159999999999584
373,10,1.0,integrated,False,True,54.67703848958539,44.27999999999958
374,10,1.0,integrated,False,True,55.004465239077945,44.39999999999958
375,10,1.0,extinct,True,False,,
376,10,1.0,integrated,False,True,54.319384963087074,44.39999999999958
377,10,1.0,integrated,False,True,54.516437270033435,44.39999999999958
378,10,1.0,integrated,False,True,54.933022302931946,44.51999999999958
379,10,1.0,integrated,False,True,54.56941950909855,44.159999999999584
380,10,1.0,integrated,False,True,55.19895300975145,44.39999999999958
381,10,1.0,integrated,False,True,55.56767371298785,44.75999999999957
382,10,1.0,integrated,False,True,55.47370854276637,44.51999999999958
383,10,1.0,extinct,True,False,,
384,10,1.0,integrated,False,True,54.121158933666024,43.91999999999959
385,10,1.0,integrated,False,True,55.98879860678527,44.87999999999957
386,10,1.0,integrated,False,True,55.332102727228516,44.27999999999958
387,10,1.0,integrated,False,True,54.08882133876699,44.03999999999959
388,10,1.0,integrated,False,True,54.51717075513066,44.03999999999959
389,10,1.0,integrated,False,True,54.455762820273094,44.159999999999584
390,10,1.0,integrated,False,True,56.19150809096926,45.119999999999564
391,10,1.0,integrated,False,True,54.94609907077273,44.51999999999958
392,10,1.0,integrated,False,True,55.45443557061517,44.39999999999958
393,10,1.0,integrated,False,True,55.003255522342286,44.27999999999958
394,10,1.0,integrated,False,True,54.1440243383262,44.03999999999959
395,10,1.0,integrated,False,True,55.95488248117972,44.87999999999957
396,10,1.0,integrated,False,True,55.55710563703279,44.39999999999958
397,10,1.0,integrated,False,True,54.74915154264059,44.03999999999959
398,10,1.0,integrated,False,True,54.95190337158345,44.159999999999584
399,10,1.0,integrated,False,True,54.92822236426805,44.39999999999958
400,10,1.0,integrated,False,True,56.654646827273226,44.75999999999957
401,10,1.0,integrated,False,True,55.66197906132474,44.75999999999957
402,10,1.0,integrated,False,True,55.33215443996076,44.39999999999958
403,10,1.0,integrated,False,True,54.25617089507679,44.03999999999959
404,10,1.0,integrated,False,True,55.615888773588125,44.75999999999957
405,10,1.0,integrated,False,True,54.171445590000374,44.03999999999959
406,10,1.0,integrated,False,True,55.811929206694444,44.75999999999957
407,10,1.0,integrated,False,True,54.522530186686616,44.159999999999584
408,10,1.0,integrated,False,True,54.97084372612239,44.27999999999958
409,10,1.0,extinct,True,False,,
410,10,1.0,integrated,False,True,54.876990468689755,44.39999999999958
411,10,1.0,integrated,False,True,54.74372543871745,44.27999999999958
412,10,1.0,integrated,False,True,54.78976871277523,44.159999999999584
413,10,1.0,integrated,False,True,55.436752451623605,44.75999999999957
414,10,1.0,integrated,False,True,55.207065085916526,44.51999999999958
415,10,1.0,integrated,False,True,55.428862546101975,44.51999999999958
416,10,1.0,integrated,False,True,55.24456437269416,44.51999999999958
417,10,1.0,integrated,False,True,55.38364018914706,44.51999999999958
418,10,1.0,integrated,False,True,54.83347017506,44.27999999999958
419,10,1.0,integrated,False,True,54.86357282271076,44.159999999999584
420,10,1.0,integrated,False,True,55.164173020024364,44.51999999999958
421,10,1.0,integrated,False,True,56.54932388461819,45.479999999999556
422,10,1.0,integrated,False,True,56.3146165973579,45.119999999999564
423,10,1.0,integrated,False,True,56.82882887089673,45.479999999999556
424,10,1.0,extinct,True,False,,
425,10,1.0,integrated,False,True,55.296439392644814,44.639999999999574
426,10,1.0,integrated,False,True,54.41952379130031,44.03999999999959
427,10,1.0,integrated,False,True,54.71446054100451,44.159999999999584
428,10,1.0,integrated,False,True,56.77340806884921,45.23999999999956
429,10,1.0,integrated,False,True,55.104291270516285,44.39999999999958
430,10,1.0,integrated,False,True,54.89573884231997,44.27999999999958
431,10,1.0,integrated,False,True,55.45178389243148,44.51999999999958
432,10,1.0,integrated,False,True,56.01822033029032,44.87999999999957
433,10,1.0,integrated,False,True,54.42954861541588,44.03999999999959
434,10,1.0,integrated,False,True,54.55273273108943,44.27999999999958
435,10,1.0,integrated,False,True,54.869173596957665,44.27999999999958
436,10,1.0,integrated,False,True,53.99590168381992,43.91999999999959
437,10,1.0,integrated,False,True,55.64199706002886,44.639999999999574
438,10,1.0,integrated,False,True,54.97328365411461,44.27999999999958
439,10,1.0,integrated,False,True,55.814772633720324,44.639999999999574
440,10,1.0,integrated,False,True,55.136502594732775,44.159999999999584
441,10,1.0,integrated,False,True,55.68690986774439,44.639999999999574
442,10,1.0,integrated,False,True,54.38679955379883,44.03999999999959
443,10,1.0,integrated,False,True,54.47667776585931,44.159999999999584
444,10,1.0,integrated,False,True,55.02980568752301,44.39999999999958
445,10,1.0,integrated,False,True,55.45359181659214,44.39999999999958
446,10,1.0,integrated,False,True,54.80644942750993,44.27999999999958
447,10,1.0,integrated,False,True,55.60670799297287,44.51999999999958
448,10,1.0,integrated,False,True,54.063329254763346,43.91999999999959
449,10,1.0,integrated,False,True,54.57804020668323,44.03999999999959
450,10,1.0,integrated,False,True,55.32702081257976,44.639999999999574
451,10,1.0,integrated,False,True,54.75348911781629,44.159999999999584
452,10,1.0,integrated,False,True,56.040608723295136,44.99999999999957
453,10,1.0,integrated,False,True,54.815328461411205,44.03999999999959
454,10,1.0,integrated,False,True,55.02323585001054,44.27999999999958
455,10,1.0,integrated,False,True,54.6959998349582,44.27999999999958
456,10,1.0,integrated,False,True,55.6392403578603,44.75999999999957
457,10,1.0,integrated,False,True,55.6827704617402,44.87999999999957
458,10,1.0,integrated,False,True,56.00123946276367,44.99999999999957
459,10,1.0,integrated,False,True,55.482247198865686,44.75999999999957
460,10,1.0,integrated,False,True,55.280695732459726,44.159999999999584
461,10,1.0,integrated,False,True,75.81671472997417,66.23999999999913
462,10,1.0,integrated,False,True,55.68301459561436,44.639999999999574
463,10,1.0,integrated,False,True,54.298305251090284,43.91999999999959
464,10,1.0,integrated,False,True,54.70755577470457,44.159999999999584
465,10,1.0,integrated,False,True,55.50577360485275,44.39999999999958
466,10,1.0,integrated,False,True,56.109276949190445,44.87999999999957
467,10,1.0,integrated,False,True,55.59519360124267,44.39999999999958
468,10,1.0,integrated,False,True,57.647245440560354,46.19999999999954
469,10,1.0,integrated,False,True,54.416404975303166,44.159999999999584
470,10,1.0,integrated,False,True,54.54900384265632,44.159999999999584
471,10,1.0,integrated,False,True,54.55284147544471,44.03999999999959
472,10,1.0,extinct,True,False,,
473,10,1.0,integrated,False,True,55.38528011746292,44.639999999999574
474,10,1.0,integrated,False,True,56.51697946126423,45.479999999999556
475,10,1.0,integrated,False,True,54.03875285566559,43.91999999999959
476,10,1.0,integrated,False,True,56.58865342170667,44.99999999999957
477,10,1.0,integrated,False,True,54.552794304771474,44.159999999999584
478,10,1.0,integrated,False,True,54.91161552911094,44.159999999999584
479,10,1.0,integrated,False,True,55.99545349870539,44.99999999999957
480,10,1.0,integrated,False,True,54.34686992465069,43.91999999999959
481,10,1.0,integrated,False,True,55.144124278405044,44.39999999999958
482,10,1.0,integrated,False,True,55.19950543645882,44.27999999999958
483,10,1.0,integrated,False,True,55.64095830938251,44.639999999999574
484,10,1.0,integrated,False,True,55.07305827764895,44.39999999999958
485,10,1.0,integrated,False,True,55.057046458254916,44.27999999999958
486,10,1.0,integrated,False,True,54.73424450547664,44.159999999999584
487,10,1.0,integrated,False,True,54.45146309303668,44.27999999999958
488,10,1.0,integrated,False,True,55.22485233773075,44.51999999999958
489,10,1.0,integrated,False,True,55.14341459185382,44.27999999999958
490,10,1.0,integrated,False,True,76.2930707624444,66.47999999999911
491,10,1.0,integrated,False,True,54.41119517862292,44.03999999999959
492,10,1.0,integrated,False,True,54.054189243743906,44.03999999999959
493,10,1.0,integrated,False,True,54.13749898361496,44.03999999999959
494,10,1.0,integrated,False,True,55.1940435310875,44.39999999999958
495,10,1.0,integrated,False,True,54.39161894662483,44.03999999999959
496,10,1.0,integrated,False,True,55.18713987213085,44.39999999999958
497,10,1.0,integrated,False,True,55.0734553430492,44.39999999999958
498,10,1.0,integrated,False,True,55.859032761041576,44.87999999999957
499,10,1.0,integrated,False,True,55.569611898563615,44.51999999999958
500,10,1.0,integrated,False,True,55.467525950976864,44.39999999999958
501,10,1.0,extinct,True,False,,
502,10,1.0,integrated,False,True,54.917621470566814,44.27999999999958
503,10,1.0,integrated,False,True,55.08912055763355,44.39999999999958
504,10,1.0,integrated,False,True,55.86295653018644,44.75999999999957
505,10,1.0,integrated,False,True,55.454808613726826,44.51999999999958
506,10,1.0,integrated,False,True,55.61982011316205,44.51999999999958
507,10,1.0,integrated,False,True,55.54675777850815,44.51999999999958
508,10,1.0,integrated,False,True,54.577333779516614,44.159999999999584
509,10,1.0,integrated,False,True,56.73292688364373,45.23999999999956
510,10,1.0,integrated,False,True,56.728413906661444,45.599999999999554
511,10,1.0,integrated,False,True,56.83251376333382,45.71999999999955
512,10,1.0,integrated,False,True,57.007431088761535,45.479999999999556
513,10,1.0,integrated,False,True,55.16113558027827,44.639999999999574
514,10,1.0,extinct,True,False,,
515,10,1.0,integrated,False,True,54.18244182792169,44.03999999999959
516,10,1.0,integrated,False,True,55.84104573358708,44.639999999999574
517,10,1.0,integrated,False,True,54.20642471230837,43.91999999999959
518,10,1.0,integrated,False,True,55.1054023162988,44.39999999999958
519,10,1.0,integrated,False,True,55.0931138657826,44.39999999999958
520,10,1.0,integrated,False,True,55.81555614528981,44.639999999999574
521,10,1.0,integrated,False,True,55.07773696125625,44.51999999999958
522,10,1.0,integrated,False,True,54.16411537917435,43.91999999999959
523,10,1.0,extinct,True,False,,
524,10,1.0,integrated,False,True,55.08028437097965,44.39999999999958
525,10,1.0,integrated,False,True,54.88842765987892,44.39999999999958
526,10,1.0,integrated,False,True,55.36159673246394,44.639999999999574
527,10,1.0,integrated,False,True,55.34103998289988,44.639999999999574
528,10,1.0,integrated,False,True,55.88540716170506,44.99999999999957
529,10,1.0,integrated,False,True,55.01899315972952,44.27999999999958
530,10,1.0,integrated,False,True,55.72874155677123,44.51999999999958
531,10,1.0,integrated,False,True,56.49295280074232,45.479999999999556
532,10,1.0,integrated,False,True,56.40307083581931,45.119999999999564
533,10,1.0,integrated,False,True,55.906266089694256,44.87999999999957
534,10,1.0,integrated,False,True,56.768044625325984,45.71999999999955
535,10,1.0,integrated,False,True,55.8418612297977,44.87999999999957
536,10,1.0,integrated,False,True,55.71675045770614,44.87999999999957
537,10,1.0,extinct,True,False,,
538,10,1.0,integrated,False,True,56.183499918888316,45.119999999999564
539,10,1.0,integrated,False,True,55.11576582286885,44.51999999999958
540,10,1.0,integrated,False,True,55.36841429190976,44.639999999999574
541,10,1.0,integrated,False,True,54.45513262449421,44.159999999999584
542,10,1.0,integrated,False,True,54.772578754711596,44.39999999999958
543,10,1.0,integrated,False,True,54.85234487620224,44.159999999999584
544,10,1.0,integrated,False,True,54.49704228720374,44.03999999999959
545,10,1.0,integrated,False,True,55.2782297107175,44.39999999999958
546,10,1.0,integrated,False,True,56.13046408346299,45.119999999999564
547,10,1.0,integrated,False,True,55.20673107113224,44.39999999999958
548,10,1.0,integrated,False,True,54.131863170271174,43.91999999999959
549,10,1.0,integrated,False,True,54.57558699840859,44.159999999999584
550,10,1.0,integrated,False,True,55.15589618705913,44.51999999999958
551,10,1.0,integrated,False,True,55.4324439727076,44.51999999999958
552,10,1.0,integrated,False,True,56.30565558437716,45.23999999999956
553,10,1.0,integrated,False,True,55.32293221995958,44.27999999999958
554,10,1.0,integrated,False,True,54.973861370384284,44.51999999999958
555,10,1.0,integrated,False,True,55.24684976374566,44.51999999999958
556,10,1.0,integrated,False,True,56.06994216543903,44.99999999999957
557,10,1.0,integrated,False,True,54.74678515069545,44.39999999999958
558,10,1.0,integrated,False,True,54.154654484181066,44.03999999999959
559,10,1.0,integrated,False,True,55.76773651570005,44.87999999999957
560,10,1.0,integrated,False,True,54.15427581361347,44.03999999999959
561,10,1.0,integrated,False,True,55.05341689663571,44.27999999999958
562,10,1.0,integrated,False,True,55.07987813907235,44.27999999999958
563,10,1.0,integrated,False,True,55.050018086091555,44.27999999999958
564,10,1.0,integrated,False,True,54.81756266663989,44.39999999999958
565,10,1.0,integrated,False,True,54.62690999087783,44.27999999999958
566,10,1.0,integrated,False,True,54.35984129420261,44.159999999999584
567,10,1.0,integrated,False,True,56.12841123523746,45.119999999999564
568,10,1.0,integrated,False,True,54.24814850235386,44.03999999999959
569,10,1.0,integrated,False,True,54.62449991602537,44.159999999999584
570,10,1.0,integrated,False,True,55.45724357178998,44.75999999999957
571,10,1.0,integrated,False,True,56.455053705733285,44.99999999999957
572,10,1.0,integrated,False,True,55.07923123033658,44.39999999999958
573,10,1.0,integrated,False,True,55.97322234118273,44.87999999999957
574,10,1.0,integrated,False,True,54.90212775315203,44.39999999999958
575,10,1.0,integrated,False,True,54.55890117595129,44.159999999999584
576,10,1.0,integrated,False,True,54.66853272190595,44.27999999999958
577,10,1.0,integrated,False,True,55.36692913616777,44.27999999999958
578,10,1.0,integrated,False,True,55.0933509201006,44.39999999999958
579,10,1.0,integrated,False,True,54.9364600718456,44.27999999999958
580,10,1.0,integrated,False,True,55.485796539350915,44.51999999999958
581,10,1.0,integrated,False,True,54.93680976005429,44.27999999999958
582,10,1.0,integrated,False,True,55.89625467706371,44.99999999999957
583,10,1.0,integrated,False,True,55.82074296914119,44.75999999999957
584,10,1.0,integrated,False,True,54.56481442590234,44.159999999999584
585,10,1.0,integrated,False,True,55.09080515004167,44.39999999999958
586,10,1.0,integrated,False,True,56.377165868624374,44.639999999999574
587,10,1.0,integrated,False,True,55.32072448809913,44.39999999999958
588,10,1.0,integrated,False,True,55.71522341274108,44.75999999999957
589,10,1.0,integrated,False,True,55.1303082494613,44.39999999999958
590,10,1.0,integrated,False,True,54.17458679066078,44.03999999999959
591,10,1.0,integrated,False,True,55.344788602937086,44.39999999999958
592,10,1.0,integrated,False,True,55.96768309123489,44.87999999999957
593,10,1.0,integrated,False,True,54.72298132767584,44.39999999999958
594,10,1.0,integrated,False,True,56.28907934801198,45.119999999999564
595,10,1.0,integrated,False,True,55.44257170158458,44.27999999999958
596,10,1.0,integrated,False,True,55.50765969657547,44.51999999999958
597,10,1.0,integrated,False,True,54.67706157047951,44.159999999999584
598,10,1.0,integrated,False,True,54.6178145537375,44.03999999999959
599,10,1.0,integrated,False,True,55.15706086556936,44.39999999999958
600,10,1.0,integrated,False,True,170.76708670812485,119.99999999999798
601,10,1.0,integrated,False,True,55.860160087092154,44.39999999999958
602,10,1.0,integrated,False,True,55.5684784711399,44.75999999999957
603,10,1.0,integrated,False,True,55.471970736637694,44.639999999999574
604,10,1.0,integrated,False,True,170.8340331034295,119.99999999999798
605,10,1.0,integrated,False,True,55.41485177950646,44.75999999999957
606,10,1.0,integrated,False,True,55.91727554025897,44.75999999999957
607,10,1.0,extinct,True,False,,
608,10,1.0,integrated,False,True,54.46541602471644,44.03999999999959
609,10,1.0,integrated,False,True,55.56309766839641,44.39999999999958
610,10,1.0,integrated,False,True,56.1005167345816,45.119999999999564
611,10,1.0,integrated,False,True,53.86458143690977,43.79999999999959
612,10,1.0,integrated,False,True,54.83266911399065,44.39999999999958
613,10,1.0,integrated,False,True,54.28678614498911,44.159999999999584
614,10,1.0,integrated,False,True,54.65616203714863,44.27999999999958
615,10,1.0,integrated,False,True,54.995109816724465,44.39999999999958
616,10,1.0,integrated,False,True,57.30647129794511,46.31999999999954
617,10,1.0,integrated,False,True,55.368671539240886,44.639999999999574
618,10,1.0,integrated,False,True,56.775150773488306,45.35999999999956
619,10,1.0,integrated,False,True,55.05690293750689,44.159999999999584
620,10,1.0,integrated,False,True,55.489492363539654,44.639999999999574
621,10,1.0,integrated,False,True,55.2707690485471,44.51999999999958
622,10,1.0,integrated,False,True,55.7596827991257,44.639999999999574
623,10,1.0,integrated,False,True,54.65914448600378,44.03999999999959
624,10,1.0,integrated,False,True,55.39241162396807,44.39999999999958
625,10,1.0,integrated,False,True,55.06369105845167,44.159999999999584
626,10,1.0,integrated,False,True,55.30369788390657,44.39999999999958
627,10,1.0,integrated,False,True,55.06600695307682,44.39999999999958
628,10,1.0,integrated,False,True,55.17842850620805,44.51999999999958
629,10,1.0,integrated,False,True,56.78352375423154,45.119999999999564
630,10,1.0,integrated,False,True,55.83941886367862,44.51999999999958
631,10,1.0,integrated,False,True,55.10181492946849,44.39999999999958
632,10,1.0,integrated,False,True,55.33287155736086,44.39999999999958
633,10,1.0,integrated,False,True,54.59493054522008,44.27999999999958
634,10,1.0,integrated,False,True,54.78705768904263,44.27999999999958
635,10,1.0,integrated,False,True,55.30277077788863,44.159999999999584
636,10,1.0,integrated,False,True,55.85085885084022,44.87999999999957
637,10,1.0,integrated,False,True,55.53893997390172,44.87999999999957
638,10,1.0,integrated,False,True,54.55410048104517,44.27999999999958
639,10,1.0,integrated,False,True,54.90038195903797,44.51999999999958
640,10,1.0,integrated,False,True,54.419754578031956,44.03999999999959
641,10,1.0,integrated,False,True,55.21097260085644,44.51999999999958
642,10,1.0,integrated,False,True,55.272268302322146,44.51999999999958
643,10,1.0,integrated,False,True,55.321868889514754,44.51999999999958
644,10,1.0,integrated,False,True,54.094550351020686,44.03999999999959
645,10,1.0,integrated,False,True,54.64462033841624,44.27999999999958
646,10,1.0,integrated,False,True,55.82908995332546,44.639999999999574
647,10,1.0,integrated,False,True,55.127969666222825,44.39999999999958
648,10,1.0,integrated,False,True,55.550993960258545,44.639999999999574
649,10,1.0,integrated,False,True,56.35665375906881,45.23999999999956
650,10,1.0,integrated,False,True,54.760563554598676,44.03999999999959
651,10,1.0,integrated,False,True,54.60194126429886,44.159999999999584
652,10,1.0,integrated,False,True,55.438591885779275,44.39999999999958
653,10,1.0,integrated,False,True,55.517268508246985,44.75999999999957
654,10,1.0,integrated,False,True,56.84975571331648,45.119999999999564
655,10,1.0,integrated,False,True,53.84485668705729,43.79999999999959
656,10,1.0,integrated,False,True,55.03402185168498,44.159999999999584
657,10,1.0,extinct,True,False,,
658,10,1.0,integrated,False,True,56.0765364297136,44.99999999999957
659,10,1.0,integrated,False,True,55.11582158784479,44.51999999999958
660,10,1.0,integrated,False,True,56.1539903825479,44.75999999999957
661,10,1.0,integrated,False,True,56.720230887978815,44.99999999999957
662,10,1.0,integrated,False,True,54.83289771189084,44.39999999999958
663,10,1.0,integrated,False,True,54.553982430307826,44.03999999999959
664,10,1.0,integrated,False,True,54.624840245565984,43.91999999999959
665,10,1.0,integrated,False,True,54.14872740344004,43.91999999999959
666,10,1.0,integrated,False,True,55.922504282783905,44.75999999999957
667,10,1.0,integrated,False,True,55.80548171893683,44.75999999999957
668,10,1.0,integrated,False,True,54.29731450771087,43.91999999999959
669,10,1.0,integrated,False,True,55.2977871850373,44.51999999999958
670,10,1.0,integrated,False,True,54.58467276372974,44.27999999999958
671,10,1.0,integrated,False,True,55.66095150174332,44.75999999999957
672,10,1.0,integrated,False,True,55.448967742305854,44.39999999999958
673,10,1.0,integrated,False,True,54.790052430129535,44.03999999999959
674,10,1.0,integrated,False,True,54.85396322524343,44.39999999999958
675,10,1.0,integrated,False,True,56.2066266985926,44.87999999999957
676,10,1.0,integrated,False,True,55.201958186621496,44.159999999999584
677,10,1.0,integrated,False,True,54.34052994565356,44.159999999999584
678,10,1.0,integrated,False,True,55.4510424037468,44.639999999999574
679,10,1.0,integrated,False,True,55.03493661175956,44.39999999999958
680,10,1.0,integrated,False,True,55.2711847553859,44.27999999999958
681,10,1.0,integrated,False,True,55.523148501749574,44.87999999999957
682,10,1.0,integrated,False,True,53.73337230690759,43.91999999999959
683,10,1.0,integrated,False,True,55.04603313689214,44.51999999999958
684,10,1.0,integrated,False,True,54.55005395460232,44.159999999999584
685,10,1.0,integrated,False,True,54.79421860615979,44.27999999999958
686,10,1.0,integrated,False,True,55.127666607083604,44.51999999999958
687,10,1.0,integrated,False,True,55.28643192537922,44.39999999999958
688,10,1.0,integrated,False,True,55.638126554595836,44.639999999999574
689,10,1.0,integrated,False,True,54.41559661642225,44.03999999999959
690,10,1.0,integrated,False,True,55.46984367050098,44.639999999999574
691,10,1.0,integrated,False,True,54.58331069273952,44.27999999999958
692,10,1.0,integrated,False,True,54.80667797169055,44.03999999999959
693,10,1.0,integrated,False,True,55.18928321632271,44.39999999999958
694,10,1.0,integrated,False,True,55.22202483921363,44.51999999999958
695,10,1.0,integrated,False,True,55.8572362490962,44.639999999999574
696,10,1.0,integrated,False,True,53.724209800844136,43.91999999999959
697,10,1.0,integrated,False,True,55.5843940811306,44.39999999999958
698,10,1.0,integrated,False,True,55.591650305268985,44.51999999999958
699,10,1.0,integrated,False,True,54.37273122093537,44.27999999999958
700,10,1.0,integrated,False,True,55.162353098412794,44.639999999999574
701,10,1.0,integrated,False,True,55.36494369019776,44.51999999999958
702,10,1.0,integrated,False,True,54.827355887611716,44.159999999999584
703,10,1.0,integrated,False,True,55.67197332673648,44.99999999999957
704,10,1.0,integrated,False,True,55.98413184227975,44.87999999999957
705,10,1.0,integrated,False,True,56.125938657139685,44.99999999999957
706,10,1.0,integrated,False,True,54.07595096125525,43.91999999999959
707,10,1.0,integrated,False,True,53.99967849821999,44.03999999999959
708,10,1.0,integrated,False,True,54.803013589084074,44.27999999999958
709,10,1.0,integrated,False,True,54.5701179263739,44.03999999999959
710,10,1.0,integrated,False,True,170.8340331034295,119.99999999999798
711,10,1.0,integrated,False,True,56.051761911445666,44.639999999999574
712,10,1.0,integrated,False,True,55.28563152534573,44.639999999999574
713,10,1.0,integrated,False,True,55.45415480507972,44.51999999999958
714,10,1.0,integrated,False,True,54.60977485011601,44.39999999999958
715,10,1.0,integrated,False,True,54.762842916426095,44.39999999999958
716,10,1.0,integrated,False,True,55.45307173096902,44.51999999999958
717,10,1.0,integrated,False,True,54.69616161023106,44.27999999999958
718,10,1.0,integrated,False,True,54.29406199688708,43.91999999999959
719,10,1.0,integrated,False,True,54.97853985258767,44.27999999999958
720,10,1.0,integrated,False,True,54.9957281843257,44.51999999999958
721,10,1.0,integrated,False,True,56.470800732713364,45.119999999999564
722,10,1.0,integrated,False,True,54.6287470950987,44.27999999999958
723,10,1.0,integrated,False,True,54.487287599704146,44.39999999999958
724,10,1.0,integrated,False,True,55.75228022444191,44.639999999999574
725,10,1.0,integrated,False,True,56.37274513498682,44.75999999999957
726,10,1.0,integrated,False,True,55.202553729553046,44.39999999999958
727,10,1.0,integrated,False,True,54.67107168779066,44.27999999999958
728,10,1.0,integrated,False,True,54.88543759210568,44.27999999999958
729,10,1.0,integrated,False,True,54.35116262119426,44.27999999999958
730,10,1.0,integrated,False,True,55.7807354500386,44.639999999999574
731,10,1.0,integrated,False,True,55.997395705417105,44.87999999999957
732,10,1.0,extinct,True,False,,
733,10,1.0,integrated,False,True,55.2546940813517,44.27999999999958
734,10,1.0,integrated,False,True,55.11557500261027,44.39999999999958
735,10,1.0,integrated,False,True,56.14452085737463,45.119999999999564
736,10,1.0,integrated,False,True,56.406358869049924,45.35999999999956
737,10,1.0,integrated,False,True,54.38196445529607,44.03999999999959
738,10,1.0,integrated,False,True,55.787102882878315,45.119999999999564
739,10,1.0,integrated,False,True,54.92352352346404,44.27999999999958
740,10,1.0,integrated,False,True,54.69752369889508,44.159999999999584
741,10,1.0,integrated,False,True,56.35004850004046,44.75999999999957
742,10,1.0,integrated,False,True,54.74414346346376,44.159999999999584
743,10,1.0,integrated,False,True,56.42419322307761,44.99999999999957
744,10,1.0,integrated,False,True,54.98905809834962,44.39999999999958
745,10,1.0,integrated,False,True,55.695686492835414,44.87999999999957
746,10,1.0,integrated,False,True,55.34192651929187,44.27999999999958
747,10,1.0,integrated,False,True,55.56660286872961,44.39999999999958
748,10,1.0,integrated,False,True,54.76969494267489,44.27999999999958
749,10,1.0,integrated,False,True,54.72776095903515,44.39999999999958
750,10,1.0,integrated,False,True,54.97247637052024,44.159999999999584
751,10,1.0,integrated,False,True,55.020101640464524,44.27999999999958
752,10,1.0,integrated,False,True,54.58841272133776,44.27999999999958
753,10,1.0,integrated,False,True,55.04501460289791,44.159999999999584
754,10,1.0,integrated,False,True,55.22667584959288,44.27999999999958
755,10,1.0,integrated,False,True,54.31711598290545,44.03999999999959
756,10,1.0,integrated,False,True,54.92831558993277,44.03999999999959
757,10,1.0,integrated,False,True,55.63439959579502,44.639999999999574
758,10,1.0,integrated,False,True,55.294569073406045,44.51999999999958
759,10,1.0,integrated,False,True,55.839353561566654,44.75999999999957
760,10,1.0,integrated,False,True,55.24554627073249,44.27999999999958
761,10,1.0,integrated,False,True,56.35484581720907,44.639999999999574
762,10,1.0,integrated,False,True,54.02633695063804,43.79999999999959
763,10,1.0,integrated,False,True,55.34345632660979,44.639999999999574
764,10,1.0,integrated,False,True,55.664790323624004,44.51999999999958
765,10,1.0,integrated,False,True,55.451913428976184,44.51999999999958
766,10,1.0,integrated,False,True,55.39767482573491,44.639999999999574
767,10,1.0,integrated,False,True,55.85452227548171,44.87999999999957
768,10,1.0,integrated,False,True,53.59278213414986,43.91999999999959
769,10,1.0,integrated,False,True,56.075809881192754,44.51999999999958
770,10,1.0,integrated,False,True,54.86350046388066,44.39999999999958
771,10,1.0,integrated,False,True,55.24534545620423,44.27999999999958
772,10,1.0,integrated,False,True,55.9766752746528,44.87999999999957
773,10,1.0,integrated,False,True,55.854712566854985,44.75999999999957
774,10,1.0,integrated,False,True,55.31481996260908,44.39999999999958
775,10,1.0,integrated,False,True,56.7039789775072,45.599999999999554
776,10,1.0,integrated,False,True,56.22783313449095,44.75999999999957
777,10,1.0,integrated,False,True,54.26870155928724,44.03999999999959
778,10,1.0,integrated,False,True,55.7260206061698,44.639999999999574
779,10,1.0,integrated,False,True,54.82314108904251,44.159999999999584
780,10,1.0,integrated,False,True,54.95129096383339,44.39999999999958
781,10,1.0,integrated,False,True,54.72837426996627,44.03999999999959
782,10,1.0,integrated,False,True,54.79061387729326,44.39999999999958
783,10,1.0,integrated,False,True,54.71287807171048,44.27999999999958
784,10,1.0,integrated,False,True,56.71539222027049,45.599999999999554
785,10,1.0,integrated,False,True,55.02455543797579,44.639999999999574
786,10,1.0,integrated,False,True,54.66843183906876,44.27999999999958
787,10,1.0,integrated,False,True,56.35133977704963,45.23999999999956
788,10,1.0,integrated,False,True,54.528387629408314,44.39999999999958
789,10,1.0,integrated,False,True,55.093050901338444,44.39999999999958
790,10,1.0,integrated,False,True,55.80203612298713,44.639999999999574
791,10,1.0,integrated,False,True,54.600988433335445,44.159999999999584
792,10,1.0,integrated,False,True,56.06007261824564,45.119999999999564
793,10,1.0,integrated,False,True,55.108782294471645,44.39999999999958
794,10,1.0,integrated,False,True,54.84566048277175,44.159999999999584
795,10,1.0,integrated,False,True,54.759377300710504,44.159999999999584
796,10,1.0,integrated,False,True,55.19377975997283,44.39999999999958
797,10,1.0,extinct,True,False,,
798,10,1.0,integrated,False,True,54.51449939501059,44.159999999999584
799,10,1.0,integrated,False,True,55.43359639536012,44.51999999999958
800,10,1.0,integrated,False,True,54.77143772683297,44.27999999999958
801,10,1.0,integrated,False,True,54.88242820579386,44.51999999999958
802,10,1.0,integrated,False,True,54.3721604421623,44.27999999999958
803,10,1.0,integrated,False,True,54.84060873286204,44.27999999999958
804,10,1.0,integrated,False,True,55.13520832408316,44.39999999999958
805,10,1.0,integrated,False,True,56.629314299334425,45.119999999999564
806,10,1.0,integrated,False,True,55.68328922368927,44.39999999999958
807,10,1.0,integrated,False,True,54.970458816536414,44.27999999999958
808,10,1.0,integrated,False,True,55.258212075216534,44.27999999999958
809,10,1.0,integrated,False,True,55.971692570826704,44.639999999999574
810,10,1.0,integrated,False,True,55.14114828972042,44.51999999999958
811,10,1.0,integrated,False,True,55.9230632598191,44.99999999999957
812,10,1.0,integrated,False,True,54.5834867498963,44.03999999999959
813,10,1.0,integrated,False,True,55.31619759032921,44.639999999999574
814,10,1.0,integrated,False,True,56.257848765129026,45.23999999999956
815,10,1.0,integrated,False,True,55.05938993919121,44.39999999999958
816,10,1.0,integrated,False,True,54.92515286338594,44.27999999999958
817,10,1.0,integrated,False,True,55.763768306993,44.75999999999957
818,10,1.0,extinct,True,False,,
819,10,1.0,integrated,False,True,54.512249964550186,44.27999999999958
820,10,1.0,extinct,True,False,,
821,10,1.0,integrated,False,True,56.36768301215012,44.75999999999957
822,10,1.0,integrated,False,True,54.5580385345255,44.39999999999958
823,10,1.0,integrated,False,True,54.6342685852301,43.91999999999959
824,10,1.0,integrated,False,True,56.06790847582137,44.99999999999957
825,10,1.0,integrated,False,True,54.077081756045715,44.159999999999584
826,10,1.0,integrated,False,True,55.44881283575175,44.51999999999958
827,10,1.0,integrated,False,True,54.97441731494475,44.639999999999574
828,10,1.0,integrated,False,True,54.31701166944123,44.159999999999584
829,10,1.0,integrated,False,True,54.979649328898525,44.51999999999958
830,10,1.0,integrated,False,True,54.989979118649046,44.51999999999958
831,10,1.0,extinct,True,False,,
832,10,1.0,integrated,False,True,55.62561647481421,44.87999999999957
833,10,1.0,integrated,False,True,55.09108069750163,44.27999999999958
834,10,1.0,integrated,False,True,54.70445260964905,44.27999999999958
835,10,1.0,integrated,False,True,55.798854944387884,44.639999999999574
836,10,1.0,integrated,False,True,55.03135876402274,44.51999999999958
837,10,1.0,integrated,False,True,54.99013723071519,44.27999999999958
838,10,1.0,integrated,False,True,55.65481311746799,44.159999999999584
839,10,1.0,integrated,False,True,54.669315846948436,44.27999999999958
840,10,1.0,integrated,False,True,54.23301887322025,44.03999999999959
841,10,1.0,integrated,False,True,54.91726733307101,44.39999999999958
842,10,1.0,integrated,False,True,55.25377788321076,44.27999999999958
843,10,1.0,integrated,False,True,54.03711135170398,43.91999999999959
844,10,1.0,integrated,False,True,55.1381688262641,44.51999999999958
845,10,1.0,integrated,False,True,56.99754620265265,45.959999999999546
846,10,1.0,integrated,False,True,56.64444230981378,45.71999999999955
847,10,1.0,integrated,False,True,54.51195321567867,44.27999999999958
848,10,1.0,integrated,False,True,54.90123231476974,44.159999999999584
849,10,1.0,integrated,False,True,55.068802176331715,44.39999999999958
850,10,1.0,integrated,False,True,54.76540893757081,44.27999999999958
851,10,1.0,integrated,False,True,55.284479107137116,44.39999999999958
852,10,1.0,integrated,False,True,54.918358236268915,44.159999999999584
853,10,1.0,integrated,False,True,55.600661919000984,44.75999999999957
854,10,1.0,integrated,False,True,54.826378341484656,44.39999999999958
855,10,1.0,integrated,False,True,55.713381469253235,44.51999999999958
856,10,1.0,integrated,False,True,54.93405768954772,44.39999999999958
857,10,1.0,integrated,False,True,54.63768553721816,44.27999999999958
858,10,1.0,integrated,False,True,55.009040596288486,44.27999999999958
859,10,1.0,integrated,False,True,55.84571816598205,44.639999999999574
860,10,1.0,integrated,False,True,55.22971089222018,44.51999999999958
861,10,1.0,integrated,False,True,55.1470046218362,44.51999999999958
862,10,1.0,integrated,False,True,54.07544315633936,43.91999999999959
863,10,1.0,integrated,False,True,54.17545172360153,43.91999999999959
864,10,1.0,integrated,False,True,56.017370736655906,44.87999999999957
865,10,1.0,extinct,True,False,,
866,10,1.0,integrated,False,True,54.752722684102,44.27999999999958
867,10,1.0,integrated,False,True,54.98161647300353,44.27999999999958
868,10,1.0,integrated,False,True,55.3832874041651,44.75999999999957
869,10,1.0,integrated,False,True,54.82738704089433,44.27999999999958
870,10,1.0,integrated,False,True,55.52207320195099,44.39999999999958
871,10,1.0,integrated,False,True,56.05319341468821,44.99999999999957
872,10,1.0,integrated,False,True,55.16075990589677,44.39999999999958
873,10,1.0,integrated,False,True,55.29916236939853,44.39999999999958
874,10,1.0,integrated,False,True,54.98037850210712,44.03999999999959
875,10,1.0,integrated,False,True,54.192589520164525,44.03999999999959
876,10,1.0,integrated,False,True,54.520461391855065,43.91999999999959
877,10,1.0,integrated,False,True,56.76891105046445,45.479999999999556
878,10,1.0,integrated,False,True,55.10440064695776,44.39999999999958
879,10,1.0,integrated,False,True,56.9941288778932,45.599999999999554
880,10,1.0,integrated,False,True,54.065333975893864,43.91999999999959
881,10,1.0,integrated,False,True,53.829872714074284,43.79999999999959
882,10,1.0,integrated,False,True,54.85217820484587,44.27999999999958
883,10,1.0,extinct,True,False,,
884,10,1.0,integrated,False,True,54.14869146912103,43.91999999999959
885,10,1.0,integrated,False,True,54.86030631969205,44.51999999999958
886,10,1.0,integrated,False,True,54.96047839076313,44.27999999999958
887,10,1.0,extinct,True,False,,
888,10,1.0,integrated,False,True,55.663811722817684,44.87999999999957
889,10,1.0,integrated,False,True,55.0299992913019,44.27999999999958
890,10,1.0,integrated,False,True,55.0808805774174,44.39999999999958
891,10,1.0,integrated,False,True,54.979446680980786,44.27999999999958
892,10,1.0,integrated,False,True,54.20460782473371,43.91999999999959
893,10,1.0,integrated,False,True,56.153339451635524,45.119999999999564
894,10,1.0,integrated,False,True,55.98874536032699,44.87999999999957
895,10,1.0,integrated,False,True,55.0437154735739,44.27999999999958
896,10,1.0,integrated,False,True,55.119784998596465,44.27999999999958
897,10,1.0,integrated,False,True,54.66719830446813,44.27999999999958
898,10,1.0,integrated,False,True,54.99069209744529,44.51999999999958
899,10,1.0,integrated,False,True,55.141134523474776,44.39999999999958
900,10,1.0,integrated,False,True,54.97531186454118,44.27999999999958
901,10,1.0,integrated,False,True,54.624718937209515,44.27999999999958
902,10,1.0,integrated,False,True,54.99448669690425,44.27999999999958
903,10,1.0,integrated,False,True,54.83899508352364,44.03999999999959
904,10,1.0,integrated,False,True,54.91451667242687,44.159999999999584
905,10,1.0,integrated,False,True,54.9553096447274,44.39999999999958
906,10,1.0,integrated,False,True,54.823880672569466,44.159999999999584
907,10,1.0,integrated,False,True,54.39725871173337,44.03999999999959
908,10,1.0,integrated,False,True,56.434815941781544,45.119999999999564
909,10,1.0,integrated,False,True,55.12090764599971,44.51999999999958
910,10,1.0,integrated,False,True,55.573343288366644,44.639999999999574
911,10,1.0,integrated,False,True,56.7430938205117,45.479999999999556
912,10,1.0,integrated,False,True,55.20238229184918,44.39999999999958
913,10,1.0,integrated,False,True,56.58630940423559,45.599999999999554
914,10,1.0,integrated,False,True,55.96861109560044,44.75999999999957
915,10,1.0,integrated,False,True,55.926883221940564,44.75999999999957
916,10,1.0,integrated,False,True,56.6283355378141,45.35999999999956
917,10,1.0,integrated,False,True,56.55958289797693,44.87999999999957
918,10,1.0,integrated,False,True,55.55887514687274,44.87999999999957
919,10,1.0,integrated,False,True,54.453267379729375,44.03999999999959
920,10,1.0,integrated,False,True,54.58327447911428,44.39999999999958
921,10,1.0,integrated,False,True,54.89867825712919,44.51999999999958
922,10,1.0,integrated,False,True,54.95725336653099,44.27999999999958
923,10,1.0,integrated,False,True,54.89068750744319,44.39999999999958
924,10,1.0,integrated,False,True,55.534551476963756,44.639999999999574
925,10,1.0,integrated,False,True,55.14133672609874,44.03999999999959
926,10,1.0,integrated,False,True,55.196400515227666,44.51999999999958
927,10,1.0,integrated,False,True,53.90183152832762,43.91999999999959
928,10,1.0,integrated,False,True,54.99183843105888,44.39999999999958
929,10,1.0,integrated,False,True,54.90413782592294,44.27999999999958
930,10,1.0,integrated,False,True,54.30082173550397,44.159999999999584
931,10,1.0,integrated,False,True,54.68316780287883,44.03999999999959
932,10,1.0,integrated,False,True,56.439800266703585,44.87999999999957
933,10,1.0,integrated,False,True,55.25769463244632,44.51999999999958
934,10,1.0,extinct,True,False,,
935,10,1.0,integrated,False,True,55.26062806875687,44.39999999999958
936,10,1.0,integrated,False,True,54.72816610340202,44.39999999999958
937,10,1.0,integrated,False,True,55.82873279181971,44.87999999999957
938,10,1.0,integrated,False,True,55.44861320748477,44.639999999999574
939,10,1.0,integrated,False,True,55.037969087980294,44.639999999999574
940,10,1.0,integrated,False,True,54.75323065671128,44.27999999999958
941,10,1.0,integrated,False,True,55.035539785738095,44.39999999999958
942,10,1.0,integrated,False,True,54.940211377256624,44.27999999999958
943,10,1.0,integrated,False,True,54.86940420463632,44.159999999999584
944,10,1.0,integrated,False,True,55.639829806220476,44.639999999999574
945,10,1.0,integrated,False,True,56.84280189099186,45.35999999999956
946,10,1.0,integrated,False,True,55.6035830384542,44.639999999999574
947,10,1.0,integrated,False,True,56.95085349437096,45.959999999999546
948,10,1.0,integrated,False,True,54.88408338886536,44.51999999999958
949,10,1.0,integrated,False,True,54.45298991845729,44.03999999999959
950,10,1.0,integrated,False,True,54.39919320319136,44.159999999999584
951,10,1.0,integrated,False,True,55.49171886866738,44.39999999999958
952,10,1.0,integrated,False,True,55.03208883116207,44.27999999999958
953,10,1.0,integrated,False,True,55.758876399658654,44.87999999999957
954,10,1.0,integrated,False,True,54.69737001298266,44.27999999999958
955,10,1.0,integrated,False,True,54.87513812697899,44.27999999999958
956,10,1.0,integrated,False,True,54.532054193580045,43.91999999999959
957,10,1.0,integrated,False,True,54.477401181718434,44.39999999999958
958,10,1.0,extinct,True,False,,
959,10,1.0,integrated,False,True,54.434180070919,44.03999999999959
960,10,1.0,integrated,False,True,56.07192405579916,44.99999999999957
961,10,1.0,integrated,False,True,54.169492700681715,44.03999999999959
962,10,1.0,integrated,False,True,54.33828211002169,44.03999999999959
963,10,1.0,integrated,False,True,55.73102594364921,44.99999999999957
964,10,1.0,integrated,False,True,55.71208794433167,44.75999999999957
965,10,1.0,integrated,False,True,56.18545089031623,44.639999999999574
966,10,1.0,integrated,False,True,55.10673500354541,44.639999999999574
967,10,1.0,integrated,False,True,54.19931207158605,44.03999999999959
968,10,1.0,integrated,False,True,55.25625249971257,44.39999999999958
969,10,1.0,integrated,False,True,55.22461854811111,44.27999999999958
970,10,1.0,integrated,False,True,54.68223858583619,44.159999999999584
971,10,1.0,integrated,False,True,55.56364570404051,44.51999999999958
972,10,1.0,integrated,False,True,55.67596326355842,44.51999999999958
973,10,1.0,integrated,False,True,55.3919388882896,44.75999999999957
974,10,1.0,integrated,False,True,55.40579797190946,44.27999999999958
975,10,1.0,integrated,False,True,55.57256529665399,44.51999999999958
976,10,1.0,integrated,False,True,55.43131269241923,44.639999999999574
977,10,1.0,integrated,False,True,55.706384409014106,44.87999999999957
978,10,1.0,integrated,False,True,54.88710431495369,44.159999999999584
979,10,1.0,integrated,False,True,55.01665977649885,44.39999999999958
980,10,1.0,integrated,False,True,54.64367442346668,44.159999999999584
981,10,1.0,integrated,False,True,55.87936185619,44.87999999999957
982,10,1.0,integrated,False,True,56.00769065578069,44.87999999999957
983,10,1.0,integrated,False,True,54.66903414766226,44.159999999999584
984,10,1.0,integrated,False,True,55.26886630027899,44.39999999999958
985,10,1.0,integrated,False,True,53.899343264446884,44.03999999999959
986,10,1.0,integrated,False,True,54.5594591313635,44.159999999999584
987,10,1.0,integrated,False,True,56.37028880508517,45.35999999999956
988,10,1.0,integrated,False,True,57.0585093755221,45.479999999999556
989,10,1.0,integrated,False,True,54.49318336707097,44.27999999999958
990,10,1.0,integrated,False,True,54.40094716862641,44.03999999999959
991,10,1.0,integrated,False,True,54.448234236764485,44.27999999999958
992,10,1.0,integrated,False,True,55.60738225552754,44.51999999999958
993,10,1.0,integrated,False,True,54.87565923140791,44.27999999999958
994,10,1.0,integrated,False,True,54.82103131564703,44.159999999999584
995,10,1.0,integrated,False,True,55.10041304623086,44.159999999999584
996,10,1.0,integrated,False,True,54.941619582474274,44.39999999999958
997,10,1.0,extinct,True,False,,
998,10,1.0,integrated,False,True,55.103294241048374,44.39999999999958
999,10,1.0,integrated,False,True,53.92296029848015,43.79999999999959
0,30,1.4771212547196624,integrated,False,True,54.040268266668875,43.91999999999959
1,30,1.4771212547196624,integrated,False,True,54.08684894066569,44.03999999999959
2,30,1.4771212547196624,integrated,False,True,54.18285392866262,44.159999999999584
3,30,1.4771212547196624,integrated,False,True,54.054571714978636,44.03999999999959
4,30,1.4771212547196624,integrated,False,True,54.196422635782255,44.03999999999959
5,30,1.4771212547196624,integrated,False,True,34.547394638628845,22.920000000000016
6,30,1.4771212547196624,integrated,False,True,53.86864560398886,44.03999999999959
7,30,1.4771212547196624,integrated,False,True,34.12872259274849,22.200000000000017
8,30,1.4771212547196624,integrated,False,True,53.55019407621452,43.79999999999959
9,30,1.4771212547196624,integrated,False,True,53.181508426913744,43.679999999999595
10,30,1.4771212547196624,integrated,False,True,54.23367854399254,44.03999999999959
11,30,1.4771212547196624,integrated,False,True,53.794860183451604,44.03999999999959
12,30,1.4771212547196624,integrated,False,True,53.66300458032295,44.03999999999959
13,30,1.4771212547196624,integrated,False,True,34.292499797979254,22.44000000000002
14,30,1.4771212547196624,integrated,False,True,54.01211425826412,43.91999999999959
15,30,1.4771212547196624,integrated,False,True,54.05276661172621,44.159999999999584
16,30,1.4771212547196624,integrated,False,True,54.867448408849015,44.39999999999958
17,30,1.4771212547196624,integrated,False,True,54.133283623588,44.159999999999584
18,30,1.4771212547196624,integrated,False,True,54.20806696431511,44.03999999999959
19,30,1.4771212547196624,integrated,False,True,53.46173087570813,43.79999999999959
20,30,1.4771212547196624,integrated,False,True,54.72478498377114,44.159999999999584
21,30,1.4771212547196624,integrated,False,True,53.72799758992102,43.91999999999959
22,30,1.4771212547196624,integrated,False,True,34.39025354401251,22.680000000000017
23,30,1.4771212547196624,integrated,False,True,53.80660168604908,43.91999999999959
24,30,1.4771212547196624,integrated,False,True,53.97613100094755,44.03999999999959
25,30,1.4771212547196624,integrated,False,True,34.36711607934548,22.80000000000002
26,30,1.4771212547196624,integrated,False,True,54.529438942098125,44.159999999999584
27,30,1.4771212547196624,integrated,False,True,34.5414073733767,22.920000000000016
28,30,1.4771212547196624,integrated,False,True,53.887290093892574,43.91999999999959
29,30,1.4771212547196624,integrated,False,True,53.531454510267686,43.79999999999959
30,30,1.4771212547196624,integrated,False,True,54.03857809468896,44.03999999999959
31,30,1.4771212547196624,integrated,False,True,53.81790127268387,43.91999999999959
32,30,1.4771212547196624,integrated,False,True,54.06137362029034,44.03999999999959
33,30,1.4771212547196624,integrated,False,True,54.44536371792749,44.159999999999584
34,30,1.4771212547196624,integrated,False,True,53.739931866132686,43.79999999999959
35,30,1.4771212547196624,integrated,False,True,54.296560295567616,44.27999999999958
36,30,1.4771212547196624,integrated,False,True,53.47887351682798,43.79999999999959
37,30,1.4771212547196624,integrated,False,True,53.662397242048804,43.79999999999959
38,30,1.4771212547196624,integrated,False,True,53.64103431545304,43.91999999999959
39,30,1.4771212547196624,integrated,False,True,34.1264879055271,22.200000000000017
40,30,1.4771212547196624,integrated,False,True,34.113827959442474,22.080000000000016
41,30,1.4771212547196624,integrated,False,True,53.87327275676499,43.79999999999959
42,30,1.4771212547196624,integrated,False,True,54.06325531009337,43.91999999999959
43,30,1.4771212547196624,integrated,False,True,54.45494457025916,44.03999999999959
44,30,1.4771212547196624,integrated,False,True,53.85948991362913,43.91999999999959
45,30,1.4771212547196624,integrated,False,True,53.541402532444124,43.79999999999959
46,30,1.4771212547196624,integrated,False,True,53.531178508708074,43.79999999999959
47,30,1.4771212547196624,integrated,False,True,53.26868430178672,43.679999999999595
48,30,1.4771212547196624,integrated,False,True,53.70009106942028,43.91999999999959
49,30,1.4771212547196624,integrated,False,True,54.7895349885607,44.39999999999958
50,30,1.4771212547196624,integrated,False,True,53.721956712663065,43.79999999999959
51,30,1.4771212547196624,integrated,False,True,53.259544639768535,43.79999999999959
52,30,1.4771212547196624,integrated,False,True,54.02409163208118,43.91999999999959
53,30,1.4771212547196624,integrated,False,True,53.28633891187168,43.79999999999959
54,30,1.4771212547196624,integrated,False,True,54.0069589278726,44.03999999999959
55,30,1.4771212547196624,integrated,False,True,53.73433592652373,43.79999999999959
56,30,1.4771212547196624,integrated,False,True,34.28156280250353,22.320000000000018
57,30,1.4771212547196624,integrated,False,True,53.66725139192465,43.91999999999959
58,30,1.4771212547196624,integrated,False,True,54.5110886055642,44.03999999999959
59,30,1.4771212547196624,integrated,False,True,34.45391647493476,22.80000000000002
60,30,1.4771212547196624,integrated,False,True,53.33010111470459,43.79999999999959
61,30,1.4771212547196624,integrated,False,True,53.58888802646938,43.91999999999959
62,30,1.4771212547196624,integrated,False,True,53.32878868366435,43.679999999999595
63,30,1.4771212547196624,integrated,False,True,54.333353680799064,44.159999999999584
64,30,1.4771212547196624,integrated,False,True,34.203464341667704,22.320000000000018
65,30,1.4771212547196624,integrated,False,True,54.01804512647348,43.91999999999959
66,30,1.4771212547196624,integrated,False,True,53.57450234717123,43.79999999999959
67,30,1.4771212547196624,integrated,False,True,53.7060103828241,43.91999999999959
68,30,1.4771212547196624,integrated,False,True,54.03600697555157,43.91999999999959
69,30,1.4771212547196624,integrated,False,True,54.38325952068273,44.27999999999958
70,30,1.4771212547196624,integrated,False,True,53.911029791730584,44.03999999999959
71,30,1.4771212547196624,integrated,False,True,54.06349995643787,43.91999999999959
72,30,1.4771212547196624,integrated,False,True,53.90673157573227,44.03999999999959
73,30,1.4771212547196624,integrated,False,True,34.55114933912893,22.920000000000016
74,30,1.4771212547196624,integrated,False,True,53.884461332392206,43.79999999999959
75,30,1.4771212547196624,integrated,False,True,54.5888970854009,44.159999999999584
76,30,1.4771212547196624,integrated,False,True,34.3815016633547,22.560000000000016
77,30,1.4771212547196624,integrated,False,True,53.61087829520189,43.91999999999959
78,30,1.4771212547196624,integrated,False,True,53.258730811792745,43.91999999999959
79,30,1.4771212547196624,integrated,False,True,53.324814578058806,43.679999999999595
80,30,1.4771212547196624,integrated,False,True,54.81803062492371,44.27999999999958
81,30,1.4771212547196624,integrated,False,True,53.786682201254806,43.91999999999959
82,30,1.4771212547196624,integrated,False,True,34.61315538355605,23.040000000000017
83,30,1.4771212547196624,integrated,False,True,53.65149129684822,43.91999999999959
84,30,1.4771212547196624,integrated,False,True,53.46388478421344,43.79999999999959
85,30,1.4771212547196624,integrated,False,True,55.48369740597324,44.27999999999958
86,30,1.4771212547196624,integrated,False,True,54.32855443944422,44.159999999999584
87,30,1.4771212547196624,integrated,False,True,53.59163582123754,43.91999999999959
88,30,1.4771212547196624,integrated,False,True,34.23003373052669,22.320000000000018
89,30,1.4771212547196624,integrated,False,True,54.124330887853276,44.159999999999584
90,30,1.4771212547196624,integrated,False,True,34.26813694961337,22.44000000000002
91,30,1.4771212547196624,integrated,False,True,53.61118683368958,43.91999999999959
92,30,1.4771212547196624,integrated,False,True,53.941934468120465,43.91999999999959
93,30,1.4771212547196624,integrated,False,True,53.821154913501516,43.79999999999959
94,30,1.4771212547196624,integrated,False,True,54.22882378009845,43.91999999999959
95,30,1.4771212547196624,integrated,False,True,53.380669401659254,43.79999999999959
96,30,1.4771212547196624,integrated,False,True,53.58325180866687,43.91999999999959
97,30,1.4771212547196624,integrated,False,True,34.282650053312565,22.44000000000002
98,30,1.4771212547196624,integrated,False,True,34.092952268085945,22.200000000000017
99,30,1.4771212547196624,integrated,False,True,53.3391201050074,43.79999999999959
100,30,1.4771212547196624,integrated,False,True,34.3010639772475,22.44000000000002
101,30,1.4771212547196624,integrated,False,True,53.76805538775777,43.91999999999959
102,30,1.4771212547196624,integrated,False,True,54.17327420486251,44.03999999999959
103,30,1.4771212547196624,integrated,False,True,53.43099258993824,43.79999999999959
104,30,1.4771212547196624,integrated,False,True,53.918481782694386,44.03999999999959
105,30,1.4771212547196624,integrated,False,True,53.64775575674638,43.79999999999959
106,30,1.4771212547196624,integrated,False,True,34.03287586181364,22.200000000000017
107,30,1.4771212547196624,integrated,False,True,34.22466251945733,22.320000000000018
108,30,1.4771212547196624,integrated,False,True,34.257957539454075,22.44000000000002
109,30,1.4771212547196624,integrated,False,True,54.317576749412915,44.03999999999959
110,30,1.4771212547196624,integrated,False,True,53.127043623575176,43.679999999999595
111,30,1.4771212547196624,integrated,False,True,54.31355124275976,44.03999999999959
112,30,1.4771212547196624,integrated,False,True,54.43803539254655,44.159999999999584
113,30,1.4771212547196624,integrated,False,True,53.90247337696196,43.91999999999959
114,30,1.4771212547196624,integrated,False,True,53.51057937640784,43.79999999999959
115,30,1.4771212547196624,integrated,False,True,53.511628855601224,43.79999999999959
116,30,1.4771212547196624,integrated,False,True,53.27489583378024,43.79999999999959
117,30,1.4771212547196624,integrated,False,True,54.19443668992622,44.159999999999584
118,30,1.4771212547196624,integrated,False,True,53.602756672301425,43.91999999999959
119,30,1.4771212547196624,integrated,False,True,53.427739908033814,43.79999999999959
120,30,1.4771212547196624,integrated,False,True,53.7826760301911,43.91999999999959
121,30,1.4771212547196624,integrated,False,True,53.945987075747425,44.03999999999959
122,30,1.4771212547196624,integrated,False,True,34.39240929370979,22.680000000000017
123,30,1.4771212547196624,integrated,False,True,53.606938971954776,43.91999999999959
124,30,1.4771212547196624,integrated,False,True,53.85931127293654,43.91999999999959
125,30,1.4771212547196624,integrated,False,True,53.62400002867989,43.91999999999959
126,30,1.4771212547196624,integrated,False,True,54.248694480296535,44.03999999999959
127,30,1.4771212547196624,integrated,False,True,53.50310719820408,43.79999999999959
128,30,1.4771212547196624,integrated,False,True,53.95312061414719,43.91999999999959
129,30,1.4771212547196624,integrated,False,True,53.43540694222132,43.91999999999959
130,30,1.4771212547196624,integrated,False,True,34.17208046403264,22.200000000000017
131,30,1.4771212547196624,integrated,False,True,54.65178869896787,44.03999999999959
132,30,1.4771212547196624,integrated,False,True,34.33401673592071,22.320000000000018
133,30,1.4771212547196624,integrated,False,True,34.70539641455802,23.160000000000018
134,30,1.4771212547196624,integrated,False,True,54.53353621489395,44.159999999999584
135,30,1.4771212547196624,integrated,False,True,53.715307259488725,43.91999999999959
136,30,1.4771212547196624,integrated,False,True,54.09169491779775,44.03999999999959
137,30,1.4771212547196624,integrated,False,True,53.447637624761946,43.79999999999959
138,30,1.4771212547196624,integrated,False,True,53.58468927307656,43.79999999999959
139,30,1.4771212547196624,integrated,False,True,53.839965986496395,43.91999999999959
140,30,1.4771212547196624,integrated,False,True,53.20544000791524,43.679999999999595
141,30,1.4771212547196624,integrated,False,True,53.80223784457651,43.91999999999959
142,30,1.4771212547196624,integrated,False,True,53.527717684015606,43.91999999999959
143,30,1.4771212547196624,integrated,False,True,54.09959059071373,44.159999999999584
144,30,1.4771212547196624,integrated,False,True,53.36750428307715,43.79999999999959
145,30,1.4771212547196624,integrated,False,True,53.460969288749524,43.79999999999959
146,30,1.4771212547196624,integrated,False,True,53.87997183156429,43.91999999999959
147,30,1.4771212547196624,integrated,False,True,54.09181103724282,44.03999999999959
148,30,1.4771212547196624,integrated,False,True,54.00795179006536,44.03999999999959
149,30,1.4771212547196624,integrated,False,True,53.55425290537083,43.79999999999959
150,30,1.4771212547196624,integrated,False,True,54.10068611467907,44.03999999999959
151,30,1.4771212547196624,integrated,False,True,53.52332344307014,43.79999999999959
152,30,1.4771212547196624,integrated,False,True,34.3843101481421,22.560000000000016
153,30,1.4771212547196624,integrated,False,True,54.744498688681844,44.159999999999584
154,30,1.4771212547196624,integrated,False,True,54.322376529846764,44.159999999999584
155,30,1.4771212547196624,integrated,False,True,55.30624102760041,44.39999999999958
156,30,1.4771212547196624,integrated,False,True,53.81245614258594,44.03999999999959
157,30,1.4771212547196624,integrated,False,True,53.880130195122845,43.91999999999959
158,30,1.4771212547196624,integrated,False,True,34.38906092484354,22.560000000000016
159,30,1.4771212547196624,integrated,False,True,53.92102428359573,44.03999999999959
160,30,1.4771212547196624,integrated,False,True,34.44886087184267,22.80000000000002
161,30,1.4771212547196624,integrated,False,True,53.41255322874733,43.79999999999959
162,30,1.4771212547196624,integrated,False,True,53.43313741929715,43.79999999999959
163,30,1.4771212547196624,integrated,False,True,53.83415109614435,44.03999999999959
164,30,1.4771212547196624,integrated,False,True,54.05551059880161,44.159999999999584
165,30,1.4771212547196624,integrated,False,True,53.9558184951688,44.03999999999959
166,30,1.4771212547196624,integrated,False,True,34.44666262337493,22.680000000000017
167,30,1.4771212547196624,integrated,False,True,55.49912623084069,44.51999999999958
168,30,1.4771212547196624,integrated,False,True,54.2569908532778,43.79999999999959
169,30,1.4771212547196624,integrated,False,True,53.57606440298487,43.79999999999959
170,30,1.4771212547196624,integrated,False,True,54.09169023560786,44.159999999999584
171,30,1.4771212547196624,integrated,False,True,53.26743865075187,43.79999999999959
172,30,1.4771212547196624,integrated,False,True,34.41391890460508,22.680000000000017
173,30,1.4771212547196624,integrated,False,True,34.38302661077615,22.680000000000017
174,30,1.4771212547196624,integrated,False,True,53.3720184872886,43.91999999999959
175,30,1.4771212547196624,integrated,False,True,53.88902251252634,43.91999999999959
176,30,1.4771212547196624,integrated,False,True,53.62067278100743,43.91999999999959
177,30,1.4771212547196624,integrated,False,True,53.75039343963001,43.79999999999959
178,30,1.4771212547196624,integrated,False,True,53.98198490876794,44.03999999999959
179,30,1.4771212547196624,integrated,False,True,34.3428827358596,22.44000000000002
180,30,1.4771212547196624,integrated,False,True,34.672430268352244,23.160000000000018
181,30,1.4771212547196624,integrated,False,True,54.31010243792033,44.03999999999959
182,30,1.4771212547196624,integrated,False,True,53.736721037097055,43.91999999999959
183,30,1.4771212547196624,integrated,False,True,53.705693282269,43.91999999999959
184,30,1.4771212547196624,integrated,False,True,34.22615237135159,22.320000000000018
185,30,1.4771212547196624,integrated,False,True,53.595550313846,43.679999999999595
186,30,1.4771212547196624,integrated,False,True,54.03249959724133,43.91999999999959
187,30,1.4771212547196624,integrated,False,True,53.66623785236647,43.91999999999959
188,30,1.4771212547196624,integrated,False,True,53.90703682554094,43.91999999999959
189,30,1.4771212547196624,integrated,False,True,34.20628831137848,22.200000000000017
190,30,1.4771212547196624,integrated,False,True,54.36175657248714,44.159999999999584
191,30,1.4771212547196624,integrated,False,True,53.980646725087254,43.91999999999959
192,30,1.4771212547196624,integrated,False,True,53.68399163137944,43.91999999999959
193,30,1.4771212547196624,integrated,False,True,53.66878309541691,43.79999999999959
194,30,1.4771212547196624,integrated,False,True,53.6745239682467,43.91999999999959
195,30,1.4771212547196624,integrated,False,True,54.035993226867404,44.03999999999959
196,30,1.4771212547196624,integrated,False,True,53.987985537734616,44.03999999999959
197,30,1.4771212547196624,integrated,False,True,53.824294532724714,43.91999999999959
198,30,1.4771212547196624,integrated,False,True,53.76191338952258,43.91999999999959
199,30,1.4771212547196624,integrated,False,True,53.89206913345614,43.91999999999959
200,30,1.4771212547196624,integrated,False,True,53.61075294528246,43.79999999999959
201,30,1.4771212547196624,integrated,False,True,53.6883661611218,43.79999999999959
202,30,1.4771212547196624,integrated,False,True,54.67698597776523,44.159999999999584
203,30,1.4771212547196624,integrated,False,True,54.126105059757656,44.03999999999959
204,30,1.4771212547196624,integrated,False,True,34.06618982811476,22.080000000000016
205,30,1.4771212547196624,integrated,False,True,53.85680160902852,44.03999999999959
206,30,1.4771212547196624,integrated,False,True,54.02734953324465,44.03999999999959
207,30,1.4771212547196624,integrated,False,True,34.43583761870914,22.80000000000002
208,30,1.4771212547196624,integrated,False,True,53.334137163811185,43.679999999999595
209,30,1.4771212547196624,integrated,False,True,53.856513526269126,43.91999999999959
210,30,1.4771212547196624,integrated,False,True,34.05623665095034,22.200000000000017
211,30,1.4771212547196624,integrated,False,True,53.72840363514952,43.91999999999959
212,30,1.4771212547196624,integrated,False,True,55.05347174376,44.159999999999584
213,30,1.4771212547196624,integrated,False,True,54.73655684951879,44.03999999999959
214,30,1.4771212547196624,integrated,False,True,55.03918905972487,44.39999999999958
215,30,1.4771212547196624,integrated,False,True,53.26644761666263,43.79999999999959
216,30,1.4771212547196624,integrated,False,True,34.50372649963097,22.80000000000002
217,30,1.4771212547196624,integrated,False,True,54.476597136319704,44.27999999999958
218,30,1.4771212547196624,integrated,False,True,53.516211513001,43.91999999999959
219,30,1.4771212547196624,integrated,False,True,53.61900812101861,43.679999999999595
220,30,1.4771212547196624,integrated,False,True,53.579079200081225,43.79999999999959
221,30,1.4771212547196624,integrated,False,True,53.072984878723304,43.679999999999595
222,30,1.4771212547196624,integrated,False,True,53.93209697752171,43.91999999999959
223,30,1.4771212547196624,integrated,False,True,53.91847161283073,44.03999999999959
224,30,1.4771212547196624,integrated,False,True,53.19242734485452,43.679999999999595
225,30,1.4771212547196624,integrated,False,True,53.75806951958442,43.91999999999959
226,30,1.4771212547196624,integrated,False,True,53.65256086589238,43.79999999999959
227,30,1.4771212547196624,integrated,False,True,53.51664982307429,43.79999999999959
228,30,1.4771212547196624,integrated,False,True,34.14038355529589,22.320000000000018
229,30,1.4771212547196624,integrated,False,True,53.655193630870485,43.79999999999959
230,30,1.4771212547196624,integrated,False,True,53.58415484092275,43.79999999999959
231,30,1.4771212547196624,integrated,False,True,53.422825829179786,43.79999999999959
232,30,1.4771212547196624,integrated,False,True,53.580336941735695,44.03999999999959
233,30,1.4771212547196624,integrated,False,True,53.8114245612164,44.03999999999959
234,30,1.4771212547196624,integrated,False,True,53.96845426181782,44.159999999999584
235,30,1.4771212547196624,integrated,False,True,34.32573992580672,22.80000000000002
236,30,1.4771212547196624,integrated,False,True,53.38039080538637,43.79999999999959
237,30,1.4771212547196624,integrated,False,True,53.779503023402555,43.79999999999959
238,30,1.4771212547196624,integrated,False,True,53.74127835095734,43.91999999999959
239,30,1.4771212547196624,integrated,False,True,53.81405206864228,43.91999999999959
240,30,1.4771212547196624,integrated,False,True,53.410965040939715,43.79999999999959
241,30,1.4771212547196624,integrated,False,True,54.62577134292523,44.159999999999584
242,30,1.4771212547196624,integrated,False,True,54.38442925124333,44.03999999999959
243,30,1.4771212547196624,integrated,False,True,53.57961274743707,43.91999999999959
244,30,1.4771212547196624,integrated,False,True,53.66670685852971,44.03999999999959
245,30,1.4771212547196624,integrated,False,True,34.85526999836068,23.40000000000002
246,30,1.4771212547196624,integrated,False,True,53.73266380106752,43.91999999999959
247,30,1.4771212547196624,integrated,False,True,54.513696528987026,44.159999999999584
248,30,1.4771212547196624,integrated,False,True,53.30401803596564,43.79999999999959
249,30,1.4771212547196624,integrated,False,True,53.64214868793726,43.91999999999959
250,30,1.4771212547196624,integrated,False,True,53.6636506674809,43.79999999999959
251,30,1.4771212547196624,integrated,False,True,53.57952112983817,43.79999999999959
252,30,1.4771212547196624,integrated,False,True,54.246000208264306,44.159999999999584
253,30,1.4771212547196624,integrated,False,True,53.496930098139984,43.91999999999959
254,30,1.4771212547196624,integrated,False,True,53.42427210631568,43.79999999999959
255,30,1.4771212547196624,integrated,False,True,54.20379955918217,44.03999999999959
256,30,1.4771212547196624,integrated,False,True,54.39422934308131,44.159999999999584
257,30,1.4771212547196624,integrated,False,True,53.38410728448433,43.79999999999959
258,30,1.4771212547196624,integrated,False,True,54.15071884934113,44.03999999999959
259,30,1.4771212547196624,integrated,False,True,34.380730966783474,22.680000000000017
260,30,1.4771212547196624,integrated,False,True,53.505993830097495,43.91999999999959
261,30,1.4771212547196624,integrated,False,True,53.476000689888615,43.91999999999959
262,30,1.4771212547196624,integrated,False,True,53.9442624876897,43.91999999999959
263,30,1.4771212547196624,integrated,False,True,53.51917212590243,43.91999999999959
264,30,1.4771212547196624,integrated,False,True,53.88729258337449,43.91999999999959
265,30,1.4771212547196624,integrated,False,True,53.569981224707945,43.79999999999959
266,30,1.4771212547196624,integrated,False,True,54.78656153086935,44.159999999999584
267,30,1.4771212547196624,integrated,False,True,54.75678961992567,44.27999999999958
268,30,1.4771212547196624,integrated,False,True,53.63138738749991,43.79999999999959
269,30,1.4771212547196624,integrated,False,True,53.90473788481188,43.91999999999959
270,30,1.4771212547196624,integrated,False,True,54.18460150439809,44.159999999999584
271,30,1.4771212547196624,integrated,False,True,53.7236367133431,43.91999999999959
272,30,1.4771212547196624,integrated,False,True,34.09834986481463,22.200000000000017
273,30,1.4771212547196624,integrated,False,True,53.514157535205854,43.91999999999959
274,30,1.4771212547196624,integrated,False,True,54.22924208350285,44.159999999999584
275,30,1.4771212547196624,integrated,False,True,53.5455716924062,43.91999999999959
276,30,1.4771212547196624,integrated,False,True,53.246527364768276,43.79999999999959
277,30,1.4771212547196624,integrated,False,True,34.17333029406801,22.200000000000017
278,30,1.4771212547196624,integrated,False,True,54.340741669652914,44.159999999999584
279,30,1.4771212547196624,integrated,False,True,53.70907300415992,43.79999999999959
280,30,1.4771212547196624,integrated,False,True,34.612668115289765,22.920000000000016
281,30,1.4771212547196624,integrated,False,True,34.11657695262682,22.200000000000017
282,30,1.4771212547196624,integrated,False,True,53.4690187413073,43.91999999999959
283,30,1.4771212547196624,integrated,False,True,53.95284679981752,43.91999999999959
284,30,1.4771212547196624,integrated,False,True,53.91440688459324,44.03999999999959
285,30,1.4771212547196624,integrated,False,True,53.9573681119014,44.03999999999959
286,30,1.4771212547196624,integrated,False,True,53.85111724605617,44.03999999999959
287,30,1.4771212547196624,integrated,False,True,53.61530354209063,43.79999999999959
288,30,1.4771212547196624,integrated,False,True,53.596441538510035,43.79999999999959
289,30,1.4771212547196624,integrated,False,True,54.439286362994494,44.159999999999584
290,30,1.4771212547196624,integrated,False,True,54.02610160608489,44.03999999999959
291,30,1.4771212547196624,integrated,False,True,34.05463892103488,22.080000000000016
292,30,1.4771212547196624,integrated,False,True,54.179719564739315,44.03999999999959
293,30,1.4771212547196624,integrated,False,True,53.942047349826176,44.03999999999959
294,30,1.4771212547196624,integrated,False,True,53.71663689059251,43.79999999999959
295,30,1.4771212547196624,integrated,False,True,53.93283158069103,44.159999999999584
296,30,1.4771212547196624,integrated,False,True,53.222478691821564,43.679999999999595
297,30,1.4771212547196624,integrated,False,True,53.13435922472475,43.5599999999996
298,30,1.4771212547196624,integrated,False,True,54.25095920950446,44.159999999999584
299,30,1.4771212547196624,integrated,False,True,54.25147762425868,44.159999999999584
300,30,1.4771212547196624,integrated,False,True,34.28774698812067,22.680000000000017
301,30,1.4771212547196624,integrated,False,True,54.49397618653654,44.159999999999584
302,30,1.4771212547196624,integrated,False,True,53.306847443169445,43.79999999999959
303,30,1.4771212547196624,integrated,False,True,53.635631629884,43.79999999999959
304,30,1.4771212547196624,integrated,False,True,54.17108807247304,44.03999999999959
305,30,1.4771212547196624,integrated,False,True,54.411421014498245,44.159999999999584
306,30,1.4771212547196624,integrated,False,True,53.46412158106936,43.79999999999959
307,30,1.4771212547196624,integrated,False,True,54.0793891513744,44.159999999999584
308,30,1.4771212547196624,integrated,False,True,53.82938310931009,43.91999999999959
309,30,1.4771212547196624,integrated,False,True,53.5870628820942,43.91999999999959
310,30,1.4771212547196624,integrated,False,True,53.88247731576045,44.03999999999959
311,30,1.4771212547196624,integrated,False,True,53.670343757880474,43.79999999999959
312,30,1.4771212547196624,integrated,False,True,34.81176940648096,23.28000000000002
313,30,1.4771212547196624,integrated,False,True,54.1952373066722,44.03999999999959
314,30,1.4771212547196624,integrated,False,True,54.02270102410152,44.159999999999584
315,30,1.4771212547196624,integrated,False,True,53.662791897877085,43.91999999999959
316,30,1.4771212547196624,integrated,False,True,34.316827363651065,22.320000000000018
317,30,1.4771212547196624,integrated,False,True,54.29990742639903,44.03999999999959
318,30,1.4771212547196624,integrated,False,True,53.52852187364313,43.91999999999959
319,30,1.4771212547196624,integrated,False,True,34.21055932575459,22.44000000000002
320,30,1.4771212547196624,integrated,False,True,53.971766480406274,44.03999999999959
321,30,1.4771212547196624,integrated,False,True,54.29200755245849,44.03999999999959
322,30,1.4771212547196624,integrated,False,True,34.279305529140444,22.44000000000002
323,30,1.4771212547196624,integrated,False,True,34.62519442723442,23.040000000000017
324,30,1.4771212547196624,integrated,False,True,54.69684330911502,44.159999999999584
325,30,1.4771212547196624,integrated,False,True,54.12382327765431,44.03999999999959
326,30,1.4771212547196624,integrated,False,True,53.67282900829704,43.79999999999959
327,30,1.4771212547196624,integrated,False,True,54.33414737512218,44.159999999999584
328,30,1.4771212547196624,integrated,False,True,53.78580463540453,43.91999999999959
329,30,1.4771212547196624,integrated,False,True,53.41034443309597,43.79999999999959
330,30,1.4771212547196624,integrated,False,True,53.54903862365367,43.91999999999959
331,30,1.4771212547196624,integrated,False,True,54.11857413554023,44.03999999999959
332,30,1.4771212547196624,integrated,False,True,53.91807951594595,43.91999999999959
333,30,1.4771212547196624,integrated,False,True,53.52797003329596,43.91999999999959
334,30,1.4771212547196624,integrated,False,True,53.24645780848613,43.5599999999996
335,30,1.4771212547196624,integrated,False,True,53.66272767344492,43.91999999999959
336,30,1.4771212547196624,integrated,False,True,53.401397602148634,43.79999999999959
337,30,1.4771212547196624,integrated,False,True,53.70375289100153,43.91999999999959
338,30,1.4771212547196624,integrated,False,True,53.63247709804894,43.79999999999959
339,30,1.4771212547196624,integrated,False,True,53.857991780595995,44.03999999999959
340,30,1.4771212547196624,integrated,False,True,34.224549125954766,22.320000000000018
341,30,1.4771212547196624,integrated,False,True,54.28753936474649,44.159999999999584
342,30,1.4771212547196624,integrated,False,True,53.86561986559052,43.91999999999959
343,30,1.4771212547196624,integrated,False,True,53.655837988969,43.91999999999959
344,30,1.4771212547196624,integrated,False,True,34.289500103511934,22.44000000000002
345,30,1.4771212547196624,integrated,False,True,34.34772061642123,22.680000000000017
346,30,1.4771212547196624,integrated,False,True,34.23481213585595,22.320000000000018
347,30,1.4771212547196624,integrated,False,True,34.358517175678315,22.560000000000016
348,30,1.4771212547196624,integrated,False,True,53.97248926132323,43.91999999999959
349,30,1.4771212547196624,integrated,False,True,34.234249919953996,22.320000000000018
350,30,1.4771212547196624,integrated,False,True,34.41387888422362,22.680000000000017
351,30,1.4771212547196624,integrated,False,True,34.58620120329965,22.80000000000002
352,30,1.4771212547196624,integrated,False,True,34.179359703742776,22.320000000000018
353,30,1.4771212547196624,integrated,False,True,34.27518658528782,22.320000000000018
354,30,1.4771212547196624,integrated,False,True,53.86015375881949,43.91999999999959
355,30,1.4771212547196624,integrated,False,True,54.70322518043392,44.27999999999958
356,30,1.4771212547196624,integrated,False,True,53.46078199567275,43.91999999999959
357,30,1.4771212547196624,integrated,False,True,53.6217244725636,43.79999999999959
358,30,1.4771212547196624,integrated,False,True,53.48873544552909,43.79999999999959
359,30,1.4771212547196624,integrated,False,True,54.16462574259715,43.91999999999959
360,30,1.4771212547196624,integrated,False,True,34.73767881142635,23.28000000000002
361,30,1.4771212547196624,integrated,False,True,53.58092440332775,43.79999999999959
362,30,1.4771212547196624,integrated,False,True,53.50100921696789,43.91999999999959
363,30,1.4771212547196624,integrated,False,True,54.124772479347556,44.03999999999959
364,30,1.4771212547196624,integrated,False,True,34.59635577303545,23.040000000000017
365,30,1.4771212547196624,integrated,False,True,34.224588995580376,22.44000000000002
366,30,1.4771212547196624,integrated,False,True,53.500346839676425,43.79999999999959
367,30,1.4771212547196624,integrated,False,True,34.38458267916001,22.680000000000017
368,30,1.4771212547196624,integrated,False,True,53.804119871912846,43.91999999999959
369,30,1.4771212547196624,integrated,False,True,34.07557831357513,22.080000000000016
370,30,1.4771212547196624,integrated,False,True,54.09529144986547,43.91999999999959
371,30,1.4771212547196624,integrated,False,True,53.719689197425,43.79999999999959
372,30,1.4771212547196624,integrated,False,True,34.007258845526096,22.080000000000016
373,30,1.4771212547196624,integrated,False,True,34.57897829554572,22.80000000000002
374,30,1.4771212547196624,integrated,False,True,34.08583937986532,22.200000000000017
375,30,1.4771212547196624,integrated,False,True,53.87063011364588,43.91999999999959
376,30,1.4771212547196624,integrated,False,True,34.25983631667685,22.320000000000018
377,30,1.4771212547196624,integrated,False,True,53.626820090143354,43.91999999999959
378,30,1.4771212547196624,integrated,False,True,53.55853416682091,43.91999999999959
379,30,1.4771212547196624,integrated,False,True,53.386390631358125,43.79999999999959
380,30,1.4771212547196624,integrated,False,True,54.91238190246466,44.27999999999958
381,30,1.4771212547196624,integrated,False,True,34.31145761188657,22.680000000000017
382,30,1.4771212547196624,integrated,False,True,53.55852116515369,43.91999999999959
383,30,1.4771212547196624,integrated,False,True,53.904782444737975,43.91999999999959
384,30,1.4771212547196624,integrated,False,True,34.32546856322897,22.560000000000016
385,30,1.4771212547196624,integrated,False,True,53.73327988691141,43.79999999999959
386,30,1.4771212547196624,integrated,False,True,34.1672160506353,22.320000000000018
387,30,1.4771212547196624,integrated,False,True,34.22548501104627,22.320000000000018
388,30,1.4771212547196624,integrated,False,True,53.748033361249185,43.91999999999959
389,30,1.4771212547196624,integrated,False,True,53.94769614292184,43.91999999999959
390,30,1.4771212547196624,integrated,False,True,53.98875051595854,44.03999999999959
391,30,1.4771212547196624,integrated,False,True,54.324623336881245,44.27999999999958
392,30,1.4771212547196624,integrated,False,True,54.340171576223064,44.03999999999959
393,30,1.4771212547196624,integrated,False,True,55.28440546602256,44.639999999999574
394,30,1.4771212547196624,integrated,False,True,54.00234888547102,43.91999999999959
395,30,1.4771212547196624,integrated,False,True,34.44214393378021,22.680000000000017
396,30,1.4771212547196624,integrated,False,True,53.70711652272049,43.91999999999959
397,30,1.4771212547196624,integrated,False,True,53.91159982596258,43.91999999999959
398,30,1.4771212547196624,integrated,False,True,53.447647974778775,43.79999999999959
399,30,1.4771212547196624,integrated,False,True,53.600601764095195,43.91999999999959
400,30,1.4771212547196624,integrated,False,True,55.0556304524049,44.27999999999958
401,30,1.4771212547196624,integrated,False,True,53.26531926233149,43.79999999999959
402,30,1.4771212547196624,integrated,False,True,53.91093863408112,44.03999999999959
403,30,1.4771212547196624,integrated,False,True,54.14975870758467,44.159999999999584
404,30,1.4771212547196624,integrated,False,True,53.805488328627874,43.91999999999959
405,30,1.4771212547196624,integrated,False,True,34.50805798041533,22.920000000000016
406,30,1.4771212547196624,integrated,False,True,34.641479383394184,23.160000000000018
407,30,1.4771212547196624,integrated,False,True,34.23294660363957,22.44000000000002
408,30,1.4771212547196624,integrated,False,True,53.98676413906708,44.03999999999959
409,30,1.4771212547196624,integrated,False,True,54.18703026480871,43.91999999999959
410,30,1.4771212547196624,integrated,False,True,53.63983647737598,43.91999999999959
411,30,1.4771212547196624,integrated,False,True,53.54901892143647,43.79999999999959
412,30,1.4771212547196624,integrated,False,True,54.15216353457092,44.03999999999959
413,30,1.4771212547196624,integrated,False,True,34.284779411761704,22.560000000000016
414,30,1.4771212547196624,integrated,False,True,53.53597410734996,43.79999999999959
415,30,1.4771212547196624,integrated,False,True,54.18521237696587,44.03999999999959
416,30,1.4771212547196624,integrated,False,True,53.66517334333619,43.91999999999959
417,30,1.4771212547196624,integrated,False,True,53.807996966566904,43.91999999999959
418,30,1.4771212547196624,integrated,False,True,53.568860793880305,43.91999999999959
419,30,1.4771212547196624,integrated,False,True,54.304546183866876,44.159999999999584
420,30,1.4771212547196624,integrated,False,True,53.722057649222194,43.91999999999959
421,30,1.4771212547196624,integrated,False,True,53.474919015721596,43.79999999999959
422,30,1.4771212547196624,integrated,False,True,34.288619413373645,22.560000000000016
423,30,1.4771212547196624,integrated,False,True,53.92379155655477,44.03999999999959
424,30,1.4771212547196624,integrated,False,True,54.86455680682053,44.27999999999958
425,30,1.4771212547196624,integrated,False,True,53.92200936193096,44.03999999999959
426,30,1.4771212547196624,integrated,False,True,53.88258303006975,43.91999999999959
427,30,1.4771212547196624,integrated,False,True,54.183101246679,44.03999999999959
428,30,1.4771212547196624,integrated,False,True,54.35374479464244,44.159999999999584
429,30,1.4771212547196624,integrated,False,True,53.98913086350305,44.03999999999959
430,30,1.4771212547196624,integrated,False,True,34.25312230507447,22.560000000000016
431,30,1.4771212547196624,integrated,False,True,54.334511696641954,44.03999999999959
432,30,1.4771212547196624,integrated,False,True,53.57479123597082,43.79999999999959
433,30,1.4771212547196624,integrated,False,True,34.122896646719795,22.200000000000017
434,30,1.4771212547196624,integrated,False,True,54.4399742248799,44.27999999999958
435,30,1.4771212547196624,integrated,False,True,53.93252782155993,43.91999999999959
436,30,1.4771212547196624,integrated,False,True,34.674165093884596,23.28000000000002
437,30,1.4771212547196624,integrated,False,True,34.728409594464594,23.160000000000018
438,30,1.4771212547196624,integrated,False,True,54.0234818365097,44.03999999999959
439,30,1.4771212547196624,integrated,False,True,53.351814547900794,43.79999999999959
440,30,1.4771212547196624,integrated,False,True,54.02182640848315,44.03999999999959
441,30,1.4771212547196624,integrated,False,True,54.079085682554535,44.03999999999959
442,30,1.4771212547196624,integrated,False,True,34.23626211589199,22.44000000000002
443,30,1.4771212547196624,integrated,False,True,54.2094160667558,43.91999999999959
444,30,1.4771212547196624,integrated,False,True,54.28151422577762,44.03999999999959
445,30,1.4771212547196624,integrated,False,True,34.63551582771415,23.28000000000002
446,30,1.4771212547196624,integrated,False,True,53.685130782774486,43.79999999999959
447,30,1.4771212547196624,integrated,False,True,53.82189692856005,44.03999999999959
448,30,1.4771212547196624,integrated,False,True,53.558136984974155,43.79999999999959
449,30,1.4771212547196624,integrated,False,True,54.16070560959061,43.91999999999959
450,30,1.4771212547196624,integrated,False,True,34.32510617848358,22.680000000000017
451,30,1.4771212547196624,integrated,False,True,34.11961883330979,22.200000000000017
452,30,1.4771212547196624,integrated,False,True,54.279175139355075,44.03999999999959
453,30,1.4771212547196624,integrated,False,True,54.79664033503361,44.159999999999584
454,30,1.4771212547196624,integrated,False,True,54.08657309504037,43.91999999999959
455,30,1.4771212547196624,integrated,False,True,53.91150086105942,44.03999999999959
456,30,1.4771212547196624,integrated,False,True,53.92503247154511,43.91999999999959
457,30,1.4771212547196624,integrated,False,True,53.1277825988009,43.679999999999595
458,30,1.4771212547196624,integrated,False,True,54.176821654585595,44.03999999999959
459,30,1.4771212547196624,integrated,False,True,34.34494538770855,22.680000000000017
460,30,1.4771212547196624,integrated,False,True,54.28171573414237,43.91999999999959
461,30,1.4771212547196624,integrated,False,True,53.99573597251735,43.91999999999959
462,30,1.4771212547196624,integrated,False,True,53.88930755134656,43.79999999999959
463,30,1.4771212547196624,integrated,False,True,53.763452366997726,43.79999999999959
464,30,1.4771212547196624,integrated,False,True,53.989938704449806,44.03999999999959
465,30,1.4771212547196624,integrated,False,True,53.62182264424699,43.91999999999959
466,30,1.4771212547196624,integrated,False,True,53.84427557501689,44.03999999999959
467,30,1.4771212547196624,integrated,False,True,54.13061547902346,44.03999999999959
468,30,1.4771212547196624,integrated,False,True,53.32383016643789,43.79999999999959
469,30,1.4771212547196624,integrated,False,True,53.950901380207064,44.03999999999959
470,30,1.4771212547196624,integrated,False,True,53.77023335582621,43.91999999999959
471,30,1.4771212547196624,integrated,False,True,53.78504663483373,43.91999999999959
472,30,1.4771212547196624,integrated,False,True,54.11326711377802,44.03999999999959
473,30,1.4771212547196624,integrated,False,True,53.83792900824925,43.79999999999959
474,30,1.4771212547196624,integrated,False,True,54.64011154711788,44.159999999999584
475,30,1.4771212547196624,integrated,False,True,54.65652608744094,44.159999999999584
476,30,1.4771212547196624,integrated,False,True,53.93925920153132,44.03999999999959
477,30,1.4771212547196624,integrated,False,True,54.43730051651755,44.03999999999959
478,30,1.4771212547196624,integrated,False,True,54.55455775607801,44.03999999999959
479,30,1.4771212547196624,integrated,False,True,53.919583519852274,43.79999999999959
480,30,1.4771212547196624,integrated,False,True,54.20411178524925,43.91999999999959
481,30,1.4771212547196624,integrated,False,True,53.435314777332025,43.79999999999959
482,30,1.4771212547196624,integrated,False,True,34.32330694335627,22.44000000000002
483,30,1.4771212547196624,integrated,False,True,54.36434591271386,44.159999999999584
484,30,1.4771212547196624,integrated,False,True,53.81383127394349,44.03999999999959
485,30,1.4771212547196624,integrated,False,True,53.5585945869872,43.91999999999959
486,30,1.4771212547196624,integrated,False,True,34.50704422977531,22.80000000000002
487,30,1.4771212547196624,integrated,False,True,54.35389092912685,43.91999999999959
488,30,1.4771212547196624,integrated,False,True,53.85786457054048,43.91999999999959
489,30,1.4771212547196624,integrated,False,True,34.14204975620089,22.200000000000017
490,30,1.4771212547196624,integrated,False,True,53.67528267914767,43.91999999999959
491,30,1.4771212547196624,integrated,False,True,54.60520734785889,44.27999999999958
492,30,1.4771212547196624,integrated,False,True,53.7241991869,43.91999999999959
493,30,1.4771212547196624,integrated,False,True,53.39530380065305,43.91999999999959
494,30,1.4771212547196624,integrated,False,True,54.96256401163682,44.159999999999584
495,30,1.4771212547196624,integrated,False,True,54.51066586030821,44.159999999999584
496,30,1.4771212547196624,integrated,False,True,54.32797144444274,44.03999999999959
497,30,1.4771212547196624,integrated,False,True,54.07208214701704,43.91999999999959
498,30,1.4771212547196624,integrated,False,True,53.85685158700835,43.79999999999959
499,30,1.4771212547196624,integrated,False,True,54.00922092004533,44.03999999999959
500,30,1.4771212547196624,integrated,False,True,54.0896806710508,43.91999999999959
501,30,1.4771212547196624,integrated,False,True,53.6735261088188,43.91999999999959
502,30,1.4771212547196624,integrated,False,True,53.47564033897628,43.91999999999959
503,30,1.4771212547196624,integrated,False,True,54.36913235223523,44.03999999999959
504,30,1.4771212547196624,integrated,False,True,34.13993651749628,22.200000000000017
505,30,1.4771212547196624,integrated,False,True,53.410041104149954,43.79999999999959
506,30,1.4771212547196624,integrated,False,True,54.6602566553865,44.27999999999958
507,30,1.4771212547196624,integrated,False,True,34.11429017709452,22.080000000000016
508,30,1.4771212547196624,integrated,False,True,53.891027448829135,43.91999999999959
509,30,1.4771212547196624,integrated,False,True,54.12472391660333,44.03999999999959
510,30,1.4771212547196624,integrated,False,True,53.57085378911923,44.03999999999959
511,30,1.4771212547196624,integrated,False,True,53.63756539294917,43.79999999999959
512,30,1.4771212547196624,integrated,False,True,53.424506520089466,43.91999999999959
513,30,1.4771212547196624,integrated,False,True,54.018832364794626,44.03999999999959
514,30,1.4771212547196624,integrated,False,True,55.58141674417611,44.639999999999574
515,30,1.4771212547196624,integrated,False,True,34.270635565604664,22.44000000000002
516,30,1.4771212547196624,integrated,False,True,34.425000553835375,22.560000000000016
517,30,1.4771212547196624,integrated,False,True,54.80454607306583,44.27999999999958
518,30,1.4771212547196624,integrated,False,True,34.258999193504806,22.44000000000002
519,30,1.4771212547196624,integrated,False,True,53.79199979080382,43.91999999999959
520,30,1.4771212547196624,integrated,False,True,54.577168320972085,44.03999999999959
521,30,1.4771212547196624,integrated,False,True,53.998583076225756,44.03999999999959
522,30,1.4771212547196624,integrated,False,True,53.69909154824971,43.91999999999959
523,30,1.4771212547196624,integrated,False,True,54.35949983315202,44.27999999999958
524,30,1.4771212547196624,integrated,False,True,54.35694440119178,44.159999999999584
525,30,1.4771212547196624,integrated,False,True,53.49620265564003,43.91999999999959
526,30,1.4771212547196624,integrated,False,True,54.077944072027144,43.91999999999959
527,30,1.4771212547196624,integrated,False,True,34.35679984273216,22.560000000000016
528,30,1.4771212547196624,integrated,False,True,53.86337431607709,44.03999999999959
529,30,1.4771212547196624,integrated,False,True,53.31888199060971,43.79999999999959
530,30,1.4771212547196624,integrated,False,True,54.405896057068155,44.03999999999959
531,30,1.4771212547196624,integrated,False,True,53.81581471175902,44.03999999999959
532,30,1.4771212547196624,integrated,False,True,54.45830472487032,44.159999999999584
533,30,1.4771212547196624,integrated,False,True,34.701805967094266,23.28000000000002
534,30,1.4771212547196624,integrated,False,True,54.14286930568322,44.03999999999959
535,30,1.4771212547196624,integrated,False,True,54.62681038814958,44.27999999999958
536,30,1.4771212547196624,integrated,False,True,53.72075005496798,43.91999999999959
537,30,1.4771212547196624,integrated,False,True,53.68592631263043,43.91999999999959
538,30,1.4771212547196624,integrated,False,True,34.160952634273215,22.080000000000016
539,30,1.4771212547196624,integrated,False,True,54.20081330365795,43.91999999999959
540,30,1.4771212547196624,integrated,False,True,53.875111146361746,43.79999999999959
541,30,1.4771212547196624,integrated,False,True,53.679164668123605,43.91999999999959
542,30,1.4771212547196624,integrated,False,True,34.27215726954063,22.44000000000002
543,30,1.4771212547196624,integrated,False,True,53.88285590053616,43.79999999999959
544,30,1.4771212547196624,integrated,False,True,53.82416036845645,43.91999999999959
545,30,1.4771212547196624,integrated,False,True,53.65342354154875,44.03999999999959
546,30,1.4771212547196624,integrated,False,True,54.02439645077315,44.03999999999959
547,30,1.4771212547196624,integrated,False,True,53.792419496941974,43.91999999999959
548,30,1.4771212547196624,integrated,False,True,53.69150643650966,43.91999999999959
549,30,1.4771212547196624,integrated,False,True,55.3472437172704,44.39999999999958
550,30,1.4771212547196624,integrated,False,True,53.77323338135681,43.79999999999959
551,30,1.4771212547196624,integrated,False,True,54.55680825237768,44.27999999999958
552,30,1.4771212547196624,integrated,False,True,54.10195642179623,44.03999999999959
553,30,1.4771212547196624,integrated,False,True,34.64237083992722,23.040000000000017
554,30,1.4771212547196624,integrated,False,True,53.796134793436636,44.03999999999959
555,30,1.4771212547196624,integrated,False,True,34.61274159637108,22.80000000000002
556,30,1.4771212547196624,integrated,False,True,53.47936755413197,43.79999999999959
557,30,1.4771212547196624,integrated,False,True,54.08371340290685,43.91999999999959
558,30,1.4771212547196624,integrated,False,True,53.21013858390959,43.679999999999595
559,30,1.4771212547196624,integrated,False,True,54.24735921751013,44.159999999999584
560,30,1.4771212547196624,integrated,False,True,34.08006569851703,22.320000000000018
561,30,1.4771212547196624,integrated,False,True,54.0267197376147,44.03999999999959
562,30,1.4771212547196624,integrated,False,True,53.533084730111554,43.79999999999959
563,30,1.4771212547196624,integrated,False,True,53.388571067646794,43.79999999999959
564,30,1.4771212547196624,integrated,False,True,54.174113240270714,43.91999999999959
565,30,1.4771212547196624,integrated,False,True,53.951187679872874,44.03999999999959
566,30,1.4771212547196624,integrated,False,True,53.452823839028724,43.91999999999959
567,30,1.4771212547196624,integrated,False,True,53.9290597454126,43.91999999999959
568,30,1.4771212547196624,integrated,False,True,53.62486592485405,43.79999999999959
569,30,1.4771212547196624,integrated,False,True,34.0747576679649,22.080000000000016
570,30,1.4771212547196624,integrated,False,True,54.36192518403472,44.159999999999584
571,30,1.4771212547196624,integrated,False,True,53.76170438603886,43.91999999999959
572,30,1.4771212547196624,integrated,False,True,53.75851760630005,43.91999999999959
573,30,1.4771212547196624,integrated,False,True,55.26090024371115,44.51999999999958
574,30,1.4771212547196624,integrated,False,True,53.560147045684346,43.91999999999959
575,30,1.4771212547196624,integrated,False,True,34.0498632487696,22.080000000000016
576,30,1.4771212547196624,integrated,False,True,54.138059267776306,44.03999999999959
577,30,1.4771212547196624,integrated,False,True,54.7506909218397,44.39999999999958
578,30,1.4771212547196624,integrated,False,True,53.66774546185496,43.79999999999959
579,30,1.4771212547196624,integrated,False,True,53.567492814058426,43.79999999999959
580,30,1.4771212547196624,integrated,False,True,34.370280135983485,22.44000000000002
581,30,1.4771212547196624,integrated,False,True,54.219707797931505,44.03999999999959
582,30,1.4771212547196624,integrated,False,True,53.62035468145709,43.91999999999959
583,30,1.4771212547196624,integrated,False,True,34.48385224735,22.560000000000016
584,30,1.4771212547196624,integrated,False,True,53.83667219634585,43.91999999999959
585,30,1.4771212547196624,integrated,False,True,54.527345641919524,44.159999999999584
586,30,1.4771212547196624,integrated,False,True,55.33501031685968,44.51999999999958
587,30,1.4771212547196624,integrated,False,True,54.54804563830383,44.27999999999958
588,30,1.4771212547196624,integrated,False,True,54.41024091143238,44.03999999999959
589,30,1.4771212547196624,integrated,False,True,53.586298305144396,43.79999999999959
590,30,1.4771212547196624,integrated,False,True,53.925286958781655,43.91999999999959
591,30,1.4771212547196624,integrated,False,True,34.46552976430018,22.80000000000002
592,30,1.4771212547196624,integrated,False,True,54.44560303950763,44.159999999999584
593,30,1.4771212547196624,integrated,False,True,53.5079340364106,43.79999999999959
594,30,1.4771212547196624,integrated,False,True,53.977232543798266,43.79999999999959
595,30,1.4771212547196624,integrated,False,True,53.81572146784088,43.91999999999959
596,30,1.4771212547196624,integrated,False,True,53.59099295622059,43.79999999999959
597,30,1.4771212547196624,integrated,False,True,34.366445899646884,22.680000000000017
598,30,1.4771212547196624,integrated,False,True,34.3233375561156,22.560000000000016
599,30,1.4771212547196624,integrated,False,True,54.21431792668531,44.159999999999584
600,30,1.4771212547196624,integrated,False,True,54.52183700473877,44.159999999999584
601,30,1.4771212547196624,integrated,False,True,53.77058181990137,43.91999999999959
602,30,1.4771212547196624,integrated,False,True,53.68999415232818,43.91999999999959
603,30,1.4771212547196624,integrated,False,True,55.327506856454434,44.159999999999584
604,30,1.4771212547196624,integrated,False,True,53.11283536637422,43.679999999999595
605,30,1.4771212547196624,integrated,False,True,53.30450809110931,43.679999999999595
606,30,1.4771212547196624,integrated,False,True,53.91830833368232,44.03999999999959
607,30,1.4771212547196624,integrated,False,True,34.24832305164385,22.44000000000002
608,30,1.4771212547196624,integrated,False,True,34.32388924823033,22.680000000000017
609,30,1.4771212547196624,integrated,False,True,54.167882581910135,44.03999999999959
610,30,1.4771212547196624,integrated,False,True,54.11814032277297,44.03999999999959
611,30,1.4771212547196624,integrated,False,True,53.716125934615675,43.91999999999959
612,30,1.4771212547196624,integrated,False,True,53.39784192210607,43.79999999999959
613,30,1.4771212547196624,integrated,False,True,53.61382971287638,43.79999999999959
614,30,1.4771212547196624,integrated,False,True,53.53523678232527,43.91999999999959
615,30,1.4771212547196624,integrated,False,True,53.4439766675341,43.91999999999959
616,30,1.4771212547196624,integrated,False,True,34.33291760499269,22.44000000000002
617,30,1.4771212547196624,integrated,False,True,53.835634208908374,44.03999999999959
618,30,1.4771212547196624,integrated,False,True,34.3913487835265,22.680000000000017
619,30,1.4771212547196624,integrated,False,True,53.80411063383487,43.91999999999959
620,30,1.4771212547196624,integrated,False,True,53.955887379312685,43.91999999999959
621,30,1.4771212547196624,integrated,False,True,54.29027799097196,43.91999999999959
622,30,1.4771212547196624,integrated,False,True,54.214885888704224,44.03999999999959
623,30,1.4771212547196624,integrated,False,True,54.00352707960044,44.159999999999584
624,30,1.4771212547196624,integrated,False,True,54.013727343800355,44.03999999999959
625,30,1.4771212547196624,integrated,False,True,54.40165678337799,44.03999999999959
626,30,1.4771212547196624,integrated,False,True,53.5825647303037,43.79999999999959
627,30,1.4771212547196624,integrated,False,True,53.706516508228106,43.91999999999959
628,30,1.4771212547196624,integrated,False,True,53.67463313740254,43.91999999999959
629,30,1.4771212547196624,integrated,False,True,54.08169083275261,44.03999999999959
630,30,1.4771212547196624,integrated,False,True,53.51799300035546,43.79999999999959
631,30,1.4771212547196624,integrated,False,True,34.12316348279769,22.080000000000016
632,30,1.4771212547196624,integrated,False,True,54.118833716957866,44.03999999999959
633,30,1.4771212547196624,integrated,False,True,53.54489499111548,43.79999999999959
634,30,1.4771212547196624,integrated,False,True,54.03776285392992,44.03999999999959
635,30,1.4771212547196624,integrated,False,True,53.227531595425276,43.679999999999595
636,30,1.4771212547196624,integrated,False,True,54.197353870673865,44.03999999999959
637,30,1.4771212547196624,integrated,False,True,53.1621561736592,43.679999999999595
638,30,1.4771212547196624,integrated,False,True,53.223773590701654,43.79999999999959
639,30,1.4771212547196624,integrated,False,True,53.36684833014199,43.79999999999959
640,30,1.4771212547196624,integrated,False,True,53.90980814032693,43.91999999999959
641,30,1.4771212547196624,integrated,False,True,53.74046963660386,43.91999999999959
642,30,1.4771212547196624,integrated,False,True,53.63183008275735,43.91999999999959
643,30,1.4771212547196624,integrated,False,True,54.141673721626944,44.03999999999959
644,30,1.4771212547196624,integrated,False,True,53.69820219077698,43.91999999999959
645,30,1.4771212547196624,integrated,False,True,53.59487573312484,43.91999999999959
646,30,1.4771212547196624,integrated,False,True,53.50029750775164,43.79999999999959
647,30,1.4771212547196624,integrated,False,True,54.542488416206936,44.39999999999958
648,30,1.4771212547196624,integrated,False,True,53.86168967270215,44.03999999999959
649,30,1.4771212547196624,integrated,False,True,53.727176683949935,43.91999999999959
650,30,1.4771212547196624,integrated,False,True,53.94747311966785,44.03999999999959
651,30,1.4771212547196624,integrated,False,True,34.294802452645875,22.44000000000002
652,30,1.4771212547196624,integrated,False,True,53.41193713014931,43.679999999999595
653,30,1.4771212547196624,integrated,False,True,54.11831820676805,43.91999999999959
654,30,1.4771212547196624,integrated,False,True,53.89897330020306,44.03999999999959
655,30,1.4771212547196624,integrated,False,True,53.85962602095551,43.91999999999959
656,30,1.4771212547196624,integrated,False,True,53.5631104758388,43.91999999999959
657,30,1.4771212547196624,integrated,False,True,54.58925281438179,44.27999999999958
658,30,1.4771212547196624,integrated,False,True,54.28790389124086,44.159999999999584
659,30,1.4771212547196624,integrated,False,True,34.12502348003163,22.080000000000016
660,30,1.4771212547196624,integrated,False,True,54.532070152981746,44.27999999999958
661,30,1.4771212547196624,integrated,False,True,53.87737373651594,44.03999999999959
662,30,1.4771212547196624,integrated,False,True,53.22631372519645,43.679999999999595
663,30,1.4771212547196624,integrated,False,True,53.547649293165165,43.79999999999959
664,30,1.4771212547196624,integrated,False,True,53.374693394064735,43.79999999999959
665,30,1.4771212547196624,integrated,False,True,34.21070037486033,22.44000000000002
666,30,1.4771212547196624,integrated,False,True,54.10923040820839,44.159999999999584
667,30,1.4771212547196624,integrated,False,True,54.16770932912361,44.03999999999959
668,30,1.4771212547196624,integrated,False,True,54.153765942207,43.91999999999959
669,30,1.4771212547196624,integrated,False,True,53.67567308550765,44.03999999999959
670,30,1.4771212547196624,integrated,False,True,53.36598947471468,43.79999999999959
671,30,1.4771212547196624,integrated,False,True,53.954414873853196,44.03999999999959
672,30,1.4771212547196624,integrated,False,True,54.06266564140081,43.91999999999959
673,30,1.4771212547196624,integrated,False,True,33.930115733363905,21.960000000000015
674,30,1.4771212547196624,integrated,False,True,53.18960487807959,43.679999999999595
675,30,1.4771212547196624,integrated,False,True,34.50973257473961,22.680000000000017
676,30,1.4771212547196624,integrated,False,True,53.7113262797489,43.79999999999959
677,30,1.4771212547196624,integrated,False,True,53.44654633721376,43.79999999999959
678,30,1.4771212547196624,integrated,False,True,53.63591726901293,43.91999999999959
679,30,1.4771212547196624,integrated,False,True,54.96545407014857,44.51999999999958
680,30,1.4771212547196624,integrated,False,True,53.8425836854654,43.91999999999959
681,30,1.4771212547196624,integrated,False,True,53.4512922809582,43.79999999999959
682,30,1.4771212547196624,integrated,False,True,34.12321825480095,22.320000000000018
683,30,1.4771212547196624,integrated,False,True,53.65186814596008,43.91999999999959
684,30,1.4771212547196624,integrated,False,True,53.597431130270266,44.03999999999959
685,30,1.4771212547196624,integrated,False,True,54.72421502272914,44.27999999999958
686,30,1.4771212547196624,integrated,False,True,34.39566021811173,22.680000000000017
687,30,1.4771212547196624,integrated,False,True,53.652251843392264,43.91999999999959
688,30,1.4771212547196624,integrated,False,True,34.63609146120985,23.040000000000017
689,30,1.4771212547196624,integrated,False,True,54.139385178624735,43.91999999999959
690,30,1.4771212547196624,integrated,False,True,53.95619606549265,43.91999999999959
691,30,1.4771212547196624,integrated,False,True,53.52215799825443,43.79999999999959
692,30,1.4771212547196624,integrated,False,True,54.282209942457996,44.159999999999584
693,30,1.4771212547196624,integrated,False,True,53.90535313442399,44.03999999999959
694,30,1.4771212547196624,integrated,False,True,53.76308048824037,43.91999999999959
695,30,1.4771212547196624,integrated,False,True,53.56297349608532,43.91999999999959
696,30,1.4771212547196624,integrated,False,True,34.07398616477096,22.200000000000017
697,30,1.4771212547196624,integrated,False,True,53.540087607257064,43.91999999999959
698,30,1.4771212547196624,integrated,False,True,53.79236407599366,43.91999999999959
699,30,1.4771212547196624,integrated,False,True,54.18974086012136,44.159999999999584
700,30,1.4771212547196624,integrated,False,True,54.15715833800821,44.159999999999584
701,30,1.4771212547196624,integrated,False,True,54.63392354099359,44.27999999999958
702,30,1.4771212547196624,integrated,False,True,53.637637939908544,43.91999999999959
703,30,1.4771212547196624,integrated,False,True,54.14714817950099,44.03999999999959
704,30,1.4771212547196624,integrated,False,True,53.95961818110473,44.03999999999959
705,30,1.4771212547196624,integrated,False,True,34.16069198148428,22.320000000000018
706,30,1.4771212547196624,integrated,False,True,53.90417749881065,43.91999999999959
707,30,1.4771212547196624,integrated,False,True,34.60862469476433,23.040000000000017
708,30,1.4771212547196624,integrated,False,True,53.4154453510375,43.79999999999959
709,30,1.4771212547196624,integrated,False,True,34.629654609827895,23.160000000000018
710,30,1.4771212547196624,integrated,False,True,54.55256956555955,44.27999999999958
711,30,1.4771212547196624,integrated,False,True,54.170053055372364,43.91999999999959
712,30,1.4771212547196624,integrated,False,True,53.42658241599113,43.91999999999959
713,30,1.4771212547196624,integrated,False,True,53.738127527098,43.91999999999959
714,30,1.4771212547196624,integrated,False,True,53.595538144709394,43.91999999999959
715,30,1.4771212547196624,integrated,False,True,34.198523058606185,22.200000000000017
716,30,1.4771212547196624,integrated,False,True,53.45935645035617,43.91999999999959
717,30,1.4771212547196624,integrated,False,True,54.244125952874136,44.03999999999959
718,30,1.4771212547196624,integrated,False,True,53.643996639230025,44.03999999999959
719,30,1.4771212547196624,integrated,False,True,53.58259264216558,43.91999999999959
720,30,1.4771212547196624,integrated,False,True,34.20193061152446,22.44000000000002
721,30,1.4771212547196624,integrated,False,True,53.76593103001991,44.03999999999959
722,30,1.4771212547196624,integrated,False,True,53.519191607547235,43.91999999999959
723,30,1.4771212547196624,integrated,False,True,34.205849248201474,22.320000000000018
724,30,1.4771212547196624,integrated,False,True,53.802693669113054,43.91999999999959
725,30,1.4771212547196624,integrated,False,True,53.67053772611234,43.91999999999959
726,30,1.4771212547196624,integrated,False,True,53.642467810439385,44.03999999999959
727,30,1.4771212547196624,integrated,False,True,55.08924673108831,44.27999999999958
728,30,1.4771212547196624,integrated,False,True,53.4939472891493,43.679999999999595
729,30,1.4771212547196624,integrated,False,True,34.969622115908734,23.64000000000002
730,30,1.4771212547196624,integrated,False,True,53.85063706707368,43.91999999999959
731,30,1.4771212547196624,integrated,False,True,53.56023269457613,43.91999999999959
732,30,1.4771212547196624,integrated,False,True,53.723698884413544,43.79999999999959
733,30,1.4771212547196624,integrated,False,True,54.89570608738639,44.159999999999584
734,30,1.4771212547196624,integrated,False,True,53.54780584010951,43.79999999999959
735,30,1.4771212547196624,integrated,False,True,53.51094354941459,43.91999999999959
736,30,1.4771212547196624,integrated,False,True,54.88354512088276,44.159999999999584
737,30,1.4771212547196624,integrated,False,True,34.04255239955835,22.200000000000017
738,30,1.4771212547196624,integrated,False,True,34.22373112030412,22.44000000000002
739,30,1.4771212547196624,integrated,False,True,53.68008159266189,43.79999999999959
740,30,1.4771212547196624,integrated,False,True,34.31458516465668,22.80000000000002
741,30,1.4771212547196624,integrated,False,True,54.22936557714695,44.03999999999959
742,30,1.4771212547196624,integrated,False,True,53.671248083168784,43.91999999999959
743,30,1.4771212547196624,integrated,False,True,53.69488720055024,43.91999999999959
744,30,1.4771212547196624,integrated,False,True,53.45891748508744,43.79999999999959
745,30,1.4771212547196624,integrated,False,True,53.30434067744304,43.79999999999959
746,30,1.4771212547196624,integrated,False,True,55.19804028364613,44.159999999999584
747,30,1.4771212547196624,integrated,False,True,34.467101817804135,22.680000000000017
748,30,1.4771212547196624,integrated,False,True,54.261760601673174,44.159999999999584
749,30,1.4771212547196624,integrated,False,True,53.99698440986901,43.91999999999959
750,30,1.4771212547196624,integrated,False,True,53.46588967572257,43.679999999999595
751,30,1.4771212547196624,integrated,False,True,54.53482452554087,44.159999999999584
752,30,1.4771212547196624,integrated,False,True,53.690638457629376,43.91999999999959
753,30,1.4771212547196624,integrated,False,True,53.9151357341517,43.79999999999959
754,30,1.4771212547196624,integrated,False,True,53.79168838284437,43.91999999999959
755,30,1.4771212547196624,integrated,False,True,53.4611722462076,43.79999999999959
756,30,1.4771212547196624,integrated,False,True,34.3480617539345,22.560000000000016
757,30,1.4771212547196624,integrated,False,True,53.70643729922192,43.91999999999959
758,30,1.4771212547196624,integrated,False,True,54.05016695031335,44.03999999999959
759,30,1.4771212547196624,integrated,False,True,34.34917976993707,22.680000000000017
760,30,1.4771212547196624,integrated,False,True,34.29740701776952,22.44000000000002
761,30,1.4771212547196624,integrated,False,True,53.86099718927839,43.91999999999959
762,30,1.4771212547196624,integrated,False,True,54.470160694073705,44.159999999999584
763,30,1.4771212547196624,integrated,False,True,53.66413561582199,43.91999999999959
764,30,1.4771212547196624,integrated,False,True,34.786571549551525,23.28000000000002
765,30,1.4771212547196624,integrated,False,True,34.4138593047512,22.680000000000017
766,30,1.4771212547196624,integrated,False,True,54.21578651455319,43.91999999999959
767,30,1.4771212547196624,integrated,False,True,54.2662553531692,44.03999999999959
768,30,1.4771212547196624,integrated,False,True,34.14225235476678,22.080000000000016
769,30,1.4771212547196624,integrated,False,True,53.828006372255615,43.91999999999959
770,30,1.4771212547196624,integrated,False,True,34.4431752951356,22.80000000000002
771,30,1.4771212547196624,integrated,False,True,54.580971919194,44.03999999999959
772,30,1.4771212547196624,integrated,False,True,53.46993293964543,43.79999999999959
773,30,1.4771212547196624,integrated,False,True,53.862553118663556,44.03999999999959
774,30,1.4771212547196624,integrated,False,True,53.67617799117837,43.91999999999959
775,30,1.4771212547196624,integrated,False,True,54.38337533990429,44.159999999999584
776,30,1.4771212547196624,integrated,False,True,54.10811165780687,43.91999999999959
777,30,1.4771212547196624,integrated,False,True,53.880351695243895,43.91999999999959
778,30,1.4771212547196624,integrated,False,True,53.85842906934846,43.91999999999959
779,30,1.4771212547196624,integrated,False,True,53.95293976547842,43.79999999999959
780,30,1.4771212547196624,integrated,False,True,34.44096611569906,22.680000000000017
781,30,1.4771212547196624,integrated,False,True,53.7551902570557,43.91999999999959
782,30,1.4771212547196624,integrated,False,True,33.95695999201616,22.080000000000016
783,30,1.4771212547196624,integrated,False,True,53.47144028215985,43.91999999999959
784,30,1.4771212547196624,integrated,False,True,53.63636447128137,44.03999999999959
785,30,1.4771212547196624,integrated,False,True,53.467042595709074,43.91999999999959
786,30,1.4771212547196624,integrated,False,True,53.93281084159891,43.91999999999959
787,30,1.4771212547196624,integrated,False,True,54.24674389587895,44.03999999999959
788,30,1.4771212547196624,integrated,False,True,34.42276272994606,22.80000000000002
789,30,1.4771212547196624,integrated,False,True,34.40662042147726,22.920000000000016
790,30,1.4771212547196624,integrated,False,True,53.510320017192626,43.79999999999959
791,30,1.4771212547196624,integrated,False,True,54.39213583894434,44.03999999999959
792,30,1.4771212547196624,integrated,False,True,55.108508522950956,44.39999999999958
793,30,1.4771212547196624,integrated,False,True,53.66029315114414,43.91999999999959
794,30,1.4771212547196624,integrated,False,True,53.813602347484405,43.91999999999959
795,30,1.4771212547196624,integrated,False,True,34.34915657965666,22.44000000000002
796,30,1.4771212547196624,integrated,False,True,53.31742686053083,43.679999999999595
797,30,1.4771212547196624,integrated,False,True,53.78746536071236,43.91999999999959
798,30,1.4771212547196624,integrated,False,True,53.43001362984651,43.79999999999959
799,30,1.4771212547196624,integrated,False,True,53.85179026141481,43.91999999999959
800,30,1.4771212547196624,integrated,False,True,54.05626810812164,44.03999999999959
801,30,1.4771212547196624,integrated,False,True,34.32809136110994,22.44000000000002
802,30,1.4771212547196624,integrated,False,True,54.21514722573387,44.159999999999584
803,30,1.4771212547196624,integrated,False,True,53.89624870593265,44.03999999999959
804,30,1.4771212547196624,integrated,False,True,53.941431135890255,43.91999999999959
805,30,1.4771212547196624,integrated,False,True,54.16544644121994,44.03999999999959
806,30,1.4771212547196624,integrated,False,True,34.28977872320626,22.320000000000018
807,30,1.4771212547196624,integrated,False,True,34.4329365233603,22.680000000000017
808,30,1.4771212547196624,integrated,False,True,53.57506941293693,43.91999999999959
809,30,1.4771212547196624,integrated,False,True,53.44873950531928,43.79999999999959
810,30,1.4771212547196624,integrated,False,True,53.327583077935174,43.79999999999959
811,30,1.4771212547196624,integrated,False,True,53.59045132440235,43.79999999999959
812,30,1.4771212547196624,integrated,False,True,34.14214913289716,22.320000000000018
813,30,1.4771212547196624,integrated,False,True,53.365632674673336,43.79999999999959
814,30,1.4771212547196624,integrated,False,True,53.42103815303146,43.79999999999959
815,30,1.4771212547196624,integrated,False,True,53.89222328111097,43.91999999999959
816,30,1.4771212547196624,integrated,False,True,34.26059228321969,22.320000000000018
817,30,1.4771212547196624,integrated,False,True,53.889440582915455,43.91999999999959
818,30,1.4771212547196624,integrated,False,True,54.59010089382319,44.27999999999958
819,30,1.4771212547196624,integrated,False,True,34.167706981560244,22.320000000000018
820,30,1.4771212547196624,integrated,False,True,53.81755973684638,43.91999999999959
821,30,1.4771212547196624,integrated,False,True,53.567917336565124,43.79999999999959
822,30,1.4771212547196624,integrated,False,True,34.52810482538681,22.80000000000002
823,30,1.4771212547196624,integrated,False,True,34.25827023395925,22.44000000000002
824,30,1.4771212547196624,integrated,False,True,53.4628344451547,43.79999999999959
825,30,1.4771212547196624,integrated,False,True,34.5465870641936,22.80000000000002
826,30,1.4771212547196624,integrated,False,True,53.39020363175996,43.79999999999959
827,30,1.4771212547196624,integrated,False,True,54.62997828746227,44.27999999999958
828,30,1.4771212547196624,integrated,False,True,53.728144366826236,44.03999999999959
829,30,1.4771212547196624,integrated,False,True,34.60513857056667,22.920000000000016
830,30,1.4771212547196624,integrated,False,True,34.489205973334755,22.920000000000016
831,30,1.4771212547196624,integrated,False,True,54.73725298942142,44.159999999999584
832,30,1.4771212547196624,integrated,False,True,53.42834060405164,43.79999999999959
833,30,1.4771212547196624,integrated,False,True,54.25590140645755,44.03999999999959
834,30,1.4771212547196624,integrated,False,True,54.57854662176091,44.27999999999958
835,30,1.4771212547196624,integrated,False,True,53.49147874061695,43.91999999999959
836,30,1.4771212547196624,integrated,False,True,54.31363572203939,44.159999999999584
837,30,1.4771212547196624,integrated,False,True,53.62986081862479,43.91999999999959
838,30,1.4771212547196624,integrated,False,True,53.63356732538717,43.79999999999959
839,30,1.4771212547196624,integrated,False,True,34.22092352433796,22.320000000000018
840,30,1.4771212547196624,integrated,False,True,53.36552314702053,43.679999999999595
841,30,1.4771212547196624,integrated,False,True,53.98389915746202,43.91999999999959
842,30,1.4771212547196624,integrated,False,True,54.30791010350281,43.91999999999959
843,30,1.4771212547196624,integrated,False,True,34.26461770394997,22.44000000000002
844,30,1.4771212547196624,integrated,False,True,53.54385428612375,43.79999999999959
845,30,1.4771212547196624,integrated,False,True,54.712905405104465,44.159999999999584
846,30,1.4771212547196624,integrated,False,True,53.69442426495666,43.91999999999959
847,30,1.4771212547196624,integrated,False,True,53.877199413965265,44.03999999999959
848,30,1.4771212547196624,integrated,False,True,53.582695869790044,43.91999999999959
849,30,1.4771212547196624,integrated,False,True,53.701355508218526,43.91999999999959
850,30,1.4771212547196624,integrated,False,True,53.452848977360006,43.79999999999959
851,30,1.4771212547196624,integrated,False,True,53.43793242133022,43.91999999999959
852,30,1.4771212547196624,integrated,False,True,53.05499013938157,43.679999999999595
853,30,1.4771212547196624,integrated,False,True,54.009981372851826,44.03999999999959
854,30,1.4771212547196624,integrated,False,True,54.10822495204705,44.159999999999584
855,30,1.4771212547196624,integrated,False,True,54.318859879599344,44.03999999999959
856,30,1.4771212547196624,integrated,False,True,34.56043594174704,22.80000000000002
857,30,1.4771212547196624,integrated,False,True,53.48880039495971,43.79999999999959
858,30,1.4771212547196624,integrated,False,True,53.11944581310294,43.679999999999595
859,30,1.4771212547196624,integrated,False,True,54.696043717509795,44.159999999999584
860,30,1.4771212547196624,integrated,False,True,54.133826550413524,43.91999999999959
861,30,1.4771212547196624,integrated,False,True,53.79070225074852,43.79999999999959
862,30,1.4771212547196624,integrated,False,True,53.765132667702346,43.91999999999959
863,30,1.4771212547196624,integrated,False,True,53.82508561110818,43.91999999999959
864,30,1.4771212547196624,integrated,False,True,34.864698237948915,23.520000000000017
865,30,1.4771212547196624,integrated,False,True,55.94542052707803,44.87999999999957
866,30,1.4771212547196624,integrated,False,True,54.27483349478547,44.03999999999959
867,30,1.4771212547196624,integrated,False,True,54.11705970800607,44.159999999999584
868,30,1.4771212547196624,integrated,False,True,53.87040274399119,44.03999999999959
869,30,1.4771212547196624,integrated,False,True,53.477487342194834,43.79999999999959
870,30,1.4771212547196624,integrated,False,True,53.77151556555417,43.91999999999959
871,30,1.4771212547196624,integrated,False,True,54.96793473986182,44.27999999999958
872,30,1.4771212547196624,integrated,False,True,34.32940948017114,22.560000000000016
873,30,1.4771212547196624,integrated,False,True,54.01227496668366,44.03999999999959
874,30,1.4771212547196624,integrated,False,True,53.94884248595714,43.91999999999959
875,30,1.4771212547196624,integrated,False,True,54.37772196174232,44.03999999999959
876,30,1.4771212547196624,integrated,False,True,53.78769223322185,44.03999999999959
877,30,1.4771212547196624,integrated,False,True,34.22019579581969,22.44000000000002
878,30,1.4771212547196624,integrated,False,True,54.21485441708265,44.03999999999959
879,30,1.4771212547196624,integrated,False,True,53.74286781866829,44.03999999999959
880,30,1.4771212547196624,integrated,False,True,53.14193755493423,43.5599999999996
881,30,1.4771212547196624,integrated,False,True,34.17451734401317,22.200000000000017
882,30,1.4771212547196624,integrated,False,True,34.41771870978762,22.680000000000017
883,30,1.4771212547196624,integrated,False,True,53.290167410217535,43.679999999999595
884,30,1.4771212547196624,integrated,False,True,53.48695924618619,43.79999999999959
885,30,1.4771212547196624,integrated,False,True,34.2736811828171,22.44000000000002
886,30,1.4771212547196624,integrated,False,True,53.37094449433008,43.79999999999959
887,30,1.4771212547196624,integrated,False,True,54.35254855675741,44.03999999999959
888,30,1.4771212547196624,integrated,False,True,34.36913738625777,22.680000000000017
889,30,1.4771212547196624,integrated,False,True,54.505523350119404,44.159999999999584
890,30,1.4771212547196624,integrated,False,True,53.99079271557649,44.03999999999959
891,30,1.4771212547196624,integrated,False,True,53.478890202023095,43.79999999999959
892,30,1.4771212547196624,integrated,False,True,53.282502024459546,43.79999999999959
893,30,1.4771212547196624,integrated,False,True,54.969972547394164,44.27999999999958
894,30,1.4771212547196624,integrated,False,True,55.15105812784007,44.159999999999584
895,30,1.4771212547196624,integrated,False,True,34.30964619343452,22.44000000000002
896,30,1.4771212547196624,integrated,False,True,53.28110347790707,43.679999999999595
897,30,1.4771212547196624,integrated,False,True,54.119298140663375,44.159999999999584
898,30,1.4771212547196624,integrated,False,True,34.28963363477785,22.44000000000002
899,30,1.4771212547196624,integrated,False,True,54.33837956307737,43.91999999999959
900,30,1.4771212547196624,integrated,False,True,53.46111519088632,43.91999999999959
901,30,1.4771212547196624,integrated,False,True,34.36990581401944,22.80000000000002
902,30,1.4771212547196624,integrated,False,True,53.55058154872897,43.79999999999959
903,30,1.4771212547196624,integrated,False,True,53.550419194957925,43.79999999999959
904,30,1.4771212547196624,integrated,False,True,54.082810908599335,44.159999999999584
905,30,1.4771212547196624,integrated,False,True,53.63053393232916,43.79999999999959
906,30,1.4771212547196624,integrated,False,True,53.6092913443611,43.79999999999959
907,30,1.4771212547196624,integrated,False,True,53.883318758564954,43.79999999999959
908,30,1.4771212547196624,integrated,False,True,55.21659907947955,44.27999999999958
909,30,1.4771212547196624,integrated,False,True,54.119457964222036,44.159999999999584
910,30,1.4771212547196624,integrated,False,True,34.53760544167605,23.040000000000017
911,30,1.4771212547196624,integrated,False,True,53.422470955622714,43.79999999999959
912,30,1.4771212547196624,integrated,False,True,34.15547135743854,22.320000000000018
913,30,1.4771212547196624,integrated,False,True,53.55596348205103,43.79999999999959
914,30,1.4771212547196624,integrated,False,True,53.7369912349011,43.91999999999959
915,30,1.4771212547196624,integrated,False,True,53.34573831145193,43.79999999999959
916,30,1.4771212547196624,integrated,False,True,53.19799159626514,43.679999999999595
917,30,1.4771212547196624,integrated,False,True,34.22659932740228,22.560000000000016
918,30,1.4771212547196624,integrated,False,True,54.207938649954315,44.03999999999959
919,30,1.4771212547196624,integrated,False,True,54.24361549481439,44.159999999999584
920,30,1.4771212547196624,integrated,False,True,53.67348449084925,43.91999999999959
921,30,1.4771212547196624,integrated,False,True,53.662114839026145,43.91999999999959
922,30,1.4771212547196624,integrated,False,True,34.61791344061764,23.040000000000017
923,30,1.4771212547196624,integrated,False,True,34.32866780786603,22.560000000000016
924,30,1.4771212547196624,integrated,False,True,53.50327941680001,43.91999999999959
925,30,1.4771212547196624,integrated,False,True,54.04637587517277,44.03999999999959
926,30,1.4771212547196624,integrated,False,True,34.53737377705909,22.920000000000016
927,30,1.4771212547196624,integrated,False,True,53.51996656522874,43.79999999999959
928,30,1.4771212547196624,integrated,False,True,34.31201925797119,22.44000000000002
929,30,1.4771212547196624,integrated,False,True,53.32247369900156,43.679999999999595
930,30,1.4771212547196624,integrated,False,True,53.807421814372276,44.03999999999959
931,30,1.4771212547196624,integrated,False,True,53.54545048384844,43.79999999999959
932,30,1.4771212547196624,integrated,False,True,34.74191433386419,23.28000000000002
933,30,1.4771212547196624,integrated,False,True,53.94614129085262,43.91999999999959
934,30,1.4771212547196624,integrated,False,True,54.249610900073606,44.159999999999584
935,30,1.4771212547196624,integrated,False,True,54.02755253641311,43.91999999999959
936,30,1.4771212547196624,integrated,False,True,54.0933196092485,44.159999999999584
937,30,1.4771212547196624,integrated,False,True,54.14144911805188,44.03999999999959
938,30,1.4771212547196624,integrated,False,True,53.84485642192736,43.91999999999959
939,30,1.4771212547196624,integrated,False,True,54.032243782346775,44.03999999999959
940,30,1.4771212547196624,integrated,False,True,53.733884865297945,43.91999999999959
941,30,1.4771212547196624,integrated,False,True,34.81358010947185,23.28000000000002
942,30,1.4771212547196624,integrated,False,True,34.368179419711794,22.560000000000016
943,30,1.4771212547196624,integrated,False,True,53.83165884745725,44.03999999999959
944,30,1.4771212547196624,integrated,False,True,54.31691519461177,44.03999999999959
945,30,1.4771212547196624,integrated,False,True,34.19193832245465,22.320000000000018
946,30,1.4771212547196624,integrated,False,True,53.687240406999,43.91999999999959
947,30,1.4771212547196624,integrated,False,True,53.69002116185831,43.91999999999959
948,30,1.4771212547196624,integrated,False,True,34.40453601506498,22.680000000000017
949,30,1.4771212547196624,integrated,False,True,54.7788380366665,44.27999999999958
950,30,1.4771212547196624,integrated,False,True,53.911825215217,43.91999999999959
951,30,1.4771212547196624,integrated,False,True,53.53042431170161,43.79999999999959
952,30,1.4771212547196624,integrated,False,True,54.72981943607493,44.159999999999584
953,30,1.4771212547196624,integrated,False,True,53.659814137867954,43.79999999999959
954,30,1.4771212547196624,integrated,False,True,53.93318799712813,43.91999999999959
955,30,1.4771212547196624,integrated,False,True,34.341706515147294,22.560000000000016
956,30,1.4771212547196624,integrated,False,True,53.72748039603357,43.79999999999959
957,30,1.4771212547196624,integrated,False,True,54.249283333269204,44.159999999999584
958,30,1.4771212547196624,integrated,False,True,53.693776515864194,43.79999999999959
959,30,1.4771212547196624,integrated,False,True,53.605042110477825,43.79999999999959
960,30,1.4771212547196624,integrated,False,True,53.72595452982556,43.91999999999959
961,30,1.4771212547196624,integrated,False,True,53.49804904580205,43.79999999999959
962,30,1.4771212547196624,integrated,False,True,53.638645888866726,43.79999999999959
963,30,1.4771212547196624,integrated,False,True,54.13895491306499,44.159999999999584
964,30,1.4771212547196624,integrated,False,True,34.18962998313637,22.320000000000018
965,30,1.4771212547196624,integrated,False,True,54.62916833018312,44.159999999999584
966,30,1.4771212547196624,integrated,False,True,54.74045558510781,44.159999999999584
967,30,1.4771212547196624,integrated,False,True,34.4160805449376,22.44000000000002
968,30,1.4771212547196624,integrated,False,True,54.04113198664602,43.91999999999959
969,30,1.4771212547196624,integrated,False,True,53.66577057057653,43.79999999999959
970,30,1.4771212547196624,integrated,False,True,53.86736606695146,44.03999999999959
971,30,1.4771212547196624,integrated,False,True,54.84467626627462,44.159999999999584
972,30,1.4771212547196624,integrated,False,True,55.91432845532097,44.87999999999957
973,30,1.4771212547196624,integrated,False,True,55.01976372254494,44.159999999999584
974,30,1.4771212547196624,integrated,False,True,53.72101432147582,43.91999999999959
975,30,1.4771212547196624,integrated,False,True,53.595129994549296,43.79999999999959
976,30,1.4771212547196624,integrated,False,True,53.99600506352735,44.03999999999959
977,30,1.4771212547196624,integrated,False,True,53.72684749057125,43.91999999999959
978,30,1.4771212547196624,integrated,False,True,53.98582965308124,44.03999999999959
979,30,1.4771212547196624,integrated,False,True,53.852416966748976,44.159999999999584
980,30,1.4771212547196624,integrated,False,True,53.88831518957454,43.91999999999959
981,30,1.4771212547196624,integrated,False,True,53.23112669654374,43.79999999999959
982,30,1.4771212547196624,integrated,False,True,54.04168687824027,44.03999999999959
983,30,1.4771212547196624,integrated,False,True,53.22955069244444,43.679999999999595
984,30,1.4771212547196624,integrated,False,True,34.11882407198068,22.080000000000016
985,30,1.4771212547196624,integrated,False,True,53.48130229394914,43.91999999999959
986,30,1.4771212547196624,integrated,False,True,53.1963754491141,43.679999999999595
987,30,1.4771212547196624,integrated,False,True,53.95040539435935,43.91999999999959
988,30,1.4771212547196624,integrated,False,True,53.85652670672903,43.91999999999959
989,30,1.4771212547196624,integrated,False,True,54.391431918349795,44.159999999999584
990,30,1.4771212547196624,integrated,False,True,54.13974841438087,44.03999999999959
991,30,1.4771212547196624,integrated,False,True,33.913532458369204,22.080000000000016
992,30,1.4771212547196624,integrated,False,True,53.77621580045532,43.91999999999959
993,30,1.4771212547196624,integrated,False,True,53.8713088207414,44.03999999999959
994,30,1.4771212547196624,integrated,False,True,54.420907835994946,44.159999999999584
995,30,1.4771212547196624,integrated,False,True,34.90345108579733,23.40000000000002
996,30,1.4771212547196624,integrated,False,True,34.13558772209745,22.200000000000017
997,30,1.4771212547196624,integrated,False,True,54.527056544702475,44.159999999999584
998,30,1.4771212547196624,integrated,False,True,53.90054564480305,43.91999999999959
999,30,1.4771212547196624,integrated,False,True,34.34614316420653,22.680000000000017
0,100,2.0,integrated,False,True,33.72380430833003,21.960000000000015
1,100,2.0,integrated,False,True,33.78251753023642,21.840000000000018
2,100,2.0,integrated,False,True,33.876353733233685,21.960000000000015
3,100,2.0,integrated,False,True,33.85759144838361,21.840000000000018
4,100,2.0,integrated,False,True,33.9655539795735,21.960000000000015
5,100,2.0,integrated,False,True,33.916953386319506,22.080000000000016
6,100,2.0,integrated,False,True,33.74941881349288,21.960000000000015
7,100,2.0,integrated,False,True,33.71204786069829,21.840000000000018
8,100,2.0,integrated,False,True,33.67106206108411,21.840000000000018
9,100,2.0,integrated,False,True,33.98423337931048,21.960000000000015
10,100,2.0,integrated,False,True,33.62547179155322,21.840000000000018
11,100,2.0,integrated,False,True,33.571417116799815,21.840000000000018
12,100,2.0,integrated,False,True,33.85557816594989,21.840000000000018
13,100,2.0,integrated,False,True,33.9782880481768,21.840000000000018
14,100,2.0,integrated,False,True,33.81297761557652,21.840000000000018
15,100,2.0,integrated,False,True,34.10005038005863,22.080000000000016
16,100,2.0,integrated,False,True,33.87125043577997,21.960000000000015
17,100,2.0,integrated,False,True,33.886865333067995,21.840000000000018
18,100,2.0,integrated,False,True,33.78768389323725,21.960000000000015
19,100,2.0,integrated,False,True,33.80910511468053,21.840000000000018
20,100,2.0,integrated,False,True,33.82599788088535,21.720000000000017
21,100,2.0,integrated,False,True,33.924045457336895,21.840000000000018
22,100,2.0,integrated,False,True,33.541234720004056,21.840000000000018
23,100,2.0,integrated,False,True,33.72537273611614,21.960000000000015
24,100,2.0,integrated,False,True,33.84251041192542,21.960000000000015
25,100,2.0,integrated,False,True,33.96693536221784,21.960000000000015
26,100,2.0,integrated,False,True,33.688691094308055,21.840000000000018
27,100,2.0,integrated,False,True,33.63534843555231,21.840000000000018
28,100,2.0,integrated,False,True,33.71467778931975,21.960000000000015
29,100,2.0,integrated,False,True,33.718439153729584,21.840000000000018
30,100,2.0,integrated,False,True,33.879219427770565,21.960000000000015
31,100,2.0,integrated,False,True,33.74186506857984,21.960000000000015
32,100,2.0,integrated,False,True,33.842278607062376,21.840000000000018
33,100,2.0,integrated,False,True,33.58350853728048,21.840000000000018
34,100,2.0,integrated,False,True,33.92560163355978,21.840000000000018
35,100,2.0,integrated,False,True,33.43632875888727,21.960000000000015
36,100,2.0,integrated,False,True,33.770213008429884,21.960000000000015
37,100,2.0,integrated,False,True,33.88182151539519,21.840000000000018
38,100,2.0,integrated,False,True,33.73013451701138,21.840000000000018
39,100,2.0,integrated,False,True,33.72100176912769,21.840000000000018
40,100,2.0,integrated,False,True,33.63097670849159,21.840000000000018
41,100,2.0,integrated,False,True,33.7158718338234,21.960000000000015
42,100,2.0,integrated,False,True,33.709775340433666,21.840000000000018
43,100,2.0,integrated,False,True,33.84305715498202,21.840000000000018
44,100,2.0,integrated,False,True,33.785362602330835,21.960000000000015
45,100,2.0,integrated,False,True,33.88451903957987,21.840000000000018
46,100,2.0,integrated,False,True,33.83077405665211,21.840000000000018
47,100,2.0,integrated,False,True,33.804716765405786,21.960000000000015
48,100,2.0,integrated,False,True,33.87408750940394,21.720000000000017
49,100,2.0,integrated,False,True,34.0261995103868,21.960000000000015
50,100,2.0,integrated,False,True,33.68321779196121,21.840000000000018
51,100,2.0,integrated,False,True,33.81181194570173,21.840000000000018
52,100,2.0,integrated,False,True,33.553833520305965,21.840000000000018
53,100,2.0,integrated,False,True,33.87378681763443,21.840000000000018
54,100,2.0,integrated,False,True,33.64900825819834,21.840000000000018
55,100,2.0,integrated,False,True,33.81728616000617,21.720000000000017
56,100,2.0,integrated,False,True,33.83240200639963,21.960000000000015
57,100,2.0,integrated,False,True,33.744034047247574,21.840000000000018
58,100,2.0,integrated,False,True,33.89182931589444,21.960000000000015
59,100,2.0,integrated,False,True,33.82636785897148,21.840000000000018
60,100,2.0,integrated,False,True,33.8552022227562,21.840000000000018
61,100,2.0,integrated,False,True,33.73403598445293,21.960000000000015
62,100,2.0,integrated,False,True,33.925703757675585,21.840000000000018
63,100,2.0,integrated,False,True,33.784813338479864,21.960000000000015
64,100,2.0,integrated,False,True,33.97291608692478,21.840000000000018
65,100,2.0,integrated,False,True,33.75899472012743,21.960000000000015
66,100,2.0,integrated,False,True,33.803018415530985,21.840000000000018
67,100,2.0,integrated,False,True,33.85470542276926,21.960000000000015
68,100,2.0,integrated,False,True,33.97922365035936,22.080000000000016
69,100,2.0,integrated,False,True,33.97149328140917,21.960000000000015
70,100,2.0,integrated,False,True,33.81103939444311,21.720000000000017
71,100,2.0,integrated,False,True,33.858360839586766,21.840000000000018
72,100,2.0,integrated,False,True,33.88274174178226,21.960000000000015
73,100,2.0,integrated,False,True,33.69612765288026,21.840000000000018
74,100,2.0,integrated,False,True,33.710007026515036,21.840000000000018
75,100,2.0,integrated,False,True,33.779198886517094,21.960000000000015
76,100,2.0,integrated,False,True,33.91346864347588,21.840000000000018
77,100,2.0,integrated,False,True,33.84198753536974,21.840000000000018
78,100,2.0,integrated,False,True,33.92222447369154,21.840000000000018
79,100,2.0,integrated,False,True,33.71823236344915,21.840000000000018
80,100,2.0,integrated,False,True,33.60233337837894,21.840000000000018
81,100,2.0,integrated,False,True,33.878770645176715,21.840000000000018
82,100,2.0,integrated,False,True,33.69961732150958,21.960000000000015
83,100,2.0,integrated,False,True,33.60907245715228,21.840000000000018
84,100,2.0,integrated,False,True,33.66503207307575,21.840000000000018
85,100,2.0,integrated,False,True,33.842396778506085,21.840000000000018
86,100,2.0,integrated,False,True,33.92221564801987,21.840000000000018
87,100,2.0,integrated,False,True,33.74986034840534,21.840000000000018
88,100,2.0,integrated,False,True,33.82129925450843,21.840000000000018
89,100,2.0,integrated,False,True,33.63100807962731,21.960000000000015
90,100,2.0,integrated,False,True,33.6905395012234,21.840000000000018
91,100,2.0,integrated,False,True,33.848619722100935,21.720000000000017
92,100,2.0,integrated,False,True,33.850823684909535,21.840000000000018
93,100,2.0,integrated,False,True,33.79332865294587,21.720000000000017
94,100,2.0,integrated,False,True,33.912720145627695,21.840000000000018
95,100,2.0,integrated,False,True,33.79356281280009,21.720000000000017
96,100,2.0,integrated,False,True,33.82727253076069,21.840000000000018
97,100,2.0,integrated,False,True,33.72744147276876,21.960000000000015
98,100,2.0,integrated,False,True,33.619767693132864,21.840000000000018
99,100,2.0,integrated,False,True,33.76794748284707,21.840000000000018
100,100,2.0,integrated,False,True,33.65509252245211,21.840000000000018
101,100,2.0,integrated,False,True,33.71193325162281,21.960000000000015
102,100,2.0,integrated,False,True,33.92379271065959,21.840000000000018
103,100,2.0,integrated,False,True,33.7738838661479,21.840000000000018
104,100,2.0,integrated,False,True,33.64113972858503,21.840000000000018
105,100,2.0,integrated,False,True,33.9661939537856,21.840000000000018
106,100,2.0,integrated,False,True,33.58030664886546,21.840000000000018
107,100,2.0,integrated,False,True,33.80394223411693,21.960000000000015
108,100,2.0,integrated,False,True,33.995653225894856,21.960000000000015
109,100,2.0,integrated,False,True,33.91759326883663,21.840000000000018
110,100,2.0,integrated,False,True,33.864368983841274,21.840000000000018
111,100,2.0,integrated,False,True,33.796030469818206,21.840000000000018
112,100,2.0,integrated,False,True,33.65262244933643,21.840000000000018
113,100,2.0,integrated,False,True,33.825682640886996,21.840000000000018
114,100,2.0,integrated,False,True,33.78095382334388,21.840000000000018
115,100,2.0,integrated,False,True,33.899548540940216,21.840000000000018
116,100,2.0,integrated,False,True,33.856831545387834,21.840000000000018
117,100,2.0,integrated,False,True,33.592700389158566,21.840000000000018
118,100,2.0,integrated,False,True,33.7466712243,21.960000000000015
119,100,2.0,integrated,False,True,33.68196835673034,21.840000000000018
120,100,2.0,integrated,False,True,33.707085729017685,21.840000000000018
121,100,2.0,integrated,False,True,33.76181723436066,21.960000000000015
122,100,2.0,integrated,False,True,33.58679237970578,21.840000000000018
123,100,2.0,integrated,False,True,33.8328839444347,21.840000000000018
124,100,2.0,integrated,False,True,33.94666170538912,21.840000000000018
125,100,2.0,integrated,False,True,33.616938667667235,21.840000000000018
126,100,2.0,integrated,False,True,33.79577214196206,21.960000000000015
127,100,2.0,integrated,False,True,33.749266874701746,21.840000000000018
128,100,2.0,integrated,False,True,33.80334637341192,21.960000000000015
129,100,2.0,integrated,False,True,33.874882959283774,21.960000000000015
130,100,2.0,integrated,False,True,33.68802425056291,21.840000000000018
131,100,2.0,integrated,False,True,34.12421584821007,22.200000000000017
132,100,2.0,integrated,False,True,33.684572808212884,21.960000000000015
133,100,2.0,integrated,False,True,33.74523155858117,21.840000000000018
134,100,2.0,integrated,False,True,33.68898672342549,21.840000000000018
135,100,2.0,integrated,False,True,33.770600701416,21.840000000000018
136,100,2.0,integrated,False,True,33.89711220116796,21.960000000000015
137,100,2.0,integrated,False,True,33.85528692023614,21.960000000000015
138,100,2.0,integrated,False,True,33.70430573278604,21.840000000000018
139,100,2.0,integrated,False,True,33.782883471823155,21.840000000000018
140,100,2.0,integrated,False,True,33.586554494050326,21.840000000000018
141,100,2.0,integrated,False,True,33.69394349238539,21.840000000000018
142,100,2.0,integrated,False,True,33.851587131388456,21.840000000000018
143,100,2.0,integrated,False,True,34.06038773895418,21.960000000000015
144,100,2.0,integrated,False,True,33.52415311336345,21.840000000000018
145,100,2.0,integrated,False,True,33.71652554049838,21.840000000000018
146,100,2.0,integrated,False,True,33.65101777985664,21.720000000000017
147,100,2.0,integrated,False,True,33.826055701361426,21.960000000000015
148,100,2.0,integrated,False,True,33.56350021265632,21.840000000000018
149,100,2.0,integrated,False,True,33.66700899070649,21.840000000000018
150,100,2.0,integrated,False,True,33.98416696817661,21.960000000000015
151,100,2.0,integrated,False,True,33.94468283361311,21.840000000000018
152,100,2.0,integrated,False,True,33.86569869267035,21.960000000000015
153,100,2.0,integrated,False,True,33.73127162110512,21.960000000000015
154,100,2.0,integrated,False,True,33.733335739575864,21.960000000000015
155,100,2.0,integrated,False,True,33.72429995971055,21.840000000000018
156,100,2.0,integrated,False,True,33.826953530890634,21.840000000000018
157,100,2.0,integrated,False,True,33.91653035995813,21.960000000000015
158,100,2.0,integrated,False,True,33.680450675667615,21.840000000000018
159,100,2.0,integrated,False,True,33.84931286319058,21.960000000000015
160,100,2.0,integrated,False,True,33.844637720582206,21.840000000000018
161,100,2.0,integrated,False,True,33.88606718572597,21.720000000000017
162,100,2.0,integrated,False,True,33.87987548158178,21.840000000000018
163,100,2.0,integrated,False,True,33.628142315326286,21.840000000000018
164,100,2.0,integrated,False,True,33.88971003972358,21.840000000000018
165,100,2.0,integrated,False,True,33.87474773112558,21.720000000000017
166,100,2.0,integrated,False,True,33.777855400112415,21.960000000000015
167,100,2.0,integrated,False,True,33.95798081475194,21.960000000000015
168,100,2.0,integrated,False,True,34.02521645030906,21.960000000000015
169,100,2.0,integrated,False,True,33.55367053470643,21.840000000000018
170,100,2.0,integrated,False,True,33.80772670102531,21.840000000000018
171,100,2.0,integrated,False,True,33.559534339409836,21.960000000000015
172,100,2.0,integrated,False,True,33.54617235386202,21.840000000000018
173,100,2.0,integrated,False,True,33.81180359395838,21.840000000000018
174,100,2.0,integrated,False,True,33.930358564817425,21.840000000000018
175,100,2.0,integrated,False,True,33.74712622443616,21.840000000000018
176,100,2.0,integrated,False,True,33.807085931056704,21.960000000000015
177,100,2.0,integrated,False,True,33.76269573333537,21.840000000000018
178,100,2.0,integrated,False,True,33.85596019492235,21.960000000000015
179,100,2.0,integrated,False,True,33.82447797978244,21.840000000000018
180,100,2.0,integrated,False,True,33.64526446837972,21.840000000000018
181,100,2.0,integrated,False,True,33.78192116137638,21.960000000000015
182,100,2.0,integrated,False,True,33.63906915760604,21.840000000000018
183,100,2.0,integrated,False,True,33.78713425040705,21.840000000000018
184,100,2.0,integrated,False,True,33.538804336357245,21.840000000000018
185,100,2.0,integrated,False,True,33.78148260797725,21.960000000000015
186,100,2.0,integrated,False,True,33.76677583084502,21.840000000000018
187,100,2.0,integrated,False,True,33.805185621313626,21.840000000000018
188,100,2.0,integrated,False,True,33.80330214577847,21.960000000000015
189,100,2.0,integrated,False,True,33.43054780392359,21.840000000000018
190,100,2.0,integrated,False,True,33.68966738088454,21.960000000000015
191,100,2.0,integrated,False,True,33.74130290735789,21.840000000000018
192,100,2.0,integrated,False,True,33.77928551006271,21.840000000000018
193,100,2.0,integrated,False,True,33.940566956810585,21.840000000000018
194,100,2.0,integrated,False,True,33.590153646697416,21.720000000000017
195,100,2.0,integrated,False,True,33.878732154745116,21.840000000000018
196,100,2.0,integrated,False,True,33.73979782475987,21.840000000000018
197,100,2.0,integrated,False,True,33.836275018004876,21.960000000000015
198,100,2.0,integrated,False,True,33.38644794836618,21.840000000000018
199,100,2.0,integrated,False,True,33.57610840860387,21.840000000000018
200,100,2.0,integrated,False,True,33.72069466750393,21.960000000000015
201,100,2.0,integrated,False,True,33.84174644012956,21.840000000000018
202,100,2.0,integrated,False,True,33.70334249530294,21.960000000000015
203,100,2.0,integrated,False,True,34.04397209207476,21.960000000000015
204,100,2.0,integrated,False,True,33.55840254757139,21.840000000000018
205,100,2.0,integrated,False,True,33.657570110084606,21.840000000000018
206,100,2.0,integrated,False,True,33.78843284079031,21.840000000000018
207,100,2.0,integrated,False,True,33.741885755710456,21.720000000000017
208,100,2.0,integrated,False,True,33.6634062094841,21.840000000000018
209,100,2.0,integrated,False,True,33.83899298818916,21.960000000000015
210,100,2.0,integrated,False,True,33.927676437852995,21.840000000000018
211,100,2.0,integrated,False,True,33.65745790175062,21.840000000000018
212,100,2.0,integrated,False,True,33.761675815625594,21.960000000000015
213,100,2.0,integrated,False,True,33.81056787062282,21.840000000000018
214,100,2.0,integrated,False,True,33.504367648654764,21.840000000000018
215,100,2.0,integrated,False,True,33.65837287182083,21.960000000000015
216,100,2.0,integrated,False,True,33.946991647682,22.080000000000016
217,100,2.0,integrated,False,True,33.93386482374687,21.840000000000018
218,100,2.0,integrated,False,True,33.87915126371083,21.840000000000018
219,100,2.0,integrated,False,True,33.74301577028257,21.960000000000015
220,100,2.0,integrated,False,True,33.82141461167274,21.720000000000017
221,100,2.0,integrated,False,True,33.662273711118246,21.840000000000018
222,100,2.0,integrated,False,True,33.67546228920118,21.840000000000018
223,100,2.0,integrated,False,True,33.70468988568417,21.960000000000015
224,100,2.0,integrated,False,True,33.56947021106568,21.840000000000018
225,100,2.0,integrated,False,True,33.95190157083743,21.840000000000018
226,100,2.0,integrated,False,True,33.758654478882015,21.840000000000018
227,100,2.0,integrated,False,True,33.77508675771524,21.840000000000018
228,100,2.0,integrated,False,True,33.905711363944604,21.840000000000018
229,100,2.0,integrated,False,True,33.773570308055525,21.960000000000015
230,100,2.0,integrated,False,True,33.96222218042605,21.840000000000018
231,100,2.0,integrated,False,True,33.82796528831638,21.960000000000015
232,100,2.0,integrated,False,True,33.64499591357671,21.840000000000018
233,100,2.0,integrated,False,True,33.76571991767783,21.960000000000015
234,100,2.0,integrated,False,True,33.68599191776213,21.840000000000018
235,100,2.0,integrated,False,True,33.793606492509795,21.840000000000018
236,100,2.0,integrated,False,True,33.55248822150245,21.840000000000018
237,100,2.0,integrated,False,True,33.822204701621175,21.840000000000018
238,100,2.0,integrated,False,True,33.824156345927605,21.960000000000015
239,100,2.0,integrated,False,True,33.81639891935048,21.960000000000015
240,100,2.0,integrated,False,True,33.79971134072366,21.840000000000018
241,100,2.0,integrated,False,True,33.84013970260658,21.960000000000015
242,100,2.0,integrated,False,True,34.07043429604013,22.080000000000016
243,100,2.0,integrated,False,True,33.98989439335149,21.960000000000015
244,100,2.0,integrated,False,True,33.656270060568474,21.960000000000015
245,100,2.0,integrated,False,True,33.81671480127149,21.960000000000015
246,100,2.0,integrated,False,True,33.70058753138035,21.720000000000017
247,100,2.0,integrated,False,True,34.01779567954304,21.960000000000015
248,100,2.0,integrated,False,True,33.94031354874723,21.840000000000018
249,100,2.0,integrated,False,True,33.8697435513255,21.840000000000018
250,100,2.0,integrated,False,True,34.0335228447753,22.080000000000016
251,100,2.0,integrated,False,True,33.56065851382547,21.840000000000018
252,100,2.0,integrated,False,True,33.82321408711327,21.960000000000015
253,100,2.0,integrated,False,True,33.64317078018557,21.840000000000018
254,100,2.0,integrated,False,True,33.98246205342691,22.080000000000016
255,100,2.0,integrated,False,True,33.93256491865207,21.960000000000015
256,100,2.0,integrated,False,True,33.875206471805676,21.960000000000015
257,100,2.0,integrated,False,True,33.907975217168385,21.840000000000018
258,100,2.0,integrated,False,True,33.42730360863931,21.840000000000018
259,100,2.0,integrated,False,True,33.80252688802551,21.960000000000015
260,100,2.0,integrated,False,True,33.70580637164433,21.840000000000018
261,100,2.0,integrated,False,True,33.77748338753722,21.960000000000015
262,100,2.0,integrated,False,True,33.78149349964983,22.080000000000016
263,100,2.0,integrated,False,True,33.83529668887637,21.960000000000015
264,100,2.0,integrated,False,True,33.85798917827513,21.960000000000015
265,100,2.0,integrated,False,True,33.77643141190494,21.840000000000018
266,100,2.0,integrated,False,True,33.99022048952934,21.960000000000015
267,100,2.0,integrated,False,True,33.963825477725464,21.840000000000018
268,100,2.0,integrated,False,True,33.88865688611643,21.840000000000018
269,100,2.0,integrated,False,True,33.945964524501626,21.840000000000018
270,100,2.0,integrated,False,True,33.719692166925114,21.840000000000018
271,100,2.0,integrated,False,True,33.67094059907489,21.840000000000018
272,100,2.0,integrated,False,True,33.41531999514926,21.840000000000018
273,100,2.0,integrated,False,True,33.742844762698226,21.840000000000018
274,100,2.0,integrated,False,True,33.814337042432854,21.840000000000018
275,100,2.0,integrated,False,True,33.90933631755086,21.840000000000018
276,100,2.0,integrated,False,True,33.72759392789711,21.840000000000018
277,100,2.0,integrated,False,True,33.774450538882874,21.840000000000018
278,100,2.0,integrated,False,True,33.76478939147189,21.840000000000018
279,100,2.0,integrated,False,True,33.650913877779516,21.840000000000018
280,100,2.0,integrated,False,True,33.723170768344886,21.960000000000015
281,100,2.0,integrated,False,True,33.71313408536062,21.840000000000018
282,100,2.0,integrated,False,True,33.830912842750465,21.840000000000018
283,100,2.0,integrated,False,True,33.817123435748,21.840000000000018
284,100,2.0,integrated,False,True,33.794922306475335,21.960000000000015
285,100,2.0,integrated,False,True,33.8874883019494,21.840000000000018
286,100,2.0,integrated,False,True,33.903833293633866,21.840000000000018
287,100,2.0,integrated,False,True,33.82515408631362,21.960000000000015
288,100,2.0,integrated,False,True,33.77478446808435,21.840000000000018
289,100,2.0,integrated,False,True,33.901497023020944,21.840000000000018
290,100,2.0,integrated,False,True,33.870599546024025,21.840000000000018
291,100,2.0,integrated,False,True,33.567139361968906,21.720000000000017
292,100,2.0,integrated,False,True,33.69526480043697,21.840000000000018
293,100,2.0,integrated,False,True,33.76722584418221,21.960000000000015
294,100,2.0,integrated,False,True,33.76852533528558,21.840000000000018
295,100,2.0,integrated,False,True,33.673186748148645,21.960000000000015
296,100,2.0,integrated,False,True,33.614450465176105,21.840000000000018
297,100,2.0,integrated,False,True,33.67393247406483,21.840000000000018
298,100,2.0,integrated,False,True,33.97011492650812,21.960000000000015
299,100,2.0,integrated,False,True,33.95967830003225,21.960000000000015
300,100,2.0,integrated,False,True,33.55111512289616,21.840000000000018
301,100,2.0,integrated,False,True,33.911136539785744,22.080000000000016
302,100,2.0,integrated,False,True,33.879211724299886,21.840000000000018
303,100,2.0,integrated,False,True,33.949877829024466,21.840000000000018
304,100,2.0,integrated,False,True,33.56706370612802,21.840000000000018
305,100,2.0,integrated,False,True,33.84135874302966,21.960000000000015
306,100,2.0,integrated,False,True,33.808069533229435,21.840000000000018
307,100,2.0,integrated,False,True,33.63129821593497,21.960000000000015
308,100,2.0,integrated,False,True,33.94335425529569,21.840000000000018
309,100,2.0,integrated,False,True,33.87081964777724,21.960000000000015
310,100,2.0,integrated,False,True,33.79332445004482,21.840000000000018
311,100,2.0,integrated,False,True,33.72493363111565,21.960000000000015
312,100,2.0,integrated,False,True,33.90135551574265,21.960000000000015
313,100,2.0,integrated,False,True,33.627658093434235,21.840000000000018
314,100,2.0,integrated,False,True,33.48734760496522,21.840000000000018
315,100,2.0,integrated,False,True,33.90115220574387,21.960000000000015
316,100,2.0,integrated,False,True,33.767459773062676,21.840000000000018
317,100,2.0,integrated,False,True,33.83589705145665,21.840000000000018
318,100,2.0,integrated,False,True,33.844712520881785,21.840000000000018
319,100,2.0,integrated,False,True,33.83142170304912,21.840000000000018
320,100,2.0,integrated,False,True,33.5495353391001,21.840000000000018
321,100,2.0,integrated,False,True,33.91468005144308,21.840000000000018
322,100,2.0,integrated,False,True,34.05478948594863,21.960000000000015
323,100,2.0,integrated,False,True,33.80492918953834,21.960000000000015
324,100,2.0,integrated,False,True,34.027185499385396,21.960000000000015
325,100,2.0,integrated,False,True,33.73310510969475,21.960000000000015
326,100,2.0,integrated,False,True,33.92043310246495,21.960000000000015
327,100,2.0,integrated,False,True,33.86867272876115,21.840000000000018
328,100,2.0,integrated,False,True,33.7358881874845,21.840000000000018
329,100,2.0,integrated,False,True,33.61594371485894,21.960000000000015
330,100,2.0,integrated,False,True,33.960361712664486,21.840000000000018
331,100,2.0,integrated,False,True,33.680238346769954,21.840000000000018
332,100,2.0,integrated,False,True,33.89571341881775,21.840000000000018
333,100,2.0,integrated,False,True,33.77394665709256,21.960000000000015
334,100,2.0,integrated,False,True,33.69908605909556,21.960000000000015
335,100,2.0,integrated,False,True,33.69196384321971,21.840000000000018
336,100,2.0,integrated,False,True,33.70289072607259,21.840000000000018
337,100,2.0,integrated,False,True,33.85012842141371,21.960000000000015
338,100,2.0,integrated,False,True,33.81915982598666,21.840000000000018
339,100,2.0,integrated,False,True,33.68374321585718,21.840000000000018
340,100,2.0,integrated,False,True,33.68212083669516,21.840000000000018
341,100,2.0,integrated,False,True,33.87960459954611,21.840000000000018
342,100,2.0,integrated,False,True,33.652587112944836,21.840000000000018
343,100,2.0,integrated,False,True,33.826874368996485,21.960000000000015
344,100,2.0,integrated,False,True,33.626375391630305,21.960000000000015
345,100,2.0,integrated,False,True,33.6954777070921,21.840000000000018
346,100,2.0,integrated,False,True,33.7307553538607,21.960000000000015
347,100,2.0,integrated,False,True,33.70847776883634,21.840000000000018
348,100,2.0,integrated,False,True,33.837397283762414,21.840000000000018
349,100,2.0,integrated,False,True,33.78015482629524,21.840000000000018
350,100,2.0,integrated,False,True,33.667835040941,21.840000000000018
351,100,2.0,integrated,False,True,33.55192236659843,21.840000000000018
352,100,2.0,integrated,False,True,33.80203950280618,21.840000000000018
353,100,2.0,integrated,False,True,33.80621322780839,21.840000000000018
354,100,2.0,integrated,False,True,33.8325178277763,21.840000000000018
355,100,2.0,integrated,False,True,33.95335952078243,22.080000000000016
356,100,2.0,integrated,False,True,33.761137468603216,21.960000000000015
357,100,2.0,integrated,False,True,33.85120805229608,21.960000000000015
358,100,2.0,integrated,False,True,33.92303852710556,21.840000000000018
359,100,2.0,integrated,False,True,33.92744078509338,21.840000000000018
360,100,2.0,integrated,False,True,34.0394513330377,21.960000000000015
361,100,2.0,integrated,False,True,33.81421820674402,21.960000000000015
362,100,2.0,integrated,False,True,33.83696110384132,21.960000000000015
363,100,2.0,integrated,False,True,33.6732758088713,21.840000000000018
364,100,2.0,integrated,False,True,33.95516999127735,21.840000000000018
365,100,2.0,integrated,False,True,33.66175763002652,21.840000000000018
366,100,2.0,integrated,False,True,33.79778072596216,21.840000000000018
367,100,2.0,integrated,False,True,33.85366324858958,21.840000000000018
368,100,2.0,integrated,False,True,33.85951676654796,21.960000000000015
369,100,2.0,integrated,False,True,33.74448078157387,21.840000000000018
370,100,2.0,integrated,False,True,34.02794652435979,22.080000000000016
371,100,2.0,integrated,False,True,33.902183740934966,21.840000000000018
372,100,2.0,integrated,False,True,33.59830328836681,21.840000000000018
373,100,2.0,integrated,False,True,33.850535202216285,21.960000000000015
374,100,2.0,integrated,False,True,33.54723033445967,21.840000000000018
375,100,2.0,integrated,False,True,33.76188196683992,21.720000000000017
376,100,2.0,integrated,False,True,33.79788296644679,21.960000000000015
377,100,2.0,integrated,False,True,33.76901858619722,21.840000000000018
378,100,2.0,integrated,False,True,33.98215221655494,21.840000000000018
379,100,2.0,integrated,False,True,33.82739110606148,21.840000000000018
380,100,2.0,integrated,False,True,33.960904750472174,21.960000000000015
381,100,2.0,integrated,False,True,33.76694126673694,21.840000000000018
382,100,2.0,integrated,False,True,33.81422468263932,21.840000000000018
383,100,2.0,integrated,False,True,33.98147010288727,21.960000000000015
384,100,2.0,integrated,False,True,33.763236720285555,21.840000000000018
385,100,2.0,integrated,False,True,33.82637776613315,21.840000000000018
386,100,2.0,integrated,False,True,33.566897873030236,21.840000000000018
387,100,2.0,integrated,False,True,33.95441589284059,21.840000000000018
388,100,2.0,integrated,False,True,33.81155545668601,21.720000000000017
389,100,2.0,integrated,False,True,33.91717720168212,21.840000000000018
390,100,2.0,integrated,False,True,33.76114878186918,21.840000000000018
391,100,2.0,integrated,False,True,33.94984659586019,21.840000000000018
392,100,2.0,integrated,False,True,33.71480364643395,21.840000000000018
393,100,2.0,integrated,False,True,33.841922370644525,21.840000000000018
394,100,2.0,integrated,False,True,33.64854972211136,21.840000000000018
395,100,2.0,integrated,False,True,33.72765573047338,21.840000000000018
396,100,2.0,integrated,False,True,33.94251501275356,21.840000000000018
397,100,2.0,integrated,False,True,33.82215703525907,21.960000000000015
398,100,2.0,integrated,False,True,33.93675088423113,21.840000000000018
399,100,2.0,integrated,False,True,33.9545452097149,21.840000000000018
400,100,2.0,integrated,False,True,33.85892533870364,21.840000000000018
401,100,2.0,integrated,False,True,34.00300841471994,21.960000000000015
402,100,2.0,integrated,False,True,33.862769682524196,21.840000000000018
403,100,2.0,integrated,False,True,33.862605791503604,21.960000000000015
404,100,2.0,integrated,False,True,33.75486775731047,21.840000000000018
405,100,2.0,integrated,False,True,33.757153348094704,21.840000000000018
406,100,2.0,integrated,False,True,33.84494321694768,21.840000000000018
407,100,2.0,integrated,False,True,33.802780526580904,21.840000000000018
408,100,2.0,integrated,False,True,33.732468879055865,21.840000000000018
409,100,2.0,integrated,False,True,33.80734062820346,21.840000000000018
410,100,2.0,integrated,False,True,33.811741963430634,21.840000000000018
411,100,2.0,integrated,False,True,33.831529132123045,21.840000000000018
412,100,2.0,integrated,False,True,33.801277909114134,21.840000000000018
413,100,2.0,integrated,False,True,33.63571160654571,21.840000000000018
414,100,2.0,integrated,False,True,33.828590897630455,21.720000000000017
415,100,2.0,integrated,False,True,33.82500875064424,21.960000000000015
416,100,2.0,integrated,False,True,33.70990057110511,21.960000000000015
417,100,2.0,integrated,False,True,33.72379378088837,21.960000000000015
418,100,2.0,integrated,False,True,33.59876770664116,21.960000000000015
419,100,2.0,integrated,False,True,33.76882622024076,21.840000000000018
420,100,2.0,integrated,False,True,33.86617224299805,21.840000000000018
421,100,2.0,integrated,False,True,33.519692623997344,21.840000000000018
422,100,2.0,integrated,False,True,33.68639315618589,21.840000000000018
423,100,2.0,integrated,False,True,33.76911472433261,21.840000000000018
424,100,2.0,integrated,False,True,33.867966212014935,21.840000000000018
425,100,2.0,integrated,False,True,33.724516105869014,21.840000000000018
426,100,2.0,integrated,False,True,33.86750550565255,21.720000000000017
427,100,2.0,integrated,False,True,33.57667808948726,21.840000000000018
428,100,2.0,integrated,False,True,33.95870063866916,21.960000000000015
429,100,2.0,integrated,False,True,33.83431839328375,21.840000000000018
430,100,2.0,integrated,False,True,33.640340681228025,21.840000000000018
431,100,2.0,integrated,False,True,33.75455652451924,21.840000000000018
432,100,2.0,integrated,False,True,33.868617782302856,21.720000000000017
433,100,2.0,integrated,False,True,33.70877887999528,21.840000000000018
434,100,2.0,integrated,False,True,33.68645771678698,21.960000000000015
435,100,2.0,integrated,False,True,33.81900856391942,21.840000000000018
436,100,2.0,integrated,False,True,33.66100952176162,21.840000000000018
437,100,2.0,integrated,False,True,33.910251369627424,21.840000000000018
438,100,2.0,integrated,False,True,33.86804320958509,21.840000000000018
439,100,2.0,integrated,False,True,33.74799140254343,21.840000000000018
440,100,2.0,integrated,False,True,33.73772675501772,21.840000000000018
441,100,2.0,integrated,False,True,33.842868451153784,21.840000000000018
442,100,2.0,integrated,False,True,33.69785097355902,21.840000000000018
443,100,2.0,integrated,False,True,33.76773768330737,21.840000000000018
444,100,2.0,integrated,False,True,33.92081448278218,21.840000000000018
445,100,2.0,integrated,False,True,33.77425014892991,21.960000000000015
446,100,2.0,integrated,False,True,33.92248339176831,21.840000000000018
447,100,2.0,integrated,False,True,33.84620210367829,21.840000000000018
448,100,2.0,integrated,False,True,33.935740811354734,21.960000000000015
449,100,2.0,integrated,False,True,33.96990625607412,21.960000000000015
450,100,2.0,integrated,False,True,33.936529748552545,21.960000000000015
451,100,2.0,integrated,False,True,33.93586731211951,21.840000000000018
452,100,2.0,integrated,False,True,33.732392354128635,21.840000000000018
453,100,2.0,integrated,False,True,33.79139195356504,21.960000000000015
454,100,2.0,integrated,False,True,33.86865731991256,21.840000000000018
455,100,2.0,integrated,False,True,33.792611088231126,21.720000000000017
456,100,2.0,integrated,False,True,33.54644210794489,21.960000000000015
457,100,2.0,integrated,False,True,33.82738397060305,21.840000000000018
458,100,2.0,integrated,False,True,33.827662159041544,21.960000000000015
459,100,2.0,integrated,False,True,33.85817767189101,21.840000000000018
460,100,2.0,integrated,False,True,33.75421054900536,21.840000000000018
461,100,2.0,integrated,False,True,33.87682580282292,21.840000000000018
462,100,2.0,integrated,False,True,33.956377408874914,21.840000000000018
463,100,2.0,integrated,False,True,33.91792457023279,21.840000000000018
464,100,2.0,integrated,False,True,33.87137512045306,21.840000000000018
465,100,2.0,integrated,False,True,33.785865198774985,21.840000000000018
466,100,2.0,integrated,False,True,33.870019611014555,21.840000000000018
467,100,2.0,integrated,False,True,33.5709903366441,21.840000000000018
468,100,2.0,integrated,False,True,33.743646136885445,21.840000000000018
469,100,2.0,integrated,False,True,33.78261835121547,21.840000000000018
470,100,2.0,integrated,False,True,33.81906950848482,21.840000000000018
471,100,2.0,integrated,False,True,33.865123042302486,21.840000000000018
472,100,2.0,integrated,False,True,33.743068752087986,21.960000000000015
473,100,2.0,integrated,False,True,33.83971913178054,21.960000000000015
474,100,2.0,integrated,False,True,33.69244560506227,21.840000000000018
475,100,2.0,integrated,False,True,33.63916372265864,21.840000000000018
476,100,2.0,integrated,False,True,33.88622849465162,21.840000000000018
477,100,2.0,integrated,False,True,33.84552990018895,21.840000000000018
478,100,2.0,integrated,False,True,33.606420659186746,21.960000000000015
479,100,2.0,integrated,False,True,33.92806373894915,21.840000000000018
480,100,2.0,integrated,False,True,33.75201519601106,21.840000000000018
481,100,2.0,integrated,False,True,33.83108657335295,21.840000000000018
482,100,2.0,integrated,False,True,33.92799842327557,21.840000000000018
483,100,2.0,integrated,False,True,33.87137676942259,21.840000000000018
484,100,2.0,integrated,False,True,33.830592152080555,21.840000000000018
485,100,2.0,integrated,False,True,33.71125939904927,21.960000000000015
486,100,2.0,integrated,False,True,33.90475460664986,21.960000000000015
487,100,2.0,integrated,False,True,33.85530222023123,21.840000000000018
488,100,2.0,integrated,False,True,33.96119577946481,21.840000000000018
489,100,2.0,integrated,False,True,33.93502313867688,21.960000000000015
490,100,2.0,integrated,False,True,33.8196934912489,22.080000000000016
491,100,2.0,integrated,False,True,33.82538125176665,21.960000000000015
492,100,2.0,integrated,False,True,33.87249533590189,21.840000000000018
493,100,2.0,integrated,False,True,33.789195658769486,21.840000000000018
494,100,2.0,integrated,False,True,33.84361973571801,21.840000000000018
495,100,2.0,integrated,False,True,33.894067055233585,21.840000000000018
496,100,2.0,integrated,False,True,33.861852357189356,21.840000000000018
497,100,2.0,integrated,False,True,33.637926920099474,21.840000000000018
498,100,2.0,integrated,False,True,33.76374694588082,21.960000000000015
499,100,2.0,integrated,False,True,33.75667959766716,21.960000000000015
500,100,2.0,integrated,False,True,33.712555258090426,21.840000000000018
501,100,2.0,integrated,False,True,33.920287432241125,21.840000000000018
502,100,2.0,integrated,False,True,33.62344535767711,21.840000000000018
503,100,2.0,integrated,False,True,33.85182465078255,21.840000000000018
504,100,2.0,integrated,False,True,33.42077766906979,21.840000000000018
505,100,2.0,integrated,False,True,33.972366851695924,21.960000000000015
506,100,2.0,integrated,False,True,33.931795793131634,21.840000000000018
507,100,2.0,integrated,False,True,33.888676966721135,21.840000000000018
508,100,2.0,integrated,False,True,33.63001316868373,21.840000000000018
509,100,2.0,integrated,False,True,33.732595391668866,21.960000000000015
510,100,2.0,integrated,False,True,34.05668292761605,21.960000000000015
511,100,2.0,integrated,False,True,33.92048730904396,21.840000000000018
512,100,2.0,integrated,False,True,33.84080159007105,21.960000000000015
513,100,2.0,integrated,False,True,33.74599254248513,22.080000000000016
514,100,2.0,integrated,False,True,34.038826994023445,21.960000000000015
515,100,2.0,integrated,False,True,33.60152863741568,21.840000000000018
516,100,2.0,integrated,False,True,33.70368635783473,21.960000000000015
517,100,2.0,integrated,False,True,33.82114342326807,21.720000000000017
518,100,2.0,integrated,False,True,33.841688292586795,21.720000000000017
519,100,2.0,integrated,False,True,33.71842174420749,21.840000000000018
520,100,2.0,integrated,False,True,33.903081978188666,21.960000000000015
521,100,2.0,integrated,False,True,33.953418808375474,21.840000000000018
522,100,2.0,integrated,False,True,33.74973105808897,21.840000000000018
523,100,2.0,integrated,False,True,33.74811199006962,21.960000000000015
524,100,2.0,integrated,False,True,33.88932321919356,21.840000000000018
525,100,2.0,integrated,False,True,33.5858230165881,21.840000000000018
526,100,2.0,integrated,False,True,33.71636604941886,21.960000000000015
527,100,2.0,integrated,False,True,33.49933607921195,21.840000000000018
528,100,2.0,integrated,False,True,33.87083652452369,21.960000000000015
529,100,2.0,integrated,False,True,33.76865491514324,21.840000000000018
530,100,2.0,integrated,False,True,33.83455450088963,21.840000000000018
531,100,2.0,integrated,False,True,33.92902773410519,21.840000000000018
532,100,2.0,integrated,False,True,33.75678934030776,21.960000000000015
533,100,2.0,integrated,False,True,33.94705032613471,21.960000000000015
534,100,2.0,integrated,False,True,33.854812407059754,21.840000000000018
535,100,2.0,integrated,False,True,33.671789409487474,21.960000000000015
536,100,2.0,integrated,False,True,33.84412299698783,21.840000000000018
537,100,2.0,integrated,False,True,33.766826610378686,21.840000000000018
538,100,2.0,integrated,False,True,33.87546330844042,21.840000000000018
539,100,2.0,integrated,False,True,33.85985302673022,21.840000000000018
540,100,2.0,integrated,False,True,33.63656008855621,21.840000000000018
541,100,2.0,integrated,False,True,33.7657145168759,21.840000000000018
542,100,2.0,integrated,False,True,33.789431273995675,21.960000000000015
543,100,2.0,integrated,False,True,33.82920604804299,21.840000000000018
544,100,2.0,integrated,False,True,33.420715764673545,21.840000000000018
545,100,2.0,integrated,False,True,33.88911606401398,21.960000000000015
546,100,2.0,integrated,False,True,33.78973821645995,21.840000000000018
547,100,2.0,integrated,False,True,34.05012955519216,21.960000000000015
548,100,2.0,integrated,False,True,33.83421353166726,21.720000000000017
549,100,2.0,integrated,False,True,33.886815019376385,21.840000000000018
550,100,2.0,integrated,False,True,33.5887226351458,21.960000000000015
551,100,2.0,integrated,False,True,33.75864868549823,21.960000000000015
552,100,2.0,integrated,False,True,33.750054401311374,21.960000000000015
553,100,2.0,integrated,False,True,33.68289107283323,21.960000000000015
554,100,2.0,integrated,False,True,33.754412645204155,21.840000000000018
555,100,2.0,integrated,False,True,33.70371135054143,21.840000000000018
556,100,2.0,integrated,False,True,33.736324438899395,21.960000000000015
557,100,2.0,integrated,False,True,33.828652536539224,21.840000000000018
558,100,2.0,integrated,False,True,33.64301175043428,21.960000000000015
559,100,2.0,integrated,False,True,33.71716900237065,21.840000000000018
560,100,2.0,integrated,False,True,33.72762987548249,21.840000000000018
561,100,2.0,integrated,False,True,33.90155160610388,21.960000000000015
562,100,2.0,integrated,False,True,33.74243122330466,21.840000000000018
563,100,2.0,integrated,False,True,33.96075258374245,21.840000000000018
564,100,2.0,integrated,False,True,34.045752313143026,21.960000000000015
565,100,2.0,integrated,False,True,33.84502971275542,21.720000000000017
566,100,2.0,integrated,False,True,33.722894421934086,21.840000000000018
567,100,2.0,integrated,False,True,33.633369757342486,21.840000000000018
568,100,2.0,integrated,False,True,33.91186364260906,21.960000000000015
569,100,2.0,integrated,False,True,33.86151267441058,21.840000000000018
570,100,2.0,integrated,False,True,33.76683001666718,21.840000000000018
571,100,2.0,integrated,False,True,33.708047835635604,21.840000000000018
572,100,2.0,integrated,False,True,33.41094091674793,21.840000000000018
573,100,2.0,integrated,False,True,33.94804117801562,22.080000000000016
574,100,2.0,integrated,False,True,33.87158286991865,21.960000000000015
575,100,2.0,integrated,False,True,33.7706554161805,21.960000000000015
576,100,2.0,integrated,False,True,33.95797986546252,21.840000000000018
577,100,2.0,integrated,False,True,33.82203090498449,21.840000000000018
578,100,2.0,integrated,False,True,33.8075841814217,21.960000000000015
579,100,2.0,integrated,False,True,34.032869742535375,21.960000000000015
580,100,2.0,integrated,False,True,33.79422033201808,21.960000000000015
581,100,2.0,integrated,False,True,33.50631618814576,21.840000000000018
582,100,2.0,integrated,False,True,33.804662864839,21.960000000000015
583,100,2.0,integrated,False,True,33.744119254027844,21.960000000000015
584,100,2.0,integrated,False,True,33.804702615777536,21.840000000000018
585,100,2.0,integrated,False,True,33.9270459636299,21.840000000000018
586,100,2.0,integrated,False,True,33.88336676158885,21.840000000000018
587,100,2.0,integrated,False,True,33.88881022787315,21.720000000000017
588,100,2.0,integrated,False,True,33.758125881610084,21.960000000000015
589,100,2.0,integrated,False,True,33.886205722698165,21.840000000000018
590,100,2.0,integrated,False,True,33.745963593163324,21.840000000000018
591,100,2.0,integrated,False,True,33.56600753612247,21.840000000000018
592,100,2.0,integrated,False,True,33.690909220863375,21.960000000000015
593,100,2.0,integrated,False,True,33.91824282708189,21.960000000000015
594,100,2.0,integrated,False,True,33.86282618567142,21.960000000000015
595,100,2.0,integrated,False,True,34.026702403632264,21.960000000000015
596,100,2.0,integrated,False,True,33.6877474299834,21.840000000000018
597,100,2.0,integrated,False,True,33.51992033733683,21.840000000000018
598,100,2.0,integrated,False,True,33.70842246339429,21.840000000000018
599,100,2.0,integrated,False,True,34.094019029855346,22.080000000000016
600,100,2.0,integrated,False,True,33.90711321351296,21.840000000000018
601,100,2.0,integrated,False,True,33.90225892018675,21.840000000000018
602,100,2.0,integrated,False,True,33.94679707694645,21.840000000000018
603,100,2.0,integrated,False,True,33.74510741866172,21.840000000000018
604,100,2.0,integrated,False,True,33.68103590763441,21.840000000000018
605,100,2.0,integrated,False,True,33.81728132025856,21.960000000000015
606,100,2.0,integrated,False,True,33.853417619431774,21.840000000000018
607,100,2.0,integrated,False,True,33.72212474815084,21.840000000000018
608,100,2.0,integrated,False,True,33.766285398826014,21.720000000000017
609,100,2.0,integrated,False,True,33.840620828485044,21.840000000000018
610,100,2.0,integrated,False,True,33.4883891453385,21.840000000000018
611,100,2.0,integrated,False,True,33.69733232644144,21.840000000000018
612,100,2.0,integrated,False,True,33.68390727938281,21.840000000000018
613,100,2.0,integrated,False,True,33.557682219468134,21.840000000000018
614,100,2.0,integrated,False,True,33.69924721558019,21.960000000000015
615,100,2.0,integrated,False,True,33.8193303723651,21.840000000000018
616,100,2.0,integrated,False,True,33.8924286807775,21.840000000000018
617,100,2.0,integrated,False,True,33.92296216860112,21.840000000000018
618,100,2.0,integrated,False,True,33.933690152174144,21.840000000000018
619,100,2.0,integrated,False,True,33.568992259249754,21.840000000000018
620,100,2.0,integrated,False,True,33.87975389455327,21.960000000000015
621,100,2.0,integrated,False,True,33.51712667722464,21.840000000000018
622,100,2.0,integrated,False,True,33.990636897927196,22.080000000000016
623,100,2.0,integrated,False,True,33.79906633229717,21.840000000000018
624,100,2.0,integrated,False,True,33.958353959552205,21.960000000000015
625,100,2.0,integrated,False,True,33.968871739341196,21.840000000000018
626,100,2.0,integrated,False,True,34.02129946317877,21.960000000000015
627,100,2.0,integrated,False,True,33.62692419353117,21.840000000000018
628,100,2.0,integrated,False,True,33.49031749641684,21.840000000000018
629,100,2.0,integrated,False,True,33.96059039948959,21.960000000000015
630,100,2.0,integrated,False,True,33.955545023466144,21.840000000000018
631,100,2.0,integrated,False,True,33.91652900348322,21.840000000000018
632,100,2.0,integrated,False,True,33.722428411367765,21.840000000000018
633,100,2.0,integrated,False,True,33.74481287268487,21.960000000000015
634,100,2.0,integrated,False,True,33.91101728971194,21.840000000000018
635,100,2.0,integrated,False,True,33.70738207439067,21.960000000000015
636,100,2.0,integrated,False,True,33.97533432705504,21.840000000000018
637,100,2.0,integrated,False,True,33.69565264145349,21.840000000000018
638,100,2.0,integrated,False,True,33.83519532806646,21.840000000000018
639,100,2.0,integrated,False,True,33.85790754576986,21.720000000000017
640,100,2.0,integrated,False,True,33.83776601579021,21.720000000000017
641,100,2.0,integrated,False,True,33.80971632472295,21.840000000000018
642,100,2.0,integrated,False,True,33.912066011465136,21.840000000000018
643,100,2.0,integrated,False,True,33.91216211550822,21.960000000000015
644,100,2.0,integrated,False,True,33.65866956079035,21.840000000000018
645,100,2.0,integrated,False,True,33.68735645433787,21.840000000000018
646,100,2.0,integrated,False,True,33.76958290412219,21.840000000000018
647,100,2.0,integrated,False,True,34.03138302238216,21.960000000000015
648,100,2.0,integrated,False,True,33.873272232979275,21.960000000000015
649,100,2.0,integrated,False,True,33.84644828986565,21.960000000000015
650,100,2.0,integrated,False,True,33.57627369129939,21.840000000000018
651,100,2.0,integrated,False,True,33.80955532070175,21.840000000000018
652,100,2.0,integrated,False,True,33.825346318033795,21.840000000000018
653,100,2.0,integrated,False,True,33.88084590486507,21.840000000000018
654,100,2.0,integrated,False,True,33.740792694799154,21.840000000000018
655,100,2.0,integrated,False,True,33.91938870572936,21.840000000000018
656,100,2.0,integrated,False,True,33.735734789632346,21.840000000000018
657,100,2.0,integrated,False,True,33.72018951543708,21.960000000000015
658,100,2.0,integrated,False,True,33.64310380548095,21.840000000000018
659,100,2.0,integrated,False,True,33.60094205940233,21.840000000000018
660,100,2.0,integrated,False,True,33.82318763335486,21.840000000000018
661,100,2.0,integrated,False,True,33.71501103492127,21.840000000000018
662,100,2.0,integrated,False,True,33.61100527432556,21.840000000000018
663,100,2.0,integrated,False,True,33.86994847456597,21.720000000000017
664,100,2.0,integrated,False,True,33.78273994291996,21.840000000000018
665,100,2.0,integrated,False,True,33.72118927093026,21.960000000000015
666,100,2.0,integrated,False,True,33.79152872280307,21.720000000000017
667,100,2.0,integrated,False,True,33.79798873764105,21.960000000000015
668,100,2.0,integrated,False,True,33.861726779471006,21.960000000000015
669,100,2.0,integrated,False,True,33.84171984955416,21.960000000000015
670,100,2.0,integrated,False,True,33.79760130071144,21.840000000000018
671,100,2.0,integrated,False,True,33.84695173717384,21.960000000000015
672,100,2.0,integrated,False,True,33.795112910473996,21.960000000000015
673,100,2.0,integrated,False,True,33.89550363596819,21.960000000000015
674,100,2.0,integrated,False,True,33.868693115714535,21.840000000000018
675,100,2.0,integrated,False,True,33.88723807155141,21.840000000000018
676,100,2.0,integrated,False,True,33.861643115254964,21.720000000000017
677,100,2.0,integrated,False,True,33.80799638790215,21.840000000000018
678,100,2.0,integrated,False,True,33.726716467006135,21.840000000000018
679,100,2.0,integrated,False,True,33.854874824047464,21.960000000000015
680,100,2.0,integrated,False,True,33.76104073677668,21.840000000000018
681,100,2.0,integrated,False,True,33.74750382067834,21.840000000000018
682,100,2.0,integrated,False,True,33.99535448853348,21.960000000000015
683,100,2.0,integrated,False,True,33.84402689008839,21.840000000000018
684,100,2.0,integrated,False,True,33.90054549215115,21.960000000000015
685,100,2.0,integrated,False,True,33.79910272591522,21.840000000000018
686,100,2.0,integrated,False,True,33.93601573841658,21.840000000000018
687,100,2.0,integrated,False,True,33.98460533369495,22.320000000000018
688,100,2.0,integrated,False,True,33.90182101537662,21.960000000000015
689,100,2.0,integrated,False,True,33.73661290384183,21.840000000000018
690,100,2.0,integrated,False,True,33.73784899144096,21.840000000000018
691,100,2.0,integrated,False,True,33.75957795779238,21.840000000000018
692,100,2.0,integrated,False,True,33.57124408707918,21.840000000000018
693,100,2.0,integrated,False,True,33.78016368676504,21.840000000000018
694,100,2.0,integrated,False,True,33.8227870407129,21.720000000000017
695,100,2.0,integrated,False,True,33.7301062578984,21.840000000000018
696,100,2.0,integrated,False,True,33.744523728711286,21.840000000000018
697,100,2.0,integrated,False,True,33.66796362992214,21.840000000000018
698,100,2.0,integrated,False,True,33.66608823054945,21.840000000000018
699,100,2.0,integrated,False,True,33.83230481007991,21.960000000000015
700,100,2.0,integrated,False,True,33.55879948510617,21.840000000000018
701,100,2.0,integrated,False,True,33.964047612329594,21.840000000000018
702,100,2.0,integrated,False,True,33.95143226087148,21.840000000000018
703,100,2.0,integrated,False,True,33.991287390810434,21.960000000000015
704,100,2.0,integrated,False,True,34.05943235493257,21.960000000000015
705,100,2.0,integrated,False,True,33.53635488177093,21.840000000000018
706,100,2.0,integrated,False,True,33.7741083821805,21.960000000000015
707,100,2.0,integrated,False,True,33.68561618918107,21.840000000000018
708,100,2.0,integrated,False,True,33.897238889068106,21.960000000000015
709,100,2.0,integrated,False,True,33.776256697461314,21.840000000000018
710,100,2.0,integrated,False,True,33.82303839298768,21.960000000000015
711,100,2.0,integrated,False,True,33.70517253381641,21.840000000000018
712,100,2.0,integrated,False,True,33.70188425615231,21.960000000000015
713,100,2.0,integrated,False,True,33.801689417536856,21.840000000000018
714,100,2.0,integrated,False,True,33.731631091177675,21.840000000000018
715,100,2.0,integrated,False,True,33.704086201028744,21.840000000000018
716,100,2.0,integrated,False,True,33.656810714816714,21.720000000000017
717,100,2.0,integrated,False,True,33.759391654711706,21.960000000000015
718,100,2.0,integrated,False,True,33.99247316601132,21.960000000000015
719,100,2.0,integrated,False,True,33.66649803503055,21.840000000000018
720,100,2.0,integrated,False,True,33.58471085696264,21.960000000000015
721,100,2.0,integrated,False,True,33.626223306786784,21.960000000000015
722,100,2.0,integrated,False,True,33.63236568925599,21.840000000000018
723,100,2.0,integrated,False,True,33.753108783911244,21.840000000000018
724,100,2.0,integrated,False,True,33.749902039876524,21.960000000000015
725,100,2.0,integrated,False,True,33.98453435411615,21.840000000000018
726,100,2.0,integrated,False,True,33.66205550515096,21.840000000000018
727,100,2.0,integrated,False,True,33.85627012034567,21.840000000000018
728,100,2.0,integrated,False,True,34.02459066501709,21.960000000000015
729,100,2.0,integrated,False,True,33.664815783195564,21.840000000000018
730,100,2.0,integrated,False,True,33.770274976409816,21.840000000000018
731,100,2.0,integrated,False,True,33.79489931715623,21.840000000000018
732,100,2.0,integrated,False,True,33.85983245781491,21.960000000000015
733,100,2.0,integrated,False,True,34.126676826584074,22.080000000000016
734,100,2.0,integrated,False,True,33.84168634241561,21.720000000000017
735,100,2.0,integrated,False,True,34.01810929164343,21.960000000000015
736,100,2.0,integrated,False,True,33.58507770519336,21.840000000000018
737,100,2.0,integrated,False,True,33.72104953690061,21.960000000000015
738,100,2.0,integrated,False,True,33.89189262575834,21.840000000000018
739,100,2.0,integrated,False,True,33.71339564233992,21.840000000000018
740,100,2.0,integrated,False,True,33.84750103466448,21.840000000000018
741,100,2.0,integrated,False,True,33.694024688675675,22.080000000000016
742,100,2.0,integrated,False,True,34.08742625732404,22.080000000000016
743,100,2.0,integrated,False,True,33.884821401161346,21.960000000000015
744,100,2.0,integrated,False,True,33.97124495490149,21.960000000000015
745,100,2.0,integrated,False,True,33.738823621814575,21.840000000000018
746,100,2.0,integrated,False,True,33.782103063908636,21.720000000000017
747,100,2.0,integrated,False,True,33.80559249038841,21.960000000000015
748,100,2.0,integrated,False,True,33.87689020739753,21.840000000000018
749,100,2.0,integrated,False,True,33.8481013847889,21.840000000000018
750,100,2.0,integrated,False,True,33.76369914686145,21.840000000000018
751,100,2.0,integrated,False,True,33.734281682129215,21.960000000000015
752,100,2.0,integrated,False,True,33.998740530559196,21.840000000000018
753,100,2.0,integrated,False,True,33.91052659843598,21.840000000000018
754,100,2.0,integrated,False,True,33.76426158075692,21.840000000000018
755,100,2.0,integrated,False,True,33.69783681088737,21.720000000000017
756,100,2.0,integrated,False,True,33.8094692273024,21.720000000000017
757,100,2.0,integrated,False,True,34.01206804051371,21.960000000000015
758,100,2.0,integrated,False,True,33.551521867346906,21.840000000000018
759,100,2.0,integrated,False,True,33.91997433895688,21.840000000000018
760,100,2.0,integrated,False,True,33.70369072081026,21.840000000000018
761,100,2.0,integrated,False,True,33.94675988709232,21.840000000000018
762,100,2.0,integrated,False,True,33.6127015177045,21.840000000000018
763,100,2.0,integrated,False,True,33.89187260487775,21.960000000000015
764,100,2.0,integrated,False,True,33.86984472202176,21.840000000000018
765,100,2.0,integrated,False,True,33.99920109662246,21.840000000000018
766,100,2.0,integrated,False,True,33.79792859404685,21.840000000000018
767,100,2.0,integrated,False,True,33.9384291780951,21.960000000000015
768,100,2.0,integrated,False,True,33.49137318126977,21.840000000000018
769,100,2.0,integrated,False,True,33.85732811578748,21.960000000000015
770,100,2.0,integrated,False,True,33.80744997147919,21.840000000000018
771,100,2.0,integrated,False,True,33.96789532741686,21.960000000000015
772,100,2.0,integrated,False,True,33.88881390074583,21.960000000000015
773,100,2.0,integrated,False,True,33.87273029945304,21.840000000000018
774,100,2.0,integrated,False,True,33.67348981063509,21.840000000000018
775,100,2.0,integrated,False,True,33.927304827384305,21.840000000000018
776,100,2.0,integrated,False,True,33.86309640696986,21.960000000000015
777,100,2.0,integrated,False,True,33.84464674976836,21.840000000000018
778,100,2.0,integrated,False,True,33.86830287329679,21.840000000000018
779,100,2.0,integrated,False,True,33.84168634241527,21.720000000000017
780,100,2.0,integrated,False,True,33.54987382942069,21.960000000000015
781,100,2.0,integrated,False,True,33.958496416436816,21.960000000000015
782,100,2.0,integrated,False,True,33.85345293035583,21.840000000000018
783,100,2.0,integrated,False,True,33.62397947546869,21.840000000000018
784,100,2.0,integrated,False,True,33.81989465216702,21.960000000000015
785,100,2.0,integrated,False,True,33.9284545194222,21.960000000000015
786,100,2.0,integrated,False,True,33.80931074483661,21.840000000000018
787,100,2.0,integrated,False,True,33.63247028785571,21.840000000000018
788,100,2.0,integrated,False,True,33.849882013380345,21.960000000000015
789,100,2.0,integrated,False,True,33.61067565191234,21.840000000000018
790,100,2.0,integrated,False,True,34.08187627233528,22.080000000000016
791,100,2.0,integrated,False,True,33.76684656074896,21.960000000000015
792,100,2.0,integrated,False,True,33.68970623128119,21.840000000000018
793,100,2.0,integrated,False,True,33.58092294419996,21.840000000000018
794,100,2.0,integrated,False,True,33.5414502005679,21.840000000000018
795,100,2.0,integrated,False,True,33.99496667411907,22.080000000000016
796,100,2.0,integrated,False,True,34.024713460412826,21.960000000000015
797,100,2.0,integrated,False,True,33.59727129860888,21.960000000000015
798,100,2.0,integrated,False,True,33.75291116488218,21.840000000000018
799,100,2.0,integrated,False,True,33.7398183772815,21.840000000000018
800,100,2.0,integrated,False,True,33.547394415336626,21.840000000000018
801,100,2.0,integrated,False,True,33.744811937707574,21.720000000000017
802,100,2.0,integrated,False,True,33.79449985847948,21.840000000000018
803,100,2.0,integrated,False,True,33.896023484209344,21.960000000000015
804,100,2.0,integrated,False,True,33.4448440218049,21.840000000000018
805,100,2.0,integrated,False,True,33.619508678464115,21.720000000000017
806,100,2.0,integrated,False,True,33.51111756262388,21.840000000000018
807,100,2.0,integrated,False,True,33.55474337988003,21.840000000000018
808,100,2.0,integrated,False,True,33.74548950490732,21.840000000000018
809,100,2.0,integrated,False,True,33.7962542843635,21.840000000000018
810,100,2.0,integrated,False,True,33.81249271620732,21.720000000000017
811,100,2.0,integrated,False,True,33.75152768662743,21.960000000000015
812,100,2.0,integrated,False,True,33.77177844755954,21.960000000000015
813,100,2.0,integrated,False,True,33.84427122944934,21.960000000000015
814,100,2.0,integrated,False,True,33.73593226721675,21.960000000000015
815,100,2.0,integrated,False,True,33.88247541463524,21.720000000000017
816,100,2.0,integrated,False,True,33.84933198586688,21.720000000000017
817,100,2.0,integrated,False,True,33.78868758969263,21.960000000000015
818,100,2.0,integrated,False,True,33.69773535668345,21.840000000000018
819,100,2.0,integrated,False,True,33.87870527463558,21.840000000000018
820,100,2.0,integrated,False,True,33.71332697002319,21.960000000000015
821,100,2.0,integrated,False,True,33.411487260788036,21.840000000000018
822,100,2.0,integrated,False,True,33.80114780170799,21.720000000000017
823,100,2.0,integrated,False,True,33.54377852560931,21.840000000000018
824,100,2.0,integrated,False,True,33.713129624714476,21.840000000000018
825,100,2.0,integrated,False,True,33.93617566120761,21.960000000000015
826,100,2.0,integrated,False,True,33.68751109545748,21.840000000000018
827,100,2.0,integrated,False,True,33.94377724078662,21.960000000000015
828,100,2.0,integrated,False,True,33.87325846531793,21.720000000000017
829,100,2.0,integrated,False,True,33.789246848326464,21.960000000000015
830,100,2.0,integrated,False,True,33.876601336698734,21.840000000000018
831,100,2.0,integrated,False,True,33.885603168041065,21.960000000000015
832,100,2.0,integrated,False,True,33.71811076958864,21.840000000000018
833,100,2.0,integrated,False,True,33.88365530418924,21.840000000000018
834,100,2.0,integrated,False,True,34.147480119466636,22.080000000000016
835,100,2.0,integrated,False,True,33.91128058299114,21.840000000000018
836,100,2.0,integrated,False,True,33.931797556026346,22.080000000000016
837,100,2.0,integrated,False,True,33.5929342118149,21.840000000000018
838,100,2.0,integrated,False,True,33.75662199656729,21.960000000000015
839,100,2.0,integrated,False,True,33.80383531254357,21.960000000000015
840,100,2.0,integrated,False,True,33.95941152047913,21.840000000000018
841,100,2.0,integrated,False,True,33.61287512992377,21.840000000000018
842,100,2.0,integrated,False,True,34.088703087202134,22.320000000000018
843,100,2.0,integrated,False,True,33.865650781062016,21.840000000000018
844,100,2.0,integrated,False,True,33.90364029715684,21.840000000000018
845,100,2.0,integrated,False,True,33.93029766482717,21.960000000000015
846,100,2.0,integrated,False,True,33.57439481631566,21.840000000000018
847,100,2.0,integrated,False,True,33.63945257996474,21.840000000000018
848,100,2.0,integrated,False,True,33.61496599809611,21.840000000000018
849,100,2.0,integrated,False,True,33.72196281812264,21.840000000000018
850,100,2.0,integrated,False,True,33.64884902458729,21.840000000000018
851,100,2.0,integrated,False,True,33.9078627656634,21.840000000000018
852,100,2.0,integrated,False,True,33.940451806063564,21.840000000000018
853,100,2.0,integrated,False,True,33.84814582472946,21.840000000000018
854,100,2.0,integrated,False,True,33.59600285255408,21.840000000000018
855,100,2.0,integrated,False,True,33.81499098639556,21.960000000000015
856,100,2.0,integrated,False,True,33.879971341200374,21.840000000000018
857,100,2.0,integrated,False,True,33.89183407092994,21.960000000000015
858,100,2.0,integrated,False,True,33.911742141828526,21.960000000000015
859,100,2.0,integrated,False,True,33.812530155694965,21.840000000000018
860,100,2.0,integrated,False,True,33.833097326044054,21.720000000000017
861,100,2.0,integrated,False,True,33.97985256787561,22.080000000000016
862,100,2.0,integrated,False,True,33.65810526924395,21.840000000000018
863,100,2.0,integrated,False,True,33.91936705069238,21.840000000000018
864,100,2.0,integrated,False,True,33.59175215727197,21.840000000000018
865,100,2.0,integrated,False,True,33.97885458030325,21.960000000000015
866,100,2.0,integrated,False,True,33.95003567634857,21.960000000000015
867,100,2.0,integrated,False,True,33.98793594452836,21.960000000000015
868,100,2.0,integrated,False,True,33.68601200436115,21.960000000000015
869,100,2.0,integrated,False,True,33.780713702788546,21.840000000000018
870,100,2.0,integrated,False,True,33.684183780045274,21.840000000000018
871,100,2.0,integrated,False,True,33.908471389205104,21.960000000000015
872,100,2.0,integrated,False,True,33.65609748104046,21.960000000000015
873,100,2.0,integrated,False,True,33.80096084060257,21.960000000000015
874,100,2.0,integrated,False,True,33.861288089010905,21.840000000000018
875,100,2.0,integrated,False,True,33.76701010262868,21.840000000000018
876,100,2.0,integrated,False,True,33.720878383686134,21.840000000000018
877,100,2.0,integrated,False,True,33.62205789500193,21.960000000000015
878,100,2.0,integrated,False,True,33.7780939850847,21.960000000000015
879,100,2.0,integrated,False,True,33.83145036530738,21.840000000000018
880,100,2.0,integrated,False,True,33.82554694534554,21.960000000000015
881,100,2.0,integrated,False,True,33.747049176170904,21.840000000000018
882,100,2.0,integrated,False,True,33.66063708819852,21.840000000000018
883,100,2.0,integrated,False,True,33.62611069081122,21.960000000000015
884,100,2.0,integrated,False,True,33.61870208621934,21.840000000000018
885,100,2.0,integrated,False,True,33.83811886702585,21.840000000000018
886,100,2.0,integrated,False,True,33.74673388602296,21.840000000000018
887,100,2.0,integrated,False,True,33.83275835561633,21.840000000000018
888,100,2.0,integrated,False,True,33.81842534546159,21.960000000000015
889,100,2.0,integrated,False,True,33.96247356028551,21.840000000000018
890,100,2.0,integrated,False,True,33.83226110637246,21.960000000000015
891,100,2.0,integrated,False,True,33.864725820540635,21.840000000000018
892,100,2.0,integrated,False,True,33.7928318173299,21.720000000000017
893,100,2.0,integrated,False,True,33.69615213507299,21.960000000000015
894,100,2.0,integrated,False,True,33.80499062899355,21.840000000000018
895,100,2.0,integrated,False,True,33.75469953415154,21.840000000000018
896,100,2.0,integrated,False,True,33.47682547600414,21.840000000000018
897,100,2.0,integrated,False,True,33.71984169857861,21.960000000000015
898,100,2.0,integrated,False,True,33.67393709948206,21.840000000000018
899,100,2.0,integrated,False,True,34.04148160001104,22.080000000000016
900,100,2.0,integrated,False,True,33.31890379552995,21.840000000000018
901,100,2.0,integrated,False,True,33.64659140658607,21.840000000000018
902,100,2.0,integrated,False,True,33.6980816122996,21.960000000000015
903,100,2.0,integrated,False,True,33.60635889038801,21.840000000000018
904,100,2.0,integrated,False,True,33.71610673052466,21.720000000000017
905,100,2.0,integrated,False,True,33.685318098098094,21.840000000000018
906,100,2.0,integrated,False,True,33.83582814527307,21.960000000000015
907,100,2.0,integrated,False,True,33.83240962601512,21.720000000000017
908,100,2.0,integrated,False,True,33.85262726229479,21.840000000000018
909,100,2.0,integrated,False,True,33.821468894657066,21.720000000000017
910,100,2.0,integrated,False,True,33.686189569323766,21.840000000000018
911,100,2.0,integrated,False,True,33.732092921974434,21.840000000000018
912,100,2.0,integrated,False,True,34.01749621793621,21.960000000000015
913,100,2.0,integrated,False,True,33.92625261172101,21.840000000000018
914,100,2.0,integrated,False,True,33.93886833031768,21.840000000000018
915,100,2.0,integrated,False,True,33.82237830759196,21.960000000000015
916,100,2.0,integrated,False,True,33.56031029137492,21.840000000000018
917,100,2.0,integrated,False,True,33.73440427212685,21.840000000000018
918,100,2.0,integrated,False,True,33.885398979873415,21.840000000000018
919,100,2.0,integrated,False,True,33.74213490092006,21.840000000000018
920,100,2.0,integrated,False,True,33.534825942069524,21.840000000000018
921,100,2.0,integrated,False,True,33.64580247336566,21.960000000000015
922,100,2.0,integrated,False,True,33.86652279133056,21.840000000000018
923,100,2.0,integrated,False,True,33.72398981738525,21.840000000000018
924,100,2.0,integrated,False,True,33.6162742427523,21.960000000000015
925,100,2.0,integrated,False,True,33.91086357819015,21.960000000000015
926,100,2.0,integrated,False,True,33.98149861368113,21.840000000000018
927,100,2.0,integrated,False,True,33.66355660790118,21.840000000000018
928,100,2.0,integrated,False,True,33.751236757352544,21.840000000000018
929,100,2.0,integrated,False,True,33.92773391612061,21.960000000000015
930,100,2.0,integrated,False,True,33.91191299642266,21.840000000000018
931,100,2.0,integrated,False,True,33.791529531595295,21.840000000000018
932,100,2.0,integrated,False,True,33.642852121156324,21.960000000000015
933,100,2.0,integrated,False,True,33.714248372042405,21.960000000000015
934,100,2.0,integrated,False,True,33.87918635599635,21.960000000000015
935,100,2.0,integrated,False,True,34.017561869211875,21.960000000000015
936,100,2.0,integrated,False,True,33.94895295073476,21.960000000000015
937,100,2.0,integrated,False,True,33.93064846740729,21.840000000000018
938,100,2.0,integrated,False,True,33.73598197357779,21.960000000000015
939,100,2.0,integrated,False,True,33.884226942653726,21.960000000000015
940,100,2.0,integrated,False,True,33.75836115165979,21.960000000000015
941,100,2.0,integrated,False,True,33.65445375550027,21.840000000000018
942,100,2.0,integrated,False,True,33.93055228985128,21.840000000000018
943,100,2.0,integrated,False,True,33.70267497842926,21.840000000000018
944,100,2.0,integrated,False,True,33.671350565240004,21.840000000000018
945,100,2.0,integrated,False,True,33.65255228039521,21.840000000000018
946,100,2.0,integrated,False,True,33.88048194372334,21.720000000000017
947,100,2.0,integrated,False,True,33.83393778633823,21.960000000000015
948,100,2.0,integrated,False,True,33.84696451679225,21.840000000000018
949,100,2.0,integrated,False,True,33.560061983759624,21.840000000000018
950,100,2.0,integrated,False,True,33.948969748336715,21.840000000000018
951,100,2.0,integrated,False,True,33.53240046313047,21.840000000000018
952,100,2.0,integrated,False,True,33.55661932073161,21.840000000000018
953,100,2.0,integrated,False,True,34.00172687040507,22.080000000000016
954,100,2.0,integrated,False,True,33.8940614667808,21.840000000000018
955,100,2.0,integrated,False,True,33.63675121146351,21.960000000000015
956,100,2.0,integrated,False,True,33.77596458332386,21.720000000000017
957,100,2.0,integrated,False,True,34.00472271012312,21.960000000000015
958,100,2.0,integrated,False,True,33.966852510665454,22.080000000000016
959,100,2.0,integrated,False,True,33.56900793321703,21.840000000000018
960,100,2.0,integrated,False,True,33.817304576978046,21.840000000000018
961,100,2.0,integrated,False,True,33.577760759862386,21.840000000000018
962,100,2.0,integrated,False,True,33.73901261465252,21.840000000000018
963,100,2.0,integrated,False,True,33.860231579145086,21.720000000000017
964,100,2.0,integrated,False,True,33.71979078971871,21.840000000000018
965,100,2.0,integrated,False,True,33.68114889604564,21.840000000000018
966,100,2.0,integrated,False,True,33.92126108214508,21.960000000000015
967,100,2.0,integrated,False,True,33.981681586365596,21.960000000000015
968,100,2.0,integrated,False,True,33.85018871888106,21.960000000000015
969,100,2.0,integrated,False,True,33.84260022757125,21.840000000000018
970,100,2.0,integrated,False,True,33.85357444396821,21.840000000000018
971,100,2.0,integrated,False,True,33.56486203662574,21.840000000000018
972,100,2.0,integrated,False,True,33.82209833306229,21.840000000000018
973,100,2.0,integrated,False,True,33.73063489768596,21.960000000000015
974,100,2.0,integrated,False,True,33.832810498431485,21.840000000000018
975,100,2.0,integrated,False,True,33.900776990094315,21.960000000000015
976,100,2.0,integrated,False,True,33.83717919251393,21.960000000000015
977,100,2.0,integrated,False,True,34.00612660384567,21.960000000000015
978,100,2.0,integrated,False,True,33.57109768656366,21.840000000000018
979,100,2.0,integrated,False,True,33.7831192561047,21.960000000000015
980,100,2.0,integrated,False,True,33.86870238108043,21.960000000000015
981,100,2.0,integrated,False,True,33.773065797891405,21.960000000000015
982,100,2.0,integrated,False,True,33.55828088086501,21.840000000000018
983,100,2.0,integrated,False,True,33.76672312544592,21.840000000000018
984,100,2.0,integrated,False,True,33.636702011221054,21.840000000000018
985,100,2.0,integrated,False,True,33.77938625116187,21.960000000000015
986,100,2.0,integrated,False,True,33.88981164219622,21.840000000000018
987,100,2.0,integrated,False,True,33.81010664207,21.960000000000015
988,100,2.0,integrated,False,True,34.111384510208296,22.200000000000017
989,100,2.0,integrated,False,True,33.835804160259684,21.720000000000017
990,100,2.0,integrated,False,True,33.61140792722471,21.840000000000018
991,100,2.0,integrated,False,True,33.809256336394775,21.840000000000018
992,100,2.0,integrated,False,True,33.93435608515771,21.960000000000015
993,100,2.0,integrated,False,True,33.971793488456306,21.960000000000015
994,100,2.0,integrated,False,True,33.64980143696743,21.840000000000018
995,100,2.0,integrated,False,True,33.80606678437158,21.840000000000018
996,100,2.0,integrated,False,True,34.079740413046395,22.200000000000017
997,100,2.0,integrated,False,True,33.77521852339282,21.960000000000015
998,100,2.0,integrated,False,True,33.58133812405087,21.840000000000018
999,100,2.0,integrated,False,True,33.60345735223226,21.840000000000018
0,300,2.4771212547196626,integrated,False,True,33.36879355449505,21.720000000000017
1,300,2.4771212547196626,integrated,False,True,33.166679203698614,21.720000000000017
2,300,2.4771212547196626,integrated,False,True,33.27997178974348,21.720000000000017
3,300,2.4771212547196626,integrated,False,True,32.981622982127824,21.720000000000017
4,300,2.4771212547196626,integrated,False,True,33.25018573213147,21.720000000000017
5,300,2.4771212547196626,integrated,False,True,33.490888775548605,21.720000000000017
6,300,2.4771212547196626,integrated,False,True,33.53729396648207,21.720000000000017
7,300,2.4771212547196626,integrated,False,True,33.18257001092782,21.720000000000017
8,300,2.4771212547196626,integrated,False,True,32.96186862966198,21.720000000000017
9,300,2.4771212547196626,integrated,False,True,33.38715661902614,21.720000000000017
10,300,2.4771212547196626,integrated,False,True,33.02602560701267,21.720000000000017
11,300,2.4771212547196626,integrated,False,True,33.08102532885982,21.720000000000017
12,300,2.4771212547196626,integrated,False,True,33.09657596741032,21.720000000000017
13,300,2.4771212547196626,integrated,False,True,33.15614884215509,21.720000000000017
14,300,2.4771212547196626,integrated,False,True,33.21546909003398,21.720000000000017
15,300,2.4771212547196626,integrated,False,True,33.58835480886129,21.720000000000017
16,300,2.4771212547196626,integrated,False,True,33.15495209994002,21.720000000000017
17,300,2.4771212547196626,integrated,False,True,33.20938816767482,21.720000000000017
18,300,2.4771212547196626,integrated,False,True,32.96026996873998,21.720000000000017
19,300,2.4771212547196626,integrated,False,True,33.31146392096085,21.720000000000017
20,300,2.4771212547196626,integrated,False,True,32.88951557708327,21.720000000000017
21,300,2.4771212547196626,integrated,False,True,33.35941249281029,21.720000000000017
22,300,2.4771212547196626,integrated,False,True,33.07902914627708,21.720000000000017
23,300,2.4771212547196626,integrated,False,True,33.1154975692849,21.720000000000017
24,300,2.4771212547196626,integrated,False,True,33.13249254538671,21.720000000000017
25,300,2.4771212547196626,integrated,False,True,33.428203636020385,21.720000000000017
26,300,2.4771212547196626,integrated,False,True,33.12110004805291,21.720000000000017
27,300,2.4771212547196626,integrated,False,True,33.04633997896225,21.720000000000017
28,300,2.4771212547196626,integrated,False,True,33.238650270345275,21.720000000000017
29,300,2.4771212547196626,integrated,False,True,33.165830835093466,21.720000000000017
30,300,2.4771212547196626,integrated,False,True,33.294654278906805,21.720000000000017
31,300,2.4771212547196626,integrated,False,True,33.27115046658175,21.720000000000017
32,300,2.4771212547196626,integrated,False,True,33.148711408225196,21.720000000000017
33,300,2.4771212547196626,integrated,False,True,33.15392091185539,21.720000000000017
34,300,2.4771212547196626,integrated,False,True,33.35686706402831,21.720000000000017
35,300,2.4771212547196626,integrated,False,True,33.52730818349955,21.720000000000017
36,300,2.4771212547196626,integrated,False,True,33.37240471027765,21.720000000000017
37,300,2.4771212547196626,integrated,False,True,33.04017422867558,21.720000000000017
38,300,2.4771212547196626,integrated,False,True,33.01486841411061,21.720000000000017
39,300,2.4771212547196626,integrated,False,True,33.10887460196998,21.720000000000017
40,300,2.4771212547196626,integrated,False,True,33.180380486470796,21.720000000000017
41,300,2.4771212547196626,integrated,False,True,33.56269621037946,21.720000000000017
42,300,2.4771212547196626,integrated,False,True,32.95688123583415,21.720000000000017
43,300,2.4771212547196626,integrated,False,True,33.16048818692835,21.720000000000017
44,300,2.4771212547196626,integrated,False,True,33.318846140915895,21.720000000000017
45,300,2.4771212547196626,integrated,False,True,33.25389837341948,21.720000000000017
46,300,2.4771212547196626,integrated,False,True,33.006280177924,21.720000000000017
47,300,2.4771212547196626,integrated,False,True,33.128614696803794,21.720000000000017
48,300,2.4771212547196626,integrated,False,True,33.05549101705047,21.720000000000017
49,300,2.4771212547196626,integrated,False,True,33.101583292235745,21.720000000000017
50,300,2.4771212547196626,integrated,False,True,33.030204079299686,21.720000000000017
51,300,2.4771212547196626,integrated,False,True,33.200810866642755,21.720000000000017
52,300,2.4771212547196626,integrated,False,True,33.071607770211706,21.720000000000017
53,300,2.4771212547196626,integrated,False,True,33.13460287015918,21.720000000000017
54,300,2.4771212547196626,integrated,False,True,33.02339711699067,21.720000000000017
55,300,2.4771212547196626,integrated,False,True,32.89902728748491,21.720000000000017
56,300,2.4771212547196626,integrated,False,True,33.09238024146879,21.720000000000017
57,300,2.4771212547196626,integrated,False,True,33.2861108516409,21.720000000000017
58,300,2.4771212547196626,integrated,False,True,32.98859207524365,21.720000000000017
59,300,2.4771212547196626,integrated,False,True,33.29559449772486,21.720000000000017
60,300,2.4771212547196626,integrated,False,True,33.08714898718114,21.720000000000017
61,300,2.4771212547196626,integrated,False,True,33.215916249900694,21.720000000000017
62,300,2.4771212547196626,integrated,False,True,33.130298702974265,21.720000000000017
63,300,2.4771212547196626,integrated,False,True,33.18535070520798,21.720000000000017
64,300,2.4771212547196626,integrated,False,True,33.17516602381498,21.720000000000017
65,300,2.4771212547196626,integrated,False,True,33.15255014439486,21.720000000000017
66,300,2.4771212547196626,integrated,False,True,33.1532929424675,21.720000000000017
67,300,2.4771212547196626,integrated,False,True,33.378205363258665,21.720000000000017
68,300,2.4771212547196626,integrated,False,True,33.16698087523112,21.720000000000017
69,300,2.4771212547196626,integrated,False,True,33.38822000708852,21.720000000000017
70,300,2.4771212547196626,integrated,False,True,33.63816442537535,21.720000000000017
71,300,2.4771212547196626,integrated,False,True,33.002270344981014,21.720000000000017
72,300,2.4771212547196626,integrated,False,True,33.388763183849726,21.720000000000017
73,300,2.4771212547196626,integrated,False,True,33.405047442304976,21.720000000000017
74,300,2.4771212547196626,integrated,False,True,33.25958613497869,21.720000000000017
75,300,2.4771212547196626,integrated,False,True,33.405287563672914,21.720000000000017
76,300,2.4771212547196626,integrated,False,True,33.03262563925893,21.720000000000017
77,300,2.4771212547196626,integrated,False,True,33.07323443099835,21.720000000000017
78,300,2.4771212547196626,integrated,False,True,33.2127384929768,21.720000000000017
79,300,2.4771212547196626,integrated,False,True,33.09563001463431,21.720000000000017
80,300,2.4771212547196626,integrated,False,True,33.08437252611297,21.720000000000017
81,300,2.4771212547196626,integrated,False,True,33.23126748216989,21.720000000000017
82,300,2.4771212547196626,integrated,False,True,33.40571158327684,21.720000000000017
83,300,2.4771212547196626,integrated,False,True,33.318495923542585,21.720000000000017
84,300,2.4771212547196626,integrated,False,True,33.0552489954287,21.720000000000017
85,300,2.4771212547196626,integrated,False,True,33.11343451034657,21.720000000000017
86,300,2.4771212547196626,integrated,False,True,33.1927960521207,21.720000000000017
87,300,2.4771212547196626,integrated,False,True,33.369783219866385,21.720000000000017
88,300,2.4771212547196626,integrated,False,True,32.92630499687903,21.720000000000017
89,300,2.4771212547196626,integrated,False,True,33.31574076831927,21.720000000000017
90,300,2.4771212547196626,integrated,False,True,33.1503909349374,21.720000000000017
91,300,2.4771212547196626,integrated,False,True,32.71302344975756,21.720000000000017
92,300,2.4771212547196626,integrated,False,True,33.23735938112951,21.720000000000017
93,300,2.4771212547196626,integrated,False,True,32.984087480885904,21.720000000000017
94,300,2.4771212547196626,integrated,False,True,33.13835672810768,21.720000000000017
95,300,2.4771212547196626,integrated,False,True,32.986838480104886,21.720000000000017
96,300,2.4771212547196626,integrated,False,True,33.06083797411661,21.720000000000017
97,300,2.4771212547196626,integrated,False,True,33.55672139458047,21.720000000000017
98,300,2.4771212547196626,integrated,False,True,33.37187799443652,21.720000000000017
99,300,2.4771212547196626,integrated,False,True,33.39160542011994,21.720000000000017
100,300,2.4771212547196626,integrated,False,True,33.060163878126005,21.720000000000017
101,300,2.4771212547196626,integrated,False,True,33.216765522575656,21.720000000000017
102,300,2.4771212547196626,integrated,False,True,33.26095130513313,21.720000000000017
103,300,2.4771212547196626,integrated,False,True,33.08039993526401,21.720000000000017
104,300,2.4771212547196626,integrated,False,True,32.93447668043216,21.720000000000017
105,300,2.4771212547196626,integrated,False,True,33.24554498262328,21.720000000000017
106,300,2.4771212547196626,integrated,False,True,33.063250344342,21.720000000000017
107,300,2.4771212547196626,integrated,False,True,33.3787508886441,21.720000000000017
108,300,2.4771212547196626,integrated,False,True,33.3800090051732,21.720000000000017
109,300,2.4771212547196626,integrated,False,True,33.29784211969251,21.720000000000017
110,300,2.4771212547196626,integrated,False,True,33.485694819912844,21.720000000000017
111,300,2.4771212547196626,integrated,False,True,33.28529558060823,21.720000000000017
112,300,2.4771212547196626,integrated,False,True,32.88731942303808,21.720000000000017
113,300,2.4771212547196626,integrated,False,True,33.28386890199548,21.720000000000017
114,300,2.4771212547196626,integrated,False,True,33.09848574845924,21.720000000000017
115,300,2.4771212547196626,integrated,False,True,33.40362968431653,21.720000000000017
116,300,2.4771212547196626,integrated,False,True,33.36649173999541,21.720000000000017
117,300,2.4771212547196626,integrated,False,True,33.15792186536615,21.720000000000017
118,300,2.4771212547196626,integrated,False,True,33.499754988179255,21.720000000000017
119,300,2.4771212547196626,integrated,False,True,33.128216750322814,21.720000000000017
120,300,2.4771212547196626,integrated,False,True,33.01311710400675,21.720000000000017
121,300,2.4771212547196626,integrated,False,True,33.32097245610891,21.720000000000017
122,300,2.4771212547196626,integrated,False,True,33.166075600859585,21.720000000000017
123,300,2.4771212547196626,integrated,False,True,33.12342448157953,21.720000000000017
124,300,2.4771212547196626,integrated,False,True,33.205075306285664,21.720000000000017
125,300,2.4771212547196626,integrated,False,True,32.86664022865759,21.720000000000017
126,300,2.4771212547196626,integrated,False,True,33.40468150237442,21.720000000000017
127,300,2.4771212547196626,integrated,False,True,33.043868912093735,21.720000000000017
128,300,2.4771212547196626,integrated,False,True,33.25671282352563,21.720000000000017
129,300,2.4771212547196626,integrated,False,True,33.13815554047159,21.720000000000017
130,300,2.4771212547196626,integrated,False,True,33.03897836900368,21.720000000000017
131,300,2.4771212547196626,integrated,False,True,33.15650337984095,21.720000000000017
132,300,2.4771212547196626,integrated,False,True,33.11977552506522,21.720000000000017
133,300,2.4771212547196626,integrated,False,True,33.07403221580384,21.720000000000017
134,300,2.4771212547196626,integrated,False,True,32.84963653143153,21.720000000000017
135,300,2.4771212547196626,integrated,False,True,33.019185578355945,21.720000000000017
136,300,2.4771212547196626,integrated,False,True,33.0689036807223,21.720000000000017
137,300,2.4771212547196626,integrated,False,True,33.321906898844524,21.720000000000017
138,300,2.4771212547196626,integrated,False,True,33.24578432642687,21.720000000000017
139,300,2.4771212547196626,integrated,False,True,33.23929315050831,21.720000000000017
140,300,2.4771212547196626,integrated,False,True,33.07059762866021,21.720000000000017
141,300,2.4771212547196626,integrated,False,True,33.01697368673616,21.720000000000017
142,300,2.4771212547196626,integrated,False,True,33.38429665285952,21.720000000000017
143,300,2.4771212547196626,integrated,False,True,33.67234101877392,21.720000000000017
144,300,2.4771212547196626,integrated,False,True,33.22462506285259,21.720000000000017
145,300,2.4771212547196626,integrated,False,True,33.007288872853145,21.720000000000017
146,300,2.4771212547196626,integrated,False,True,33.09035087020357,21.720000000000017
147,300,2.4771212547196626,integrated,False,True,33.199132772072474,21.720000000000017
148,300,2.4771212547196626,integrated,False,True,32.96194544012449,21.720000000000017
149,300,2.4771212547196626,integrated,False,True,33.08880850555271,21.720000000000017
150,300,2.4771212547196626,integrated,False,True,33.190748840117955,21.720000000000017
151,300,2.4771212547196626,integrated,False,True,33.063821676885524,21.720000000000017
152,300,2.4771212547196626,integrated,False,True,33.23067824041639,21.720000000000017
153,300,2.4771212547196626,integrated,False,True,33.26269079237178,21.720000000000017
154,300,2.4771212547196626,integrated,False,True,33.169489038478,21.720000000000017
155,300,2.4771212547196626,integrated,False,True,32.98789303151718,21.720000000000017
156,300,2.4771212547196626,integrated,False,True,33.18465714018131,21.720000000000017
157,300,2.4771212547196626,integrated,False,True,33.22331636080499,21.720000000000017
158,300,2.4771212547196626,integrated,False,True,33.029161944555746,21.720000000000017
159,300,2.4771212547196626,integrated,False,True,33.29378020758091,21.720000000000017
160,300,2.4771212547196626,integrated,False,True,33.13522279305934,21.720000000000017
161,300,2.4771212547196626,integrated,False,True,32.9094220637549,21.720000000000017
162,300,2.4771212547196626,integrated,False,True,33.143866803813026,21.720000000000017
163,300,2.4771212547196626,integrated,False,True,33.29656606600892,21.720000000000017
164,300,2.4771212547196626,integrated,False,True,33.01434964457855,21.720000000000017
165,300,2.4771212547196626,integrated,False,True,32.93878480931558,21.720000000000017
166,300,2.4771212547196626,integrated,False,True,33.419336454693955,21.720000000000017
167,300,2.4771212547196626,integrated,False,True,33.330704912220845,21.720000000000017
168,300,2.4771212547196626,integrated,False,True,33.3690722775658,21.720000000000017
169,300,2.4771212547196626,integrated,False,True,32.92479023279232,21.720000000000017
170,300,2.4771212547196626,integrated,False,True,33.108933146892596,21.720000000000017
171,300,2.4771212547196626,integrated,False,True,33.55139432412973,21.720000000000017
172,300,2.4771212547196626,integrated,False,True,32.91690681975903,21.720000000000017
173,300,2.4771212547196626,integrated,False,True,33.05570369276906,21.720000000000017
174,300,2.4771212547196626,integrated,False,True,33.35520887582379,21.720000000000017
175,300,2.4771212547196626,integrated,False,True,33.148214110148906,21.720000000000017
176,300,2.4771212547196626,integrated,False,True,33.27413652636882,21.720000000000017
177,300,2.4771212547196626,integrated,False,True,32.91165191367671,21.720000000000017
178,300,2.4771212547196626,integrated,False,True,33.23800626182487,21.720000000000017
179,300,2.4771212547196626,integrated,False,True,33.20869578170364,21.720000000000017
180,300,2.4771212547196626,integrated,False,True,33.08744505595504,21.720000000000017
181,300,2.4771212547196626,integrated,False,True,33.02076754044144,21.720000000000017
182,300,2.4771212547196626,integrated,False,True,32.99996024651248,21.720000000000017
183,300,2.4771212547196626,integrated,False,True,33.02264647681378,21.720000000000017
184,300,2.4771212547196626,integrated,False,True,33.08278328919151,21.720000000000017
185,300,2.4771212547196626,integrated,False,True,33.27719194203513,21.720000000000017
186,300,2.4771212547196626,integrated,False,True,33.14948966416922,21.720000000000017
187,300,2.4771212547196626,integrated,False,True,33.03686716566254,21.720000000000017
188,300,2.4771212547196626,integrated,False,True,33.60032434198884,21.720000000000017
189,300,2.4771212547196626,integrated,False,True,33.048121419046694,21.720000000000017
190,300,2.4771212547196626,integrated,False,True,33.389847804016064,21.720000000000017
191,300,2.4771212547196626,integrated,False,True,33.15322136806776,21.720000000000017
192,300,2.4771212547196626,integrated,False,True,33.10903406467666,21.720000000000017
193,300,2.4771212547196626,integrated,False,True,33.13698110642244,21.720000000000017
194,300,2.4771212547196626,integrated,False,True,32.60739054955336,21.720000000000017
195,300,2.4771212547196626,integrated,False,True,33.39446350495138,21.720000000000017
196,300,2.4771212547196626,integrated,False,True,33.115252820285995,21.720000000000017
197,300,2.4771212547196626,integrated,False,True,33.344012893498586,21.720000000000017
198,300,2.4771212547196626,integrated,False,True,32.936126075529714,21.720000000000017
199,300,2.4771212547196626,integrated,False,True,33.12686694960546,21.720000000000017
200,300,2.4771212547196626,integrated,False,True,32.91882240041704,21.720000000000017
201,300,2.4771212547196626,integrated,False,True,33.12288497634555,21.720000000000017
202,300,2.4771212547196626,integrated,False,True,33.12863279775753,21.720000000000017
203,300,2.4771212547196626,integrated,False,True,33.34119140948241,21.720000000000017
204,300,2.4771212547196626,integrated,False,True,33.06909157110908,21.720000000000017
205,300,2.4771212547196626,integrated,False,True,33.0854243824813,21.720000000000017
206,300,2.4771212547196626,integrated,False,True,32.903459630122306,21.720000000000017
207,300,2.4771212547196626,integrated,False,True,32.84989730237741,21.720000000000017
208,300,2.4771212547196626,integrated,False,True,33.06971175982319,21.720000000000017
209,300,2.4771212547196626,integrated,False,True,33.409020996469245,21.720000000000017
210,300,2.4771212547196626,integrated,False,True,33.28653657993046,21.720000000000017
211,300,2.4771212547196626,integrated,False,True,33.19397669099812,21.720000000000017
212,300,2.4771212547196626,integrated,False,True,33.152649074969275,21.720000000000017
213,300,2.4771212547196626,integrated,False,True,33.06186160040285,21.720000000000017
214,300,2.4771212547196626,integrated,False,True,32.97554676942507,21.720000000000017
215,300,2.4771212547196626,integrated,False,True,33.05980605720192,21.720000000000017
216,300,2.4771212547196626,integrated,False,True,33.25326431974159,21.720000000000017
217,300,2.4771212547196626,integrated,False,True,32.987129101569046,21.720000000000017
218,300,2.4771212547196626,integrated,False,True,33.02799428487517,21.720000000000017
219,300,2.4771212547196626,integrated,False,True,33.214854184944805,21.720000000000017
220,300,2.4771212547196626,integrated,False,True,32.923346650536295,21.720000000000017
221,300,2.4771212547196626,integrated,False,True,33.288248830929994,21.720000000000017
222,300,2.4771212547196626,integrated,False,True,33.03314329042156,21.720000000000017
223,300,2.4771212547196626,integrated,False,True,33.32714576330348,21.720000000000017
224,300,2.4771212547196626,integrated,False,True,33.02396302657842,21.720000000000017
225,300,2.4771212547196626,integrated,False,True,33.30798494773813,21.720000000000017
226,300,2.4771212547196626,integrated,False,True,33.112500297544564,21.720000000000017
227,300,2.4771212547196626,integrated,False,True,33.13984898850922,21.720000000000017
228,300,2.4771212547196626,integrated,False,True,33.26999271890206,21.720000000000017
229,300,2.4771212547196626,integrated,False,True,33.17694987760831,21.720000000000017
230,300,2.4771212547196626,integrated,False,True,33.35374599434536,21.720000000000017
231,300,2.4771212547196626,integrated,False,True,33.23527118664026,21.720000000000017
232,300,2.4771212547196626,integrated,False,True,33.10818750881817,21.720000000000017
233,300,2.4771212547196626,integrated,False,True,33.18678546546218,21.720000000000017
234,300,2.4771212547196626,integrated,False,True,33.56669299967404,21.720000000000017
235,300,2.4771212547196626,integrated,False,True,33.13019066428396,21.720000000000017
236,300,2.4771212547196626,integrated,False,True,33.042103771703815,21.720000000000017
237,300,2.4771212547196626,integrated,False,True,33.24083484348599,21.720000000000017
238,300,2.4771212547196626,integrated,False,True,33.148104064356936,21.720000000000017
239,300,2.4771212547196626,integrated,False,True,32.83581769859389,21.720000000000017
240,300,2.4771212547196626,integrated,False,True,33.117314930619855,21.720000000000017
241,300,2.4771212547196626,integrated,False,True,33.35295305788586,21.720000000000017
242,300,2.4771212547196626,integrated,False,True,33.19033783570858,21.720000000000017
243,300,2.4771212547196626,integrated,False,True,33.36303626040905,21.720000000000017
244,300,2.4771212547196626,integrated,False,True,33.482898088845474,21.720000000000017
245,300,2.4771212547196626,integrated,False,True,33.40099613991942,21.720000000000017
246,300,2.4771212547196626,integrated,False,True,32.865318914520145,21.720000000000017
247,300,2.4771212547196626,integrated,False,True,33.5481150077559,21.720000000000017
248,300,2.4771212547196626,integrated,False,True,33.151733026664644,21.720000000000017
249,300,2.4771212547196626,integrated,False,True,33.405876819472255,21.720000000000017
250,300,2.4771212547196626,integrated,False,True,33.30024246117935,21.720000000000017
251,300,2.4771212547196626,integrated,False,True,33.176402512442586,21.720000000000017
252,300,2.4771212547196626,integrated,False,True,33.084562019214474,21.720000000000017
253,300,2.4771212547196626,integrated,False,True,32.94118094763619,21.720000000000017
254,300,2.4771212547196626,integrated,False,True,33.442353027698154,21.720000000000017
255,300,2.4771212547196626,integrated,False,True,33.14912651705782,21.720000000000017
256,300,2.4771212547196626,integrated,False,True,32.96731839397756,21.720000000000017
257,300,2.4771212547196626,integrated,False,True,33.21531849191962,21.720000000000017
258,300,2.4771212547196626,integrated,False,True,33.13058505588149,21.720000000000017
259,300,2.4771212547196626,integrated,False,True,33.195462021717745,21.720000000000017
260,300,2.4771212547196626,integrated,False,True,32.96376057845917,21.720000000000017
261,300,2.4771212547196626,integrated,False,True,33.142411715163796,21.720000000000017
262,300,2.4771212547196626,integrated,False,True,33.30771897530588,21.720000000000017
263,300,2.4771212547196626,integrated,False,True,33.46730241295806,21.720000000000017
264,300,2.4771212547196626,integrated,False,True,32.93844590755329,21.720000000000017
265,300,2.4771212547196626,integrated,False,True,33.09360880337928,21.720000000000017
266,300,2.4771212547196626,integrated,False,True,33.60359077884892,21.720000000000017
267,300,2.4771212547196626,integrated,False,True,32.98913380692519,21.720000000000017
268,300,2.4771212547196626,integrated,False,True,33.26185183976649,21.720000000000017
269,300,2.4771212547196626,integrated,False,True,33.10519066966453,21.720000000000017
270,300,2.4771212547196626,integrated,False,True,33.326733328676305,21.720000000000017
271,300,2.4771212547196626,integrated,False,True,33.4337196191817,21.720000000000017
272,300,2.4771212547196626,integrated,False,True,33.046044543593695,21.720000000000017
273,300,2.4771212547196626,integrated,False,True,33.168648144427706,21.720000000000017
274,300,2.4771212547196626,integrated,False,True,33.09368667715347,21.720000000000017
275,300,2.4771212547196626,integrated,False,True,33.241366813089435,21.720000000000017
276,300,2.4771212547196626,integrated,False,True,32.91171435933255,21.720000000000017
277,300,2.4771212547196626,integrated,False,True,33.31210430366414,21.720000000000017
278,300,2.4771212547196626,integrated,False,True,33.13124258936462,21.720000000000017
279,300,2.4771212547196626,integrated,False,True,33.01908349389957,21.720000000000017
280,300,2.4771212547196626,integrated,False,True,33.283185101412286,21.720000000000017
281,300,2.4771212547196626,integrated,False,True,32.951013030491595,21.720000000000017
282,300,2.4771212547196626,integrated,False,True,33.0359328803981,21.720000000000017
283,300,2.4771212547196626,integrated,False,True,33.15129484880181,21.720000000000017
284,300,2.4771212547196626,integrated,False,True,33.432033353199294,21.720000000000017
285,300,2.4771212547196626,integrated,False,True,33.312260401965965,21.720000000000017
286,300,2.4771212547196626,integrated,False,True,33.18675412310661,21.720000000000017
287,300,2.4771212547196626,integrated,False,True,33.17401264792139,21.720000000000017
288,300,2.4771212547196626,integrated,False,True,33.5439177706395,21.720000000000017
289,300,2.4771212547196626,integrated,False,True,33.13382172898836,21.720000000000017
290,300,2.4771212547196626,integrated,False,True,33.32208250846871,21.720000000000017
291,300,2.4771212547196626,integrated,False,True,32.79560423092131,21.720000000000017
292,300,2.4771212547196626,integrated,False,True,33.27532714843936,21.720000000000017
293,300,2.4771212547196626,integrated,False,True,33.06720808499421,21.720000000000017
294,300,2.4771212547196626,integrated,False,True,33.08436566075592,21.720000000000017
295,300,2.4771212547196626,integrated,False,True,33.25246749129634,21.720000000000017
296,300,2.4771212547196626,integrated,False,True,32.907720059377255,21.720000000000017
297,300,2.4771212547196626,integrated,False,True,33.30866687457896,21.720000000000017
298,300,2.4771212547196626,integrated,False,True,33.089015683865455,21.720000000000017
299,300,2.4771212547196626,integrated,False,True,33.30331132023801,21.720000000000017
300,300,2.4771212547196626,integrated,False,True,33.19350631243386,21.720000000000017
301,300,2.4771212547196626,integrated,False,True,33.049455661143135,21.720000000000017
302,300,2.4771212547196626,integrated,False,True,33.09878058867813,21.720000000000017
303,300,2.4771212547196626,integrated,False,True,33.27979890573104,21.720000000000017
304,300,2.4771212547196626,integrated,False,True,33.31243796568732,21.720000000000017
305,300,2.4771212547196626,integrated,False,True,33.039841513624296,21.720000000000017
306,300,2.4771212547196626,integrated,False,True,33.08628105750158,21.720000000000017
307,300,2.4771212547196626,integrated,False,True,33.38655411465126,21.720000000000017
308,300,2.4771212547196626,integrated,False,True,33.19313791845108,21.720000000000017
309,300,2.4771212547196626,integrated,False,True,33.277018490383746,21.720000000000017
310,300,2.4771212547196626,integrated,False,True,33.206482861251445,21.720000000000017
311,300,2.4771212547196626,integrated,False,True,33.10754170124915,21.720000000000017
312,300,2.4771212547196626,integrated,False,True,32.97683944098315,21.720000000000017
313,300,2.4771212547196626,integrated,False,True,33.38460038805578,21.720000000000017
314,300,2.4771212547196626,integrated,False,True,32.934050226491436,21.720000000000017
315,300,2.4771212547196626,integrated,False,True,33.26422468856278,21.720000000000017
316,300,2.4771212547196626,integrated,False,True,33.05863879247907,21.720000000000017
317,300,2.4771212547196626,integrated,False,True,33.20371790812022,21.720000000000017
318,300,2.4771212547196626,integrated,False,True,33.1048680873358,21.720000000000017
319,300,2.4771212547196626,integrated,False,True,32.913205413634365,21.720000000000017
320,300,2.4771212547196626,integrated,False,True,33.06841027953225,21.720000000000017
321,300,2.4771212547196626,integrated,False,True,33.09104105678854,21.720000000000017
322,300,2.4771212547196626,integrated,False,True,33.32390409108986,21.720000000000017
323,300,2.4771212547196626,integrated,False,True,33.282897360669956,21.720000000000017
324,300,2.4771212547196626,integrated,False,True,33.06010995286806,21.720000000000017
325,300,2.4771212547196626,integrated,False,True,33.18368970566879,21.720000000000017
326,300,2.4771212547196626,integrated,False,True,33.28485987350819,21.720000000000017
327,300,2.4771212547196626,integrated,False,True,33.066285771345775,21.720000000000017
328,300,2.4771212547196626,integrated,False,True,33.31996196832472,21.720000000000017
329,300,2.4771212547196626,integrated,False,True,33.35036423686342,21.720000000000017
330,300,2.4771212547196626,integrated,False,True,33.17564886797747,21.720000000000017
331,300,2.4771212547196626,integrated,False,True,33.259244018640345,21.720000000000017
332,300,2.4771212547196626,integrated,False,True,33.35275311136437,21.720000000000017
333,300,2.4771212547196626,integrated,False,True,33.20304692793786,21.720000000000017
334,300,2.4771212547196626,integrated,False,True,33.229016119645806,21.720000000000017
335,300,2.4771212547196626,integrated,False,True,33.16604756281686,21.720000000000017
336,300,2.4771212547196626,integrated,False,True,32.86380277136149,21.720000000000017
337,300,2.4771212547196626,integrated,False,True,33.348299327702314,21.720000000000017
338,300,2.4771212547196626,integrated,False,True,33.04974301555467,21.720000000000017
339,300,2.4771212547196626,integrated,False,True,33.0711464779052,21.720000000000017
340,300,2.4771212547196626,integrated,False,True,33.08656595755029,21.720000000000017
341,300,2.4771212547196626,integrated,False,True,33.16680200378014,21.720000000000017
342,300,2.4771212547196626,integrated,False,True,33.080964244310636,21.720000000000017
343,300,2.4771212547196626,integrated,False,True,33.13938803896447,21.720000000000017
344,300,2.4771212547196626,integrated,False,True,33.19420314007328,21.720000000000017
345,300,2.4771212547196626,integrated,False,True,33.49891247206404,21.720000000000017
346,300,2.4771212547196626,integrated,False,True,33.19890842310205,21.720000000000017
347,300,2.4771212547196626,integrated,False,True,33.063661450507105,21.720000000000017
348,300,2.4771212547196626,integrated,False,True,33.44198095066905,21.720000000000017
349,300,2.4771212547196626,integrated,False,True,32.996790814277176,21.720000000000017
350,300,2.4771212547196626,integrated,False,True,33.32705762429411,21.720000000000017
351,300,2.4771212547196626,integrated,False,True,33.102433420299405,21.720000000000017
352,300,2.4771212547196626,integrated,False,True,33.23387285693779,21.720000000000017
353,300,2.4771212547196626,integrated,False,True,33.14832856470044,21.720000000000017
354,300,2.4771212547196626,integrated,False,True,33.33417263322843,21.720000000000017
355,300,2.4771212547196626,integrated,False,True,33.166673811108716,21.720000000000017
356,300,2.4771212547196626,integrated,False,True,33.18889829020453,21.720000000000017
357,300,2.4771212547196626,integrated,False,True,33.10904477650164,21.720000000000017
358,300,2.4771212547196626,integrated,False,True,33.180495717678795,21.720000000000017
359,300,2.4771212547196626,integrated,False,True,33.073159029227995,21.720000000000017
360,300,2.4771212547196626,integrated,False,True,33.55343081633889,21.720000000000017
361,300,2.4771212547196626,integrated,False,True,33.12709742407644,21.720000000000017
362,300,2.4771212547196626,integrated,False,True,33.1314947950043,21.720000000000017
363,300,2.4771212547196626,integrated,False,True,33.16539154495117,21.720000000000017
364,300,2.4771212547196626,integrated,False,True,33.174861669743976,21.720000000000017
365,300,2.4771212547196626,integrated,False,True,33.08702094516742,21.720000000000017
366,300,2.4771212547196626,integrated,False,True,33.28836195994217,21.720000000000017
367,300,2.4771212547196626,integrated,False,True,33.19418273827333,21.720000000000017
368,300,2.4771212547196626,integrated,False,True,33.373738745046104,21.720000000000017
369,300,2.4771212547196626,integrated,False,True,33.04813341669834,21.720000000000017
370,300,2.4771212547196626,integrated,False,True,33.231802416909474,21.720000000000017
371,300,2.4771212547196626,integrated,False,True,33.27286939368034,21.720000000000017
372,300,2.4771212547196626,integrated,False,True,33.03410373434322,21.720000000000017
373,300,2.4771212547196626,integrated,False,True,33.15826967802589,21.720000000000017
374,300,2.4771212547196626,integrated,False,True,33.098871089596315,21.720000000000017
375,300,2.4771212547196626,integrated,False,True,33.19126359431692,21.720000000000017
376,300,2.4771212547196626,integrated,False,True,33.07766613600668,21.720000000000017
377,300,2.4771212547196626,integrated,False,True,33.070067097200145,21.720000000000017
378,300,2.4771212547196626,integrated,False,True,33.408472076299745,21.720000000000017
379,300,2.4771212547196626,integrated,False,True,33.1967676725648,21.720000000000017
380,300,2.4771212547196626,integrated,False,True,33.38845492829047,21.720000000000017
381,300,2.4771212547196626,integrated,False,True,33.10802227673821,21.720000000000017
382,300,2.4771212547196626,integrated,False,True,33.142083932339894,21.720000000000017
383,300,2.4771212547196626,integrated,False,True,32.998766836075674,21.720000000000017
384,300,2.4771212547196626,integrated,False,True,33.07167971721097,21.720000000000017
385,300,2.4771212547196626,integrated,False,True,33.108425933941106,21.720000000000017
386,300,2.4771212547196626,integrated,False,True,33.27556671754775,21.720000000000017
387,300,2.4771212547196626,integrated,False,True,33.28701339053544,21.720000000000017
388,300,2.4771212547196626,integrated,False,True,32.8053269984189,21.720000000000017
389,300,2.4771212547196626,integrated,False,True,33.12736932564284,21.720000000000017
390,300,2.4771212547196626,integrated,False,True,33.13487239193354,21.720000000000017
391,300,2.4771212547196626,integrated,False,True,33.2377451187792,21.720000000000017
392,300,2.4771212547196626,integrated,False,True,33.02203160535964,21.720000000000017
393,300,2.4771212547196626,integrated,False,True,33.287390825675914,21.720000000000017
394,300,2.4771212547196626,integrated,False,True,33.19881622524204,21.720000000000017
395,300,2.4771212547196626,integrated,False,True,32.904392546032234,21.720000000000017
396,300,2.4771212547196626,integrated,False,True,33.21457386928865,21.720000000000017
397,300,2.4771212547196626,integrated,False,True,33.0702429227059,21.720000000000017
398,300,2.4771212547196626,integrated,False,True,33.119219765263345,21.720000000000017
399,300,2.4771212547196626,integrated,False,True,33.20383470767432,21.720000000000017
400,300,2.4771212547196626,integrated,False,True,33.00832107182338,21.720000000000017
401,300,2.4771212547196626,integrated,False,True,33.29470349239661,21.720000000000017
402,300,2.4771212547196626,integrated,False,True,32.96863508336047,21.720000000000017
403,300,2.4771212547196626,integrated,False,True,33.16209539206328,21.720000000000017
404,300,2.4771212547196626,integrated,False,True,33.09460909694482,21.720000000000017
405,300,2.4771212547196626,integrated,False,True,33.07207557475348,21.720000000000017
406,300,2.4771212547196626,integrated,False,True,32.98354561260485,21.720000000000017
407,300,2.4771212547196626,integrated,False,True,33.275739910276826,21.720000000000017
408,300,2.4771212547196626,integrated,False,True,32.92941854641774,21.720000000000017
409,300,2.4771212547196626,integrated,False,True,33.18021935591197,21.720000000000017
410,300,2.4771212547196626,integrated,False,True,32.937363576073466,21.720000000000017
411,300,2.4771212547196626,integrated,False,True,33.15826286252345,21.720000000000017
412,300,2.4771212547196626,integrated,False,True,33.05733294962032,21.720000000000017
413,300,2.4771212547196626,integrated,False,True,33.11986714373815,21.720000000000017
414,300,2.4771212547196626,integrated,False,True,32.86464071132636,21.720000000000017
415,300,2.4771212547196626,integrated,False,True,33.318102564823576,21.720000000000017
416,300,2.4771212547196626,integrated,False,True,33.130683247718416,21.720000000000017
417,300,2.4771212547196626,integrated,False,True,33.28820129326671,21.720000000000017
418,300,2.4771212547196626,integrated,False,True,33.106070955411504,21.720000000000017
419,300,2.4771212547196626,integrated,False,True,33.36856237748714,21.720000000000017
420,300,2.4771212547196626,integrated,False,True,33.01462724805328,21.720000000000017
421,300,2.4771212547196626,integrated,False,True,32.99691818465021,21.720000000000017
422,300,2.4771212547196626,integrated,False,True,33.11189061827946,21.720000000000017
423,300,2.4771212547196626,integrated,False,True,33.06490638682915,21.720000000000017
424,300,2.4771212547196626,integrated,False,True,32.995385583773455,21.720000000000017
425,300,2.4771212547196626,integrated,False,True,33.22136356669309,21.720000000000017
426,300,2.4771212547196626,integrated,False,True,32.94087180124717,21.720000000000017
427,300,2.4771212547196626,integrated,False,True,33.00060828474574,21.720000000000017
428,300,2.4771212547196626,integrated,False,True,33.425990408791,21.720000000000017
429,300,2.4771212547196626,integrated,False,True,33.15029189742319,21.720000000000017
430,300,2.4771212547196626,integrated,False,True,33.02580761702154,21.720000000000017
431,300,2.4771212547196626,integrated,False,True,33.05425550550494,21.720000000000017
432,300,2.4771212547196626,integrated,False,True,32.906513859209,21.720000000000017
433,300,2.4771212547196626,integrated,False,True,32.87442768952425,21.720000000000017
434,300,2.4771212547196626,integrated,False,True,33.37479797210337,21.720000000000017
435,300,2.4771212547196626,integrated,False,True,32.91917305348175,21.720000000000017
436,300,2.4771212547196626,integrated,False,True,33.02640731222182,21.720000000000017
437,300,2.4771212547196626,integrated,False,True,33.2448746684977,21.720000000000017
438,300,2.4771212547196626,integrated,False,True,33.300727904928365,21.720000000000017
439,300,2.4771212547196626,integrated,False,True,33.2900719888556,21.720000000000017
440,300,2.4771212547196626,integrated,False,True,33.099557399791244,21.720000000000017
441,300,2.4771212547196626,integrated,False,True,33.20194642350382,21.720000000000017
442,300,2.4771212547196626,integrated,False,True,33.291648817285456,21.720000000000017
443,300,2.4771212547196626,integrated,False,True,33.08792901814197,21.720000000000017
444,300,2.4771212547196626,integrated,False,True,33.29733513387027,21.720000000000017
445,300,2.4771212547196626,integrated,False,True,33.42940694283562,21.720000000000017
446,300,2.4771212547196626,integrated,False,True,33.07167021651821,21.720000000000017
447,300,2.4771212547196626,integrated,False,True,33.055032426632934,21.720000000000017
448,300,2.4771212547196626,integrated,False,True,33.139069972694465,21.720000000000017
449,300,2.4771212547196626,integrated,False,True,33.297544358142176,21.720000000000017
450,300,2.4771212547196626,integrated,False,True,33.53409037137232,21.720000000000017
451,300,2.4771212547196626,integrated,False,True,33.34971885359482,21.720000000000017
452,300,2.4771212547196626,integrated,False,True,33.20255577882182,21.720000000000017
453,300,2.4771212547196626,integrated,False,True,33.28070128586127,21.720000000000017
454,300,2.4771212547196626,integrated,False,True,33.000391106877025,21.720000000000017
455,300,2.4771212547196626,integrated,False,True,32.868387452781064,21.720000000000017
456,300,2.4771212547196626,integrated,False,True,33.10518064395157,21.720000000000017
457,300,2.4771212547196626,integrated,False,True,33.161290446336885,21.720000000000017
458,300,2.4771212547196626,integrated,False,True,33.1161789984778,21.720000000000017
459,300,2.4771212547196626,integrated,False,True,33.18663707970855,21.720000000000017
460,300,2.4771212547196626,integrated,False,True,33.079824022671716,21.720000000000017
461,300,2.4771212547196626,integrated,False,True,33.241800506560615,21.720000000000017
462,300,2.4771212547196626,integrated,False,True,33.20187801460328,21.720000000000017
463,300,2.4771212547196626,integrated,False,True,33.26193905461081,21.720000000000017
464,300,2.4771212547196626,integrated,False,True,33.37007168427364,21.720000000000017
465,300,2.4771212547196626,integrated,False,True,33.20607419871199,21.720000000000017
466,300,2.4771212547196626,integrated,False,True,33.04136471256322,21.720000000000017
467,300,2.4771212547196626,integrated,False,True,33.23611051232786,21.720000000000017
468,300,2.4771212547196626,integrated,False,True,33.083867875162895,21.720000000000017
469,300,2.4771212547196626,integrated,False,True,33.65394456907489,21.720000000000017
470,300,2.4771212547196626,integrated,False,True,33.1721896946712,21.720000000000017
471,300,2.4771212547196626,integrated,False,True,33.159141087863304,21.720000000000017
472,300,2.4771212547196626,integrated,False,True,33.152709951671554,21.720000000000017
473,300,2.4771212547196626,integrated,False,True,33.30137402918624,21.720000000000017
474,300,2.4771212547196626,integrated,False,True,33.147366555531136,21.720000000000017
475,300,2.4771212547196626,integrated,False,True,33.09114186433324,21.720000000000017
476,300,2.4771212547196626,integrated,False,True,33.11824179528125,21.720000000000017
477,300,2.4771212547196626,integrated,False,True,32.98753414725811,21.720000000000017
478,300,2.4771212547196626,integrated,False,True,33.161681978204,21.720000000000017
479,300,2.4771212547196626,integrated,False,True,32.804812670963386,21.720000000000017
480,300,2.4771212547196626,integrated,False,True,32.9336433491104,21.720000000000017
481,300,2.4771212547196626,integrated,False,True,33.2761424232357,21.720000000000017
482,300,2.4771212547196626,integrated,False,True,33.25887065122563,21.720000000000017
483,300,2.4771212547196626,integrated,False,True,33.36019575017038,21.720000000000017
484,300,2.4771212547196626,integrated,False,True,33.076114625013794,21.720000000000017
485,300,2.4771212547196626,integrated,False,True,33.25783823954861,21.720000000000017
486,300,2.4771212547196626,integrated,False,True,33.433876377273556,21.720000000000017
487,300,2.4771212547196626,integrated,False,True,33.164198448446065,21.720000000000017
488,300,2.4771212547196626,integrated,False,True,33.42311564475825,21.720000000000017
489,300,2.4771212547196626,integrated,False,True,33.34161637546899,21.720000000000017
490,300,2.4771212547196626,integrated,False,True,32.93818005709436,21.720000000000017
491,300,2.4771212547196626,integrated,False,True,33.210998079123726,21.720000000000017
492,300,2.4771212547196626,integrated,False,True,33.08735599548271,21.720000000000017
493,300,2.4771212547196626,integrated,False,True,32.99799463476525,21.720000000000017
494,300,2.4771212547196626,integrated,False,True,33.127526139665804,21.720000000000017
495,300,2.4771212547196626,integrated,False,True,33.21434906583745,21.720000000000017
496,300,2.4771212547196626,integrated,False,True,33.60097801019576,21.720000000000017
497,300,2.4771212547196626,integrated,False,True,33.034125519299934,21.720000000000017
498,300,2.4771212547196626,integrated,False,True,33.15779409166521,21.720000000000017
499,300,2.4771212547196626,integrated,False,True,33.08572477600757,21.720000000000017
500,300,2.4771212547196626,integrated,False,True,33.193058676412974,21.720000000000017
501,300,2.4771212547196626,integrated,False,True,33.23231841029446,21.720000000000017
502,300,2.4771212547196626,integrated,False,True,33.35200134744258,21.720000000000017
503,300,2.4771212547196626,integrated,False,True,33.19143964467448,21.720000000000017
504,300,2.4771212547196626,integrated,False,True,33.11944056071312,21.720000000000017
505,300,2.4771212547196626,integrated,False,True,33.156946380203664,21.720000000000017
506,300,2.4771212547196626,integrated,False,True,33.107943255520624,21.720000000000017
507,300,2.4771212547196626,integrated,False,True,33.177992426169574,21.720000000000017
508,300,2.4771212547196626,integrated,False,True,33.04919558396522,21.720000000000017
509,300,2.4771212547196626,integrated,False,True,33.27092676684126,21.720000000000017
510,300,2.4771212547196626,integrated,False,True,33.37605483276461,21.720000000000017
511,300,2.4771212547196626,integrated,False,True,32.88676427573115,21.720000000000017
512,300,2.4771212547196626,integrated,False,True,33.257450739833175,21.720000000000017
513,300,2.4771212547196626,integrated,False,True,32.87541231472927,21.720000000000017
514,300,2.4771212547196626,integrated,False,True,33.200084309767995,21.720000000000017
515,300,2.4771212547196626,integrated,False,True,32.99738956201781,21.720000000000017
516,300,2.4771212547196626,integrated,False,True,33.43009829101745,21.720000000000017
517,300,2.4771212547196626,integrated,False,True,33.29799873594969,21.720000000000017
518,300,2.4771212547196626,integrated,False,True,33.016972425898004,21.720000000000017
519,300,2.4771212547196626,integrated,False,True,32.98927906424596,21.720000000000017
520,300,2.4771212547196626,integrated,False,True,33.216948803204545,21.720000000000017
521,300,2.4771212547196626,integrated,False,True,33.25342482518916,21.720000000000017
522,300,2.4771212547196626,integrated,False,True,33.16458413673923,21.720000000000017
523,300,2.4771212547196626,integrated,False,True,33.10968933034526,21.720000000000017
524,300,2.4771212547196626,integrated,False,True,33.060182256737306,21.720000000000017
525,300,2.4771212547196626,integrated,False,True,33.0319734894229,21.720000000000017
526,300,2.4771212547196626,integrated,False,True,33.07910927328682,21.720000000000017
527,300,2.4771212547196626,integrated,False,True,33.040033700393984,21.720000000000017
528,300,2.4771212547196626,integrated,False,True,33.248885484869646,21.720000000000017
529,300,2.4771212547196626,integrated,False,True,33.28626191530684,21.720000000000017
530,300,2.4771212547196626,integrated,False,True,33.086719431756634,21.720000000000017
531,300,2.4771212547196626,integrated,False,True,33.23250951662179,21.720000000000017
532,300,2.4771212547196626,integrated,False,True,33.12713887177175,21.720000000000017
533,300,2.4771212547196626,integrated,False,True,33.29883568394145,21.720000000000017
534,300,2.4771212547196626,integrated,False,True,33.31692602859574,21.720000000000017
535,300,2.4771212547196626,integrated,False,True,33.33964686182817,21.720000000000017
536,300,2.4771212547196626,integrated,False,True,33.28596580107606,21.720000000000017
537,300,2.4771212547196626,integrated,False,True,33.21182792440627,21.720000000000017
538,300,2.4771212547196626,integrated,False,True,32.93448783697498,21.720000000000017
539,300,2.4771212547196626,integrated,False,True,33.04532119662447,21.720000000000017
540,300,2.4771212547196626,integrated,False,True,33.39662813119608,21.720000000000017
541,300,2.4771212547196626,integrated,False,True,33.13506931907269,21.720000000000017
542,300,2.4771212547196626,integrated,False,True,33.11385151298363,21.720000000000017
543,300,2.4771212547196626,integrated,False,True,32.77044543222335,21.720000000000017
544,300,2.4771212547196626,integrated,False,True,32.91262337209331,21.720000000000017
545,300,2.4771212547196626,integrated,False,True,33.243353577769035,21.720000000000017
546,300,2.4771212547196626,integrated,False,True,33.1902936001309,21.720000000000017
547,300,2.4771212547196626,integrated,False,True,33.36068278587068,21.720000000000017
548,300,2.4771212547196626,integrated,False,True,32.949450979342984,21.720000000000017
549,300,2.4771212547196626,integrated,False,True,33.46427616037771,21.720000000000017
550,300,2.4771212547196626,integrated,False,True,33.11945855913755,21.720000000000017
551,300,2.4771212547196626,integrated,False,True,33.382987163225636,21.720000000000017
552,300,2.4771212547196626,integrated,False,True,33.123728789791144,21.720000000000017
553,300,2.4771212547196626,integrated,False,True,33.246944822539525,21.720000000000017
554,300,2.4771212547196626,integrated,False,True,33.013870998112345,21.720000000000017
555,300,2.4771212547196626,integrated,False,True,33.04896283788993,21.720000000000017
556,300,2.4771212547196626,integrated,False,True,33.18908932390599,21.720000000000017
557,300,2.4771212547196626,integrated,False,True,33.10358107345904,21.720000000000017
558,300,2.4771212547196626,integrated,False,True,33.17612565230195,21.720000000000017
559,300,2.4771212547196626,integrated,False,True,33.01688561181134,21.720000000000017
560,300,2.4771212547196626,integrated,False,True,33.07356729185342,21.720000000000017
561,300,2.4771212547196626,integrated,False,True,33.27135330302109,21.720000000000017
562,300,2.4771212547196626,integrated,False,True,32.937655250584356,21.720000000000017
563,300,2.4771212547196626,integrated,False,True,33.336823829239826,21.720000000000017
564,300,2.4771212547196626,integrated,False,True,33.29891735066725,21.720000000000017
565,300,2.4771212547196626,integrated,False,True,32.84583634280902,21.720000000000017
566,300,2.4771212547196626,integrated,False,True,33.10847820513042,21.720000000000017
567,300,2.4771212547196626,integrated,False,True,33.19827807475278,21.720000000000017
568,300,2.4771212547196626,integrated,False,True,33.19736184078849,21.720000000000017
569,300,2.4771212547196626,integrated,False,True,33.12545705420756,21.720000000000017
570,300,2.4771212547196626,integrated,False,True,33.23700497110776,21.720000000000017
571,300,2.4771212547196626,integrated,False,True,33.05207174788619,21.720000000000017
572,300,2.4771212547196626,integrated,False,True,33.12382956222592,21.720000000000017
573,300,2.4771212547196626,integrated,False,True,33.282999956594885,21.720000000000017
574,300,2.4771212547196626,integrated,False,True,33.19896700322389,21.720000000000017
575,300,2.4771212547196626,integrated,False,True,32.99310551153571,21.720000000000017
576,300,2.4771212547196626,integrated,False,True,33.15161522643956,21.720000000000017
577,300,2.4771212547196626,integrated,False,True,33.01040437902671,21.720000000000017
578,300,2.4771212547196626,integrated,False,True,33.08848599527598,21.720000000000017
579,300,2.4771212547196626,integrated,False,True,33.145036457910486,21.720000000000017
580,300,2.4771212547196626,integrated,False,True,33.448495737066175,21.720000000000017
581,300,2.4771212547196626,integrated,False,True,33.255915988090244,21.720000000000017
582,300,2.4771212547196626,integrated,False,True,33.107131488609205,21.720000000000017
583,300,2.4771212547196626,integrated,False,True,33.342760921275385,21.720000000000017
584,300,2.4771212547196626,integrated,False,True,33.26259773520731,21.720000000000017
585,300,2.4771212547196626,integrated,False,True,33.17636989446638,21.720000000000017
586,300,2.4771212547196626,integrated,False,True,33.06000579913923,21.720000000000017
587,300,2.4771212547196626,integrated,False,True,33.182773512229474,21.720000000000017
588,300,2.4771212547196626,integrated,False,True,33.04017316446755,21.720000000000017
589,300,2.4771212547196626,integrated,False,True,32.97551857850862,21.720000000000017
590,300,2.4771212547196626,integrated,False,True,33.0883152896475,21.720000000000017
591,300,2.4771212547196626,integrated,False,True,33.25575876084651,21.720000000000017
592,300,2.4771212547196626,integrated,False,True,33.50832168846662,21.720000000000017
593,300,2.4771212547196626,integrated,False,True,33.246542306975684,21.720000000000017
594,300,2.4771212547196626,integrated,False,True,33.359502961684264,21.720000000000017
595,300,2.4771212547196626,integrated,False,True,33.39020479136546,21.720000000000017
596,300,2.4771212547196626,integrated,False,True,33.17138922877622,21.720000000000017
597,300,2.4771212547196626,integrated,False,True,33.024747219863244,21.720000000000017
598,300,2.4771212547196626,integrated,False,True,33.001159477827635,21.720000000000017
599,300,2.4771212547196626,integrated,False,True,33.648159806029525,21.720000000000017
600,300,2.4771212547196626,integrated,False,True,33.20328168487879,21.720000000000017
601,300,2.4771212547196626,integrated,False,True,33.06057816933493,21.720000000000017
602,300,2.4771212547196626,integrated,False,True,33.334627007510974,21.720000000000017
603,300,2.4771212547196626,integrated,False,True,33.24479499929857,21.720000000000017
604,300,2.4771212547196626,integrated,False,True,33.39606406641282,21.720000000000017
605,300,2.4771212547196626,integrated,False,True,33.29204978411856,21.720000000000017
606,300,2.4771212547196626,integrated,False,True,33.02238164359145,21.720000000000017
607,300,2.4771212547196626,integrated,False,True,33.34899115935911,21.720000000000017
608,300,2.4771212547196626,integrated,False,True,33.07264310801219,21.720000000000017
609,300,2.4771212547196626,integrated,False,True,33.375901786419824,21.720000000000017
610,300,2.4771212547196626,integrated,False,True,33.27120664114551,21.720000000000017
611,300,2.4771212547196626,integrated,False,True,32.88435677550612,21.720000000000017
612,300,2.4771212547196626,integrated,False,True,32.960863675801995,21.720000000000017
613,300,2.4771212547196626,integrated,False,True,33.22013418936731,21.720000000000017
614,300,2.4771212547196626,integrated,False,True,33.34591186837588,21.720000000000017
615,300,2.4771212547196626,integrated,False,True,32.959786516428125,21.720000000000017
616,300,2.4771212547196626,integrated,False,True,33.09578319154147,21.720000000000017
617,300,2.4771212547196626,integrated,False,True,33.296309584498324,21.720000000000017
618,300,2.4771212547196626,integrated,False,True,33.32276309402423,21.720000000000017
619,300,2.4771212547196626,integrated,False,True,33.023714544074565,21.720000000000017
620,300,2.4771212547196626,integrated,False,True,33.2371850555748,21.720000000000017
621,300,2.4771212547196626,integrated,False,True,33.26413513817343,21.720000000000017
622,300,2.4771212547196626,integrated,False,True,33.26890560668648,21.720000000000017
623,300,2.4771212547196626,integrated,False,True,32.999544157018846,21.720000000000017
624,300,2.4771212547196626,integrated,False,True,33.187297400771065,21.720000000000017
625,300,2.4771212547196626,integrated,False,True,33.19871410778985,21.720000000000017
626,300,2.4771212547196626,integrated,False,True,33.28807780564122,21.720000000000017
627,300,2.4771212547196626,integrated,False,True,33.17029559794897,21.720000000000017
628,300,2.4771212547196626,integrated,False,True,32.96615218292996,21.720000000000017
629,300,2.4771212547196626,integrated,False,True,33.16453370759004,21.720000000000017
630,300,2.4771212547196626,integrated,False,True,33.13990444164446,21.720000000000017
631,300,2.4771212547196626,integrated,False,True,33.16325642916912,21.720000000000017
632,300,2.4771212547196626,integrated,False,True,33.31097220550421,21.720000000000017
633,300,2.4771212547196626,integrated,False,True,33.14431126675473,21.720000000000017
634,300,2.4771212547196626,integrated,False,True,33.0629388900916,21.720000000000017
635,300,2.4771212547196626,integrated,False,True,33.06727039834744,21.720000000000017
636,300,2.4771212547196626,integrated,False,True,33.34774670977552,21.720000000000017
637,300,2.4771212547196626,integrated,False,True,33.07864255436325,21.720000000000017
638,300,2.4771212547196626,integrated,False,True,33.11797367663189,21.720000000000017
639,300,2.4771212547196626,integrated,False,True,32.974660316495545,21.720000000000017
640,300,2.4771212547196626,integrated,False,True,32.8216026792924,21.720000000000017
641,300,2.4771212547196626,integrated,False,True,33.09677067236296,21.720000000000017
642,300,2.4771212547196626,integrated,False,True,33.54211078741575,21.720000000000017
643,300,2.4771212547196626,integrated,False,True,33.035815873019445,21.720000000000017
644,300,2.4771212547196626,integrated,False,True,33.108598377972214,21.720000000000017
645,300,2.4771212547196626,integrated,False,True,33.12498347254892,21.720000000000017
646,300,2.4771212547196626,integrated,False,True,33.416942757138855,21.720000000000017
647,300,2.4771212547196626,integrated,False,True,33.368761490374084,21.720000000000017
648,300,2.4771212547196626,integrated,False,True,33.52110711053036,21.720000000000017
649,300,2.4771212547196626,integrated,False,True,33.34716705429801,21.720000000000017
650,300,2.4771212547196626,integrated,False,True,32.89431889388145,21.720000000000017
651,300,2.4771212547196626,integrated,False,True,33.54135282157925,21.720000000000017
652,300,2.4771212547196626,integrated,False,True,33.36393043572031,21.720000000000017
653,300,2.4771212547196626,integrated,False,True,33.174374632635576,21.720000000000017
654,300,2.4771212547196626,integrated,False,True,33.29350559892524,21.720000000000017
655,300,2.4771212547196626,integrated,False,True,33.01832495696468,21.720000000000017
656,300,2.4771212547196626,integrated,False,True,33.05202063258868,21.720000000000017
657,300,2.4771212547196626,integrated,False,True,33.3110386934061,21.720000000000017
658,300,2.4771212547196626,integrated,False,True,33.1651632719426,21.720000000000017
659,300,2.4771212547196626,integrated,False,True,32.9630717198429,21.720000000000017
660,300,2.4771212547196626,integrated,False,True,33.39506913439151,21.720000000000017
661,300,2.4771212547196626,integrated,False,True,33.05432705299131,21.720000000000017
662,300,2.4771212547196626,integrated,False,True,33.02336586513054,21.720000000000017
663,300,2.4771212547196626,integrated,False,True,32.872364027465366,21.720000000000017
664,300,2.4771212547196626,integrated,False,True,33.182328796449866,21.720000000000017
665,300,2.4771212547196626,integrated,False,True,33.20151734189119,21.720000000000017
666,300,2.4771212547196626,integrated,False,True,32.85126351525935,21.720000000000017
667,300,2.4771212547196626,integrated,False,True,33.19376804721789,21.720000000000017
668,300,2.4771212547196626,integrated,False,True,33.16802916185307,21.720000000000017
669,300,2.4771212547196626,integrated,False,True,33.07558937406079,21.720000000000017
670,300,2.4771212547196626,integrated,False,True,33.453341797972946,21.720000000000017
671,300,2.4771212547196626,integrated,False,True,33.41427950868942,21.720000000000017
672,300,2.4771212547196626,integrated,False,True,33.2475538069647,21.720000000000017
673,300,2.4771212547196626,integrated,False,True,33.17420808858482,21.720000000000017
674,300,2.4771212547196626,integrated,False,True,33.11605082873443,21.720000000000017
675,300,2.4771212547196626,integrated,False,True,33.01497280600203,21.720000000000017
676,300,2.4771212547196626,integrated,False,True,33.00071595486713,21.720000000000017
677,300,2.4771212547196626,integrated,False,True,33.13613035204283,21.720000000000017
678,300,2.4771212547196626,integrated,False,True,32.96206559510576,21.720000000000017
679,300,2.4771212547196626,integrated,False,True,33.30617225679723,21.720000000000017
680,300,2.4771212547196626,integrated,False,True,33.123132058091436,21.720000000000017
681,300,2.4771212547196626,integrated,False,True,33.25178672329872,21.720000000000017
682,300,2.4771212547196626,integrated,False,True,33.05380015135534,21.720000000000017
683,300,2.4771212547196626,integrated,False,True,33.083637636570906,21.720000000000017
684,300,2.4771212547196626,integrated,False,True,33.095661441956665,21.720000000000017
685,300,2.4771212547196626,integrated,False,True,33.240050019005174,21.720000000000017
686,300,2.4771212547196626,integrated,False,True,33.05666044649806,21.720000000000017
687,300,2.4771212547196626,integrated,False,True,33.243201394190656,21.720000000000017
688,300,2.4771212547196626,integrated,False,True,33.2071401264127,21.720000000000017
689,300,2.4771212547196626,integrated,False,True,33.3305260182501,21.720000000000017
690,300,2.4771212547196626,integrated,False,True,33.18166006783849,21.720000000000017
691,300,2.4771212547196626,integrated,False,True,33.17598782165067,21.720000000000017
692,300,2.4771212547196626,integrated,False,True,33.077840779819965,21.720000000000017
693,300,2.4771212547196626,integrated,False,True,33.14672817731579,21.720000000000017
694,300,2.4771212547196626,integrated,False,True,32.92567120948322,21.720000000000017
695,300,2.4771212547196626,integrated,False,True,33.35085579457214,21.720000000000017
696,300,2.4771212547196626,integrated,False,True,32.86272808695908,21.720000000000017
697,300,2.4771212547196626,integrated,False,True,32.88860632684623,21.720000000000017
698,300,2.4771212547196626,integrated,False,True,33.4989026237681,21.720000000000017
699,300,2.4771212547196626,integrated,False,True,33.508469833940396,21.720000000000017
700,300,2.4771212547196626,integrated,False,True,33.25524561415066,21.720000000000017
701,300,2.4771212547196626,integrated,False,True,33.40754205066045,21.720000000000017
702,300,2.4771212547196626,integrated,False,True,33.479055184475044,21.720000000000017
703,300,2.4771212547196626,integrated,False,True,33.407208418428745,21.720000000000017
704,300,2.4771212547196626,integrated,False,True,33.21163276395954,21.720000000000017
705,300,2.4771212547196626,integrated,False,True,32.93558002731352,21.720000000000017
706,300,2.4771212547196626,integrated,False,True,33.228880894026496,21.720000000000017
707,300,2.4771212547196626,integrated,False,True,33.14129006952601,21.720000000000017
708,300,2.4771212547196626,integrated,False,True,33.086638998764364,21.720000000000017
709,300,2.4771212547196626,integrated,False,True,33.112236720576476,21.720000000000017
710,300,2.4771212547196626,integrated,False,True,33.39567258693087,21.720000000000017
711,300,2.4771212547196626,integrated,False,True,33.170553701947824,21.720000000000017
712,300,2.4771212547196626,integrated,False,True,33.399503322752246,21.720000000000017
713,300,2.4771212547196626,integrated,False,True,33.299252378143116,21.720000000000017
714,300,2.4771212547196626,integrated,False,True,33.30555771825518,21.720000000000017
715,300,2.4771212547196626,integrated,False,True,33.29642889060998,21.720000000000017
716,300,2.4771212547196626,integrated,False,True,32.83333050910662,21.720000000000017
717,300,2.4771212547196626,integrated,False,True,33.30636487284285,21.720000000000017
718,300,2.4771212547196626,integrated,False,True,33.099297647612175,21.720000000000017
719,300,2.4771212547196626,integrated,False,True,32.968806388340454,21.720000000000017
720,300,2.4771212547196626,integrated,False,True,33.09430229002959,21.720000000000017
721,300,2.4771212547196626,integrated,False,True,33.01974617092861,21.720000000000017
722,300,2.4771212547196626,integrated,False,True,33.02906571279453,21.720000000000017
723,300,2.4771212547196626,integrated,False,True,33.24798421811682,21.720000000000017
724,300,2.4771212547196626,integrated,False,True,33.3248593578218,21.720000000000017
725,300,2.4771212547196626,integrated,False,True,32.937964206518544,21.720000000000017
726,300,2.4771212547196626,integrated,False,True,33.23733057244668,21.720000000000017
727,300,2.4771212547196626,integrated,False,True,33.1372415562275,21.720000000000017
728,300,2.4771212547196626,integrated,False,True,33.231529139582925,21.720000000000017
729,300,2.4771212547196626,integrated,False,True,33.11057447690625,21.720000000000017
730,300,2.4771212547196626,integrated,False,True,33.312601063010106,21.720000000000017
731,300,2.4771212547196626,integrated,False,True,33.040297207166375,21.720000000000017
732,300,2.4771212547196626,integrated,False,True,33.402906850573984,21.720000000000017
733,300,2.4771212547196626,integrated,False,True,33.40218814139616,21.720000000000017
734,300,2.4771212547196626,integrated,False,True,32.92518148302031,21.720000000000017
735,300,2.4771212547196626,integrated,False,True,32.956076664102106,21.720000000000017
736,300,2.4771212547196626,integrated,False,True,33.011553986999424,21.720000000000017
737,300,2.4771212547196626,integrated,False,True,33.284573382995006,21.720000000000017
738,300,2.4771212547196626,integrated,False,True,33.57709901053847,21.720000000000017
739,300,2.4771212547196626,integrated,False,True,33.08077462168808,21.720000000000017
740,300,2.4771212547196626,integrated,False,True,33.14867921378809,21.720000000000017
741,300,2.4771212547196626,integrated,False,True,33.01941849027104,21.720000000000017
742,300,2.4771212547196626,integrated,False,True,33.34044601375504,21.720000000000017
743,300,2.4771212547196626,integrated,False,True,33.40918409935349,21.720000000000017
744,300,2.4771212547196626,integrated,False,True,33.41006675332105,21.720000000000017
745,300,2.4771212547196626,integrated,False,True,32.98093144497254,21.720000000000017
746,300,2.4771212547196626,integrated,False,True,32.76102068559775,21.720000000000017
747,300,2.4771212547196626,integrated,False,True,33.319266954177834,21.720000000000017
748,300,2.4771212547196626,integrated,False,True,33.21927134566772,21.720000000000017
749,300,2.4771212547196626,integrated,False,True,33.03087813848002,21.720000000000017
750,300,2.4771212547196626,integrated,False,True,33.192686433210525,21.720000000000017
751,300,2.4771212547196626,integrated,False,True,33.26431219199328,21.720000000000017
752,300,2.4771212547196626,integrated,False,True,33.495179957339175,21.720000000000017
753,300,2.4771212547196626,integrated,False,True,33.217822771722375,21.720000000000017
754,300,2.4771212547196626,integrated,False,True,33.144077470365986,21.720000000000017
755,300,2.4771212547196626,integrated,False,True,32.74971456304743,21.720000000000017
756,300,2.4771212547196626,integrated,False,True,33.36280954204929,21.720000000000017
757,300,2.4771212547196626,integrated,False,True,33.34190356868365,21.720000000000017
758,300,2.4771212547196626,integrated,False,True,32.985982848640745,21.720000000000017
759,300,2.4771212547196626,integrated,False,True,33.24122728368542,21.720000000000017
760,300,2.4771212547196626,integrated,False,True,33.16237307442007,21.720000000000017
761,300,2.4771212547196626,integrated,False,True,33.302586013894015,21.720000000000017
762,300,2.4771212547196626,integrated,False,True,33.121982298036706,21.720000000000017
763,300,2.4771212547196626,integrated,False,True,33.39261439546131,21.720000000000017
764,300,2.4771212547196626,integrated,False,True,33.254504260459825,21.720000000000017
765,300,2.4771212547196626,integrated,False,True,33.449371291847044,21.720000000000017
766,300,2.4771212547196626,integrated,False,True,32.95011836406907,21.720000000000017
767,300,2.4771212547196626,integrated,False,True,33.13993293216465,21.720000000000017
768,300,2.4771212547196626,integrated,False,True,33.07162148876158,21.720000000000017
769,300,2.4771212547196626,integrated,False,True,33.13631558322079,21.720000000000017
770,300,2.4771212547196626,integrated,False,True,33.167758214102264,21.720000000000017
771,300,2.4771212547196626,integrated,False,True,33.19997104716939,21.720000000000017
772,300,2.4771212547196626,integrated,False,True,33.30232211203627,21.720000000000017
773,300,2.4771212547196626,integrated,False,True,33.21199820866616,21.720000000000017
774,300,2.4771212547196626,integrated,False,True,33.18272597359862,21.720000000000017
775,300,2.4771212547196626,integrated,False,True,33.117726789692206,21.720000000000017
776,300,2.4771212547196626,integrated,False,True,33.558881310129635,21.720000000000017
777,300,2.4771212547196626,integrated,False,True,33.20334245742148,21.720000000000017
778,300,2.4771212547196626,integrated,False,True,33.22761813139162,21.720000000000017
779,300,2.4771212547196626,integrated,False,True,32.87138378038784,21.720000000000017
780,300,2.4771212547196626,integrated,False,True,33.42865795433008,21.720000000000017
781,300,2.4771212547196626,integrated,False,True,33.3416578165801,21.720000000000017
782,300,2.4771212547196626,integrated,False,True,33.048204931535636,21.720000000000017
783,300,2.4771212547196626,integrated,False,True,33.138191772705,21.720000000000017
784,300,2.4771212547196626,integrated,False,True,33.2058367740263,21.720000000000017
785,300,2.4771212547196626,integrated,False,True,33.22193912594458,21.720000000000017
786,300,2.4771212547196626,integrated,False,True,33.39584327835654,21.720000000000017
787,300,2.4771212547196626,integrated,False,True,33.21555864805078,21.720000000000017
788,300,2.4771212547196626,integrated,False,True,33.426212152976376,21.720000000000017
789,300,2.4771212547196626,integrated,False,True,33.29036978449387,21.720000000000017
790,300,2.4771212547196626,integrated,False,True,33.45240688876391,21.720000000000017
791,300,2.4771212547196626,integrated,False,True,33.42007884879641,21.720000000000017
792,300,2.4771212547196626,integrated,False,True,33.125583879073034,21.720000000000017
793,300,2.4771212547196626,integrated,False,True,32.83796530279716,21.720000000000017
794,300,2.4771212547196626,integrated,False,True,33.08004628940951,21.720000000000017
795,300,2.4771212547196626,integrated,False,True,33.19725455309971,21.720000000000017
796,300,2.4771212547196626,integrated,False,True,33.578549709856574,21.720000000000017
797,300,2.4771212547196626,integrated,False,True,33.204112228859735,21.720000000000017
798,300,2.4771212547196626,integrated,False,True,33.10735684745313,21.720000000000017
799,300,2.4771212547196626,integrated,False,True,32.92463489706162,21.720000000000017
800,300,2.4771212547196626,integrated,False,True,32.98640776004041,21.720000000000017
801,300,2.4771212547196626,integrated,False,True,32.853696076121466,21.720000000000017
802,300,2.4771212547196626,integrated,False,True,33.17216238291437,21.720000000000017
803,300,2.4771212547196626,integrated,False,True,33.32431532069523,21.720000000000017
804,300,2.4771212547196626,integrated,False,True,32.99746740140527,21.720000000000017
805,300,2.4771212547196626,integrated,False,True,32.96224966588102,21.720000000000017
806,300,2.4771212547196626,integrated,False,True,33.083714431631726,21.720000000000017
807,300,2.4771212547196626,integrated,False,True,32.850542634773625,21.720000000000017
808,300,2.4771212547196626,integrated,False,True,33.095949669448395,21.720000000000017
809,300,2.4771212547196626,integrated,False,True,33.02485958887809,21.720000000000017
810,300,2.4771212547196626,integrated,False,True,32.99695552285143,21.720000000000017
811,300,2.4771212547196626,integrated,False,True,33.238616525653626,21.720000000000017
812,300,2.4771212547196626,integrated,False,True,33.38722935025004,21.720000000000017
813,300,2.4771212547196626,integrated,False,True,32.9459567828461,21.720000000000017
814,300,2.4771212547196626,integrated,False,True,33.52004782764871,21.720000000000017
815,300,2.4771212547196626,integrated,False,True,32.863705486667854,21.720000000000017
816,300,2.4771212547196626,integrated,False,True,33.03651871279512,21.720000000000017
817,300,2.4771212547196626,integrated,False,True,33.23920826974239,21.720000000000017
818,300,2.4771212547196626,integrated,False,True,32.93308459552626,21.720000000000017
819,300,2.4771212547196626,integrated,False,True,33.00259713621058,21.720000000000017
820,300,2.4771212547196626,integrated,False,True,33.107942747864115,21.720000000000017
821,300,2.4771212547196626,integrated,False,True,33.12905611654872,21.720000000000017
822,300,2.4771212547196626,integrated,False,True,32.83708325695462,21.720000000000017
823,300,2.4771212547196626,integrated,False,True,33.01265870664954,21.720000000000017
824,300,2.4771212547196626,integrated,False,True,32.93486245091586,21.720000000000017
825,300,2.4771212547196626,integrated,False,True,33.05949571523371,21.720000000000017
826,300,2.4771212547196626,integrated,False,True,32.93542947061677,21.720000000000017
827,300,2.4771212547196626,integrated,False,True,33.18518750147875,21.720000000000017
828,300,2.4771212547196626,integrated,False,True,32.874654773693926,21.720000000000017
829,300,2.4771212547196626,integrated,False,True,33.28668279375612,21.720000000000017
830,300,2.4771212547196626,integrated,False,True,33.24641347919384,21.720000000000017
831,300,2.4771212547196626,integrated,False,True,32.89223828758446,21.720000000000017
832,300,2.4771212547196626,integrated,False,True,33.13313757760234,21.720000000000017
833,300,2.4771212547196626,integrated,False,True,33.16875831941615,21.720000000000017
834,300,2.4771212547196626,integrated,False,True,33.5245207129356,21.720000000000017
835,300,2.4771212547196626,integrated,False,True,33.39670799523829,21.720000000000017
836,300,2.4771212547196626,integrated,False,True,33.43859754971254,21.720000000000017
837,300,2.4771212547196626,integrated,False,True,32.845788657915975,21.720000000000017
838,300,2.4771212547196626,integrated,False,True,33.1983109891733,21.720000000000017
839,300,2.4771212547196626,integrated,False,True,33.44711383664924,21.720000000000017
840,300,2.4771212547196626,integrated,False,True,33.24905168477781,21.720000000000017
841,300,2.4771212547196626,integrated,False,True,33.555777690813294,21.720000000000017
842,300,2.4771212547196626,integrated,False,True,33.52301439014032,21.720000000000017
843,300,2.4771212547196626,integrated,False,True,33.201205682847025,21.720000000000017
844,300,2.4771212547196626,integrated,False,True,33.0148500149659,21.720000000000017
845,300,2.4771212547196626,integrated,False,True,33.133069825596365,21.720000000000017
846,300,2.4771212547196626,integrated,False,True,33.025995496370385,21.720000000000017
847,300,2.4771212547196626,integrated,False,True,32.86103725532625,21.720000000000017
848,300,2.4771212547196626,integrated,False,True,33.08842902970837,21.720000000000017
849,300,2.4771212547196626,integrated,False,True,33.00297867372506,21.720000000000017
850,300,2.4771212547196626,integrated,False,True,33.020737776465744,21.720000000000017
851,300,2.4771212547196626,integrated,False,True,33.23532222534892,21.720000000000017
852,300,2.4771212547196626,integrated,False,True,33.22009266191783,21.720000000000017
853,300,2.4771212547196626,integrated,False,True,33.16460840094902,21.720000000000017
854,300,2.4771212547196626,integrated,False,True,32.99917321435559,21.720000000000017
855,300,2.4771212547196626,integrated,False,True,33.19372962319129,21.720000000000017
856,300,2.4771212547196626,integrated,False,True,33.16414076993213,21.720000000000017
857,300,2.4771212547196626,integrated,False,True,33.21565313994633,21.720000000000017
858,300,2.4771212547196626,integrated,False,True,33.37350456353596,21.720000000000017
859,300,2.4771212547196626,integrated,False,True,33.29325040966013,21.720000000000017
860,300,2.4771212547196626,integrated,False,True,33.10896030099586,21.720000000000017
861,300,2.4771212547196626,integrated,False,True,33.29540136075163,21.720000000000017
862,300,2.4771212547196626,integrated,False,True,32.993507600830924,21.720000000000017
863,300,2.4771212547196626,integrated,False,True,33.20877121678337,21.720000000000017
864,300,2.4771212547196626,integrated,False,True,33.11901781142939,21.720000000000017
865,300,2.4771212547196626,integrated,False,True,33.33020015179206,21.720000000000017
866,300,2.4771212547196626,integrated,False,True,33.19713389430035,21.720000000000017
867,300,2.4771212547196626,integrated,False,True,33.24924676408118,21.720000000000017
868,300,2.4771212547196626,integrated,False,True,33.248847003668835,21.720000000000017
869,300,2.4771212547196626,integrated,False,True,32.86011998529282,21.720000000000017
870,300,2.4771212547196626,integrated,False,True,33.14374293627817,21.720000000000017
871,300,2.4771212547196626,integrated,False,True,33.114184084889146,21.720000000000017
872,300,2.4771212547196626,integrated,False,True,33.16235711251997,21.720000000000017
873,300,2.4771212547196626,integrated,False,True,33.081216808574275,21.720000000000017
874,300,2.4771212547196626,integrated,False,True,33.29453675135026,21.720000000000017
875,300,2.4771212547196626,integrated,False,True,33.21031505691582,21.720000000000017
876,300,2.4771212547196626,integrated,False,True,33.224067299902664,21.720000000000017
877,300,2.4771212547196626,integrated,False,True,33.34759305106787,21.720000000000017
878,300,2.4771212547196626,integrated,False,True,33.21877191026492,21.720000000000017
879,300,2.4771212547196626,integrated,False,True,33.04569441174915,21.720000000000017
880,300,2.4771212547196626,integrated,False,True,33.04127787738764,21.720000000000017
881,300,2.4771212547196626,integrated,False,True,33.12261978796246,21.720000000000017
882,300,2.4771212547196626,integrated,False,True,33.19625557176048,21.720000000000017
883,300,2.4771212547196626,integrated,False,True,33.25737757336768,21.720000000000017
884,300,2.4771212547196626,integrated,False,True,33.28473453276088,21.720000000000017
885,300,2.4771212547196626,integrated,False,True,33.272167826869534,21.720000000000017
886,300,2.4771212547196626,integrated,False,True,33.27335493374665,21.720000000000017
887,300,2.4771212547196626,integrated,False,True,33.20414318474428,21.720000000000017
888,300,2.4771212547196626,integrated,False,True,33.15887265253576,21.720000000000017
889,300,2.4771212547196626,integrated,False,True,33.34792844641343,21.720000000000017
890,300,2.4771212547196626,integrated,False,True,33.3433776861954,21.720000000000017
891,300,2.4771212547196626,integrated,False,True,33.370685314366945,21.720000000000017
892,300,2.4771212547196626,integrated,False,True,33.205526376481814,21.720000000000017
893,300,2.4771212547196626,integrated,False,True,33.242237909490754,21.720000000000017
894,300,2.4771212547196626,integrated,False,True,33.05984452977468,21.720000000000017
895,300,2.4771212547196626,integrated,False,True,32.950740814107256,21.720000000000017
896,300,2.4771212547196626,integrated,False,True,33.08233400415081,21.720000000000017
897,300,2.4771212547196626,integrated,False,True,33.218687390573145,21.720000000000017
898,300,2.4771212547196626,integrated,False,True,33.05320223460029,21.720000000000017
899,300,2.4771212547196626,integrated,False,True,33.28938787196482,21.720000000000017
900,300,2.4771212547196626,integrated,False,True,32.89545291476378,21.720000000000017
901,300,2.4771212547196626,integrated,False,True,33.04924235880626,21.720000000000017
902,300,2.4771212547196626,integrated,False,True,33.36452108639783,21.720000000000017
903,300,2.4771212547196626,integrated,False,True,33.18258834679457,21.720000000000017
904,300,2.4771212547196626,integrated,False,True,33.28450224727099,21.720000000000017
905,300,2.4771212547196626,integrated,False,True,33.14556807312589,21.720000000000017
906,300,2.4771212547196626,integrated,False,True,33.32335576575391,21.720000000000017
907,300,2.4771212547196626,integrated,False,True,33.21540578360325,21.720000000000017
908,300,2.4771212547196626,integrated,False,True,33.37333417370644,21.720000000000017
909,300,2.4771212547196626,integrated,False,True,33.3291806459849,21.720000000000017
910,300,2.4771212547196626,integrated,False,True,33.301151253960725,21.720000000000017
911,300,2.4771212547196626,integrated,False,True,32.829162892687236,21.720000000000017
912,300,2.4771212547196626,integrated,False,True,33.468034544507056,21.720000000000017
913,300,2.4771212547196626,integrated,False,True,33.20055434237799,21.720000000000017
914,300,2.4771212547196626,integrated,False,True,33.38476649828728,21.720000000000017
915,300,2.4771212547196626,integrated,False,True,33.12922216130506,21.720000000000017
916,300,2.4771212547196626,integrated,False,True,33.056027978474624,21.720000000000017
917,300,2.4771212547196626,integrated,False,True,33.05861549113772,21.720000000000017
918,300,2.4771212547196626,integrated,False,True,33.21677088875505,21.720000000000017
919,300,2.4771212547196626,integrated,False,True,33.02701873492677,21.720000000000017
920,300,2.4771212547196626,integrated,False,True,33.024320225383974,21.720000000000017
921,300,2.4771212547196626,integrated,False,True,33.088278032925906,21.720000000000017
922,300,2.4771212547196626,integrated,False,True,33.08057598689,21.720000000000017
923,300,2.4771212547196626,integrated,False,True,33.362852710800496,21.720000000000017
924,300,2.4771212547196626,integrated,False,True,33.21010823927121,21.720000000000017
925,300,2.4771212547196626,integrated,False,True,33.02593746993012,21.720000000000017
926,300,2.4771212547196626,integrated,False,True,33.291189137988994,21.720000000000017
927,300,2.4771212547196626,integrated,False,True,33.27821879952097,21.720000000000017
928,300,2.4771212547196626,integrated,False,True,33.134347206085664,21.720000000000017
929,300,2.4771212547196626,integrated,False,True,33.142827442922,21.720000000000017
930,300,2.4771212547196626,integrated,False,True,33.37681663840162,21.720000000000017
931,300,2.4771212547196626,integrated,False,True,33.1015122308054,21.720000000000017
932,300,2.4771212547196626,integrated,False,True,33.2271697152821,21.720000000000017
933,300,2.4771212547196626,integrated,False,True,33.33441083314681,21.720000000000017
934,300,2.4771212547196626,integrated,False,True,33.371936724351485,21.720000000000017
935,300,2.4771212547196626,integrated,False,True,33.43595785637227,21.720000000000017
936,300,2.4771212547196626,integrated,False,True,33.038910600060774,21.720000000000017
937,300,2.4771212547196626,integrated,False,True,33.118452854488865,21.720000000000017
938,300,2.4771212547196626,integrated,False,True,33.027695741827856,21.720000000000017
939,300,2.4771212547196626,integrated,False,True,33.235878925520936,21.720000000000017
940,300,2.4771212547196626,integrated,False,True,33.48743629920921,21.720000000000017
941,300,2.4771212547196626,integrated,False,True,32.953729766766905,21.720000000000017
942,300,2.4771212547196626,integrated,False,True,33.29045435159005,21.720000000000017
943,300,2.4771212547196626,integrated,False,True,33.047494987476036,21.720000000000017
944,300,2.4771212547196626,integrated,False,True,33.230389137421014,21.720000000000017
945,300,2.4771212547196626,integrated,False,True,32.86923935683823,21.720000000000017
946,300,2.4771212547196626,integrated,False,True,32.90282514907315,21.720000000000017
947,300,2.4771212547196626,integrated,False,True,33.06046132663025,21.720000000000017
948,300,2.4771212547196626,integrated,False,True,33.28574272590969,21.720000000000017
949,300,2.4771212547196626,integrated,False,True,33.21274938251559,21.720000000000017
950,300,2.4771212547196626,integrated,False,True,32.82940185649852,21.720000000000017
951,300,2.4771212547196626,integrated,False,True,33.071423900008135,21.720000000000017
952,300,2.4771212547196626,integrated,False,True,33.109873825967725,21.720000000000017
953,300,2.4771212547196626,integrated,False,True,33.19866549350186,21.720000000000017
954,300,2.4771212547196626,integrated,False,True,33.31715069421557,21.720000000000017
955,300,2.4771212547196626,integrated,False,True,33.064533694304174,21.720000000000017
956,300,2.4771212547196626,integrated,False,True,32.85103759944612,21.720000000000017
957,300,2.4771212547196626,integrated,False,True,33.20050151958725,21.720000000000017
958,300,2.4771212547196626,integrated,False,True,33.567950656728044,21.720000000000017
959,300,2.4771212547196626,integrated,False,True,32.84298362646627,21.720000000000017
960,300,2.4771212547196626,integrated,False,True,33.218880406827,21.720000000000017
961,300,2.4771212547196626,integrated,False,True,32.989189545509554,21.720000000000017
962,300,2.4771212547196626,integrated,False,True,33.160885770546834,21.720000000000017
963,300,2.4771212547196626,integrated,False,True,33.028573029911044,21.720000000000017
964,300,2.4771212547196626,integrated,False,True,32.82243748871376,21.720000000000017
965,300,2.4771212547196626,integrated,False,True,32.93106479763136,21.720000000000017
966,300,2.4771212547196626,integrated,False,True,33.00805450076639,21.720000000000017
967,300,2.4771212547196626,integrated,False,True,33.56648074019903,21.720000000000017
968,300,2.4771212547196626,integrated,False,True,33.262451049412874,21.720000000000017
969,300,2.4771212547196626,integrated,False,True,33.270557211208875,21.720000000000017
970,300,2.4771212547196626,integrated,False,True,33.15799754350597,21.720000000000017
971,300,2.4771212547196626,integrated,False,True,33.206530405194655,21.720000000000017
972,300,2.4771212547196626,integrated,False,True,33.24384447453873,21.720000000000017
973,300,2.4771212547196626,integrated,False,True,33.138489826962825,21.720000000000017
974,300,2.4771212547196626,integrated,False,True,33.43869268635093,21.720000000000017
975,300,2.4771212547196626,integrated,False,True,33.06228423574904,21.720000000000017
976,300,2.4771212547196626,integrated,False,True,33.130641491227436,21.720000000000017
977,300,2.4771212547196626,integrated,False,True,33.52811956026064,21.720000000000017
978,300,2.4771212547196626,integrated,False,True,33.40836468572488,21.720000000000017
979,300,2.4771212547196626,integrated,False,True,33.028681232133984,21.720000000000017
980,300,2.4771212547196626,integrated,False,True,33.45039050068425,21.720000000000017
981,300,2.4771212547196626,integrated,False,True,33.33199215912611,21.720000000000017
982,300,2.4771212547196626,integrated,False,True,33.19172142742313,21.720000000000017
983,300,2.4771212547196626,integrated,False,True,33.10377994394254,21.720000000000017
984,300,2.4771212547196626,integrated,False,True,32.928781254348834,21.720000000000017
985,300,2.4771212547196626,integrated,False,True,32.83657859541585,21.720000000000017
986,300,2.4771212547196626,integrated,False,True,33.02896525060144,21.720000000000017
987,300,2.4771212547196626,integrated,False,True,33.21573683888347,21.720000000000017
988,300,2.4771212547196626,integrated,False,True,33.237486918259386,21.720000000000017
989,300,2.4771212547196626,integrated,False,True,32.8924767827971,21.720000000000017
990,300,2.4771212547196626,integrated,False,True,33.010732316782665,21.720000000000017
991,300,2.4771212547196626,integrated,False,True,33.11469601228529,21.720000000000017
992,300,2.4771212547196626,integrated,False,True,33.320649036288586,21.720000000000017
993,300,2.4771212547196626,integrated,False,True,33.40266587687218,21.720000000000017
994,300,2.4771212547196626,integrated,False,True,33.0839721863082,21.720000000000017
995,300,2.4771212547196626,integrated,False,True,33.190487928681094,21.720000000000017
996,300,2.4771212547196626,integrated,False,True,33.619031673409204,21.720000000000017
997,300,2.4771212547196626,integrated,False,True,32.844469563927376,21.720000000000017
998,300,2.4771212547196626,integrated,False,True,32.94672365275885,21.720000000000017
999,300,2.4771212547196626,integrated,False,True,33.051739619939106,21.720000000000017
0,1000,3.0,integrated,False,True,32.003957063715184,21.720000000000017
1,1000,3.0,integrated,False,True,31.91671074316496,21.720000000000017
2,1000,3.0,integrated,False,True,31.928866303978538,21.720000000000017
3,1000,3.0,integrated,False,True,31.76570578302514,21.720000000000017
4,1000,3.0,integrated,False,True,31.991157898824355,21.720000000000017
5,1000,3.0,integrated,False,True,31.991767568183633,21.720000000000017
6,1000,3.0,integrated,False,True,32.071938213502534,21.720000000000017
7,1000,3.0,integrated,False,True,31.94780491672998,21.720000000000017
8,1000,3.0,integrated,False,True,31.835454701052008,21.720000000000017
9,1000,3.0,integrated,False,True,31.94239871389717,21.720000000000017
10,1000,3.0,integrated,False,True,31.87062933449831,21.720000000000017
11,1000,3.0,integrated,False,True,31.807325439480348,21.720000000000017
12,1000,3.0,integrated,False,True,31.93585559595095,21.720000000000017
13,1000,3.0,integrated,False,True,31.848787172653303,21.720000000000017
14,1000,3.0,integrated,False,True,31.896620520325516,21.720000000000017
15,1000,3.0,integrated,False,True,32.12929444566787,21.720000000000017
16,1000,3.0,integrated,False,True,31.93359573981956,21.720000000000017
17,1000,3.0,integrated,False,True,31.900641430636988,21.720000000000017
18,1000,3.0,integrated,False,True,31.79442821024258,21.720000000000017
19,1000,3.0,integrated,False,True,31.948430454961258,21.720000000000017
20,1000,3.0,integrated,False,True,31.807032589784157,21.720000000000017
21,1000,3.0,integrated,False,True,32.03085841468698,21.720000000000017
22,1000,3.0,integrated,False,True,31.830771539495338,21.720000000000017
23,1000,3.0,integrated,False,True,31.85347197348328,21.720000000000017
24,1000,3.0,integrated,False,True,31.88435597138503,21.720000000000017
25,1000,3.0,integrated,False,True,32.00548376201749,21.720000000000017
26,1000,3.0,integrated,False,True,31.92509535942996,21.720000000000017
27,1000,3.0,integrated,False,True,31.82240315361429,21.720000000000017
28,1000,3.0,integrated,False,True,31.854915114161756,21.720000000000017
29,1000,3.0,integrated,False,True,31.930664583934494,21.720000000000017
30,1000,3.0,integrated,False,True,31.90165002687904,21.720000000000017
31,1000,3.0,integrated,False,True,31.92646847799439,21.720000000000017
32,1000,3.0,integrated,False,True,31.86494254186084,21.720000000000017
33,1000,3.0,integrated,False,True,31.930540665266076,21.720000000000017
34,1000,3.0,integrated,False,True,32.03903722611913,21.720000000000017
35,1000,3.0,integrated,False,True,32.02777452285727,21.720000000000017
36,1000,3.0,integrated,False,True,32.09288146492382,21.720000000000017
37,1000,3.0,integrated,False,True,31.880045114388018,21.720000000000017
38,1000,3.0,integrated,False,True,31.76627822238049,21.720000000000017
39,1000,3.0,integrated,False,True,31.938607082611924,21.720000000000017
40,1000,3.0,integrated,False,True,31.816267771627764,21.720000000000017
41,1000,3.0,integrated,False,True,32.135047296526054,21.720000000000017
42,1000,3.0,integrated,False,True,31.87208014902076,21.720000000000017
43,1000,3.0,integrated,False,True,31.981599776666677,21.720000000000017
44,1000,3.0,integrated,False,True,31.950121613267026,21.720000000000017
45,1000,3.0,integrated,False,True,31.883375933471946,21.720000000000017
46,1000,3.0,integrated,False,True,31.91776652784946,21.720000000000017
47,1000,3.0,integrated,False,True,31.86285077044063,21.720000000000017
48,1000,3.0,integrated,False,True,31.880651383225977,21.720000000000017
49,1000,3.0,integrated,False,True,31.962133351214106,21.720000000000017
50,1000,3.0,integrated,False,True,31.872037279579146,21.720000000000017
51,1000,3.0,integrated,False,True,31.910219244969124,21.720000000000017
52,1000,3.0,integrated,False,True,31.838056904626203,21.720000000000017
53,1000,3.0,integrated,False,True,32.02652371956425,21.720000000000017
54,1000,3.0,integrated,False,True,31.75899988547247,21.720000000000017
55,1000,3.0,integrated,False,True,31.768247539735587,21.720000000000017
56,1000,3.0,integrated,False,True,31.821735571166137,21.720000000000017
57,1000,3.0,integrated,False,True,32.01505749324357,21.720000000000017
58,1000,3.0,integrated,False,True,31.747306499144884,21.720000000000017
59,1000,3.0,integrated,False,True,31.906124292232263,21.720000000000017
60,1000,3.0,integrated,False,True,31.839543716513347,21.720000000000017
61,1000,3.0,integrated,False,True,31.994557183512264,21.720000000000017
62,1000,3.0,integrated,False,True,31.870928821172075,21.720000000000017
63,1000,3.0,integrated,False,True,31.90484440975584,21.720000000000017
64,1000,3.0,integrated,False,True,32.07951285894265,21.720000000000017
65,1000,3.0,integrated,False,True,31.82377286307576,21.720000000000017
66,1000,3.0,integrated,False,True,31.945297322779375,21.720000000000017
67,1000,3.0,integrated,False,True,32.02539907934674,21.720000000000017
68,1000,3.0,integrated,False,True,31.922965561244084,21.720000000000017
69,1000,3.0,integrated,False,True,31.94920169757403,21.720000000000017
70,1000,3.0,integrated,False,True,32.30862564379723,21.720000000000017
71,1000,3.0,integrated,False,True,31.796231489456822,21.720000000000017
72,1000,3.0,integrated,False,True,32.036998710486586,21.720000000000017
73,1000,3.0,integrated,False,True,31.909927889563317,21.720000000000017
74,1000,3.0,integrated,False,True,31.960012043521374,21.720000000000017
75,1000,3.0,integrated,False,True,32.0295754840392,21.720000000000017
76,1000,3.0,integrated,False,True,31.803037636083506,21.720000000000017
77,1000,3.0,integrated,False,True,31.8652673390334,21.720000000000017
78,1000,3.0,integrated,False,True,31.923298623629723,21.720000000000017
79,1000,3.0,integrated,False,True,31.932688359100858,21.720000000000017
80,1000,3.0,integrated,False,True,31.948192639018192,21.720000000000017
81,1000,3.0,integrated,False,True,31.899477557755855,21.720000000000017
82,1000,3.0,integrated,False,True,31.90340956579793,21.720000000000017
83,1000,3.0,integrated,False,True,31.928568674991595,21.720000000000017
84,1000,3.0,integrated,False,True,31.957523963083737,21.720000000000017
85,1000,3.0,integrated,False,True,31.854612142351584,21.720000000000017
86,1000,3.0,integrated,False,True,31.845718434123576,21.720000000000017
87,1000,3.0,integrated,False,True,31.99040007511239,21.720000000000017
88,1000,3.0,integrated,False,True,31.765066791209726,21.720000000000017
89,1000,3.0,integrated,False,True,31.953853634565142,21.720000000000017
90,1000,3.0,integrated,False,True,32.07425390774371,21.720000000000017
91,1000,3.0,integrated,False,True,31.723122277215552,21.720000000000017
92,1000,3.0,integrated,False,True,31.939342246046635,21.720000000000017
93,1000,3.0,integrated,False,True,31.868035910413553,21.720000000000017
94,1000,3.0,integrated,False,True,31.898606210759908,21.720000000000017
95,1000,3.0,integrated,False,True,31.806460917755416,21.720000000000017
96,1000,3.0,integrated,False,True,31.786690852053454,21.720000000000017
97,1000,3.0,integrated,False,True,32.08759833806391,21.720000000000017
98,1000,3.0,integrated,False,True,31.901084761323695,21.720000000000017
99,1000,3.0,integrated,False,True,31.992608859736798,21.720000000000017
100,1000,3.0,integrated,False,True,31.890735596436496,21.720000000000017
101,1000,3.0,integrated,False,True,31.93376799672524,21.720000000000017
102,1000,3.0,integrated,False,True,31.953527036306127,21.720000000000017
103,1000,3.0,integrated,False,True,31.81109916259698,21.720000000000017
104,1000,3.0,integrated,False,True,31.788846660726534,21.720000000000017
105,1000,3.0,integrated,False,True,31.969934331318427,21.720000000000017
106,1000,3.0,integrated,False,True,31.928828615374783,21.720000000000017
107,1000,3.0,integrated,False,True,32.03062854622458,21.720000000000017
108,1000,3.0,integrated,False,True,32.10685181378759,21.720000000000017
109,1000,3.0,integrated,False,True,31.93108867053687,21.720000000000017
110,1000,3.0,integrated,False,True,32.071466997116154,21.720000000000017
111,1000,3.0,integrated,False,True,31.97285902406064,21.720000000000017
112,1000,3.0,integrated,False,True,31.79145967731807,21.720000000000017
113,1000,3.0,integrated,False,True,31.918472642497242,21.720000000000017
114,1000,3.0,integrated,False,True,31.861628956652822,21.720000000000017
115,1000,3.0,integrated,False,True,31.969322545594302,21.720000000000017
116,1000,3.0,integrated,False,True,31.904643237378473,21.720000000000017
117,1000,3.0,integrated,False,True,31.917695081413502,21.720000000000017
118,1000,3.0,integrated,False,True,32.04616245417288,21.720000000000017
119,1000,3.0,integrated,False,True,31.823673131084163,21.720000000000017
120,1000,3.0,integrated,False,True,31.85448730830159,21.720000000000017
121,1000,3.0,integrated,False,True,31.913816626016853,21.720000000000017
122,1000,3.0,integrated,False,True,31.887575940419218,21.720000000000017
123,1000,3.0,integrated,False,True,31.804198478053745,21.720000000000017
124,1000,3.0,integrated,False,True,31.892524849528893,21.720000000000017
125,1000,3.0,integrated,False,True,31.779305714153086,21.720000000000017
126,1000,3.0,integrated,False,True,31.774861500549846,21.720000000000017
127,1000,3.0,integrated,False,True,31.903807111676038,21.720000000000017
128,1000,3.0,integrated,False,True,31.89494625372244,21.720000000000017
129,1000,3.0,integrated,False,True,31.877802081672154,21.720000000000017
130,1000,3.0,integrated,False,True,31.82954043236047,21.720000000000017
131,1000,3.0,integrated,False,True,31.913789589583907,21.720000000000017
132,1000,3.0,integrated,False,True,31.904692954300145,21.720000000000017
133,1000,3.0,integrated,False,True,31.807666536643545,21.720000000000017
134,1000,3.0,integrated,False,True,31.998360382550878,21.720000000000017
135,1000,3.0,integrated,False,True,31.88548978418747,21.720000000000017
136,1000,3.0,integrated,False,True,31.858115529613123,21.720000000000017
137,1000,3.0,integrated,False,True,31.913419934735217,21.720000000000017
138,1000,3.0,integrated,False,True,31.930136508272035,21.720000000000017
139,1000,3.0,integrated,False,True,32.07677650953545,21.720000000000017
140,1000,3.0,integrated,False,True,31.86119003670302,21.720000000000017
141,1000,3.0,integrated,False,True,31.774976763791997,21.720000000000017
142,1000,3.0,integrated,False,True,31.917747795543335,21.720000000000017
143,1000,3.0,integrated,False,True,32.15018119446275,21.720000000000017
144,1000,3.0,integrated,False,True,32.00160488073534,21.720000000000017
145,1000,3.0,integrated,False,True,31.82043903726329,21.720000000000017
146,1000,3.0,integrated,False,True,31.8585744987937,21.720000000000017
147,1000,3.0,integrated,False,True,31.92974812192594,21.720000000000017
148,1000,3.0,integrated,False,True,31.693751200297513,21.720000000000017
149,1000,3.0,integrated,False,True,31.81329703274033,21.720000000000017
150,1000,3.0,integrated,False,True,31.882528263592537,21.720000000000017
151,1000,3.0,integrated,False,True,31.901717516740806,21.720000000000017
152,1000,3.0,integrated,False,True,31.9655136391062,21.720000000000017
153,1000,3.0,integrated,False,True,31.97124182822567,21.720000000000017
154,1000,3.0,integrated,False,True,31.971573253954553,21.720000000000017
155,1000,3.0,integrated,False,True,31.82197576290965,21.720000000000017
156,1000,3.0,integrated,False,True,31.89868421469257,21.720000000000017
157,1000,3.0,integrated,False,True,32.03225450375398,21.720000000000017
158,1000,3.0,integrated,False,True,31.816339605413475,21.720000000000017
159,1000,3.0,integrated,False,True,31.92988495804721,21.720000000000017
160,1000,3.0,integrated,False,True,31.857540778307815,21.720000000000017
161,1000,3.0,integrated,False,True,31.83678456455595,21.720000000000017
162,1000,3.0,integrated,False,True,31.925256915580658,21.720000000000017
163,1000,3.0,integrated,False,True,31.948068077074836,21.720000000000017
164,1000,3.0,integrated,False,True,31.809743952149155,21.720000000000017
165,1000,3.0,integrated,False,True,31.743537073233135,21.720000000000017
166,1000,3.0,integrated,False,True,31.971269507164422,21.720000000000017
167,1000,3.0,integrated,False,True,32.02588942735475,21.720000000000017
168,1000,3.0,integrated,False,True,31.93606615700795,21.720000000000017
169,1000,3.0,integrated,False,True,31.82782844446291,21.720000000000017
170,1000,3.0,integrated,False,True,31.905487622843154,21.720000000000017
171,1000,3.0,integrated,False,True,32.08048413103273,21.720000000000017
172,1000,3.0,integrated,False,True,31.822957977476737,21.720000000000017
173,1000,3.0,integrated,False,True,31.88140819569697,21.720000000000017
174,1000,3.0,integrated,False,True,31.92830997897135,21.720000000000017
175,1000,3.0,integrated,False,True,31.905376799536857,21.720000000000017
176,1000,3.0,integrated,False,True,32.00712771038299,21.720000000000017
177,1000,3.0,integrated,False,True,31.763976160627067,21.720000000000017
178,1000,3.0,integrated,False,True,31.84588235492678,21.720000000000017
179,1000,3.0,integrated,False,True,31.9524238842307,21.720000000000017
180,1000,3.0,integrated,False,True,31.76898013804906,21.720000000000017
181,1000,3.0,integrated,False,True,31.8304576835381,21.720000000000017
182,1000,3.0,integrated,False,True,31.78107303738178,21.720000000000017
183,1000,3.0,integrated,False,True,31.852710411887607,21.720000000000017
184,1000,3.0,integrated,False,True,31.94392240373344,21.720000000000017
185,1000,3.0,integrated,False,True,31.92566836208779,21.720000000000017
186,1000,3.0,integrated,False,True,31.803730757034153,21.720000000000017
187,1000,3.0,integrated,False,True,31.820509154811248,21.720000000000017
188,1000,3.0,integrated,False,True,32.101651646639894,21.720000000000017
189,1000,3.0,integrated,False,True,31.931933492546747,21.720000000000017
190,1000,3.0,integrated,False,True,31.962121079737106,21.720000000000017
191,1000,3.0,integrated,False,True,31.969265936889613,21.720000000000017
192,1000,3.0,integrated,False,True,31.905274379537836,21.720000000000017
193,1000,3.0,integrated,False,True,31.89203130754169,21.720000000000017
194,1000,3.0,integrated,False,True,31.528106446469202,21.720000000000017
195,1000,3.0,integrated,False,True,31.93943356185698,21.720000000000017
196,1000,3.0,integrated,False,True,31.981240058916992,21.720000000000017
197,1000,3.0,integrated,False,True,31.95999775510926,21.720000000000017
198,1000,3.0,integrated,False,True,31.84816964547366,21.720000000000017
199,1000,3.0,integrated,False,True,31.906698191242953,21.720000000000017
200,1000,3.0,integrated,False,True,31.809364112133885,21.720000000000017
201,1000,3.0,integrated,False,True,31.862818673967535,21.720000000000017
202,1000,3.0,integrated,False,True,31.886576709615206,21.720000000000017
203,1000,3.0,integrated,False,True,32.03054807709067,21.720000000000017
204,1000,3.0,integrated,False,True,31.80009711575522,21.720000000000017
205,1000,3.0,integrated,False,True,31.970987238444774,21.720000000000017
206,1000,3.0,integrated,False,True,31.71846896246248,21.720000000000017
207,1000,3.0,integrated,False,True,31.77816109484883,21.720000000000017
208,1000,3.0,integrated,False,True,31.87960561936574,21.720000000000017
209,1000,3.0,integrated,False,True,31.971114985148972,21.720000000000017
210,1000,3.0,integrated,False,True,31.980894900941152,21.720000000000017
211,1000,3.0,integrated,False,True,31.849574287503685,21.720000000000017
212,1000,3.0,integrated,False,True,31.92272692765786,21.720000000000017
213,1000,3.0,integrated,False,True,31.855520316285634,21.720000000000017
214,1000,3.0,integrated,False,True,31.773499530662676,21.720000000000017
215,1000,3.0,integrated,False,True,31.888276911962805,21.720000000000017
216,1000,3.0,integrated,False,True,31.956277474531596,21.720000000000017
217,1000,3.0,integrated,False,True,31.915687105504468,21.720000000000017
218,1000,3.0,integrated,False,True,31.837562492772328,21.720000000000017
219,1000,3.0,integrated,False,True,31.92380042403172,21.720000000000017
220,1000,3.0,integrated,False,True,31.77592465052455,21.720000000000017
221,1000,3.0,integrated,False,True,31.883337915153774,21.720000000000017
222,1000,3.0,integrated,False,True,31.76420522484867,21.720000000000017
223,1000,3.0,integrated,False,True,32.000294435366314,21.720000000000017
224,1000,3.0,integrated,False,True,31.728430229580454,21.720000000000017
225,1000,3.0,integrated,False,True,31.923778498414478,21.720000000000017
226,1000,3.0,integrated,False,True,31.85020418678659,21.720000000000017
227,1000,3.0,integrated,False,True,31.92145131193299,21.720000000000017
228,1000,3.0,integrated,False,True,31.933577875677635,21.720000000000017
229,1000,3.0,integrated,False,True,31.959183227742763,21.720000000000017
230,1000,3.0,integrated,False,True,31.95180979911753,21.720000000000017
231,1000,3.0,integrated,False,True,32.00933708241565,21.720000000000017
232,1000,3.0,integrated,False,True,32.02679519611134,21.720000000000017
233,1000,3.0,integrated,False,True,31.96526279722746,21.720000000000017
234,1000,3.0,integrated,False,True,32.12997726889721,21.720000000000017
235,1000,3.0,integrated,False,True,31.907572240664223,21.720000000000017
236,1000,3.0,integrated,False,True,31.86405113097873,21.720000000000017
237,1000,3.0,integrated,False,True,31.932889132282835,21.720000000000017
238,1000,3.0,integrated,False,True,31.921998233002597,21.720000000000017
239,1000,3.0,integrated,False,True,31.74729582945493,21.720000000000017
240,1000,3.0,integrated,False,True,31.777718074140857,21.720000000000017
241,1000,3.0,integrated,False,True,32.085609482346165,21.720000000000017
242,1000,3.0,integrated,False,True,32.00864146842911,21.720000000000017
243,1000,3.0,integrated,False,True,32.02091177096584,21.720000000000017
244,1000,3.0,integrated,False,True,32.12722710439604,21.720000000000017
245,1000,3.0,integrated,False,True,32.092022248022595,21.720000000000017
246,1000,3.0,integrated,False,True,31.707500468230013,21.720000000000017
247,1000,3.0,integrated,False,True,32.06644041847189,21.720000000000017
248,1000,3.0,integrated,False,True,31.984545474417406,21.720000000000017
249,1000,3.0,integrated,False,True,32.09935865848885,21.720000000000017
250,1000,3.0,integrated,False,True,32.04882806873482,21.720000000000017
251,1000,3.0,integrated,False,True,31.924651280449403,21.720000000000017
252,1000,3.0,integrated,False,True,31.88332549047172,21.720000000000017
253,1000,3.0,integrated,False,True,31.756895838008788,21.720000000000017
254,1000,3.0,integrated,False,True,32.121969534051544,21.720000000000017
255,1000,3.0,integrated,False,True,31.900710914169693,21.720000000000017
256,1000,3.0,integrated,False,True,31.883292490583266,21.720000000000017
257,1000,3.0,integrated,False,True,31.894351292438486,21.720000000000017
258,1000,3.0,integrated,False,True,31.872385081440918,21.720000000000017
259,1000,3.0,integrated,False,True,31.951744782044194,21.720000000000017
260,1000,3.0,integrated,False,True,31.73421200368671,21.720000000000017
261,1000,3.0,integrated,False,True,31.910814006476983,21.720000000000017
262,1000,3.0,integrated,False,True,31.935081930942694,21.720000000000017
263,1000,3.0,integrated,False,True,32.03171743501724,21.720000000000017
264,1000,3.0,integrated,False,True,31.774398631989044,21.720000000000017
265,1000,3.0,integrated,False,True,31.912114755960744,21.720000000000017
266,1000,3.0,integrated,False,True,32.04087721413016,21.720000000000017
267,1000,3.0,integrated,False,True,31.774781112648807,21.720000000000017
268,1000,3.0,integrated,False,True,31.980164231792518,21.720000000000017
269,1000,3.0,integrated,False,True,31.930506466245564,21.720000000000017
270,1000,3.0,integrated,False,True,32.001648114605416,21.720000000000017
271,1000,3.0,integrated,False,True,32.03899786746048,21.720000000000017
272,1000,3.0,integrated,False,True,31.90625052226317,21.720000000000017
273,1000,3.0,integrated,False,True,31.812021516632218,21.720000000000017
274,1000,3.0,integrated,False,True,31.894951723726326,21.720000000000017
275,1000,3.0,integrated,False,True,31.952435784125,21.720000000000017
276,1000,3.0,integrated,False,True,32.032834367712944,21.720000000000017
277,1000,3.0,integrated,False,True,31.829622958786313,21.720000000000017
278,1000,3.0,integrated,False,True,31.875056082256208,21.720000000000017
279,1000,3.0,integrated,False,True,31.846980637352065,21.720000000000017
280,1000,3.0,integrated,False,True,31.902915710323185,21.720000000000017
281,1000,3.0,integrated,False,True,31.84689205224514,21.720000000000017
282,1000,3.0,integrated,False,True,31.88682025329686,21.720000000000017
283,1000,3.0,integrated,False,True,31.96945635175195,21.720000000000017
284,1000,3.0,integrated,False,True,31.98936756552658,21.720000000000017
285,1000,3.0,integrated,False,True,31.862887172514775,21.720000000000017
286,1000,3.0,integrated,False,True,31.85196408738874,21.720000000000017
287,1000,3.0,integrated,False,True,31.875752871944492,21.720000000000017
288,1000,3.0,integrated,False,True,32.05336022171636,21.720000000000017
289,1000,3.0,integrated,False,True,31.887823445607303,21.720000000000017
290,1000,3.0,integrated,False,True,31.96589896359113,21.720000000000017
291,1000,3.0,integrated,False,True,31.790902279137654,21.720000000000017
292,1000,3.0,integrated,False,True,32.003106281820095,21.720000000000017
293,1000,3.0,integrated,False,True,31.874061155133717,21.720000000000017
294,1000,3.0,integrated,False,True,31.88608537821311,21.720000000000017
295,1000,3.0,integrated,False,True,31.969976942248366,21.720000000000017
296,1000,3.0,integrated,False,True,31.74378108489651,21.720000000000017
297,1000,3.0,integrated,False,True,31.94681382007645,21.720000000000017
298,1000,3.0,integrated,False,True,31.853737592553088,21.720000000000017
299,1000,3.0,integrated,False,True,31.99716898731203,21.720000000000017
300,1000,3.0,integrated,False,True,31.967118286851004,21.720000000000017
301,1000,3.0,integrated,False,True,31.8113570657045,21.720000000000017
302,1000,3.0,integrated,False,True,31.959859541958302,21.720000000000017
303,1000,3.0,integrated,False,True,31.958074767708094,21.720000000000017
304,1000,3.0,integrated,False,True,31.906063077493876,21.720000000000017
305,1000,3.0,integrated,False,True,31.895462309655308,21.720000000000017
306,1000,3.0,integrated,False,True,31.82185573327383,21.720000000000017
307,1000,3.0,integrated,False,True,31.958653878017156,21.720000000000017
308,1000,3.0,integrated,False,True,31.81712122035312,21.720000000000017
309,1000,3.0,integrated,False,True,31.897188837273813,21.720000000000017
310,1000,3.0,integrated,False,True,32.04926142257839,21.720000000000017
311,1000,3.0,integrated,False,True,31.99132824723337,21.720000000000017
312,1000,3.0,integrated,False,True,31.806525084348184,21.720000000000017
313,1000,3.0,integrated,False,True,32.05928286800514,21.720000000000017
314,1000,3.0,integrated,False,True,31.801520176828205,21.720000000000017
315,1000,3.0,integrated,False,True,31.930589445788662,21.720000000000017
316,1000,3.0,integrated,False,True,31.817182899914656,21.720000000000017
317,1000,3.0,integrated,False,True,31.916399896140796,21.720000000000017
318,1000,3.0,integrated,False,True,31.92179396691869,21.720000000000017
319,1000,3.0,integrated,False,True,31.810837626352274,21.720000000000017
320,1000,3.0,integrated,False,True,31.83458861452676,21.720000000000017
321,1000,3.0,integrated,False,True,31.904333931516653,21.720000000000017
322,1000,3.0,integrated,False,True,32.02192593263722,21.720000000000017
323,1000,3.0,integrated,False,True,31.960668835365205,21.720000000000017
324,1000,3.0,integrated,False,True,31.980477407012124,21.720000000000017
325,1000,3.0,integrated,False,True,31.951863143290275,21.720000000000017
326,1000,3.0,integrated,False,True,31.926212548804827,21.720000000000017
327,1000,3.0,integrated,False,True,31.806332016321598,21.720000000000017
328,1000,3.0,integrated,False,True,31.904545037830797,21.720000000000017
329,1000,3.0,integrated,False,True,32.01115599435423,21.720000000000017
330,1000,3.0,integrated,False,True,31.917393924898235,21.720000000000017
331,1000,3.0,integrated,False,True,32.009820168723536,21.720000000000017
332,1000,3.0,integrated,False,True,32.036361745205404,21.720000000000017
333,1000,3.0,integrated,False,True,31.925810119760552,21.720000000000017
334,1000,3.0,integrated,False,True,32.03244878017989,21.720000000000017
335,1000,3.0,integrated,False,True,31.889287079614768,21.720000000000017
336,1000,3.0,integrated,False,True,31.78073168972646,21.720000000000017
337,1000,3.0,integrated,False,True,31.99712756886658,21.720000000000017
338,1000,3.0,integrated,False,True,31.919741523239573,21.720000000000017
339,1000,3.0,integrated,False,True,32.06029254564628,21.720000000000017
340,1000,3.0,integrated,False,True,31.890746649067857,21.720000000000017
341,1000,3.0,integrated,False,True,31.951570108136004,21.720000000000017
342,1000,3.0,integrated,False,True,31.87754610219507,21.720000000000017
343,1000,3.0,integrated,False,True,31.89068479909939,21.720000000000017
344,1000,3.0,integrated,False,True,31.91858914500162,21.720000000000017
345,1000,3.0,integrated,False,True,32.045778737953086,21.720000000000017
346,1000,3.0,integrated,False,True,31.89064942407915,21.720000000000017
347,1000,3.0,integrated,False,True,31.816979957019115,21.720000000000017
348,1000,3.0,integrated,False,True,32.002788308220076,21.720000000000017
349,1000,3.0,integrated,False,True,31.748197115616563,21.720000000000017
350,1000,3.0,integrated,False,True,31.987366276735308,21.720000000000017
351,1000,3.0,integrated,False,True,31.921989322091857,21.720000000000017
352,1000,3.0,integrated,False,True,31.931715222865478,21.720000000000017
353,1000,3.0,integrated,False,True,31.97788569178671,21.720000000000017
354,1000,3.0,integrated,False,True,31.990356508454706,21.720000000000017
355,1000,3.0,integrated,False,True,31.944686937404366,21.720000000000017
356,1000,3.0,integrated,False,True,31.950888823849787,21.720000000000017
357,1000,3.0,integrated,False,True,31.90154098740188,21.720000000000017
358,1000,3.0,integrated,False,True,31.889761910496183,21.720000000000017
359,1000,3.0,integrated,False,True,31.97604588202657,21.720000000000017
360,1000,3.0,integrated,False,True,32.11614206105231,21.720000000000017
361,1000,3.0,integrated,False,True,31.8589195933154,21.720000000000017
362,1000,3.0,integrated,False,True,31.93997252073473,21.720000000000017
363,1000,3.0,integrated,False,True,31.80096112007194,21.720000000000017
364,1000,3.0,integrated,False,True,31.88574654760039,21.720000000000017
365,1000,3.0,integrated,False,True,31.923908176570492,21.720000000000017
366,1000,3.0,integrated,False,True,31.952302515814175,21.720000000000017
367,1000,3.0,integrated,False,True,31.8733823495785,21.720000000000017
368,1000,3.0,integrated,False,True,31.854195914724194,21.720000000000017
369,1000,3.0,integrated,False,True,31.877367236828718,21.720000000000017
370,1000,3.0,integrated,False,True,31.891928385571457,21.720000000000017
371,1000,3.0,integrated,False,True,31.95439984920614,21.720000000000017
372,1000,3.0,integrated,False,True,31.868277281345843,21.720000000000017
373,1000,3.0,integrated,False,True,31.926153729772906,21.720000000000017
374,1000,3.0,integrated,False,True,32.080047264705264,21.720000000000017
375,1000,3.0,integrated,False,True,31.928022089313764,21.720000000000017
376,1000,3.0,integrated,False,True,31.902299473275086,21.720000000000017
377,1000,3.0,integrated,False,True,31.89057773320205,21.720000000000017
378,1000,3.0,integrated,False,True,31.990070084228016,21.720000000000017
379,1000,3.0,integrated,False,True,31.88519013463803,21.720000000000017
380,1000,3.0,integrated,False,True,32.094369688404,21.720000000000017
381,1000,3.0,integrated,False,True,31.854000222138794,21.720000000000017
382,1000,3.0,integrated,False,True,31.949579123810324,21.720000000000017
383,1000,3.0,integrated,False,True,31.899331350482516,21.720000000000017
384,1000,3.0,integrated,False,True,31.902455931724575,21.720000000000017
385,1000,3.0,integrated,False,True,31.9494027877563,21.720000000000017
386,1000,3.0,integrated,False,True,31.948189384276432,21.720000000000017
387,1000,3.0,integrated,False,True,31.941448901315624,21.720000000000017
388,1000,3.0,integrated,False,True,31.69609260375711,21.720000000000017
389,1000,3.0,integrated,False,True,31.834235450749127,21.720000000000017
390,1000,3.0,integrated,False,True,31.932627271832693,21.720000000000017
391,1000,3.0,integrated,False,True,32.00336721544879,21.720000000000017
392,1000,3.0,integrated,False,True,31.78861890591339,21.720000000000017
393,1000,3.0,integrated,False,True,31.975751640794368,21.720000000000017
394,1000,3.0,integrated,False,True,32.00099809383248,21.720000000000017
395,1000,3.0,integrated,False,True,31.753349329243733,21.720000000000017
396,1000,3.0,integrated,False,True,31.958362093639366,21.720000000000017
397,1000,3.0,integrated,False,True,31.8622719501342,21.720000000000017
398,1000,3.0,integrated,False,True,32.04239947964214,21.720000000000017
399,1000,3.0,integrated,False,True,31.97666492802047,21.720000000000017
400,1000,3.0,integrated,False,True,31.869134838163326,21.720000000000017
401,1000,3.0,integrated,False,True,31.97656532251071,21.720000000000017
402,1000,3.0,integrated,False,True,31.873177614685506,21.720000000000017
403,1000,3.0,integrated,False,True,31.951448212917427,21.720000000000017
404,1000,3.0,integrated,False,True,31.887112181031164,21.720000000000017
405,1000,3.0,integrated,False,True,31.87766739380944,21.720000000000017
406,1000,3.0,integrated,False,True,31.846346697050873,21.720000000000017
407,1000,3.0,integrated,False,True,32.00534044541759,21.720000000000017
408,1000,3.0,integrated,False,True,31.766547290221162,21.720000000000017
409,1000,3.0,integrated,False,True,31.927223217827546,21.720000000000017
410,1000,3.0,integrated,False,True,31.80784498955932,21.720000000000017
411,1000,3.0,integrated,False,True,31.921976798266172,21.720000000000017
412,1000,3.0,integrated,False,True,31.874383918802497,21.720000000000017
413,1000,3.0,integrated,False,True,31.916442412041185,21.720000000000017
414,1000,3.0,integrated,False,True,31.75797522357129,21.720000000000017
415,1000,3.0,integrated,False,True,31.98533804072818,21.720000000000017
416,1000,3.0,integrated,False,True,31.856478860610373,21.720000000000017
417,1000,3.0,integrated,False,True,32.038621896300675,21.720000000000017
418,1000,3.0,integrated,False,True,31.845981430200787,21.720000000000017
419,1000,3.0,integrated,False,True,32.015700845909194,21.720000000000017
420,1000,3.0,integrated,False,True,31.84912879369694,21.720000000000017
421,1000,3.0,integrated,False,True,31.795887145003196,21.720000000000017
422,1000,3.0,integrated,False,True,31.844806680968194,21.720000000000017
423,1000,3.0,integrated,False,True,32.09518038690498,21.720000000000017
424,1000,3.0,integrated,False,True,31.834140455572786,21.720000000000017
425,1000,3.0,integrated,False,True,31.89199853366437,21.720000000000017
426,1000,3.0,integrated,False,True,31.783052210681717,21.720000000000017
427,1000,3.0,integrated,False,True,31.795456870557047,21.720000000000017
428,1000,3.0,integrated,False,True,31.980570337967826,21.720000000000017
429,1000,3.0,integrated,False,True,31.81199485179873,21.720000000000017
430,1000,3.0,integrated,False,True,31.79106734431753,21.720000000000017
431,1000,3.0,integrated,False,True,31.82733322260172,21.720000000000017
432,1000,3.0,integrated,False,True,31.761705598494956,21.720000000000017
433,1000,3.0,integrated,False,True,31.84093086082997,21.720000000000017
434,1000,3.0,integrated,False,True,32.00702202960202,21.720000000000017
435,1000,3.0,integrated,False,True,31.708217357796112,21.720000000000017
436,1000,3.0,integrated,False,True,31.835555011616552,21.720000000000017
437,1000,3.0,integrated,False,True,32.15728152206519,21.720000000000017
438,1000,3.0,integrated,False,True,31.964170535059313,21.720000000000017
439,1000,3.0,integrated,False,True,32.07385951499204,21.720000000000017
440,1000,3.0,integrated,False,True,31.966253149407493,21.720000000000017
441,1000,3.0,integrated,False,True,31.91185766172177,21.720000000000017
442,1000,3.0,integrated,False,True,31.91926446546944,21.720000000000017
443,1000,3.0,integrated,False,True,31.93028477576451,21.720000000000017
444,1000,3.0,integrated,False,True,31.95183803951213,21.720000000000017
445,1000,3.0,integrated,False,True,32.04213102364177,21.720000000000017
446,1000,3.0,integrated,False,True,31.8657687299794,21.720000000000017
447,1000,3.0,integrated,False,True,31.872965856192756,21.720000000000017
448,1000,3.0,integrated,False,True,31.91744833227496,21.720000000000017
449,1000,3.0,integrated,False,True,31.97983772005611,21.720000000000017
450,1000,3.0,integrated,False,True,32.0306050172675,21.720000000000017
451,1000,3.0,integrated,False,True,32.011440899481094,21.720000000000017
452,1000,3.0,integrated,False,True,31.942457962422637,21.720000000000017
453,1000,3.0,integrated,False,True,31.971392753026176,21.720000000000017
454,1000,3.0,integrated,False,True,31.811110691691866,21.720000000000017
455,1000,3.0,integrated,False,True,31.76191309881792,21.720000000000017
456,1000,3.0,integrated,False,True,31.874062475841917,21.720000000000017
457,1000,3.0,integrated,False,True,31.991784032294795,21.720000000000017
458,1000,3.0,integrated,False,True,31.8740806427599,21.720000000000017
459,1000,3.0,integrated,False,True,31.942396141005563,21.720000000000017
460,1000,3.0,integrated,False,True,31.8411366358964,21.720000000000017
461,1000,3.0,integrated,False,True,31.94483035574614,21.720000000000017
462,1000,3.0,integrated,False,True,31.905556829745688,21.720000000000017
463,1000,3.0,integrated,False,True,31.944197397247628,21.720000000000017
464,1000,3.0,integrated,False,True,32.10913999516442,21.720000000000017
465,1000,3.0,integrated,False,True,31.9996009450792,21.720000000000017
466,1000,3.0,integrated,False,True,31.92916641488012,21.720000000000017
467,1000,3.0,integrated,False,True,32.001642292588514,21.720000000000017
468,1000,3.0,integrated,False,True,31.93621089239557,21.720000000000017
469,1000,3.0,integrated,False,True,31.795428142653122,21.720000000000017
470,1000,3.0,integrated,False,True,31.949401823969104,21.720000000000017
471,1000,3.0,integrated,False,True,31.894484486127702,21.720000000000017
472,1000,3.0,integrated,False,True,31.843255110146888,21.720000000000017
473,1000,3.0,integrated,False,True,32.097764984700206,21.720000000000017
474,1000,3.0,integrated,False,True,31.864498468638523,21.720000000000017
475,1000,3.0,integrated,False,True,31.84701031119436,21.720000000000017
476,1000,3.0,integrated,False,True,31.89381374040579,21.720000000000017
477,1000,3.0,integrated,False,True,31.77812794547592,21.720000000000017
478,1000,3.0,integrated,False,True,31.868222573449977,21.720000000000017
479,1000,3.0,integrated,False,True,31.865800995667083,21.720000000000017
480,1000,3.0,integrated,False,True,31.71447145213339,21.720000000000017
481,1000,3.0,integrated,False,True,31.90971963553251,21.720000000000017
482,1000,3.0,integrated,False,True,31.997127379364198,21.720000000000017
483,1000,3.0,integrated,False,True,32.060890371114674,21.720000000000017
484,1000,3.0,integrated,False,True,31.90251265753197,21.720000000000017
485,1000,3.0,integrated,False,True,31.96960951650543,21.720000000000017
486,1000,3.0,integrated,False,True,32.04885333745009,21.720000000000017
487,1000,3.0,integrated,False,True,31.894165208819917,21.720000000000017
488,1000,3.0,integrated,False,True,32.0432949163311,21.720000000000017
489,1000,3.0,integrated,False,True,31.944530364084414,21.720000000000017
490,1000,3.0,integrated,False,True,31.803814682688444,21.720000000000017
491,1000,3.0,integrated,False,True,31.956508500364755,21.720000000000017
492,1000,3.0,integrated,False,True,31.878199186358543,21.720000000000017
493,1000,3.0,integrated,False,True,31.840292772434537,21.720000000000017
494,1000,3.0,integrated,False,True,31.90774186793655,21.720000000000017
495,1000,3.0,integrated,False,True,31.899871351839238,21.720000000000017
496,1000,3.0,integrated,False,True,32.086028652300904,21.720000000000017
497,1000,3.0,integrated,False,True,31.79095969498031,21.720000000000017
498,1000,3.0,integrated,False,True,31.85006764677091,21.720000000000017
499,1000,3.0,integrated,False,True,31.89847860252227,21.720000000000017
500,1000,3.0,integrated,False,True,31.845833141645087,21.720000000000017
501,1000,3.0,integrated,False,True,31.9665405263937,21.720000000000017
502,1000,3.0,integrated,False,True,31.925844860206396,21.720000000000017
503,1000,3.0,integrated,False,True,31.848881060790305,21.720000000000017
504,1000,3.0,integrated,False,True,31.858816122112017,21.720000000000017
505,1000,3.0,integrated,False,True,31.864979736568152,21.720000000000017
506,1000,3.0,integrated,False,True,31.920210962663287,21.720000000000017
507,1000,3.0,integrated,False,True,31.940013336257767,21.720000000000017
508,1000,3.0,integrated,False,True,31.787629391830812,21.720000000000017
509,1000,3.0,integrated,False,True,31.921536963164073,21.720000000000017
510,1000,3.0,integrated,False,True,32.1354600722085,21.720000000000017
511,1000,3.0,integrated,False,True,31.917192338889862,21.720000000000017
512,1000,3.0,integrated,False,True,32.03663473463281,21.720000000000017
513,1000,3.0,integrated,False,True,31.734777695032697,21.720000000000017
514,1000,3.0,integrated,False,True,31.93137113760592,21.720000000000017
515,1000,3.0,integrated,False,True,31.77932323964254,21.720000000000017
516,1000,3.0,integrated,False,True,32.07749973255399,21.720000000000017
517,1000,3.0,integrated,False,True,31.96255276380223,21.720000000000017
518,1000,3.0,integrated,False,True,31.8691709068947,21.720000000000017
519,1000,3.0,integrated,False,True,31.874471608707253,21.720000000000017
520,1000,3.0,integrated,False,True,31.91478013832587,21.720000000000017
521,1000,3.0,integrated,False,True,31.951434905181877,21.720000000000017
522,1000,3.0,integrated,False,True,31.842532010046682,21.720000000000017
523,1000,3.0,integrated,False,True,31.91737738990404,21.720000000000017
524,1000,3.0,integrated,False,True,31.8068918169013,21.720000000000017
525,1000,3.0,integrated,False,True,31.8863251480554,21.720000000000017
526,1000,3.0,integrated,False,True,31.866782841031778,21.720000000000017
527,1000,3.0,integrated,False,True,31.81185709871233,21.720000000000017
528,1000,3.0,integrated,False,True,31.92896862112769,21.720000000000017
529,1000,3.0,integrated,False,True,32.01603170033559,21.720000000000017
530,1000,3.0,integrated,False,True,31.846812529084044,21.720000000000017
531,1000,3.0,integrated,False,True,31.97817051608694,21.720000000000017
532,1000,3.0,integrated,False,True,31.88221796497362,21.720000000000017
533,1000,3.0,integrated,False,True,31.939466592455886,21.720000000000017
534,1000,3.0,integrated,False,True,31.989477519012368,21.720000000000017
535,1000,3.0,integrated,False,True,32.03265735636701,21.720000000000017
536,1000,3.0,integrated,False,True,31.999005677721026,21.720000000000017
537,1000,3.0,integrated,False,True,31.898033146391562,21.720000000000017
538,1000,3.0,integrated,False,True,31.87307506143392,21.720000000000017
539,1000,3.0,integrated,False,True,31.8233807439584,21.720000000000017
540,1000,3.0,integrated,False,True,32.002706257462734,21.720000000000017
541,1000,3.0,integrated,False,True,31.891450164658266,21.720000000000017
542,1000,3.0,integrated,False,True,31.876402001409375,21.720000000000017
543,1000,3.0,integrated,False,True,31.793930083590407,21.720000000000017
544,1000,3.0,integrated,False,True,31.805333728576027,21.720000000000017
545,1000,3.0,integrated,False,True,31.891197642259677,21.720000000000017
546,1000,3.0,integrated,False,True,31.89865003582991,21.720000000000017
547,1000,3.0,integrated,False,True,32.07128255385493,21.720000000000017
548,1000,3.0,integrated,False,True,31.75763083564829,21.720000000000017
549,1000,3.0,integrated,False,True,32.10310392481837,21.720000000000017
550,1000,3.0,integrated,False,True,31.959059050406843,21.720000000000017
551,1000,3.0,integrated,False,True,31.978257701901775,21.720000000000017
552,1000,3.0,integrated,False,True,31.870376262760484,21.720000000000017
553,1000,3.0,integrated,False,True,31.94756646526664,21.720000000000017
554,1000,3.0,integrated,False,True,31.845373400628752,21.720000000000017
555,1000,3.0,integrated,False,True,31.799405029279967,21.720000000000017
556,1000,3.0,integrated,False,True,31.892784731840393,21.720000000000017
557,1000,3.0,integrated,False,True,31.95110726288608,21.720000000000017
558,1000,3.0,integrated,False,True,31.93917965105314,21.720000000000017
559,1000,3.0,integrated,False,True,31.85460701058699,21.720000000000017
560,1000,3.0,integrated,False,True,31.866659866664552,21.720000000000017
561,1000,3.0,integrated,False,True,31.902600331368973,21.720000000000017
562,1000,3.0,integrated,False,True,31.751376656113344,21.720000000000017
563,1000,3.0,integrated,False,True,32.09507489571156,21.720000000000017
564,1000,3.0,integrated,False,True,31.983754910206677,21.720000000000017
565,1000,3.0,integrated,False,True,31.946156462980838,21.720000000000017
566,1000,3.0,integrated,False,True,31.848105564583882,21.720000000000017
567,1000,3.0,integrated,False,True,31.863143352970106,21.720000000000017
568,1000,3.0,integrated,False,True,31.869689111611464,21.720000000000017
569,1000,3.0,integrated,False,True,31.908461910367556,21.720000000000017
570,1000,3.0,integrated,False,True,31.978973410464505,21.720000000000017
571,1000,3.0,integrated,False,True,31.953359832575256,21.720000000000017
572,1000,3.0,integrated,False,True,31.896093929848128,21.720000000000017
573,1000,3.0,integrated,False,True,31.97064084734353,21.720000000000017
574,1000,3.0,integrated,False,True,31.8714664326123,21.720000000000017
575,1000,3.0,integrated,False,True,31.864824357954774,21.720000000000017
576,1000,3.0,integrated,False,True,31.9399400717467,21.720000000000017
577,1000,3.0,integrated,False,True,31.805269452753624,21.720000000000017
578,1000,3.0,integrated,False,True,31.884657376104563,21.720000000000017
579,1000,3.0,integrated,False,True,31.896367873930558,21.720000000000017
580,1000,3.0,integrated,False,True,32.000199513153575,21.720000000000017
581,1000,3.0,integrated,False,True,32.01554414027877,21.720000000000017
582,1000,3.0,integrated,False,True,31.856416084991913,21.720000000000017
583,1000,3.0,integrated,False,True,31.993020554178436,21.720000000000017
584,1000,3.0,integrated,False,True,32.020516820736546,21.720000000000017
585,1000,3.0,integrated,False,True,31.89002860498865,21.720000000000017
586,1000,3.0,integrated,False,True,31.835580508134047,21.720000000000017
587,1000,3.0,integrated,False,True,31.96318780962941,21.720000000000017
588,1000,3.0,integrated,False,True,31.81956305327,21.720000000000017
589,1000,3.0,integrated,False,True,31.833524910435223,21.720000000000017
590,1000,3.0,integrated,False,True,31.88180204360175,21.720000000000017
591,1000,3.0,integrated,False,True,31.892423918874552,21.720000000000017
592,1000,3.0,integrated,False,True,32.048092088750366,21.720000000000017
593,1000,3.0,integrated,False,True,31.887067207418085,21.720000000000017
594,1000,3.0,integrated,False,True,32.01332801834628,21.720000000000017
595,1000,3.0,integrated,False,True,31.976991098271682,21.720000000000017
596,1000,3.0,integrated,False,True,31.96008729185978,21.720000000000017
597,1000,3.0,integrated,False,True,31.74814162735568,21.720000000000017
598,1000,3.0,integrated,False,True,31.823777788101307,21.720000000000017
599,1000,3.0,integrated,False,True,32.083369151862094,21.720000000000017
600,1000,3.0,integrated,False,True,31.92925626389333,21.720000000000017
601,1000,3.0,integrated,False,True,31.890701132032703,21.720000000000017
602,1000,3.0,integrated,False,True,31.996956825636428,21.720000000000017
603,1000,3.0,integrated,False,True,31.855074396024825,21.720000000000017
604,1000,3.0,integrated,False,True,31.987788322846704,21.720000000000017
605,1000,3.0,integrated,False,True,31.953620542900712,21.720000000000017
606,1000,3.0,integrated,False,True,31.84932950641395,21.720000000000017
607,1000,3.0,integrated,False,True,32.00199921019407,21.720000000000017
608,1000,3.0,integrated,False,True,31.90327626758965,21.720000000000017
609,1000,3.0,integrated,False,True,32.05862343921826,21.720000000000017
610,1000,3.0,integrated,False,True,32.015839555526405,21.720000000000017
611,1000,3.0,integrated,False,True,31.813146127404107,21.720000000000017
612,1000,3.0,integrated,False,True,31.781630015985883,21.720000000000017
613,1000,3.0,integrated,False,True,31.953994492989032,21.720000000000017
614,1000,3.0,integrated,False,True,31.98668795553243,21.720000000000017
615,1000,3.0,integrated,False,True,31.816109022023827,21.720000000000017
616,1000,3.0,integrated,False,True,31.971874325353454,21.720000000000017
617,1000,3.0,integrated,False,True,31.98843050272474,21.720000000000017
618,1000,3.0,integrated,False,True,31.866450621016224,21.720000000000017
619,1000,3.0,integrated,False,True,31.848141656354343,21.720000000000017
620,1000,3.0,integrated,False,True,32.021939141533615,21.720000000000017
621,1000,3.0,integrated,False,True,31.93404254745549,21.720000000000017
622,1000,3.0,integrated,False,True,31.940236369905357,21.720000000000017
623,1000,3.0,integrated,False,True,31.865519933296483,21.720000000000017
624,1000,3.0,integrated,False,True,31.922576351235534,21.720000000000017
625,1000,3.0,integrated,False,True,31.907073770454993,21.720000000000017
626,1000,3.0,integrated,False,True,31.94029176175095,21.720000000000017
627,1000,3.0,integrated,False,True,31.89404151065549,21.720000000000017
628,1000,3.0,integrated,False,True,31.842881640784295,21.720000000000017
629,1000,3.0,integrated,False,True,31.86081338773458,21.720000000000017
630,1000,3.0,integrated,False,True,31.866178858625787,21.720000000000017
631,1000,3.0,integrated,False,True,31.933714628857643,21.720000000000017
632,1000,3.0,integrated,False,True,32.02884465455995,21.720000000000017
633,1000,3.0,integrated,False,True,31.946519670033446,21.720000000000017
634,1000,3.0,integrated,False,True,31.893162245742612,21.720000000000017
635,1000,3.0,integrated,False,True,31.874416388508195,21.720000000000017
636,1000,3.0,integrated,False,True,32.04467453870572,21.720000000000017
637,1000,3.0,integrated,False,True,31.899677760530693,21.720000000000017
638,1000,3.0,integrated,False,True,31.843322792692206,21.720000000000017
639,1000,3.0,integrated,False,True,31.857656252598787,21.720000000000017
640,1000,3.0,integrated,False,True,31.76699615516422,21.720000000000017
641,1000,3.0,integrated,False,True,31.85962540768223,21.720000000000017
642,1000,3.0,integrated,False,True,32.21687338350627,21.720000000000017
643,1000,3.0,integrated,False,True,31.753880503206865,21.720000000000017
644,1000,3.0,integrated,False,True,31.832532691343467,21.720000000000017
645,1000,3.0,integrated,False,True,31.911602644641114,21.720000000000017
646,1000,3.0,integrated,False,True,32.11202277474806,21.720000000000017
647,1000,3.0,integrated,False,True,32.01559807225378,21.720000000000017
648,1000,3.0,integrated,False,True,32.05426108603952,21.720000000000017
649,1000,3.0,integrated,False,True,31.997819810284565,21.720000000000017
650,1000,3.0,integrated,False,True,31.917117157652413,21.720000000000017
651,1000,3.0,integrated,False,True,32.10209748172615,21.720000000000017
652,1000,3.0,integrated,False,True,31.977890328403525,21.720000000000017
653,1000,3.0,integrated,False,True,31.914256506641852,21.720000000000017
654,1000,3.0,integrated,False,True,31.953745847649728,21.720000000000017
655,1000,3.0,integrated,False,True,31.84862534563451,21.720000000000017
656,1000,3.0,integrated,False,True,31.833280792380357,21.720000000000017
657,1000,3.0,integrated,False,True,31.940358556458822,21.720000000000017
658,1000,3.0,integrated,False,True,31.926246608375,21.720000000000017
659,1000,3.0,integrated,False,True,31.821046964705175,21.720000000000017
660,1000,3.0,integrated,False,True,32.019958341975084,21.720000000000017
661,1000,3.0,integrated,False,True,31.81767094797958,21.720000000000017
662,1000,3.0,integrated,False,True,31.76590423159689,21.720000000000017
663,1000,3.0,integrated,False,True,31.805252021095484,21.720000000000017
664,1000,3.0,integrated,False,True,31.91923186400298,21.720000000000017
665,1000,3.0,integrated,False,True,31.9249099719706,21.720000000000017
666,1000,3.0,integrated,False,True,31.72064021583026,21.720000000000017
667,1000,3.0,integrated,False,True,31.961695932685373,21.720000000000017
668,1000,3.0,integrated,False,True,31.874638282525638,21.720000000000017
669,1000,3.0,integrated,False,True,31.942427981513553,21.720000000000017
670,1000,3.0,integrated,False,True,32.013975921142936,21.720000000000017
671,1000,3.0,integrated,False,True,31.938583810193975,21.720000000000017
672,1000,3.0,integrated,False,True,31.84751104767995,21.720000000000017
673,1000,3.0,integrated,False,True,31.84666009623256,21.720000000000017
674,1000,3.0,integrated,False,True,31.888496026090493,21.720000000000017
675,1000,3.0,integrated,False,True,31.802935604775186,21.720000000000017
676,1000,3.0,integrated,False,True,31.86618485701726,21.720000000000017
677,1000,3.0,integrated,False,True,31.976056237791443,21.720000000000017
678,1000,3.0,integrated,False,True,31.928410052704066,21.720000000000017
679,1000,3.0,integrated,False,True,31.91316999900622,21.720000000000017
680,1000,3.0,integrated,False,True,31.831443937115782,21.720000000000017
681,1000,3.0,integrated,False,True,31.91704799212703,21.720000000000017
682,1000,3.0,integrated,False,True,31.925956623999415,21.720000000000017
683,1000,3.0,integrated,False,True,31.804849519870906,21.720000000000017
684,1000,3.0,integrated,False,True,31.879405408318185,21.720000000000017
685,1000,3.0,integrated,False,True,31.994089544694567,21.720000000000017
686,1000,3.0,integrated,False,True,31.90445380098599,21.720000000000017
687,1000,3.0,integrated,False,True,32.00587987808778,21.720000000000017
688,1000,3.0,integrated,False,True,31.9687510627487,21.720000000000017
689,1000,3.0,integrated,False,True,31.917195767108574,21.720000000000017
690,1000,3.0,integrated,False,True,31.884313702310912,21.720000000000017
691,1000,3.0,integrated,False,True,31.95505104684884,21.720000000000017
692,1000,3.0,integrated,False,True,31.833680990199767,21.720000000000017
693,1000,3.0,integrated,False,True,31.8922797138367,21.720000000000017
694,1000,3.0,integrated,False,True,31.7533986552538,21.720000000000017
695,1000,3.0,integrated,False,True,32.02984144981177,21.720000000000017
696,1000,3.0,integrated,False,True,31.7671603566263,21.720000000000017
697,1000,3.0,integrated,False,True,31.837260903783683,21.720000000000017
698,1000,3.0,integrated,False,True,32.120220399296926,21.720000000000017
699,1000,3.0,integrated,False,True,32.13563897978757,21.720000000000017
700,1000,3.0,integrated,False,True,31.90998377543823,21.720000000000017
701,1000,3.0,integrated,False,True,32.063737976589145,21.720000000000017
702,1000,3.0,integrated,False,True,31.84494377463949,21.720000000000017
703,1000,3.0,integrated,False,True,32.12229234883246,21.720000000000017
704,1000,3.0,integrated,False,True,32.04133871179122,21.720000000000017
705,1000,3.0,integrated,False,True,31.801966500193444,21.720000000000017
706,1000,3.0,integrated,False,True,31.825306419353883,21.720000000000017
707,1000,3.0,integrated,False,True,31.91693620289601,21.720000000000017
708,1000,3.0,integrated,False,True,31.884388650929516,21.720000000000017
709,1000,3.0,integrated,False,True,31.933118643610882,21.720000000000017
710,1000,3.0,integrated,False,True,31.96142291461132,21.720000000000017
711,1000,3.0,integrated,False,True,31.849576823586293,21.720000000000017
712,1000,3.0,integrated,False,True,32.00612128292667,21.720000000000017
713,1000,3.0,integrated,False,True,31.955857998311103,21.720000000000017
714,1000,3.0,integrated,False,True,31.98919162505942,21.720000000000017
715,1000,3.0,integrated,False,True,32.01367113501887,21.720000000000017
716,1000,3.0,integrated,False,True,31.807362112949193,21.720000000000017
717,1000,3.0,integrated,False,True,31.97015295712078,21.720000000000017
718,1000,3.0,integrated,False,True,31.926883947926846,21.720000000000017
719,1000,3.0,integrated,False,True,31.87627003198726,21.720000000000017
720,1000,3.0,integrated,False,True,31.958858151893033,21.720000000000017
721,1000,3.0,integrated,False,True,31.809251142547105,21.720000000000017
722,1000,3.0,integrated,False,True,31.90717576743075,21.720000000000017
723,1000,3.0,integrated,False,True,32.018001532488626,21.720000000000017
724,1000,3.0,integrated,False,True,31.969282066299556,21.720000000000017
725,1000,3.0,integrated,False,True,31.745062819603454,21.720000000000017
726,1000,3.0,integrated,False,True,31.952107237464617,21.720000000000017
727,1000,3.0,integrated,False,True,31.990807097040204,21.720000000000017
728,1000,3.0,integrated,False,True,31.9014708269614,21.720000000000017
729,1000,3.0,integrated,False,True,31.84785964067593,21.720000000000017
730,1000,3.0,integrated,False,True,32.00128996699317,21.720000000000017
731,1000,3.0,integrated,False,True,31.845382236131723,21.720000000000017
732,1000,3.0,integrated,False,True,32.078147170984685,21.720000000000017
733,1000,3.0,integrated,False,True,32.04219717556691,21.720000000000017
734,1000,3.0,integrated,False,True,31.808370658795972,21.720000000000017
735,1000,3.0,integrated,False,True,31.80754183455568,21.720000000000017
736,1000,3.0,integrated,False,True,31.80683687743243,21.720000000000017
737,1000,3.0,integrated,False,True,31.99493787331454,21.720000000000017
738,1000,3.0,integrated,False,True,32.11540149607007,21.720000000000017
739,1000,3.0,integrated,False,True,31.850381319397947,21.720000000000017
740,1000,3.0,integrated,False,True,31.90996777130722,21.720000000000017
741,1000,3.0,integrated,False,True,31.76854363920011,21.720000000000017
742,1000,3.0,integrated,False,True,31.901492981619562,21.720000000000017
743,1000,3.0,integrated,False,True,31.912631418236508,21.720000000000017
744,1000,3.0,integrated,False,True,31.954484645612602,21.720000000000017
745,1000,3.0,integrated,False,True,31.89960968291861,21.720000000000017
746,1000,3.0,integrated,False,True,31.661326773552776,21.720000000000017
747,1000,3.0,integrated,False,True,31.93056930558302,21.720000000000017
748,1000,3.0,integrated,False,True,31.906518333872192,21.720000000000017
749,1000,3.0,integrated,False,True,31.85892052077715,21.720000000000017
750,1000,3.0,integrated,False,True,31.836843929298986,21.720000000000017
751,1000,3.0,integrated,False,True,31.83534201552509,21.720000000000017
752,1000,3.0,integrated,False,True,32.07562415082647,21.720000000000017
753,1000,3.0,integrated,False,True,31.893011774419918,21.720000000000017
754,1000,3.0,integrated,False,True,31.851936959481165,21.720000000000017
755,1000,3.0,integrated,False,True,31.799395411338512,21.720000000000017
756,1000,3.0,integrated,False,True,32.099745148649205,21.720000000000017
757,1000,3.0,integrated,False,True,32.02587241654505,21.720000000000017
758,1000,3.0,integrated,False,True,31.839280066939722,21.720000000000017
759,1000,3.0,integrated,False,True,31.920172620200987,21.720000000000017
760,1000,3.0,integrated,False,True,32.03320267904438,21.720000000000017
761,1000,3.0,integrated,False,True,31.94101355334896,21.720000000000017
762,1000,3.0,integrated,False,True,31.885200446475935,21.720000000000017
763,1000,3.0,integrated,False,True,32.027708120961364,21.720000000000017
764,1000,3.0,integrated,False,True,31.92116524069882,21.720000000000017
765,1000,3.0,integrated,False,True,31.81482981927887,21.720000000000017
766,1000,3.0,integrated,False,True,31.804848282979357,21.720000000000017
767,1000,3.0,integrated,False,True,31.92821796224469,21.720000000000017
768,1000,3.0,integrated,False,True,31.92337229640813,21.720000000000017
769,1000,3.0,integrated,False,True,31.968671750890664,21.720000000000017
770,1000,3.0,integrated,False,True,31.910561932969593,21.720000000000017
771,1000,3.0,integrated,False,True,31.968173793911056,21.720000000000017
772,1000,3.0,integrated,False,True,31.97872990289149,21.720000000000017
773,1000,3.0,integrated,False,True,31.967707236944847,21.720000000000017
774,1000,3.0,integrated,False,True,31.90467841970772,21.720000000000017
775,1000,3.0,integrated,False,True,31.843713761122054,21.720000000000017
776,1000,3.0,integrated,False,True,32.139947530774734,21.720000000000017
777,1000,3.0,integrated,False,True,31.764142737065782,21.720000000000017
778,1000,3.0,integrated,False,True,31.880873621206547,21.720000000000017
779,1000,3.0,integrated,False,True,31.711648892438067,21.720000000000017
780,1000,3.0,integrated,False,True,31.968445737564732,21.720000000000017
781,1000,3.0,integrated,False,True,32.00103710309449,21.720000000000017
782,1000,3.0,integrated,False,True,31.82319542255352,21.720000000000017
783,1000,3.0,integrated,False,True,31.866670468819656,21.720000000000017
784,1000,3.0,integrated,False,True,32.005845262898845,21.720000000000017
785,1000,3.0,integrated,False,True,31.918054352758382,21.720000000000017
786,1000,3.0,integrated,False,True,32.032149552343675,21.720000000000017
787,1000,3.0,integrated,False,True,31.99557477646536,21.720000000000017
788,1000,3.0,integrated,False,True,32.039725560630586,21.720000000000017
789,1000,3.0,integrated,False,True,31.933627109345665,21.720000000000017
790,1000,3.0,integrated,False,True,32.01057854159828,21.720000000000017
791,1000,3.0,integrated,False,True,31.851746785257433,21.720000000000017
792,1000,3.0,integrated,False,True,31.924123334213938,21.720000000000017
793,1000,3.0,integrated,False,True,31.715039511845724,21.720000000000017
794,1000,3.0,integrated,False,True,31.956279508766656,21.720000000000017
795,1000,3.0,integrated,False,True,31.973421686054547,21.720000000000017
796,1000,3.0,integrated,False,True,32.133360144211764,21.720000000000017
797,1000,3.0,integrated,False,True,31.971127300971254,21.720000000000017
798,1000,3.0,integrated,False,True,31.870043058916515,21.720000000000017
799,1000,3.0,integrated,False,True,31.817332990665253,21.720000000000017
800,1000,3.0,integrated,False,True,31.8548993005174,21.720000000000017
801,1000,3.0,integrated,False,True,31.716007624028595,21.720000000000017
802,1000,3.0,integrated,False,True,31.937007783768106,21.720000000000017
803,1000,3.0,integrated,False,True,32.02477943174443,21.720000000000017
804,1000,3.0,integrated,False,True,31.852188797713602,21.720000000000017
805,1000,3.0,integrated,False,True,31.902839412547014,21.720000000000017
806,1000,3.0,integrated,False,True,31.8130134507321,21.720000000000017
807,1000,3.0,integrated,False,True,31.747147585702383,21.720000000000017
808,1000,3.0,integrated,False,True,31.99772264037371,21.720000000000017
809,1000,3.0,integrated,False,True,31.83797288464801,21.720000000000017
810,1000,3.0,integrated,False,True,31.84075615901667,21.720000000000017
811,1000,3.0,integrated,False,True,31.883725608498835,21.720000000000017
812,1000,3.0,integrated,False,True,32.07057648664498,21.720000000000017
813,1000,3.0,integrated,False,True,31.7511862618193,21.720000000000017
814,1000,3.0,integrated,False,True,32.10545797800493,21.720000000000017
815,1000,3.0,integrated,False,True,31.794014862931817,21.720000000000017
816,1000,3.0,integrated,False,True,31.820485518395422,21.720000000000017
817,1000,3.0,integrated,False,True,31.908864148877726,21.720000000000017
818,1000,3.0,integrated,False,True,31.834464227901563,21.720000000000017
819,1000,3.0,integrated,False,True,31.883576528539038,21.720000000000017
820,1000,3.0,integrated,False,True,31.808045507126508,21.720000000000017
821,1000,3.0,integrated,False,True,31.928548129587398,21.720000000000017
822,1000,3.0,integrated,False,True,31.837990089577985,21.720000000000017
823,1000,3.0,integrated,False,True,31.80309407091501,21.720000000000017
824,1000,3.0,integrated,False,True,31.808012221362358,21.720000000000017
825,1000,3.0,integrated,False,True,31.820324599280298,21.720000000000017
826,1000,3.0,integrated,False,True,31.80019020028419,21.720000000000017
827,1000,3.0,integrated,False,True,31.83317522306026,21.720000000000017
828,1000,3.0,integrated,False,True,31.762090534033796,21.720000000000017
829,1000,3.0,integrated,False,True,31.94013467977764,21.720000000000017
830,1000,3.0,integrated,False,True,31.95251087371438,21.720000000000017
831,1000,3.0,integrated,False,True,31.74410942371952,21.720000000000017
832,1000,3.0,integrated,False,True,31.744034563409976,21.720000000000017
833,1000,3.0,integrated,False,True,31.913768930775127,21.720000000000017
834,1000,3.0,integrated,False,True,32.07988425379997,21.720000000000017
835,1000,3.0,integrated,False,True,32.118580880628286,21.720000000000017
836,1000,3.0,integrated,False,True,32.009476304675104,21.720000000000017
837,1000,3.0,integrated,False,True,31.738759473863514,21.720000000000017
838,1000,3.0,integrated,False,True,32.104759811589375,21.720000000000017
839,1000,3.0,integrated,False,True,31.980858017947817,21.720000000000017
840,1000,3.0,integrated,False,True,31.86736854631812,21.720000000000017
841,1000,3.0,integrated,False,True,32.049390098620876,21.720000000000017
842,1000,3.0,integrated,False,True,31.995203495469,21.720000000000017
843,1000,3.0,integrated,False,True,31.955635860784177,21.720000000000017
844,1000,3.0,integrated,False,True,31.773637036974343,21.720000000000017
845,1000,3.0,integrated,False,True,31.865519284904355,21.720000000000017
846,1000,3.0,integrated,False,True,31.938554890955764,21.720000000000017
847,1000,3.0,integrated,False,True,31.79274902616221,21.720000000000017
848,1000,3.0,integrated,False,True,31.889542477859806,21.720000000000017
849,1000,3.0,integrated,False,True,31.793282952038936,21.720000000000017
850,1000,3.0,integrated,False,True,31.84701026072024,21.720000000000017
851,1000,3.0,integrated,False,True,32.0349224036827,21.720000000000017
852,1000,3.0,integrated,False,True,31.898249478832447,21.720000000000017
853,1000,3.0,integrated,False,True,31.915702651668237,21.720000000000017
854,1000,3.0,integrated,False,True,31.866249896007787,21.720000000000017
855,1000,3.0,integrated,False,True,31.932324803755037,21.720000000000017
856,1000,3.0,integrated,False,True,31.850712255210002,21.720000000000017
857,1000,3.0,integrated,False,True,31.9468519003492,21.720000000000017
858,1000,3.0,integrated,False,True,31.97714605761911,21.720000000000017
859,1000,3.0,integrated,False,True,32.023366943691364,21.720000000000017
860,1000,3.0,integrated,False,True,31.978680326450103,21.720000000000017
861,1000,3.0,integrated,False,True,31.939707051153714,21.720000000000017
862,1000,3.0,integrated,False,True,31.82815101794209,21.720000000000017
863,1000,3.0,integrated,False,True,31.910283512830702,21.720000000000017
864,1000,3.0,integrated,False,True,31.898149592206458,21.720000000000017
865,1000,3.0,integrated,False,True,32.0453877944781,21.720000000000017
866,1000,3.0,integrated,False,True,31.947482111397825,21.720000000000017
867,1000,3.0,integrated,False,True,31.882588707980272,21.720000000000017
868,1000,3.0,integrated,False,True,32.037018923615136,21.720000000000017
869,1000,3.0,integrated,False,True,31.77406007430984,21.720000000000017
870,1000,3.0,integrated,False,True,31.90690207033505,21.720000000000017
871,1000,3.0,integrated,False,True,31.90367829994844,21.720000000000017
872,1000,3.0,integrated,False,True,31.929989673942384,21.720000000000017
873,1000,3.0,integrated,False,True,31.917762685842987,21.720000000000017
874,1000,3.0,integrated,False,True,32.003805630650476,21.720000000000017
875,1000,3.0,integrated,False,True,31.900124453963166,21.720000000000017
876,1000,3.0,integrated,False,True,31.937191203656344,21.720000000000017
877,1000,3.0,integrated,False,True,31.912770998766028,21.720000000000017
878,1000,3.0,integrated,False,True,32.02135916711408,21.720000000000017
879,1000,3.0,integrated,False,True,31.849978162892278,21.720000000000017
880,1000,3.0,integrated,False,True,31.847226732784545,21.720000000000017
881,1000,3.0,integrated,False,True,31.853773106312907,21.720000000000017
882,1000,3.0,integrated,False,True,31.879229523436667,21.720000000000017
883,1000,3.0,integrated,False,True,31.984882595937655,21.720000000000017
884,1000,3.0,integrated,False,True,31.930383313642757,21.720000000000017
885,1000,3.0,integrated,False,True,31.93119814821582,21.720000000000017
886,1000,3.0,integrated,False,True,31.976183560718876,21.720000000000017
887,1000,3.0,integrated,False,True,31.931485906527808,21.720000000000017
888,1000,3.0,integrated,False,True,31.934064320483117,21.720000000000017
889,1000,3.0,integrated,False,True,32.05742494023754,21.720000000000017
890,1000,3.0,integrated,False,True,31.999949938988614,21.720000000000017
891,1000,3.0,integrated,False,True,31.97850930303931,21.720000000000017
892,1000,3.0,integrated,False,True,31.821622922438976,21.720000000000017
893,1000,3.0,integrated,False,True,31.854392970649272,21.720000000000017
894,1000,3.0,integrated,False,True,31.844385198972105,21.720000000000017
895,1000,3.0,integrated,False,True,31.782551540161684,21.720000000000017
896,1000,3.0,integrated,False,True,31.780567781840904,21.720000000000017
897,1000,3.0,integrated,False,True,32.01649414835927,21.720000000000017
898,1000,3.0,integrated,False,True,31.853000862404425,21.720000000000017
899,1000,3.0,integrated,False,True,31.951660051038154,21.720000000000017
900,1000,3.0,integrated,False,True,31.774775619044853,21.720000000000017
901,1000,3.0,integrated,False,True,31.843373618125412,21.720000000000017
902,1000,3.0,integrated,False,True,31.911447335181457,21.720000000000017
903,1000,3.0,integrated,False,True,31.86982388029407,21.720000000000017
904,1000,3.0,integrated,False,True,32.004303364499734,21.720000000000017
905,1000,3.0,integrated,False,True,31.909654668805565,21.720000000000017
906,1000,3.0,integrated,False,True,31.998578948917405,21.720000000000017
907,1000,3.0,integrated,False,True,31.88745427684079,21.720000000000017
908,1000,3.0,integrated,False,True,32.025371439413675,21.720000000000017
909,1000,3.0,integrated,False,True,32.02891802411825,21.720000000000017
910,1000,3.0,integrated,False,True,31.93694277853588,21.720000000000017
911,1000,3.0,integrated,False,True,31.745054348720323,21.720000000000017
912,1000,3.0,integrated,False,True,32.03561140637031,21.720000000000017
913,1000,3.0,integrated,False,True,31.943040519520526,21.720000000000017
914,1000,3.0,integrated,False,True,31.920294008186353,21.720000000000017
915,1000,3.0,integrated,False,True,31.918906364902575,21.720000000000017
916,1000,3.0,integrated,False,True,31.890733677548646,21.720000000000017
917,1000,3.0,integrated,False,True,31.946288248130976,21.720000000000017
918,1000,3.0,integrated,False,True,31.914338982937558,21.720000000000017
919,1000,3.0,integrated,False,True,31.96932098143501,21.720000000000017
920,1000,3.0,integrated,False,True,31.947315220140904,21.720000000000017
921,1000,3.0,integrated,False,True,31.85763210555562,21.720000000000017
922,1000,3.0,integrated,False,True,31.894880561535295,21.720000000000017
923,1000,3.0,integrated,False,True,32.05209166115225,21.720000000000017
924,1000,3.0,integrated,False,True,31.977549128698392,21.720000000000017
925,1000,3.0,integrated,False,True,31.846895823357507,21.720000000000017
926,1000,3.0,integrated,False,True,31.94100663999965,21.720000000000017
927,1000,3.0,integrated,False,True,31.96402347672639,21.720000000000017
928,1000,3.0,integrated,False,True,31.863836054397744,21.720000000000017
929,1000,3.0,integrated,False,True,31.881855342877238,21.720000000000017
930,1000,3.0,integrated,False,True,31.809871204082608,21.720000000000017
931,1000,3.0,integrated,False,True,31.899639100960012,21.720000000000017
932,1000,3.0,integrated,False,True,31.965874074036584,21.720000000000017
933,1000,3.0,integrated,False,True,32.056394642957656,21.720000000000017
934,1000,3.0,integrated,False,True,31.9687299935026,21.720000000000017
935,1000,3.0,integrated,False,True,32.09821836055738,21.720000000000017
936,1000,3.0,integrated,False,True,31.856608537610914,21.720000000000017
937,1000,3.0,integrated,False,True,31.857344657079643,21.720000000000017
938,1000,3.0,integrated,False,True,31.867448369988807,21.720000000000017
939,1000,3.0,integrated,False,True,31.913773372873063,21.720000000000017
940,1000,3.0,integrated,False,True,32.017562934907374,21.720000000000017
941,1000,3.0,integrated,False,True,31.71249545401136,21.720000000000017
942,1000,3.0,integrated,False,True,31.999585057118352,21.720000000000017
943,1000,3.0,integrated,False,True,31.872459231786607,21.720000000000017
944,1000,3.0,integrated,False,True,31.85303702370202,21.720000000000017
945,1000,3.0,integrated,False,True,31.734694965665994,21.720000000000017
946,1000,3.0,integrated,False,True,31.83219274350778,21.720000000000017
947,1000,3.0,integrated,False,True,31.822800934709413,21.720000000000017
948,1000,3.0,integrated,False,True,31.86983571864537,21.720000000000017
949,1000,3.0,integrated,False,True,31.772106781223883,21.720000000000017
950,1000,3.0,integrated,False,True,31.745333720643806,21.720000000000017
951,1000,3.0,integrated,False,True,32.00028349111321,21.720000000000017
952,1000,3.0,integrated,False,True,31.851163560591505,21.720000000000017
953,1000,3.0,integrated,False,True,31.95004414637891,21.720000000000017
954,1000,3.0,integrated,False,True,31.946083350261823,21.720000000000017
955,1000,3.0,integrated,False,True,31.824330399607323,21.720000000000017
956,1000,3.0,integrated,False,True,31.75924146577689,21.720000000000017
957,1000,3.0,integrated,False,True,31.938939866738544,21.720000000000017
958,1000,3.0,integrated,False,True,32.0411334147122,21.720000000000017
959,1000,3.0,integrated,False,True,31.86550431669403,21.720000000000017
960,1000,3.0,integrated,False,True,32.06217203753975,21.720000000000017
961,1000,3.0,integrated,False,True,31.840669985912903,21.720000000000017
962,1000,3.0,integrated,False,True,31.846366673740913,21.720000000000017
963,1000,3.0,integrated,False,True,31.816952801077456,21.720000000000017
964,1000,3.0,integrated,False,True,31.80681324435522,21.720000000000017
965,1000,3.0,integrated,False,True,31.754977374540424,21.720000000000017
966,1000,3.0,integrated,False,True,31.892739729769623,21.720000000000017
967,1000,3.0,integrated,False,True,32.13386877745815,21.720000000000017
968,1000,3.0,integrated,False,True,31.927798558734168,21.720000000000017
969,1000,3.0,integrated,False,True,31.950447432367355,21.720000000000017
970,1000,3.0,integrated,False,True,31.982015906116132,21.720000000000017
971,1000,3.0,integrated,False,True,31.903018982493776,21.720000000000017
972,1000,3.0,integrated,False,True,31.8310016874426,21.720000000000017
973,1000,3.0,integrated,False,True,31.86354229632093,21.720000000000017
974,1000,3.0,integrated,False,True,32.07619031026351,21.720000000000017
975,1000,3.0,integrated,False,True,32.01352768468395,21.720000000000017
976,1000,3.0,integrated,False,True,31.921358429115255,21.720000000000017
977,1000,3.0,integrated,False,True,32.073307000906,21.720000000000017
978,1000,3.0,integrated,False,True,32.02372912827326,21.720000000000017
979,1000,3.0,integrated,False,True,31.81580972499948,21.720000000000017
980,1000,3.0,integrated,False,True,31.97539574496101,21.720000000000017
981,1000,3.0,integrated,False,True,31.997597653790873,21.720000000000017
982,1000,3.0,integrated,False,True,31.998850811363376,21.720000000000017
983,1000,3.0,integrated,False,True,31.872296767269912,21.720000000000017
984,1000,3.0,integrated,False,True,31.839643000883598,21.720000000000017
985,1000,3.0,integrated,False,True,31.69913859701453,21.720000000000017
986,1000,3.0,integrated,False,True,31.86270815110695,21.720000000000017
987,1000,3.0,integrated,False,True,32.02218687272361,21.720000000000017
988,1000,3.0,integrated,False,True,31.944573123357102,21.720000000000017
989,1000,3.0,integrated,False,True,31.765428858166615,21.720000000000017
990,1000,3.0,integrated,False,True,31.845898410005773,21.720000000000017
991,1000,3.0,integrated,False,True,31.881460900127962,21.720000000000017
992,1000,3.0,integrated,False,True,32.0419119588648,21.720000000000017
993,1000,3.0,integrated,False,True,31.85510043644628,21.720000000000017
994,1000,3.0,integrated,False,True,31.810888309350936,21.720000000000017
995,1000,3.0,integrated,False,True,31.981035688632286,21.720000000000017
996,1000,3.0,integrated,False,True,32.16547929652354,21.720000000000017
997,1000,3.0,integrated,False,True,31.80737400853656,21.720000000000017
998,1000,3.0,integrated,False,True,31.822708738356408,21.720000000000017
999,1000,3.0,integrated,False,True,31.841472062200687,21.720000000000017
0,3000,3.4771212547196626,integrated,False,True,30.815829571063304,21.720000000000017
1,3000,3.4771212547196626,integrated,False,True,30.806168859555584,21.720000000000017
2,3000,3.4771212547196626,integrated,False,True,30.82030919368035,21.720000000000017
3,3000,3.4771212547196626,integrated,False,True,30.70170555528295,21.720000000000017
4,3000,3.4771212547196626,integrated,False,True,30.812769905499486,21.720000000000017
5,3000,3.4771212547196626,integrated,False,True,30.82160710702508,21.720000000000017
6,3000,3.4771212547196626,integrated,False,True,30.920837109261072,21.720000000000017
7,3000,3.4771212547196626,integrated,False,True,30.831110443270394,21.720000000000017
8,3000,3.4771212547196626,integrated,False,True,30.715564159590063,21.720000000000017
9,3000,3.4771212547196626,integrated,False,True,30.80591343381041,21.720000000000017
10,3000,3.4771212547196626,integrated,False,True,30.73325787189879,21.720000000000017
11,3000,3.4771212547196626,integrated,False,True,30.747670039464168,21.720000000000017
12,3000,3.4771212547196626,integrated,False,True,30.828967808416106,21.720000000000017
13,3000,3.4771212547196626,integrated,False,True,30.738886597519407,21.720000000000017
14,3000,3.4771212547196626,integrated,False,True,30.76304495408316,21.720000000000017
15,3000,3.4771212547196626,integrated,False,True,30.845487987157682,21.720000000000017
16,3000,3.4771212547196626,integrated,False,True,30.722905005770865,21.720000000000017
17,3000,3.4771212547196626,integrated,False,True,30.756081477885957,21.720000000000017
18,3000,3.4771212547196626,integrated,False,True,30.691734888798532,21.720000000000017
19,3000,3.4771212547196626,integrated,False,True,30.793387881588394,21.720000000000017
20,3000,3.4771212547196626,integrated,False,True,30.778508642409324,21.720000000000017
21,3000,3.4771212547196626,integrated,False,True,30.810017607116876,21.720000000000017
22,3000,3.4771212547196626,integrated,False,True,30.72296843799861,21.720000000000017
23,3000,3.4771212547196626,integrated,False,True,30.716747360647624,21.720000000000017
24,3000,3.4771212547196626,integrated,False,True,30.71193393690404,21.720000000000017
25,3000,3.4771212547196626,integrated,False,True,30.838368031718858,21.720000000000017
26,3000,3.4771212547196626,integrated,False,True,30.73770544508593,21.720000000000017
27,3000,3.4771212547196626,integrated,False,True,30.705100569936278,21.720000000000017
28,3000,3.4771212547196626,integrated,False,True,30.76535706333894,21.720000000000017
29,3000,3.4771212547196626,integrated,False,True,30.803081513857723,21.720000000000017
30,3000,3.4771212547196626,integrated,False,True,30.760719444184204,21.720000000000017
31,3000,3.4771212547196626,integrated,False,True,30.7769143967562,21.720000000000017
32,3000,3.4771212547196626,integrated,False,True,30.77628810931394,21.720000000000017
33,3000,3.4771212547196626,integrated,False,True,30.77138864734637,21.720000000000017
34,3000,3.4771212547196626,integrated,False,True,30.835452301087408,21.720000000000017
35,3000,3.4771212547196626,integrated,False,True,30.81526256691743,21.720000000000017
36,3000,3.4771212547196626,integrated,False,True,30.84530248072031,21.720000000000017
37,3000,3.4771212547196626,integrated,False,True,30.765707090106737,21.720000000000017
38,3000,3.4771212547196626,integrated,False,True,30.73508072450766,21.720000000000017
39,3000,3.4771212547196626,integrated,False,True,30.81153834845876,21.720000000000017
40,3000,3.4771212547196626,integrated,False,True,30.708453941038893,21.720000000000017
41,3000,3.4771212547196626,integrated,False,True,30.85716060134564,21.720000000000017
42,3000,3.4771212547196626,integrated,False,True,30.735933396281325,21.720000000000017
43,3000,3.4771212547196626,integrated,False,True,30.803987164786697,21.720000000000017
44,3000,3.4771212547196626,integrated,False,True,30.874546580942983,21.720000000000017
45,3000,3.4771212547196626,integrated,False,True,30.723880725401294,21.720000000000017
46,3000,3.4771212547196626,integrated,False,True,30.776555181030773,21.720000000000017
47,3000,3.4771212547196626,integrated,False,True,30.745506454390814,21.720000000000017
48,3000,3.4771212547196626,integrated,False,True,30.742927316215244,21.720000000000017
49,3000,3.4771212547196626,integrated,False,True,30.760037095361476,21.720000000000017
50,3000,3.4771212547196626,integrated,False,True,30.707649362139833,21.720000000000017
51,3000,3.4771212547196626,integrated,False,True,30.744094886073896,21.720000000000017
52,3000,3.4771212547196626,integrated,False,True,30.7483991575764,21.720000000000017
53,3000,3.4771212547196626,integrated,False,True,30.843082590279348,21.720000000000017
54,3000,3.4771212547196626,integrated,False,True,30.741459713922257,21.720000000000017
55,3000,3.4771212547196626,integrated,False,True,30.67764807616129,21.720000000000017
56,3000,3.4771212547196626,integrated,False,True,30.705897512697995,21.720000000000017
57,3000,3.4771212547196626,integrated,False,True,30.85498928441214,21.720000000000017
58,3000,3.4771212547196626,integrated,False,True,30.742109899029845,21.720000000000017
59,3000,3.4771212547196626,integrated,False,True,30.8181996984678,21.720000000000017
60,3000,3.4771212547196626,integrated,False,True,30.747789723146354,21.720000000000017
61,3000,3.4771212547196626,integrated,False,True,30.804299925894078,21.720000000000017
62,3000,3.4771212547196626,integrated,False,True,30.740779395903672,21.720000000000017
63,3000,3.4771212547196626,integrated,False,True,30.75319299538775,21.720000000000017
64,3000,3.4771212547196626,integrated,False,True,30.79513958436725,21.720000000000017
65,3000,3.4771212547196626,integrated,False,True,30.67042534390326,21.720000000000017
66,3000,3.4771212547196626,integrated,False,True,30.798647330309947,21.720000000000017
67,3000,3.4771212547196626,integrated,False,True,30.81549922822557,21.720000000000017
68,3000,3.4771212547196626,integrated,False,True,30.802103377497048,21.720000000000017
69,3000,3.4771212547196626,integrated,False,True,30.822941549044607,21.720000000000017
70,3000,3.4771212547196626,integrated,False,True,30.961377058604864,21.720000000000017
71,3000,3.4771212547196626,integrated,False,True,30.738672874433874,21.720000000000017
72,3000,3.4771212547196626,integrated,False,True,30.822154506783534,21.720000000000017
73,3000,3.4771212547196626,integrated,False,True,30.79757500989963,21.720000000000017
74,3000,3.4771212547196626,integrated,False,True,30.80323130174377,21.720000000000017
75,3000,3.4771212547196626,integrated,False,True,30.842723079229607,21.720000000000017
76,3000,3.4771212547196626,integrated,False,True,30.757544006093887,21.720000000000017
77,3000,3.4771212547196626,integrated,False,True,30.776745926707086,21.720000000000017
78,3000,3.4771212547196626,integrated,False,True,30.74263079442637,21.720000000000017
79,3000,3.4771212547196626,integrated,False,True,30.747813509928463,21.720000000000017
80,3000,3.4771212547196626,integrated,False,True,30.812339495745114,21.720000000000017
81,3000,3.4771212547196626,integrated,False,True,30.7513210824499,21.720000000000017
82,3000,3.4771212547196626,integrated,False,True,30.762828075981858,21.720000000000017
83,3000,3.4771212547196626,integrated,False,True,30.788946521809574,21.720000000000017
84,3000,3.4771212547196626,integrated,False,True,30.728931837812077,21.720000000000017
85,3000,3.4771212547196626,integrated,False,True,30.743768150320207,21.720000000000017
86,3000,3.4771212547196626,integrated,False,True,30.772074151080112,21.720000000000017
87,3000,3.4771212547196626,integrated,False,True,30.805574030101717,21.720000000000017
88,3000,3.4771212547196626,integrated,False,True,30.730383804034364,21.720000000000017
89,3000,3.4771212547196626,integrated,False,True,30.84268131024623,21.720000000000017
90,3000,3.4771212547196626,integrated,False,True,30.739293299340492,21.720000000000017
91,3000,3.4771212547196626,integrated,False,True,30.63392350929538,21.720000000000017
92,3000,3.4771212547196626,integrated,False,True,30.759124803749415,21.720000000000017
93,3000,3.4771212547196626,integrated,False,True,30.71114443234434,21.720000000000017
94,3000,3.4771212547196626,integrated,False,True,30.75086441225579,21.720000000000017
95,3000,3.4771212547196626,integrated,False,True,30.70291683119794,21.720000000000017
96,3000,3.4771212547196626,integrated,False,True,30.731354320879028,21.720000000000017
97,3000,3.4771212547196626,integrated,False,True,30.862981927603226,21.720000000000017
98,3000,3.4771212547196626,integrated,False,True,30.82172727623659,21.720000000000017
99,3000,3.4771212547196626,integrated,False,True,30.809675483424094,21.720000000000017
100,3000,3.4771212547196626,integrated,False,True,30.74809332191095,21.720000000000017
101,3000,3.4771212547196626,integrated,False,True,30.79388970881061,21.720000000000017
102,3000,3.4771212547196626,integrated,False,True,30.799884517115334,21.720000000000017
103,3000,3.4771212547196626,integrated,False,True,30.70599671771601,21.720000000000017
104,3000,3.4771212547196626,integrated,False,True,30.729276912107657,21.720000000000017
105,3000,3.4771212547196626,integrated,False,True,30.7893487903227,21.720000000000017
106,3000,3.4771212547196626,integrated,False,True,30.863575209129372,21.720000000000017
107,3000,3.4771212547196626,integrated,False,True,30.8378645620791,21.720000000000017
108,3000,3.4771212547196626,integrated,False,True,30.89706420133556,21.720000000000017
109,3000,3.4771212547196626,integrated,False,True,30.78396152890374,21.720000000000017
110,3000,3.4771212547196626,integrated,False,True,30.83327070709002,21.720000000000017
111,3000,3.4771212547196626,integrated,False,True,30.79277891098,21.720000000000017
112,3000,3.4771212547196626,integrated,False,True,30.696960270510274,21.720000000000017
113,3000,3.4771212547196626,integrated,False,True,30.78848712011773,21.720000000000017
114,3000,3.4771212547196626,integrated,False,True,30.723751054208087,21.720000000000017
115,3000,3.4771212547196626,integrated,False,True,30.79943269754968,21.720000000000017
116,3000,3.4771212547196626,integrated,False,True,30.749254505266954,21.720000000000017
117,3000,3.4771212547196626,integrated,False,True,30.756387214779267,21.720000000000017
118,3000,3.4771212547196626,integrated,False,True,30.746052864377624,21.720000000000017
119,3000,3.4771212547196626,integrated,False,True,30.75062119299212,21.720000000000017
120,3000,3.4771212547196626,integrated,False,True,30.7634680271976,21.720000000000017
121,3000,3.4771212547196626,integrated,False,True,30.772928107644113,21.720000000000017
122,3000,3.4771212547196626,integrated,False,True,30.75617520197695,21.720000000000017
123,3000,3.4771212547196626,integrated,False,True,30.69360374696157,21.720000000000017
124,3000,3.4771212547196626,integrated,False,True,30.736131599941302,21.720000000000017
125,3000,3.4771212547196626,integrated,False,True,30.69953493408487,21.720000000000017
126,3000,3.4771212547196626,integrated,False,True,30.807889851485214,21.720000000000017
127,3000,3.4771212547196626,integrated,False,True,30.75874928601303,21.720000000000017
128,3000,3.4771212547196626,integrated,False,True,30.75076081356122,21.720000000000017
129,3000,3.4771212547196626,integrated,False,True,30.770705472762845,21.720000000000017
130,3000,3.4771212547196626,integrated,False,True,30.74249185404029,21.720000000000017
131,3000,3.4771212547196626,integrated,False,True,30.753935446835406,21.720000000000017
132,3000,3.4771212547196626,integrated,False,True,30.776449011208783,21.720000000000017
133,3000,3.4771212547196626,integrated,False,True,30.756155835725206,21.720000000000017
134,3000,3.4771212547196626,integrated,False,True,30.827172440575644,21.720000000000017
135,3000,3.4771212547196626,integrated,False,True,30.747856634462945,21.720000000000017
136,3000,3.4771212547196626,integrated,False,True,30.764931061125164,21.720000000000017
137,3000,3.4771212547196626,integrated,False,True,30.811617180667398,21.720000000000017
138,3000,3.4771212547196626,integrated,False,True,30.74752481569471,21.720000000000017
139,3000,3.4771212547196626,integrated,False,True,30.805613741364297,21.720000000000017
140,3000,3.4771212547196626,integrated,False,True,30.677101828232146,21.720000000000017
141,3000,3.4771212547196626,integrated,False,True,30.714753793171617,21.720000000000017
142,3000,3.4771212547196626,integrated,False,True,30.813172436905322,21.720000000000017
143,3000,3.4771212547196626,integrated,False,True,30.892671719371748,21.720000000000017
144,3000,3.4771212547196626,integrated,False,True,30.845188301817736,21.720000000000017
145,3000,3.4771212547196626,integrated,False,True,30.75212945763858,21.720000000000017
146,3000,3.4771212547196626,integrated,False,True,30.70686645730912,21.720000000000017
147,3000,3.4771212547196626,integrated,False,True,30.785100047001286,21.720000000000017
148,3000,3.4771212547196626,integrated,False,True,30.64293092714579,21.720000000000017
149,3000,3.4771212547196626,integrated,False,True,30.713161345844263,21.720000000000017
150,3000,3.4771212547196626,integrated,False,True,30.766148910616565,21.720000000000017
151,3000,3.4771212547196626,integrated,False,True,30.73807246025531,21.720000000000017
152,3000,3.4771212547196626,integrated,False,True,30.80065404008866,21.720000000000017
153,3000,3.4771212547196626,integrated,False,True,30.777553159963222,21.720000000000017
154,3000,3.4771212547196626,integrated,False,True,30.871504183713277,21.720000000000017
155,3000,3.4771212547196626,integrated,False,True,30.71971949529665,21.720000000000017
156,3000,3.4771212547196626,integrated,False,True,30.741546099593705,21.720000000000017
157,3000,3.4771212547196626,integrated,False,True,30.777689770695012,21.720000000000017
158,3000,3.4771212547196626,integrated,False,True,30.72447662634717,21.720000000000017
159,3000,3.4771212547196626,integrated,False,True,30.796074175711613,21.720000000000017
160,3000,3.4771212547196626,integrated,False,True,30.72874795955384,21.720000000000017
161,3000,3.4771212547196626,integrated,False,True,30.703737757693034,21.720000000000017
162,3000,3.4771212547196626,integrated,False,True,30.813642822016682,21.720000000000017
163,3000,3.4771212547196626,integrated,False,True,30.773688035808263,21.720000000000017
164,3000,3.4771212547196626,integrated,False,True,30.699393561270316,21.720000000000017
165,3000,3.4771212547196626,integrated,False,True,30.663351867761765,21.720000000000017
166,3000,3.4771212547196626,integrated,False,True,30.7895367317669,21.720000000000017
167,3000,3.4771212547196626,integrated,False,True,30.79856282311517,21.720000000000017
168,3000,3.4771212547196626,integrated,False,True,30.8488816825244,21.720000000000017
169,3000,3.4771212547196626,integrated,False,True,30.7409835555959,21.720000000000017
170,3000,3.4771212547196626,integrated,False,True,30.741915755345218,21.720000000000017
171,3000,3.4771212547196626,integrated,False,True,30.843540500976523,21.720000000000017
172,3000,3.4771212547196626,integrated,False,True,30.693006744802652,21.720000000000017
173,3000,3.4771212547196626,integrated,False,True,30.77590175855355,21.720000000000017
174,3000,3.4771212547196626,integrated,False,True,30.808444506790302,21.720000000000017
175,3000,3.4771212547196626,integrated,False,True,30.76204491057328,21.720000000000017
176,3000,3.4771212547196626,integrated,False,True,30.81127338147511,21.720000000000017
177,3000,3.4771212547196626,integrated,False,True,30.715809539391245,21.720000000000017
178,3000,3.4771212547196626,integrated,False,True,30.715449469910965,21.720000000000017
179,3000,3.4771212547196626,integrated,False,True,30.802897622771134,21.720000000000017
180,3000,3.4771212547196626,integrated,False,True,30.71618732611889,21.720000000000017
181,3000,3.4771212547196626,integrated,False,True,30.73687793436803,21.720000000000017
182,3000,3.4771212547196626,integrated,False,True,30.712287997040804,21.720000000000017
183,3000,3.4771212547196626,integrated,False,True,30.75575379015232,21.720000000000017
184,3000,3.4771212547196626,integrated,False,True,30.782785728727106,21.720000000000017
185,3000,3.4771212547196626,integrated,False,True,30.793898003915103,21.720000000000017
186,3000,3.4771212547196626,integrated,False,True,30.704499108419164,21.720000000000017
187,3000,3.4771212547196626,integrated,False,True,30.75721471359975,21.720000000000017
188,3000,3.4771212547196626,integrated,False,True,30.858980821367936,21.720000000000017
189,3000,3.4771212547196626,integrated,False,True,30.77071145675056,21.720000000000017
190,3000,3.4771212547196626,integrated,False,True,30.787234836595314,21.720000000000017
191,3000,3.4771212547196626,integrated,False,True,30.808942901751756,21.720000000000017
192,3000,3.4771212547196626,integrated,False,True,30.803183623643523,21.720000000000017
193,3000,3.4771212547196626,integrated,False,True,30.760394097482948,21.720000000000017
194,3000,3.4771212547196626,integrated,False,True,30.56044204513158,21.720000000000017
195,3000,3.4771212547196626,integrated,False,True,30.79348078723139,21.720000000000017
196,3000,3.4771212547196626,integrated,False,True,30.777282369547656,21.720000000000017
197,3000,3.4771212547196626,integrated,False,True,30.813692082767595,21.720000000000017
198,3000,3.4771212547196626,integrated,False,True,30.71510051773332,21.720000000000017
199,3000,3.4771212547196626,integrated,False,True,30.735349425883367,21.720000000000017
200,3000,3.4771212547196626,integrated,False,True,30.67963548673873,21.720000000000017
201,3000,3.4771212547196626,integrated,False,True,30.759804725888472,21.720000000000017
202,3000,3.4771212547196626,integrated,False,True,30.724182602483793,21.720000000000017
203,3000,3.4771212547196626,integrated,False,True,30.835898806309757,21.720000000000017
204,3000,3.4771212547196626,integrated,False,True,30.74067481036421,21.720000000000017
205,3000,3.4771212547196626,integrated,False,True,30.790512803636133,21.720000000000017
206,3000,3.4771212547196626,integrated,False,True,30.74328627754518,21.720000000000017
207,3000,3.4771212547196626,integrated,False,True,30.734659944965653,21.720000000000017
208,3000,3.4771212547196626,integrated,False,True,30.798536982470353,21.720000000000017
209,3000,3.4771212547196626,integrated,False,True,30.802929387621187,21.720000000000017
210,3000,3.4771212547196626,integrated,False,True,30.766481453463477,21.720000000000017
211,3000,3.4771212547196626,integrated,False,True,30.78803325748849,21.720000000000017
212,3000,3.4771212547196626,integrated,False,True,30.765557446932426,21.720000000000017
213,3000,3.4771212547196626,integrated,False,True,30.739700012482515,21.720000000000017
214,3000,3.4771212547196626,integrated,False,True,30.667043674279682,21.720000000000017
215,3000,3.4771212547196626,integrated,False,True,30.73709153639564,21.720000000000017
216,3000,3.4771212547196626,integrated,False,True,30.809498527196403,21.720000000000017
217,3000,3.4771212547196626,integrated,False,True,30.76203506159998,21.720000000000017
218,3000,3.4771212547196626,integrated,False,True,30.71584505645029,21.720000000000017
219,3000,3.4771212547196626,integrated,False,True,30.78645353275612,21.720000000000017
220,3000,3.4771212547196626,integrated,False,True,30.695074275570356,21.720000000000017
221,3000,3.4771212547196626,integrated,False,True,30.767669711549615,21.720000000000017
222,3000,3.4771212547196626,integrated,False,True,30.713578746359293,21.720000000000017
223,3000,3.4771212547196626,integrated,False,True,30.812574625124647,21.720000000000017
224,3000,3.4771212547196626,integrated,False,True,30.687612759622645,21.720000000000017
225,3000,3.4771212547196626,integrated,False,True,30.797765438108648,21.720000000000017
226,3000,3.4771212547196626,integrated,False,True,30.732278798400102,21.720000000000017
227,3000,3.4771212547196626,integrated,False,True,30.804983186290535,21.720000000000017
228,3000,3.4771212547196626,integrated,False,True,30.835026792186127,21.720000000000017
229,3000,3.4771212547196626,integrated,False,True,30.798180383988196,21.720000000000017
230,3000,3.4771212547196626,integrated,False,True,30.792012880974987,21.720000000000017
231,3000,3.4771212547196626,integrated,False,True,30.81436130045777,21.720000000000017
232,3000,3.4771212547196626,integrated,False,True,30.791658283248836,21.720000000000017
233,3000,3.4771212547196626,integrated,False,True,30.772961585844428,21.720000000000017
234,3000,3.4771212547196626,integrated,False,True,30.79945410854547,21.720000000000017
235,3000,3.4771212547196626,integrated,False,True,30.788490007670273,21.720000000000017
236,3000,3.4771212547196626,integrated,False,True,30.784104858782896,21.720000000000017
237,3000,3.4771212547196626,integrated,False,True,30.792032280233364,21.720000000000017
238,3000,3.4771212547196626,integrated,False,True,30.766067916643955,21.720000000000017
239,3000,3.4771212547196626,integrated,False,True,30.67200802143713,21.720000000000017
240,3000,3.4771212547196626,integrated,False,True,30.706241198584543,21.720000000000017
241,3000,3.4771212547196626,integrated,False,True,30.806665927207046,21.720000000000017
242,3000,3.4771212547196626,integrated,False,True,30.769519187211262,21.720000000000017
243,3000,3.4771212547196626,integrated,False,True,30.815161100845785,21.720000000000017
244,3000,3.4771212547196626,integrated,False,True,30.882879166996826,21.720000000000017
245,3000,3.4771212547196626,integrated,False,True,30.864178694779746,21.720000000000017
246,3000,3.4771212547196626,integrated,False,True,30.61949896322279,21.720000000000017
247,3000,3.4771212547196626,integrated,False,True,30.8459149870826,21.720000000000017
248,3000,3.4771212547196626,integrated,False,True,30.803945261873302,21.720000000000017
249,3000,3.4771212547196626,integrated,False,True,30.831708356126043,21.720000000000017
250,3000,3.4771212547196626,integrated,False,True,30.82296656028649,21.720000000000017
251,3000,3.4771212547196626,integrated,False,True,30.770080873423332,21.720000000000017
252,3000,3.4771212547196626,integrated,False,True,30.75775427860978,21.720000000000017
253,3000,3.4771212547196626,integrated,False,True,30.694792080641655,21.720000000000017
254,3000,3.4771212547196626,integrated,False,True,30.84571642457742,21.720000000000017
255,3000,3.4771212547196626,integrated,False,True,30.777177191649855,21.720000000000017
256,3000,3.4771212547196626,integrated,False,True,30.805239839472478,21.720000000000017
257,3000,3.4771212547196626,integrated,False,True,30.750407059253003,21.720000000000017
258,3000,3.4771212547196626,integrated,False,True,30.739138578588488,21.720000000000017
259,3000,3.4771212547196626,integrated,False,True,30.76418761745842,21.720000000000017
260,3000,3.4771212547196626,integrated,False,True,30.65148073446644,21.720000000000017
261,3000,3.4771212547196626,integrated,False,True,30.791148612714977,21.720000000000017
262,3000,3.4771212547196626,integrated,False,True,30.784347913373,21.720000000000017
263,3000,3.4771212547196626,integrated,False,True,30.83101492266065,21.720000000000017
264,3000,3.4771212547196626,integrated,False,True,30.691541960559775,21.720000000000017
265,3000,3.4771212547196626,integrated,False,True,30.74196147895462,21.720000000000017
266,3000,3.4771212547196626,integrated,False,True,30.854773051628598,21.720000000000017
267,3000,3.4771212547196626,integrated,False,True,30.702288328690834,21.720000000000017
268,3000,3.4771212547196626,integrated,False,True,30.830694454368974,21.720000000000017
269,3000,3.4771212547196626,integrated,False,True,30.785315970388297,21.720000000000017
270,3000,3.4771212547196626,integrated,False,True,30.838801533534976,21.720000000000017
271,3000,3.4771212547196626,integrated,False,True,30.877546527489073,21.720000000000017
272,3000,3.4771212547196626,integrated,False,True,30.744026936415793,21.720000000000017
273,3000,3.4771212547196626,integrated,False,True,30.681626247925685,21.720000000000017
274,3000,3.4771212547196626,integrated,False,True,30.752709902034354,21.720000000000017
275,3000,3.4771212547196626,integrated,False,True,30.78233530175128,21.720000000000017
276,3000,3.4771212547196626,integrated,False,True,30.776320711717318,21.720000000000017
277,3000,3.4771212547196626,integrated,False,True,30.689236330520593,21.720000000000017
278,3000,3.4771212547196626,integrated,False,True,30.81560628339978,21.720000000000017
279,3000,3.4771212547196626,integrated,False,True,30.789977886667835,21.720000000000017
280,3000,3.4771212547196626,integrated,False,True,30.738211128105203,21.720000000000017
281,3000,3.4771212547196626,integrated,False,True,30.676338575286394,21.720000000000017
282,3000,3.4771212547196626,integrated,False,True,30.755092472448517,21.720000000000017
283,3000,3.4771212547196626,integrated,False,True,30.748227201235927,21.720000000000017
284,3000,3.4771212547196626,integrated,False,True,30.780667240352038,21.720000000000017
285,3000,3.4771212547196626,integrated,False,True,30.79657654699311,21.720000000000017
286,3000,3.4771212547196626,integrated,False,True,30.884341686548765,21.720000000000017
287,3000,3.4771212547196626,integrated,False,True,30.753250397895037,21.720000000000017
288,3000,3.4771212547196626,integrated,False,True,30.865398636791024,21.720000000000017
289,3000,3.4771212547196626,integrated,False,True,30.750461691135406,21.720000000000017
290,3000,3.4771212547196626,integrated,False,True,30.80470523768639,21.720000000000017
291,3000,3.4771212547196626,integrated,False,True,30.74487021504149,21.720000000000017
292,3000,3.4771212547196626,integrated,False,True,30.82124698598829,21.720000000000017
293,3000,3.4771212547196626,integrated,False,True,30.743235542963664,21.720000000000017
294,3000,3.4771212547196626,integrated,False,True,30.743786230221037,21.720000000000017
295,3000,3.4771212547196626,integrated,False,True,30.809706776887452,21.720000000000017
296,3000,3.4771212547196626,integrated,False,True,30.707414375301042,21.720000000000017
297,3000,3.4771212547196626,integrated,False,True,30.806778665133905,21.720000000000017
298,3000,3.4771212547196626,integrated,False,True,30.75292008979223,21.720000000000017
299,3000,3.4771212547196626,integrated,False,True,30.801094316792515,21.720000000000017
300,3000,3.4771212547196626,integrated,False,True,30.80375765118547,21.720000000000017
301,3000,3.4771212547196626,integrated,False,True,30.710946267854926,21.720000000000017
302,3000,3.4771212547196626,integrated,False,True,30.81025251334534,21.720000000000017
303,3000,3.4771212547196626,integrated,False,True,30.8398888798135,21.720000000000017
304,3000,3.4771212547196626,integrated,False,True,30.75883296642085,21.720000000000017
305,3000,3.4771212547196626,integrated,False,True,30.728358718537507,21.720000000000017
306,3000,3.4771212547196626,integrated,False,True,30.72248280501973,21.720000000000017
307,3000,3.4771212547196626,integrated,False,True,30.81023592070988,21.720000000000017
308,3000,3.4771212547196626,integrated,False,True,30.753329184375126,21.720000000000017
309,3000,3.4771212547196626,integrated,False,True,30.814536026519093,21.720000000000017
310,3000,3.4771212547196626,integrated,False,True,30.86182736488307,21.720000000000017
311,3000,3.4771212547196626,integrated,False,True,30.783763397385474,21.720000000000017
312,3000,3.4771212547196626,integrated,False,True,30.72598148935231,21.720000000000017
313,3000,3.4771212547196626,integrated,False,True,30.86044670272219,21.720000000000017
314,3000,3.4771212547196626,integrated,False,True,30.74385024668885,21.720000000000017
315,3000,3.4771212547196626,integrated,False,True,30.765120399017974,21.720000000000017
316,3000,3.4771212547196626,integrated,False,True,30.710224962563494,21.720000000000017
317,3000,3.4771212547196626,integrated,False,True,30.800331368791326,21.720000000000017
318,3000,3.4771212547196626,integrated,False,True,30.80052476332526,21.720000000000017
319,3000,3.4771212547196626,integrated,False,True,30.670919530633938,21.720000000000017
320,3000,3.4771212547196626,integrated,False,True,30.775578841610617,21.720000000000017
321,3000,3.4771212547196626,integrated,False,True,30.69526808795508,21.720000000000017
322,3000,3.4771212547196626,integrated,False,True,30.843749879809092,21.720000000000017
323,3000,3.4771212547196626,integrated,False,True,30.828000706643458,21.720000000000017
324,3000,3.4771212547196626,integrated,False,True,30.72890033427256,21.720000000000017
325,3000,3.4771212547196626,integrated,False,True,30.762252179922136,21.720000000000017
326,3000,3.4771212547196626,integrated,False,True,30.782354007930692,21.720000000000017
327,3000,3.4771212547196626,integrated,False,True,30.727576613176637,21.720000000000017
328,3000,3.4771212547196626,integrated,False,True,30.809131180323412,21.720000000000017
329,3000,3.4771212547196626,integrated,False,True,30.839609925899847,21.720000000000017
330,3000,3.4771212547196626,integrated,False,True,30.770673300382228,21.720000000000017
331,3000,3.4771212547196626,integrated,False,True,30.8215045947969,21.720000000000017
332,3000,3.4771212547196626,integrated,False,True,30.819936215150477,21.720000000000017
333,3000,3.4771212547196626,integrated,False,True,30.759136573250064,21.720000000000017
334,3000,3.4771212547196626,integrated,False,True,30.774560429980458,21.720000000000017
335,3000,3.4771212547196626,integrated,False,True,30.754531674574586,21.720000000000017
336,3000,3.4771212547196626,integrated,False,True,30.727143726221104,21.720000000000017
337,3000,3.4771212547196626,integrated,False,True,30.801019960956317,21.720000000000017
338,3000,3.4771212547196626,integrated,False,True,30.760627682480926,21.720000000000017
339,3000,3.4771212547196626,integrated,False,True,30.852726908475837,21.720000000000017
340,3000,3.4771212547196626,integrated,False,True,30.7853447097565,21.720000000000017
341,3000,3.4771212547196626,integrated,False,True,30.788147000405125,21.720000000000017
342,3000,3.4771212547196626,integrated,False,True,30.794999918586864,21.720000000000017
343,3000,3.4771212547196626,integrated,False,True,30.76685758960135,21.720000000000017
344,3000,3.4771212547196626,integrated,False,True,30.7682012994428,21.720000000000017
345,3000,3.4771212547196626,integrated,False,True,30.842743248658422,21.720000000000017
346,3000,3.4771212547196626,integrated,False,True,30.743553887096233,21.720000000000017
347,3000,3.4771212547196626,integrated,False,True,30.734575717965303,21.720000000000017
348,3000,3.4771212547196626,integrated,False,True,30.813130960248564,21.720000000000017
349,3000,3.4771212547196626,integrated,False,True,30.71773596088466,21.720000000000017
350,3000,3.4771212547196626,integrated,False,True,30.772887313679135,21.720000000000017
351,3000,3.4771212547196626,integrated,False,True,30.78490785215485,21.720000000000017
352,3000,3.4771212547196626,integrated,False,True,30.770269249158964,21.720000000000017
353,3000,3.4771212547196626,integrated,False,True,30.7719470435592,21.720000000000017
354,3000,3.4771212547196626,integrated,False,True,30.777781048361092,21.720000000000017
355,3000,3.4771212547196626,integrated,False,True,30.79844493312403,21.720000000000017
356,3000,3.4771212547196626,integrated,False,True,30.778211411242545,21.720000000000017
357,3000,3.4771212547196626,integrated,False,True,30.803372524251213,21.720000000000017
358,3000,3.4771212547196626,integrated,False,True,30.786236669073638,21.720000000000017
359,3000,3.4771212547196626,integrated,False,True,30.85407597379322,21.720000000000017
360,3000,3.4771212547196626,integrated,False,True,30.901307022889718,21.720000000000017
361,3000,3.4771212547196626,integrated,False,True,30.781545738140053,21.720000000000017
362,3000,3.4771212547196626,integrated,False,True,30.746174944777515,21.720000000000017
363,3000,3.4771212547196626,integrated,False,True,30.691164826753152,21.720000000000017
364,3000,3.4771212547196626,integrated,False,True,30.801696271919198,21.720000000000017
365,3000,3.4771212547196626,integrated,False,True,30.827318656606003,21.720000000000017
366,3000,3.4771212547196626,integrated,False,True,30.803920359719164,21.720000000000017
367,3000,3.4771212547196626,integrated,False,True,30.747113467943137,21.720000000000017
368,3000,3.4771212547196626,integrated,False,True,30.78432147845505,21.720000000000017
369,3000,3.4771212547196626,integrated,False,True,30.7454154052016,21.720000000000017
370,3000,3.4771212547196626,integrated,False,True,30.76814305231147,21.720000000000017
371,3000,3.4771212547196626,integrated,False,True,30.756235977146652,21.720000000000017
372,3000,3.4771212547196626,integrated,False,True,30.73389914378362,21.720000000000017
373,3000,3.4771212547196626,integrated,False,True,30.758630813739696,21.720000000000017
374,3000,3.4771212547196626,integrated,False,True,30.855911884982454,21.720000000000017
375,3000,3.4771212547196626,integrated,False,True,30.805828239902993,21.720000000000017
376,3000,3.4771212547196626,integrated,False,True,30.73419491042138,21.720000000000017
377,3000,3.4771212547196626,integrated,False,True,30.755063090937046,21.720000000000017
378,3000,3.4771212547196626,integrated,False,True,30.818388037673387,21.720000000000017
379,3000,3.4771212547196626,integrated,False,True,30.767365183166405,21.720000000000017
380,3000,3.4771212547196626,integrated,False,True,30.818653417711324,21.720000000000017
381,3000,3.4771212547196626,integrated,False,True,30.716855543686975,21.720000000000017
382,3000,3.4771212547196626,integrated,False,True,30.752146595463344,21.720000000000017
383,3000,3.4771212547196626,integrated,False,True,30.731114970990923,21.720000000000017
384,3000,3.4771212547196626,integrated,False,True,30.766938069140604,21.720000000000017
385,3000,3.4771212547196626,integrated,False,True,30.767370877001728,21.720000000000017
386,3000,3.4771212547196626,integrated,False,True,30.75333842290295,21.720000000000017
387,3000,3.4771212547196626,integrated,False,True,30.79705147923578,21.720000000000017
388,3000,3.4771212547196626,integrated,False,True,30.617593228825747,21.720000000000017
389,3000,3.4771212547196626,integrated,False,True,30.680140687447917,21.720000000000017
390,3000,3.4771212547196626,integrated,False,True,30.757024135123515,21.720000000000017
391,3000,3.4771212547196626,integrated,False,True,30.832709249397823,21.720000000000017
392,3000,3.4771212547196626,integrated,False,True,30.652247443236917,21.720000000000017
393,3000,3.4771212547196626,integrated,False,True,30.780465985171475,21.720000000000017
394,3000,3.4771212547196626,integrated,False,True,30.794573430967414,21.720000000000017
395,3000,3.4771212547196626,integrated,False,True,30.674018899993445,21.720000000000017
396,3000,3.4771212547196626,integrated,False,True,30.737985462932617,21.720000000000017
397,3000,3.4771212547196626,integrated,False,True,30.737023833319945,21.720000000000017
398,3000,3.4771212547196626,integrated,False,True,30.81780288244183,21.720000000000017
399,3000,3.4771212547196626,integrated,False,True,30.787882861877137,21.720000000000017
400,3000,3.4771212547196626,integrated,False,True,30.73908429996868,21.720000000000017
401,3000,3.4771212547196626,integrated,False,True,30.829246548231506,21.720000000000017
402,3000,3.4771212547196626,integrated,False,True,30.728717587889818,21.720000000000017
403,3000,3.4771212547196626,integrated,False,True,30.760397549320654,21.720000000000017
404,3000,3.4771212547196626,integrated,False,True,30.748234775236952,21.720000000000017
405,3000,3.4771212547196626,integrated,False,True,30.758546325943268,21.720000000000017
406,3000,3.4771212547196626,integrated,False,True,30.720187435708354,21.720000000000017
407,3000,3.4771212547196626,integrated,False,True,30.80584530940009,21.720000000000017
408,3000,3.4771212547196626,integrated,False,True,30.695240141157797,21.720000000000017
409,3000,3.4771212547196626,integrated,False,True,30.754121036056773,21.720000000000017
410,3000,3.4771212547196626,integrated,False,True,30.684711458566788,21.720000000000017
411,3000,3.4771212547196626,integrated,False,True,30.759096281324815,21.720000000000017
412,3000,3.4771212547196626,integrated,False,True,30.732629553693155,21.720000000000017
413,3000,3.4771212547196626,integrated,False,True,30.77031181654261,21.720000000000017
414,3000,3.4771212547196626,integrated,False,True,30.816981958131166,21.720000000000017
415,3000,3.4771212547196626,integrated,False,True,30.824062438579908,21.720000000000017
416,3000,3.4771212547196626,integrated,False,True,30.73039554959177,21.720000000000017
417,3000,3.4771212547196626,integrated,False,True,30.8440549753725,21.720000000000017
418,3000,3.4771212547196626,integrated,False,True,30.716471345991103,21.720000000000017
419,3000,3.4771212547196626,integrated,False,True,30.824585817874166,21.720000000000017
420,3000,3.4771212547196626,integrated,False,True,30.722041902278065,21.720000000000017
421,3000,3.4771212547196626,integrated,False,True,30.722215859650944,21.720000000000017
422,3000,3.4771212547196626,integrated,False,True,30.747300961975125,21.720000000000017
423,3000,3.4771212547196626,integrated,False,True,30.92990015043911,21.720000000000017
424,3000,3.4771212547196626,integrated,False,True,30.765020254303302,21.720000000000017
425,3000,3.4771212547196626,integrated,False,True,30.75939499660999,21.720000000000017
426,3000,3.4771212547196626,integrated,False,True,30.705815832123406,21.720000000000017
427,3000,3.4771212547196626,integrated,False,True,30.707176774181736,21.720000000000017
428,3000,3.4771212547196626,integrated,False,True,30.881381370183774,21.720000000000017
429,3000,3.4771212547196626,integrated,False,True,30.721188287208825,21.720000000000017
430,3000,3.4771212547196626,integrated,False,True,30.686563210025135,21.720000000000017
431,3000,3.4771212547196626,integrated,False,True,30.755930821757346,21.720000000000017
432,3000,3.4771212547196626,integrated,False,True,30.72551939096212,21.720000000000017
433,3000,3.4771212547196626,integrated,False,True,30.70167084220109,21.720000000000017
434,3000,3.4771212547196626,integrated,False,True,30.80407183027461,21.720000000000017
435,3000,3.4771212547196626,integrated,False,True,30.6551437486697,21.720000000000017
436,3000,3.4771212547196626,integrated,False,True,30.746325713129266,21.720000000000017
437,3000,3.4771212547196626,integrated,False,True,30.91563971394203,21.720000000000017
438,3000,3.4771212547196626,integrated,False,True,30.813920394985075,21.720000000000017
439,3000,3.4771212547196626,integrated,False,True,30.886424767055285,21.720000000000017
440,3000,3.4771212547196626,integrated,False,True,30.756144971770148,21.720000000000017
441,3000,3.4771212547196626,integrated,False,True,30.797887839979637,21.720000000000017
442,3000,3.4771212547196626,integrated,False,True,30.785838476413097,21.720000000000017
443,3000,3.4771212547196626,integrated,False,True,30.81358387066146,21.720000000000017
444,3000,3.4771212547196626,integrated,False,True,30.760214305710655,21.720000000000017
445,3000,3.4771212547196626,integrated,False,True,30.830932428904617,21.720000000000017
446,3000,3.4771212547196626,integrated,False,True,30.807918168429865,21.720000000000017
447,3000,3.4771212547196626,integrated,False,True,30.760195150515052,21.720000000000017
448,3000,3.4771212547196626,integrated,False,True,30.78273302602772,21.720000000000017
449,3000,3.4771212547196626,integrated,False,True,30.851858169939053,21.720000000000017
450,3000,3.4771212547196626,integrated,False,True,30.82425098392595,21.720000000000017
451,3000,3.4771212547196626,integrated,False,True,30.800921811027408,21.720000000000017
452,3000,3.4771212547196626,integrated,False,True,30.795454936246692,21.720000000000017
453,3000,3.4771212547196626,integrated,False,True,30.771927702859646,21.720000000000017
454,3000,3.4771212547196626,integrated,False,True,30.69003648678978,21.720000000000017
455,3000,3.4771212547196626,integrated,False,True,30.646878077680043,21.720000000000017
456,3000,3.4771212547196626,integrated,False,True,30.739888686070337,21.720000000000017
457,3000,3.4771212547196626,integrated,False,True,30.80274596999893,21.720000000000017
458,3000,3.4771212547196626,integrated,False,True,30.74526170313668,21.720000000000017
459,3000,3.4771212547196626,integrated,False,True,30.718729383885616,21.720000000000017
460,3000,3.4771212547196626,integrated,False,True,30.725602393354457,21.720000000000017
461,3000,3.4771212547196626,integrated,False,True,30.801277932225844,21.720000000000017
462,3000,3.4771212547196626,integrated,False,True,30.772165217202556,21.720000000000017
463,3000,3.4771212547196626,integrated,False,True,30.7785258481266,21.720000000000017
464,3000,3.4771212547196626,integrated,False,True,30.850167755605128,21.720000000000017
465,3000,3.4771212547196626,integrated,False,True,30.83065643190792,21.720000000000017
466,3000,3.4771212547196626,integrated,False,True,30.774107178832878,21.720000000000017
467,3000,3.4771212547196626,integrated,False,True,30.804785435921147,21.720000000000017
468,3000,3.4771212547196626,integrated,False,True,30.730161940901603,21.720000000000017
469,3000,3.4771212547196626,integrated,False,True,30.66242357850887,21.720000000000017
470,3000,3.4771212547196626,integrated,False,True,30.768338791887906,21.720000000000017
471,3000,3.4771212547196626,integrated,False,True,30.74442480907869,21.720000000000017
472,3000,3.4771212547196626,integrated,False,True,30.747728563405378,21.720000000000017
473,3000,3.4771212547196626,integrated,False,True,30.84255820655078,21.720000000000017
474,3000,3.4771212547196626,integrated,False,True,30.748942834631208,21.720000000000017
475,3000,3.4771212547196626,integrated,False,True,30.75821589688035,21.720000000000017
476,3000,3.4771212547196626,integrated,False,True,30.75657894553298,21.720000000000017
477,3000,3.4771212547196626,integrated,False,True,30.703018714920432,21.720000000000017
478,3000,3.4771212547196626,integrated,False,True,30.726467587175552,21.720000000000017
479,3000,3.4771212547196626,integrated,False,True,30.723529489376048,21.720000000000017
480,3000,3.4771212547196626,integrated,False,True,30.637437972441276,21.720000000000017
481,3000,3.4771212547196626,integrated,False,True,30.740461134140055,21.720000000000017
482,3000,3.4771212547196626,integrated,False,True,30.823027099250346,21.720000000000017
483,3000,3.4771212547196626,integrated,False,True,30.82552959448998,21.720000000000017
484,3000,3.4771212547196626,integrated,False,True,30.75552019920937,21.720000000000017
485,3000,3.4771212547196626,integrated,False,True,30.839500730884616,21.720000000000017
486,3000,3.4771212547196626,integrated,False,True,30.84825141090667,21.720000000000017
487,3000,3.4771212547196626,integrated,False,True,30.744256115982132,21.720000000000017
488,3000,3.4771212547196626,integrated,False,True,30.81666812698164,21.720000000000017
489,3000,3.4771212547196626,integrated,False,True,30.80685085463807,21.720000000000017
490,3000,3.4771212547196626,integrated,False,True,30.682715176554574,21.720000000000017
491,3000,3.4771212547196626,integrated,False,True,30.79519307824446,21.720000000000017
492,3000,3.4771212547196626,integrated,False,True,30.722193370461994,21.720000000000017
493,3000,3.4771212547196626,integrated,False,True,30.721800874605066,21.720000000000017
494,3000,3.4771212547196626,integrated,False,True,30.76858646570497,21.720000000000017
495,3000,3.4771212547196626,integrated,False,True,30.780446394664747,21.720000000000017
496,3000,3.4771212547196626,integrated,False,True,30.869605010636107,21.720000000000017
497,3000,3.4771212547196626,integrated,False,True,30.655980493751777,21.720000000000017
498,3000,3.4771212547196626,integrated,False,True,30.768073312488102,21.720000000000017
499,3000,3.4771212547196626,integrated,False,True,30.71637772696731,21.720000000000017
500,3000,3.4771212547196626,integrated,False,True,30.77575237119246,21.720000000000017
501,3000,3.4771212547196626,integrated,False,True,30.80393333022638,21.720000000000017
502,3000,3.4771212547196626,integrated,False,True,30.829849437407006,21.720000000000017
503,3000,3.4771212547196626,integrated,False,True,30.7458877955865,21.720000000000017
504,3000,3.4771212547196626,integrated,False,True,30.742424383685314,21.720000000000017
505,3000,3.4771212547196626,integrated,False,True,30.70983806231741,21.720000000000017
506,3000,3.4771212547196626,integrated,False,True,30.778565649057175,21.720000000000017
507,3000,3.4771212547196626,integrated,False,True,30.71762855169782,21.720000000000017
508,3000,3.4771212547196626,integrated,False,True,30.68975368720838,21.720000000000017
509,3000,3.4771212547196626,integrated,False,True,30.7921955857689,21.720000000000017
510,3000,3.4771212547196626,integrated,False,True,30.941706871774127,21.720000000000017
511,3000,3.4771212547196626,integrated,False,True,30.757621252486157,21.720000000000017
512,3000,3.4771212547196626,integrated,False,True,30.800612332795154,21.720000000000017
513,3000,3.4771212547196626,integrated,False,True,30.64227731324504,21.720000000000017
514,3000,3.4771212547196626,integrated,False,True,30.805112816118715,21.720000000000017
515,3000,3.4771212547196626,integrated,False,True,30.682697935980467,21.720000000000017
516,3000,3.4771212547196626,integrated,False,True,30.804791359567673,21.720000000000017
517,3000,3.4771212547196626,integrated,False,True,30.800561695644014,21.720000000000017
518,3000,3.4771212547196626,integrated,False,True,30.735201521902166,21.720000000000017
519,3000,3.4771212547196626,integrated,False,True,30.773130610595736,21.720000000000017
520,3000,3.4771212547196626,integrated,False,True,30.77988677766372,21.720000000000017
521,3000,3.4771212547196626,integrated,False,True,30.762461733755195,21.720000000000017
522,3000,3.4771212547196626,integrated,False,True,30.730721704182354,21.720000000000017
523,3000,3.4771212547196626,integrated,False,True,30.773210846683373,21.720000000000017
524,3000,3.4771212547196626,integrated,False,True,30.69367754196471,21.720000000000017
525,3000,3.4771212547196626,integrated,False,True,30.756188348662867,21.720000000000017
526,3000,3.4771212547196626,integrated,False,True,30.767856036113567,21.720000000000017
527,3000,3.4771212547196626,integrated,False,True,30.777124593988642,21.720000000000017
528,3000,3.4771212547196626,integrated,False,True,30.75762573080729,21.720000000000017
529,3000,3.4771212547196626,integrated,False,True,30.806919571185595,21.720000000000017
530,3000,3.4771212547196626,integrated,False,True,30.79071476378586,21.720000000000017
531,3000,3.4771212547196626,integrated,False,True,30.77190458921592,21.720000000000017
532,3000,3.4771212547196626,integrated,False,True,30.794711675719157,21.720000000000017
533,3000,3.4771212547196626,integrated,False,True,30.666932349283584,21.720000000000017
534,3000,3.4771212547196626,integrated,False,True,30.818605884359258,21.720000000000017
535,3000,3.4771212547196626,integrated,False,True,30.782093860032287,21.720000000000017
536,3000,3.4771212547196626,integrated,False,True,30.839892211135457,21.720000000000017
537,3000,3.4771212547196626,integrated,False,True,30.819638895975356,21.720000000000017
538,3000,3.4771212547196626,integrated,False,True,30.71344780499652,21.720000000000017
539,3000,3.4771212547196626,integrated,False,True,30.69466132091752,21.720000000000017
540,3000,3.4771212547196626,integrated,False,True,30.743995043031344,21.720000000000017
541,3000,3.4771212547196626,integrated,False,True,30.763711696023293,21.720000000000017
542,3000,3.4771212547196626,integrated,False,True,30.74541129163851,21.720000000000017
543,3000,3.4771212547196626,integrated,False,True,30.698697613514828,21.720000000000017
544,3000,3.4771212547196626,integrated,False,True,30.67734108480835,21.720000000000017
545,3000,3.4771212547196626,integrated,False,True,30.758544623436716,21.720000000000017
546,3000,3.4771212547196626,integrated,False,True,30.73553537823541,21.720000000000017
547,3000,3.4771212547196626,integrated,False,True,30.83321658689892,21.720000000000017
548,3000,3.4771212547196626,integrated,False,True,30.686892150255737,21.720000000000017
549,3000,3.4771212547196626,integrated,False,True,30.882476602070085,21.720000000000017
550,3000,3.4771212547196626,integrated,False,True,30.81005533470386,21.720000000000017
551,3000,3.4771212547196626,integrated,False,True,30.821406341765766,21.720000000000017
552,3000,3.4771212547196626,integrated,False,True,30.686555715455004,21.720000000000017
553,3000,3.4771212547196626,integrated,False,True,30.79749624178325,21.720000000000017
554,3000,3.4771212547196626,integrated,False,True,30.72842498593129,21.720000000000017
555,3000,3.4771212547196626,integrated,False,True,30.693191027274032,21.720000000000017
556,3000,3.4771212547196626,integrated,False,True,30.79039367807678,21.720000000000017
557,3000,3.4771212547196626,integrated,False,True,30.73983831586228,21.720000000000017
558,3000,3.4771212547196626,integrated,False,True,30.775068554819164,21.720000000000017
559,3000,3.4771212547196626,integrated,False,True,30.7121525699204,21.720000000000017
560,3000,3.4771212547196626,integrated,False,True,30.735972323847488,21.720000000000017
561,3000,3.4771212547196626,integrated,False,True,30.74605267484155,21.720000000000017
562,3000,3.4771212547196626,integrated,False,True,30.689368070291504,21.720000000000017
563,3000,3.4771212547196626,integrated,False,True,30.814492594340443,21.720000000000017
564,3000,3.4771212547196626,integrated,False,True,30.77380605627348,21.720000000000017
565,3000,3.4771212547196626,integrated,False,True,30.780048916220093,21.720000000000017
566,3000,3.4771212547196626,integrated,False,True,30.77244138826368,21.720000000000017
567,3000,3.4771212547196626,integrated,False,True,30.735903253890065,21.720000000000017
568,3000,3.4771212547196626,integrated,False,True,30.73897490038497,21.720000000000017
569,3000,3.4771212547196626,integrated,False,True,30.80152735317167,21.720000000000017
570,3000,3.4771212547196626,integrated,False,True,30.807999154168485,21.720000000000017
571,3000,3.4771212547196626,integrated,False,True,30.73115250076979,21.720000000000017
572,3000,3.4771212547196626,integrated,False,True,30.737017456846086,21.720000000000017
573,3000,3.4771212547196626,integrated,False,True,30.772309956327355,21.720000000000017
574,3000,3.4771212547196626,integrated,False,True,30.734324984324125,21.720000000000017
575,3000,3.4771212547196626,integrated,False,True,30.720404364271744,21.720000000000017
576,3000,3.4771212547196626,integrated,False,True,30.762591060156375,21.720000000000017
577,3000,3.4771212547196626,integrated,False,True,30.730962931337107,21.720000000000017
578,3000,3.4771212547196626,integrated,False,True,30.75019451893464,21.720000000000017
579,3000,3.4771212547196626,integrated,False,True,30.78075310598406,21.720000000000017
580,3000,3.4771212547196626,integrated,False,True,30.80958710747748,21.720000000000017
581,3000,3.4771212547196626,integrated,False,True,30.853567827999264,21.720000000000017
582,3000,3.4771212547196626,integrated,False,True,30.74001509387538,21.720000000000017
583,3000,3.4771212547196626,integrated,False,True,30.817385468766854,21.720000000000017
584,3000,3.4771212547196626,integrated,False,True,30.83781489758527,21.720000000000017
585,3000,3.4771212547196626,integrated,False,True,30.775376004739,21.720000000000017
586,3000,3.4771212547196626,integrated,False,True,30.74491930029751,21.720000000000017
587,3000,3.4771212547196626,integrated,False,True,30.80974204431814,21.720000000000017
588,3000,3.4771212547196626,integrated,False,True,30.701267978503537,21.720000000000017
589,3000,3.4771212547196626,integrated,False,True,30.74893405780035,21.720000000000017
590,3000,3.4771212547196626,integrated,False,True,30.69706152913414,21.720000000000017
591,3000,3.4771212547196626,integrated,False,True,30.761853948176654,21.720000000000017
592,3000,3.4771212547196626,integrated,False,True,30.885579333337397,21.720000000000017
593,3000,3.4771212547196626,integrated,False,True,30.758475727380997,21.720000000000017
594,3000,3.4771212547196626,integrated,False,True,30.793325301268858,21.720000000000017
595,3000,3.4771212547196626,integrated,False,True,30.82832486693866,21.720000000000017
596,3000,3.4771212547196626,integrated,False,True,30.766838768549388,21.720000000000017
597,3000,3.4771212547196626,integrated,False,True,30.725683430392465,21.720000000000017
598,3000,3.4771212547196626,integrated,False,True,30.738094895126643,21.720000000000017
599,3000,3.4771212547196626,integrated,False,True,30.897728882858523,21.720000000000017
600,3000,3.4771212547196626,integrated,False,True,30.757566368705618,21.720000000000017
601,3000,3.4771212547196626,integrated,False,True,30.76753617728189,21.720000000000017
602,3000,3.4771212547196626,integrated,False,True,30.83719829943714,21.720000000000017
603,3000,3.4771212547196626,integrated,False,True,30.755260591342413,21.720000000000017
604,3000,3.4771212547196626,integrated,False,True,30.75917025125021,21.720000000000017
605,3000,3.4771212547196626,integrated,False,True,30.827317861407728,21.720000000000017
606,3000,3.4771212547196626,integrated,False,True,30.741076206026715,21.720000000000017
607,3000,3.4771212547196626,integrated,False,True,30.84324361635091,21.720000000000017
608,3000,3.4771212547196626,integrated,False,True,30.743220038673165,21.720000000000017
609,3000,3.4771212547196626,integrated,False,True,30.824001815544914,21.720000000000017
610,3000,3.4771212547196626,integrated,False,True,30.798388132580502,21.720000000000017
611,3000,3.4771212547196626,integrated,False,True,30.704276126052946,21.720000000000017
612,3000,3.4771212547196626,integrated,False,True,30.670580399767072,21.720000000000017
613,3000,3.4771212547196626,integrated,False,True,30.800695144099713,21.720000000000017
614,3000,3.4771212547196626,integrated,False,True,30.777149305427336,21.720000000000017
615,3000,3.4771212547196626,integrated,False,True,30.65200123076648,21.720000000000017
616,3000,3.4771212547196626,integrated,False,True,30.80615349331109,21.720000000000017
617,3000,3.4771212547196626,integrated,False,True,30.8339686962195,21.720000000000017
618,3000,3.4771212547196626,integrated,False,True,30.738881525752227,21.720000000000017
619,3000,3.4771212547196626,integrated,False,True,30.728759030798923,21.720000000000017
620,3000,3.4771212547196626,integrated,False,True,30.81549339365163,21.720000000000017
621,3000,3.4771212547196626,integrated,False,True,30.759164208905375,21.720000000000017
622,3000,3.4771212547196626,integrated,False,True,30.77915221758868,21.720000000000017
623,3000,3.4771212547196626,integrated,False,True,30.718092872293163,21.720000000000017
624,3000,3.4771212547196626,integrated,False,True,30.803844636490837,21.720000000000017
625,3000,3.4771212547196626,integrated,False,True,30.732498576607526,21.720000000000017
626,3000,3.4771212547196626,integrated,False,True,30.788354849717038,21.720000000000017
627,3000,3.4771212547196626,integrated,False,True,30.71139424063058,21.720000000000017
628,3000,3.4771212547196626,integrated,False,True,30.700742381222376,21.720000000000017
629,3000,3.4771212547196626,integrated,False,True,30.776868204992546,21.720000000000017
630,3000,3.4771212547196626,integrated,False,True,30.754203890492718,21.720000000000017
631,3000,3.4771212547196626,integrated,False,True,30.822965251121776,21.720000000000017
632,3000,3.4771212547196626,integrated,False,True,30.809928226627925,21.720000000000017
633,3000,3.4771212547196626,integrated,False,True,30.785860158511248,21.720000000000017
634,3000,3.4771212547196626,integrated,False,True,30.737066486800636,21.720000000000017
635,3000,3.4771212547196626,integrated,False,True,30.758418800659953,21.720000000000017
636,3000,3.4771212547196626,integrated,False,True,30.848512134050537,21.720000000000017
637,3000,3.4771212547196626,integrated,False,True,30.76335742876263,21.720000000000017
638,3000,3.4771212547196626,integrated,False,True,30.707979685305606,21.720000000000017
639,3000,3.4771212547196626,integrated,False,True,30.70044027937353,21.720000000000017
640,3000,3.4771212547196626,integrated,False,True,30.714015156514094,21.720000000000017
641,3000,3.4771212547196626,integrated,False,True,30.75754916152633,21.720000000000017
642,3000,3.4771212547196626,integrated,False,True,30.93478565593989,21.720000000000017
643,3000,3.4771212547196626,integrated,False,True,30.688179847854528,21.720000000000017
644,3000,3.4771212547196626,integrated,False,True,30.741132055165586,21.720000000000017
645,3000,3.4771212547196626,integrated,False,True,30.767903883892103,21.720000000000017
646,3000,3.4771212547196626,integrated,False,True,30.8365541297458,21.720000000000017
647,3000,3.4771212547196626,integrated,False,True,30.803759675967996,21.720000000000017
648,3000,3.4771212547196626,integrated,False,True,30.77960184667831,21.720000000000017
649,3000,3.4771212547196626,integrated,False,True,30.76839202437449,21.720000000000017
650,3000,3.4771212547196626,integrated,False,True,30.761595365673628,21.720000000000017
651,3000,3.4771212547196626,integrated,False,True,30.85965821094475,21.720000000000017
652,3000,3.4771212547196626,integrated,False,True,30.79018451970397,21.720000000000017
653,3000,3.4771212547196626,integrated,False,True,30.752599868931135,21.720000000000017
654,3000,3.4771212547196626,integrated,False,True,30.817154914313534,21.720000000000017
655,3000,3.4771212547196626,integrated,False,True,30.81348733102945,21.720000000000017
656,3000,3.4771212547196626,integrated,False,True,30.721112600566897,21.720000000000017
657,3000,3.4771212547196626,integrated,False,True,30.784944778562384,21.720000000000017
658,3000,3.4771212547196626,integrated,False,True,30.790181869306085,21.720000000000017
659,3000,3.4771212547196626,integrated,False,True,30.733590332793078,21.720000000000017
660,3000,3.4771212547196626,integrated,False,True,30.80622733082304,21.720000000000017
661,3000,3.4771212547196626,integrated,False,True,30.715830117753335,21.720000000000017
662,3000,3.4771212547196626,integrated,False,True,30.71567238522225,21.720000000000017
663,3000,3.4771212547196626,integrated,False,True,30.66368674811212,21.720000000000017
664,3000,3.4771212547196626,integrated,False,True,30.778473784075047,21.720000000000017
665,3000,3.4771212547196626,integrated,False,True,30.718726214654296,21.720000000000017
666,3000,3.4771212547196626,integrated,False,True,30.62936469978719,21.720000000000017
667,3000,3.4771212547196626,integrated,False,True,30.791577007860653,21.720000000000017
668,3000,3.4771212547196626,integrated,False,True,30.8104608229812,21.720000000000017
669,3000,3.4771212547196626,integrated,False,True,30.816712565274692,21.720000000000017
670,3000,3.4771212547196626,integrated,False,True,30.816624183014405,21.720000000000017
671,3000,3.4771212547196626,integrated,False,True,30.777267470629912,21.720000000000017
672,3000,3.4771212547196626,integrated,False,True,30.771038820792874,21.720000000000017
673,3000,3.4771212547196626,integrated,False,True,30.726665281198926,21.720000000000017
674,3000,3.4771212547196626,integrated,False,True,30.804817275751674,21.720000000000017
675,3000,3.4771212547196626,integrated,False,True,30.72801156353477,21.720000000000017
676,3000,3.4771212547196626,integrated,False,True,30.709110369253878,21.720000000000017
677,3000,3.4771212547196626,integrated,False,True,30.812385724059737,21.720000000000017
678,3000,3.4771212547196626,integrated,False,True,30.723687442219767,21.720000000000017
679,3000,3.4771212547196626,integrated,False,True,30.72354545557541,21.720000000000017
680,3000,3.4771212547196626,integrated,False,True,30.746587748994717,21.720000000000017
681,3000,3.4771212547196626,integrated,False,True,30.80222315984267,21.720000000000017
682,3000,3.4771212547196626,integrated,False,True,30.76783255933885,21.720000000000017
683,3000,3.4771212547196626,integrated,False,True,30.72487842880283,21.720000000000017
684,3000,3.4771212547196626,integrated,False,True,30.733952080574824,21.720000000000017
685,3000,3.4771212547196626,integrated,False,True,30.759601187658262,21.720000000000017
686,3000,3.4771212547196626,integrated,False,True,30.74108907144204,21.720000000000017
687,3000,3.4771212547196626,integrated,False,True,30.805725291082275,21.720000000000017
688,3000,3.4771212547196626,integrated,False,True,30.78314736568567,21.720000000000017
689,3000,3.4771212547196626,integrated,False,True,30.78690134872854,21.720000000000017
690,3000,3.4771212547196626,integrated,False,True,30.764409665961065,21.720000000000017
691,3000,3.4771212547196626,integrated,False,True,30.794815228739107,21.720000000000017
692,3000,3.4771212547196626,integrated,False,True,30.74239122313589,21.720000000000017
693,3000,3.4771212547196626,integrated,False,True,30.748776017519543,21.720000000000017
694,3000,3.4771212547196626,integrated,False,True,30.6798480016825,21.720000000000017
695,3000,3.4771212547196626,integrated,False,True,30.804453311074298,21.720000000000017
696,3000,3.4771212547196626,integrated,False,True,30.65225181820498,21.720000000000017
697,3000,3.4771212547196626,integrated,False,True,30.797747397460483,21.720000000000017
698,3000,3.4771212547196626,integrated,False,True,30.843385567846436,21.720000000000017
699,3000,3.4771212547196626,integrated,False,True,30.874082615865632,21.720000000000017
700,3000,3.4771212547196626,integrated,False,True,30.780737613690533,21.720000000000017
701,3000,3.4771212547196626,integrated,False,True,30.878746086242707,21.720000000000017
702,3000,3.4771212547196626,integrated,False,True,30.866366945079008,21.720000000000017
703,3000,3.4771212547196626,integrated,False,True,30.84665664293631,21.720000000000017
704,3000,3.4771212547196626,integrated,False,True,30.838191847446744,21.720000000000017
705,3000,3.4771212547196626,integrated,False,True,30.80777417121527,21.720000000000017
706,3000,3.4771212547196626,integrated,False,True,30.721621202629564,21.720000000000017
707,3000,3.4771212547196626,integrated,False,True,30.78737417192832,21.720000000000017
708,3000,3.4771212547196626,integrated,False,True,30.78756193982423,21.720000000000017
709,3000,3.4771212547196626,integrated,False,True,30.755470355736108,21.720000000000017
710,3000,3.4771212547196626,integrated,False,True,30.830742960496785,21.720000000000017
711,3000,3.4771212547196626,integrated,False,True,30.750689339176375,21.720000000000017
712,3000,3.4771212547196626,integrated,False,True,30.83040482323871,21.720000000000017
713,3000,3.4771212547196626,integrated,False,True,30.767781532418432,21.720000000000017
714,3000,3.4771212547196626,integrated,False,True,30.778526018070384,21.720000000000017
715,3000,3.4771212547196626,integrated,False,True,30.782721768066665,21.720000000000017
716,3000,3.4771212547196626,integrated,False,True,30.721895012313965,21.720000000000017
717,3000,3.4771212547196626,integrated,False,True,30.74153145117605,21.720000000000017
718,3000,3.4771212547196626,integrated,False,True,30.753367455537187,21.720000000000017
719,3000,3.4771212547196626,integrated,False,True,30.75797546212975,21.720000000000017
720,3000,3.4771212547196626,integrated,False,True,30.84277752422979,21.720000000000017
721,3000,3.4771212547196626,integrated,False,True,30.71936925773652,21.720000000000017
722,3000,3.4771212547196626,integrated,False,True,30.74134924813992,21.720000000000017
723,3000,3.4771212547196626,integrated,False,True,30.803198438702445,21.720000000000017
724,3000,3.4771212547196626,integrated,False,True,30.83248046833537,21.720000000000017
725,3000,3.4771212547196626,integrated,False,True,30.661630775676052,21.720000000000017
726,3000,3.4771212547196626,integrated,False,True,30.810390450612253,21.720000000000017
727,3000,3.4771212547196626,integrated,False,True,30.769034012361516,21.720000000000017
728,3000,3.4771212547196626,integrated,False,True,30.757097628364345,21.720000000000017
729,3000,3.4771212547196626,integrated,False,True,30.732759861650326,21.720000000000017
730,3000,3.4771212547196626,integrated,False,True,30.793156296777752,21.720000000000017
731,3000,3.4771212547196626,integrated,False,True,30.772671566845865,21.720000000000017
732,3000,3.4771212547196626,integrated,False,True,30.835483420182996,21.720000000000017
733,3000,3.4771212547196626,integrated,False,True,30.800918474223977,21.720000000000017
734,3000,3.4771212547196626,integrated,False,True,30.713838345192762,21.720000000000017
735,3000,3.4771212547196626,integrated,False,True,30.74017616634888,21.720000000000017
736,3000,3.4771212547196626,integrated,False,True,30.715842050989963,21.720000000000017
737,3000,3.4771212547196626,integrated,False,True,30.83413216503905,21.720000000000017
738,3000,3.4771212547196626,integrated,False,True,30.871629438725684,21.720000000000017
739,3000,3.4771212547196626,integrated,False,True,30.735385975867494,21.720000000000017
740,3000,3.4771212547196626,integrated,False,True,30.706830771658844,21.720000000000017
741,3000,3.4771212547196626,integrated,False,True,30.851740822852605,21.720000000000017
742,3000,3.4771212547196626,integrated,False,True,30.726958627652216,21.720000000000017
743,3000,3.4771212547196626,integrated,False,True,30.719401228602457,21.720000000000017
744,3000,3.4771212547196626,integrated,False,True,30.828600260250937,21.720000000000017
745,3000,3.4771212547196626,integrated,False,True,30.766116673320454,21.720000000000017
746,3000,3.4771212547196626,integrated,False,True,30.643815192717064,21.720000000000017
747,3000,3.4771212547196626,integrated,False,True,30.77654373868144,21.720000000000017
748,3000,3.4771212547196626,integrated,False,True,30.767147364161364,21.720000000000017
749,3000,3.4771212547196626,integrated,False,True,30.761696134022245,21.720000000000017
750,3000,3.4771212547196626,integrated,False,True,30.75071221183851,21.720000000000017
751,3000,3.4771212547196626,integrated,False,True,30.7064841178722,21.720000000000017
752,3000,3.4771212547196626,integrated,False,True,30.882942793430338,21.720000000000017
753,3000,3.4771212547196626,integrated,False,True,30.703863345925278,21.720000000000017
754,3000,3.4771212547196626,integrated,False,True,30.741945772173782,21.720000000000017
755,3000,3.4771212547196626,integrated,False,True,30.717073793212215,21.720000000000017
756,3000,3.4771212547196626,integrated,False,True,30.86926524987534,21.720000000000017
757,3000,3.4771212547196626,integrated,False,True,30.82690856808876,21.720000000000017
758,3000,3.4771212547196626,integrated,False,True,30.7500383926609,21.720000000000017
759,3000,3.4771212547196626,integrated,False,True,30.761014561528654,21.720000000000017
760,3000,3.4771212547196626,integrated,False,True,30.827382699714626,21.720000000000017
761,3000,3.4771212547196626,integrated,False,True,30.809730403511928,21.720000000000017
762,3000,3.4771212547196626,integrated,False,True,30.729281378414434,21.720000000000017
763,3000,3.4771212547196626,integrated,False,True,30.783745704202097,21.720000000000017
764,3000,3.4771212547196626,integrated,False,True,30.762838342947617,21.720000000000017
765,3000,3.4771212547196626,integrated,False,True,30.71586381792344,21.720000000000017
766,3000,3.4771212547196626,integrated,False,True,30.705950213851356,21.720000000000017
767,3000,3.4771212547196626,integrated,False,True,30.746453486121002,21.720000000000017
768,3000,3.4771212547196626,integrated,False,True,30.80690670349422,21.720000000000017
769,3000,3.4771212547196626,integrated,False,True,30.81843655249888,21.720000000000017
770,3000,3.4771212547196626,integrated,False,True,30.7966491773519,21.720000000000017
771,3000,3.4771212547196626,integrated,False,True,30.772986597951572,21.720000000000017
772,3000,3.4771212547196626,integrated,False,True,30.795519272730687,21.720000000000017
773,3000,3.4771212547196626,integrated,False,True,30.77391134016908,21.720000000000017
774,3000,3.4771212547196626,integrated,False,True,30.763998046733764,21.720000000000017
775,3000,3.4771212547196626,integrated,False,True,30.71095092232448,21.720000000000017
776,3000,3.4771212547196626,integrated,False,True,30.820337666748763,21.720000000000017
777,3000,3.4771212547196626,integrated,False,True,30.733897772526184,21.720000000000017
778,3000,3.4771212547196626,integrated,False,True,30.778847057972918,21.720000000000017
779,3000,3.4771212547196626,integrated,False,True,30.6414093561148,21.720000000000017
780,3000,3.4771212547196626,integrated,False,True,30.820086509418886,21.720000000000017
781,3000,3.4771212547196626,integrated,False,True,30.873126936431895,21.720000000000017
782,3000,3.4771212547196626,integrated,False,True,30.729180650537977,21.720000000000017
783,3000,3.4771212547196626,integrated,False,True,30.749145679324272,21.720000000000017
784,3000,3.4771212547196626,integrated,False,True,30.78268990071161,21.720000000000017
785,3000,3.4771212547196626,integrated,False,True,30.77486758932185,21.720000000000017
786,3000,3.4771212547196626,integrated,False,True,30.84794837218099,21.720000000000017
787,3000,3.4771212547196626,integrated,False,True,30.783812142997693,21.720000000000017
788,3000,3.4771212547196626,integrated,False,True,30.863481772085848,21.720000000000017
789,3000,3.4771212547196626,integrated,False,True,30.738739948970355,21.720000000000017
790,3000,3.4771212547196626,integrated,False,True,30.799168945723885,21.720000000000017
791,3000,3.4771212547196626,integrated,False,True,30.728677890736172,21.720000000000017
792,3000,3.4771212547196626,integrated,False,True,30.73982760558277,21.720000000000017
793,3000,3.4771212547196626,integrated,False,True,30.654217005291326,21.720000000000017
794,3000,3.4771212547196626,integrated,False,True,30.814583752791876,21.720000000000017
795,3000,3.4771212547196626,integrated,False,True,30.795591931782923,21.720000000000017
796,3000,3.4771212547196626,integrated,False,True,30.866416994844588,21.720000000000017
797,3000,3.4771212547196626,integrated,False,True,30.812190643999575,21.720000000000017
798,3000,3.4771212547196626,integrated,False,True,30.73810058211415,21.720000000000017
799,3000,3.4771212547196626,integrated,False,True,30.68207786491906,21.720000000000017
800,3000,3.4771212547196626,integrated,False,True,30.741571767602807,21.720000000000017
801,3000,3.4771212547196626,integrated,False,True,30.659934511543916,21.720000000000017
802,3000,3.4771212547196626,integrated,False,True,30.77480030586484,21.720000000000017
803,3000,3.4771212547196626,integrated,False,True,30.794182046695347,21.720000000000017
804,3000,3.4771212547196626,integrated,False,True,30.72535364662033,21.720000000000017
805,3000,3.4771212547196626,integrated,False,True,30.757037735951343,21.720000000000017
806,3000,3.4771212547196626,integrated,False,True,30.747115240403005,21.720000000000017
807,3000,3.4771212547196626,integrated,False,True,30.70526627981095,21.720000000000017
808,3000,3.4771212547196626,integrated,False,True,30.737130061187976,21.720000000000017
809,3000,3.4771212547196626,integrated,False,True,30.773160799672958,21.720000000000017
810,3000,3.4771212547196626,integrated,False,True,30.737217657525775,21.720000000000017
811,3000,3.4771212547196626,integrated,False,True,30.743096582574047,21.720000000000017
812,3000,3.4771212547196626,integrated,False,True,30.84156672742022,21.720000000000017
813,3000,3.4771212547196626,integrated,False,True,30.685673540035033,21.720000000000017
814,3000,3.4771212547196626,integrated,False,True,30.865686120670308,21.720000000000017
815,3000,3.4771212547196626,integrated,False,True,30.696157965610524,21.720000000000017
816,3000,3.4771212547196626,integrated,False,True,30.722914489228515,21.720000000000017
817,3000,3.4771212547196626,integrated,False,True,30.799750429807105,21.720000000000017
818,3000,3.4771212547196626,integrated,False,True,30.683433136707798,21.720000000000017
819,3000,3.4771212547196626,integrated,False,True,30.77421188739723,21.720000000000017
820,3000,3.4771212547196626,integrated,False,True,30.752195214283386,21.720000000000017
821,3000,3.4771212547196626,integrated,False,True,30.75173290419108,21.720000000000017
822,3000,3.4771212547196626,integrated,False,True,30.69460993029434,21.720000000000017
823,3000,3.4771212547196626,integrated,False,True,30.724484018751326,21.720000000000017
824,3000,3.4771212547196626,integrated,False,True,30.783680819059597,21.720000000000017
825,3000,3.4771212547196626,integrated,False,True,30.71662951333716,21.720000000000017
826,3000,3.4771212547196626,integrated,False,True,30.710084817076748,21.720000000000017
827,3000,3.4771212547196626,integrated,False,True,30.765269648853046,21.720000000000017
828,3000,3.4771212547196626,integrated,False,True,30.685815166223193,21.720000000000017
829,3000,3.4771212547196626,integrated,False,True,30.775110774488578,21.720000000000017
830,3000,3.4771212547196626,integrated,False,True,30.799120090162752,21.720000000000017
831,3000,3.4771212547196626,integrated,False,True,30.660029501478775,21.720000000000017
832,3000,3.4771212547196626,integrated,False,True,30.71516794167404,21.720000000000017
833,3000,3.4771212547196626,integrated,False,True,30.788886114497334,21.720000000000017
834,3000,3.4771212547196626,integrated,False,True,30.89176490260619,21.720000000000017
835,3000,3.4771212547196626,integrated,False,True,30.87091675736545,21.720000000000017
836,3000,3.4771212547196626,integrated,False,True,30.866598634280706,21.720000000000017
837,3000,3.4771212547196626,integrated,False,True,30.712860233671588,21.720000000000017
838,3000,3.4771212547196626,integrated,False,True,30.85731502626831,21.720000000000017
839,3000,3.4771212547196626,integrated,False,True,30.83748780451064,21.720000000000017
840,3000,3.4771212547196626,integrated,False,True,30.817475712549285,21.720000000000017
841,3000,3.4771212547196626,integrated,False,True,30.88183469241099,21.720000000000017
842,3000,3.4771212547196626,integrated,False,True,30.839301610937767,21.720000000000017
843,3000,3.4771212547196626,integrated,False,True,30.778649013553206,21.720000000000017
844,3000,3.4771212547196626,integrated,False,True,30.667099265062284,21.720000000000017
845,3000,3.4771212547196626,integrated,False,True,30.745551340259553,21.720000000000017
846,3000,3.4771212547196626,integrated,False,True,30.77935015120169,21.720000000000017
847,3000,3.4771212547196626,integrated,False,True,30.719030383438145,21.720000000000017
848,3000,3.4771212547196626,integrated,False,True,30.754702105032834,21.720000000000017
849,3000,3.4771212547196626,integrated,False,True,30.685687805643163,21.720000000000017
850,3000,3.4771212547196626,integrated,False,True,30.760100652028875,21.720000000000017
851,3000,3.4771212547196626,integrated,False,True,30.808480975344246,21.720000000000017
852,3000,3.4771212547196626,integrated,False,True,30.793745543042675,21.720000000000017
853,3000,3.4771212547196626,integrated,False,True,30.768265974686038,21.720000000000017
854,3000,3.4771212547196626,integrated,False,True,30.748749689992955,21.720000000000017
855,3000,3.4771212547196626,integrated,False,True,30.768563352748057,21.720000000000017
856,3000,3.4771212547196626,integrated,False,True,30.782970925452645,21.720000000000017
857,3000,3.4771212547196626,integrated,False,True,30.785255697260695,21.720000000000017
858,3000,3.4771212547196626,integrated,False,True,30.789632183717565,21.720000000000017
859,3000,3.4771212547196626,integrated,False,True,30.79437153891346,21.720000000000017
860,3000,3.4771212547196626,integrated,False,True,30.758773455849436,21.720000000000017
861,3000,3.4771212547196626,integrated,False,True,30.735020632634054,21.720000000000017
862,3000,3.4771212547196626,integrated,False,True,30.686823065934867,21.720000000000017
863,3000,3.4771212547196626,integrated,False,True,30.77540832094432,21.720000000000017
864,3000,3.4771212547196626,integrated,False,True,30.77273704718326,21.720000000000017
865,3000,3.4771212547196626,integrated,False,True,30.864699838218073,21.720000000000017
866,3000,3.4771212547196626,integrated,False,True,30.74421115816253,21.720000000000017
867,3000,3.4771212547196626,integrated,False,True,30.717682120978367,21.720000000000017
868,3000,3.4771212547196626,integrated,False,True,30.858669266687727,21.720000000000017
869,3000,3.4771212547196626,integrated,False,True,30.685558791531648,21.720000000000017
870,3000,3.4771212547196626,integrated,False,True,30.76355398592444,21.720000000000017
871,3000,3.4771212547196626,integrated,False,True,30.76419741724368,21.720000000000017
872,3000,3.4771212547196626,integrated,False,True,30.72767806533175,21.720000000000017
873,3000,3.4771212547196626,integrated,False,True,30.745955803889302,21.720000000000017
874,3000,3.4771212547196626,integrated,False,True,30.8303719754339,21.720000000000017
875,3000,3.4771212547196626,integrated,False,True,30.743588668378866,21.720000000000017
876,3000,3.4771212547196626,integrated,False,True,30.717700777464003,21.720000000000017
877,3000,3.4771212547196626,integrated,False,True,30.772559250995982,21.720000000000017
878,3000,3.4771212547196626,integrated,False,True,30.868099830696863,21.720000000000017
879,3000,3.4771212547196626,integrated,False,True,30.73250116117058,21.720000000000017
880,3000,3.4771212547196626,integrated,False,True,30.753175777371965,21.720000000000017
881,3000,3.4771212547196626,integrated,False,True,30.75805349862791,21.720000000000017
882,3000,3.4771212547196626,integrated,False,True,30.806341295279736,21.720000000000017
883,3000,3.4771212547196626,integrated,False,True,30.81509809100031,21.720000000000017
884,3000,3.4771212547196626,integrated,False,True,30.801257335150304,21.720000000000017
885,3000,3.4771212547196626,integrated,False,True,30.788311055292343,21.720000000000017
886,3000,3.4771212547196626,integrated,False,True,30.809771357081154,21.720000000000017
887,3000,3.4771212547196626,integrated,False,True,30.710089704924336,21.720000000000017
888,3000,3.4771212547196626,integrated,False,True,30.771481179639423,21.720000000000017
889,3000,3.4771212547196626,integrated,False,True,30.78887541053011,21.720000000000017
890,3000,3.4771212547196626,integrated,False,True,30.777551805513035,21.720000000000017
891,3000,3.4771212547196626,integrated,False,True,30.776621150684733,21.720000000000017
892,3000,3.4771212547196626,integrated,False,True,30.746054074965375,21.720000000000017
893,3000,3.4771212547196626,integrated,False,True,30.741504534104426,21.720000000000017
894,3000,3.4771212547196626,integrated,False,True,30.692149525138575,21.720000000000017
895,3000,3.4771212547196626,integrated,False,True,30.697292192334984,21.720000000000017
896,3000,3.4771212547196626,integrated,False,True,30.733589954139227,21.720000000000017
897,3000,3.4771212547196626,integrated,False,True,30.781209197462637,21.720000000000017
898,3000,3.4771212547196626,integrated,False,True,30.73564957550606,21.720000000000017
899,3000,3.4771212547196626,integrated,False,True,30.754381098039055,21.720000000000017
900,3000,3.4771212547196626,integrated,False,True,30.754915550628823,21.720000000000017
901,3000,3.4771212547196626,integrated,False,True,30.736543469426152,21.720000000000017
902,3000,3.4771212547196626,integrated,False,True,30.793474012705023,21.720000000000017
903,3000,3.4771212547196626,integrated,False,True,30.69366252345751,21.720000000000017
904,3000,3.4771212547196626,integrated,False,True,30.780629098831113,21.720000000000017
905,3000,3.4771212547196626,integrated,False,True,30.69940864030176,21.720000000000017
906,3000,3.4771212547196626,integrated,False,True,30.920589910336414,21.720000000000017
907,3000,3.4771212547196626,integrated,False,True,30.773508823556654,21.720000000000017
908,3000,3.4771212547196626,integrated,False,True,30.800247420167977,21.720000000000017
909,3000,3.4771212547196626,integrated,False,True,30.76270879265802,21.720000000000017
910,3000,3.4771212547196626,integrated,False,True,30.79914743270328,21.720000000000017
911,3000,3.4771212547196626,integrated,False,True,30.703545761503218,21.720000000000017
912,3000,3.4771212547196626,integrated,False,True,30.8506184023028,21.720000000000017
913,3000,3.4771212547196626,integrated,False,True,30.79621774860089,21.720000000000017
914,3000,3.4771212547196626,integrated,False,True,30.795778652303134,21.720000000000017
915,3000,3.4771212547196626,integrated,False,True,30.759623332970847,21.720000000000017
916,3000,3.4771212547196626,integrated,False,True,30.754368479317517,21.720000000000017
917,3000,3.4771212547196626,integrated,False,True,30.75626480098949,21.720000000000017
918,3000,3.4771212547196626,integrated,False,True,30.73703890792128,21.720000000000017
919,3000,3.4771212547196626,integrated,False,True,30.767255813685985,21.720000000000017
920,3000,3.4771212547196626,integrated,False,True,30.752013427631375,21.720000000000017
921,3000,3.4771212547196626,integrated,False,True,30.74115666241521,21.720000000000017
922,3000,3.4771212547196626,integrated,False,True,30.728202417118112,21.720000000000017
923,3000,3.4771212547196626,integrated,False,True,30.798508040394026,21.720000000000017
924,3000,3.4771212547196626,integrated,False,True,30.79435825624285,21.720000000000017
925,3000,3.4771212547196626,integrated,False,True,30.734657378222337,21.720000000000017
926,3000,3.4771212547196626,integrated,False,True,30.791686129756986,21.720000000000017
927,3000,3.4771212547196626,integrated,False,True,30.78784080285815,21.720000000000017
928,3000,3.4771212547196626,integrated,False,True,30.776179406706007,21.720000000000017
929,3000,3.4771212547196626,integrated,False,True,30.719784309240875,21.720000000000017
930,3000,3.4771212547196626,integrated,False,True,30.69622121187237,21.720000000000017
931,3000,3.4771212547196626,integrated,False,True,30.730241269740667,21.720000000000017
932,3000,3.4771212547196626,integrated,False,True,30.780270858994633,21.720000000000017
933,3000,3.4771212547196626,integrated,False,True,30.81583039428066,21.720000000000017
934,3000,3.4771212547196626,integrated,False,True,30.801051165750124,21.720000000000017
935,3000,3.4771212547196626,integrated,False,True,30.842214335940227,21.720000000000017
936,3000,3.4771212547196626,integrated,False,True,30.783563772212325,21.720000000000017
937,3000,3.4771212547196626,integrated,False,True,30.75319419269131,21.720000000000017
938,3000,3.4771212547196626,integrated,False,True,30.69168698144935,21.720000000000017
939,3000,3.4771212547196626,integrated,False,True,30.79350604160656,21.720000000000017
940,3000,3.4771212547196626,integrated,False,True,30.861173390504163,21.720000000000017
941,3000,3.4771212547196626,integrated,False,True,30.656686840047648,21.720000000000017
942,3000,3.4771212547196626,integrated,False,True,30.82082696140047,21.720000000000017
943,3000,3.4771212547196626,integrated,False,True,30.711953135225013,21.720000000000017
944,3000,3.4771212547196626,integrated,False,True,30.74162889290652,21.720000000000017
945,3000,3.4771212547196626,integrated,False,True,30.67783825261074,21.720000000000017
946,3000,3.4771212547196626,integrated,False,True,30.730481803932584,21.720000000000017
947,3000,3.4771212547196626,integrated,False,True,30.765204219975434,21.720000000000017
948,3000,3.4771212547196626,integrated,False,True,30.806249297254027,21.720000000000017
949,3000,3.4771212547196626,integrated,False,True,30.685798334621857,21.720000000000017
950,3000,3.4771212547196626,integrated,False,True,30.7065387991983,21.720000000000017
951,3000,3.4771212547196626,integrated,False,True,30.813236947955673,21.720000000000017
952,3000,3.4771212547196626,integrated,False,True,30.74571981260461,21.720000000000017
953,3000,3.4771212547196626,integrated,False,True,30.777781885556227,21.720000000000017
954,3000,3.4771212547196626,integrated,False,True,30.723709133527542,21.720000000000017
955,3000,3.4771212547196626,integrated,False,True,30.76144372511028,21.720000000000017
956,3000,3.4771212547196626,integrated,False,True,30.652982127527437,21.720000000000017
957,3000,3.4771212547196626,integrated,False,True,30.789780782504252,21.720000000000017
958,3000,3.4771212547196626,integrated,False,True,30.833984600355663,21.720000000000017
959,3000,3.4771212547196626,integrated,False,True,30.765713158741207,21.720000000000017
960,3000,3.4771212547196626,integrated,False,True,30.82078529663969,21.720000000000017
961,3000,3.4771212547196626,integrated,False,True,30.71297471965024,21.720000000000017
962,3000,3.4771212547196626,integrated,False,True,30.76233877581383,21.720000000000017
963,3000,3.4771212547196626,integrated,False,True,30.71041499197638,21.720000000000017
964,3000,3.4771212547196626,integrated,False,True,30.69836127253121,21.720000000000017
965,3000,3.4771212547196626,integrated,False,True,30.759581813361336,21.720000000000017
966,3000,3.4771212547196626,integrated,False,True,30.739412814419808,21.720000000000017
967,3000,3.4771212547196626,integrated,False,True,30.916057771744434,21.720000000000017
968,3000,3.4771212547196626,integrated,False,True,30.793571844452803,21.720000000000017
969,3000,3.4771212547196626,integrated,False,True,30.81166496533697,21.720000000000017
970,3000,3.4771212547196626,integrated,False,True,30.769020580889247,21.720000000000017
971,3000,3.4771212547196626,integrated,False,True,30.766268418409535,21.720000000000017
972,3000,3.4771212547196626,integrated,False,True,30.737900754606798,21.720000000000017
973,3000,3.4771212547196626,integrated,False,True,30.784261062789444,21.720000000000017
974,3000,3.4771212547196626,integrated,False,True,30.85891272734802,21.720000000000017
975,3000,3.4771212547196626,integrated,False,True,30.809462183637002,21.720000000000017
976,3000,3.4771212547196626,integrated,False,True,30.824270257476208,21.720000000000017
977,3000,3.4771212547196626,integrated,False,True,30.867336525518425,21.720000000000017
978,3000,3.4771212547196626,integrated,False,True,30.83383895244817,21.720000000000017
979,3000,3.4771212547196626,integrated,False,True,30.754251703531857,21.720000000000017
980,3000,3.4771212547196626,integrated,False,True,30.82227218333033,21.720000000000017
981,3000,3.4771212547196626,integrated,False,True,30.836509816363147,21.720000000000017
982,3000,3.4771212547196626,integrated,False,True,30.77576194413883,21.720000000000017
983,3000,3.4771212547196626,integrated,False,True,30.75753773917161,21.720000000000017
984,3000,3.4771212547196626,integrated,False,True,30.740821824315752,21.720000000000017
985,3000,3.4771212547196626,integrated,False,True,30.72311935465121,21.720000000000017
986,3000,3.4771212547196626,integrated,False,True,30.752062267884174,21.720000000000017
987,3000,3.4771212547196626,integrated,False,True,30.816175340919454,21.720000000000017
988,3000,3.4771212547196626,integrated,False,True,30.74575281737104,21.720000000000017
989,3000,3.4771212547196626,integrated,False,True,30.69401838514173,21.720000000000017
990,3000,3.4771212547196626,integrated,False,True,30.70375105690344,21.720000000000017
991,3000,3.4771212547196626,integrated,False,True,30.667764262617005,21.720000000000017
992,3000,3.4771212547196626,integrated,False,True,30.865063476834315,21.720000000000017
993,3000,3.4771212547196626,integrated,False,True,30.70553233066017,21.720000000000017
994,3000,3.4771212547196626,integrated,False,True,30.747216472307088,21.720000000000017
995,3000,3.4771212547196626,integrated,False,True,30.79836827908612,21.720000000000017
996,3000,3.4771212547196626,integrated,False,True,30.921655687772727,21.720000000000017
997,3000,3.4771212547196626,integrated,False,True,30.866073738609195,21.720000000000017
998,3000,3.4771212547196626,integrated,False,True,30.764987126749524,21.720000000000017
999,3000,3.4771212547196626,integrated,False,True,30.710609363623163,21.720000000000017
0,10000,4.0,integrated,False,True,29.544488237010953,21.720000000000017
1,10000,4.0,integrated,False,True,29.533383704384214,21.720000000000017
2,10000,4.0,integrated,False,True,29.53559046129319,21.720000000000017
3,10000,4.0,integrated,False,True,29.47109522762923,21.720000000000017
4,10000,4.0,integrated,False,True,29.518935342581536,21.720000000000017
5,10000,4.0,integrated,False,True,29.53731029120206,21.720000000000017
6,10000,4.0,integrated,False,True,29.567368212776625,21.720000000000017
7,10000,4.0,integrated,False,True,29.52656351353884,21.720000000000017
8,10000,4.0,integrated,False,True,29.493375053782568,21.720000000000017
9,10000,4.0,integrated,False,True,29.5026400667173,21.720000000000017
10,10000,4.0,integrated,False,True,29.485469432665674,21.720000000000017
11,10000,4.0,integrated,False,True,29.47591539889972,21.720000000000017
12,10000,4.0,integrated,False,True,29.52954961070675,21.720000000000017
13,10000,4.0,integrated,False,True,29.511259504122826,21.720000000000017
14,10000,4.0,integrated,False,True,29.53767333151203,21.720000000000017
15,10000,4.0,integrated,False,True,29.571211757412627,21.720000000000017
16,10000,4.0,integrated,False,True,29.492235504443116,21.720000000000017
17,10000,4.0,integrated,False,True,29.50226412798486,21.720000000000017
18,10000,4.0,integrated,False,True,29.459798371271056,21.720000000000017
19,10000,4.0,integrated,False,True,29.532736870270714,21.720000000000017
20,10000,4.0,integrated,False,True,29.490553421108217,21.720000000000017
21,10000,4.0,integrated,False,True,29.532280982837054,21.720000000000017
22,10000,4.0,integrated,False,True,29.499331449620225,21.720000000000017
23,10000,4.0,integrated,False,True,29.474568568351575,21.720000000000017
24,10000,4.0,integrated,False,True,29.489068319771278,21.720000000000017
25,10000,4.0,integrated,False,True,29.549178216448993,21.720000000000017
26,10000,4.0,integrated,False,True,29.499835018697947,21.720000000000017
27,10000,4.0,integrated,False,True,29.478873521044676,21.720000000000017
28,10000,4.0,integrated,False,True,29.49256986430359,21.720000000000017
29,10000,4.0,integrated,False,True,29.532619348487643,21.720000000000017
30,10000,4.0,integrated,False,True,29.494536986872728,21.720000000000017
31,10000,4.0,integrated,False,True,29.536826822821023,21.720000000000017
32,10000,4.0,integrated,False,True,29.491704125460025,21.720000000000017
33,10000,4.0,integrated,False,True,29.505881208752232,21.720000000000017
34,10000,4.0,integrated,False,True,29.531956415668887,21.720000000000017
35,10000,4.0,integrated,False,True,29.544430678044066,21.720000000000017
36,10000,4.0,integrated,False,True,29.53001961364388,21.720000000000017
37,10000,4.0,integrated,False,True,29.492247736706695,21.720000000000017
38,10000,4.0,integrated,False,True,29.4824392877717,21.720000000000017
39,10000,4.0,integrated,False,True,29.54819228655825,21.720000000000017
40,10000,4.0,integrated,False,True,29.485135822223878,21.720000000000017
41,10000,4.0,integrated,False,True,29.566628712004796,21.720000000000017
42,10000,4.0,integrated,False,True,29.486751925323908,21.720000000000017
43,10000,4.0,integrated,False,True,29.512217291698995,21.720000000000017
44,10000,4.0,integrated,False,True,29.51940603215234,21.720000000000017
45,10000,4.0,integrated,False,True,29.498452234423013,21.720000000000017
46,10000,4.0,integrated,False,True,29.51723702495223,21.720000000000017
47,10000,4.0,integrated,False,True,29.518284130866768,21.720000000000017
48,10000,4.0,integrated,False,True,29.495845028211992,21.720000000000017
49,10000,4.0,integrated,False,True,29.50023949571518,21.720000000000017
50,10000,4.0,integrated,False,True,29.508116092755486,21.720000000000017
51,10000,4.0,integrated,False,True,29.529297278189606,21.720000000000017
52,10000,4.0,integrated,False,True,29.5105375391615,21.720000000000017
53,10000,4.0,integrated,False,True,29.54748004779917,21.720000000000017
54,10000,4.0,integrated,False,True,29.49479726513804,21.720000000000017
55,10000,4.0,integrated,False,True,29.446929643022898,21.720000000000017
56,10000,4.0,integrated,False,True,29.480377023993157,21.720000000000017
57,10000,4.0,integrated,False,True,29.549087456188005,21.720000000000017
58,10000,4.0,integrated,False,True,29.497749066894798,21.720000000000017
59,10000,4.0,integrated,False,True,29.52857370688444,21.720000000000017
60,10000,4.0,integrated,False,True,29.49503967797762,21.720000000000017
61,10000,4.0,integrated,False,True,29.548343036778366,21.720000000000017
62,10000,4.0,integrated,False,True,29.505082348442404,21.720000000000017
63,10000,4.0,integrated,False,True,29.485948334022254,21.720000000000017
64,10000,4.0,integrated,False,True,29.54412686466338,21.720000000000017
65,10000,4.0,integrated,False,True,29.490312253778697,21.720000000000017
66,10000,4.0,integrated,False,True,29.533113199297578,21.720000000000017
67,10000,4.0,integrated,False,True,29.520637117462677,21.720000000000017
68,10000,4.0,integrated,False,True,29.514815594605857,21.720000000000017
69,10000,4.0,integrated,False,True,29.520828029534073,21.720000000000017
70,10000,4.0,integrated,False,True,29.619876219537765,21.720000000000017
71,10000,4.0,integrated,False,True,29.483796170996072,21.720000000000017
72,10000,4.0,integrated,False,True,29.554642779622867,21.720000000000017
73,10000,4.0,integrated,False,True,29.535318663319863,21.720000000000017
74,10000,4.0,integrated,False,True,29.510028608779272,21.720000000000017
75,10000,4.0,integrated,False,True,29.50507047579782,21.720000000000017
76,10000,4.0,integrated,False,True,29.459536475841496,21.720000000000017
77,10000,4.0,integrated,False,True,29.51081091164278,21.720000000000017
78,10000,4.0,integrated,False,True,29.52180671579673,21.720000000000017
79,10000,4.0,integrated,False,True,29.500652149675744,21.720000000000017
80,10000,4.0,integrated,False,True,29.523758443674687,21.720000000000017
81,10000,4.0,integrated,False,True,29.492788985813288,21.720000000000017
82,10000,4.0,integrated,False,True,29.50700328481087,21.720000000000017
83,10000,4.0,integrated,False,True,29.52786886650653,21.720000000000017
84,10000,4.0,integrated,False,True,29.49586928187558,21.720000000000017
85,10000,4.0,integrated,False,True,29.50862099941,21.720000000000017
86,10000,4.0,integrated,False,True,29.485538519182285,21.720000000000017
87,10000,4.0,integrated,False,True,29.533650130324226,21.720000000000017
88,10000,4.0,integrated,False,True,29.47314228976665,21.720000000000017
89,10000,4.0,integrated,False,True,29.553495300961764,21.720000000000017
90,10000,4.0,integrated,False,True,29.490425972126463,21.720000000000017
91,10000,4.0,integrated,False,True,29.43245542843392,21.720000000000017
92,10000,4.0,integrated,False,True,29.545830664565333,21.720000000000017
93,10000,4.0,integrated,False,True,29.47763091420655,21.720000000000017
94,10000,4.0,integrated,False,True,29.51407972313421,21.720000000000017
95,10000,4.0,integrated,False,True,29.505243232360137,21.720000000000017
96,10000,4.0,integrated,False,True,29.487111676814145,21.720000000000017
97,10000,4.0,integrated,False,True,29.549012135662142,21.720000000000017
98,10000,4.0,integrated,False,True,29.529124455924723,21.720000000000017
99,10000,4.0,integrated,False,True,29.544006772315072,21.720000000000017
100,10000,4.0,integrated,False,True,29.486794853982467,21.720000000000017
101,10000,4.0,integrated,False,True,29.51835103642604,21.720000000000017
102,10000,4.0,integrated,False,True,29.551537480160462,21.720000000000017
103,10000,4.0,integrated,False,True,29.490296216912853,21.720000000000017
104,10000,4.0,integrated,False,True,29.505570417402247,21.720000000000017
105,10000,4.0,integrated,False,True,29.51125531422649,21.720000000000017
106,10000,4.0,integrated,False,True,29.524846935710837,21.720000000000017
107,10000,4.0,integrated,False,True,29.545940806855562,21.720000000000017
108,10000,4.0,integrated,False,True,29.549927288522696,21.720000000000017
109,10000,4.0,integrated,False,True,29.526751555036046,21.720000000000017
110,10000,4.0,integrated,False,True,29.537678272700717,21.720000000000017
111,10000,4.0,integrated,False,True,29.524934170748185,21.720000000000017
112,10000,4.0,integrated,False,True,29.4684281204605,21.720000000000017
113,10000,4.0,integrated,False,True,29.518298436937087,21.720000000000017
114,10000,4.0,integrated,False,True,29.498817715072462,21.720000000000017
115,10000,4.0,integrated,False,True,29.517012861045643,21.720000000000017
116,10000,4.0,integrated,False,True,29.52112262740704,21.720000000000017
117,10000,4.0,integrated,False,True,29.507584181060814,21.720000000000017
118,10000,4.0,integrated,False,True,29.495827663656904,21.720000000000017
119,10000,4.0,integrated,False,True,29.50467224247747,21.720000000000017
120,10000,4.0,integrated,False,True,29.527920991167193,21.720000000000017
121,10000,4.0,integrated,False,True,29.548514809352536,21.720000000000017
122,10000,4.0,integrated,False,True,29.495709467388266,21.720000000000017
123,10000,4.0,integrated,False,True,29.47405554816502,21.720000000000017
124,10000,4.0,integrated,False,True,29.493894982093472,21.720000000000017
125,10000,4.0,integrated,False,True,29.46064897847951,21.720000000000017
126,10000,4.0,integrated,False,True,29.449613896405403,21.720000000000017
127,10000,4.0,integrated,False,True,29.522946695148043,21.720000000000017
128,10000,4.0,integrated,False,True,29.520925972109964,21.720000000000017
129,10000,4.0,integrated,False,True,29.505959380933668,21.720000000000017
130,10000,4.0,integrated,False,True,29.514124389637004,21.720000000000017
131,10000,4.0,integrated,False,True,29.52953800794795,21.720000000000017
132,10000,4.0,integrated,False,True,29.55096312178172,21.720000000000017
133,10000,4.0,integrated,False,True,29.469171479614396,21.720000000000017
134,10000,4.0,integrated,False,True,29.470260495923014,21.720000000000017
135,10000,4.0,integrated,False,True,29.487669528771946,21.720000000000017
136,10000,4.0,integrated,False,True,29.505675097269183,21.720000000000017
137,10000,4.0,integrated,False,True,29.519849732274693,21.720000000000017
138,10000,4.0,integrated,False,True,29.51093820700102,21.720000000000017
139,10000,4.0,integrated,False,True,29.52116308402819,21.720000000000017
140,10000,4.0,integrated,False,True,29.47552311759474,21.720000000000017
141,10000,4.0,integrated,False,True,29.480242432482036,21.720000000000017
142,10000,4.0,integrated,False,True,29.541966482203016,21.720000000000017
143,10000,4.0,integrated,False,True,29.573715413106648,21.720000000000017
144,10000,4.0,integrated,False,True,29.54540598234299,21.720000000000017
145,10000,4.0,integrated,False,True,29.483455984807083,21.720000000000017
146,10000,4.0,integrated,False,True,29.484080952184538,21.720000000000017
147,10000,4.0,integrated,False,True,29.53337869743686,21.720000000000017
148,10000,4.0,integrated,False,True,29.42604655128896,21.720000000000017
149,10000,4.0,integrated,False,True,29.463326338088972,21.720000000000017
150,10000,4.0,integrated,False,True,29.53394282171438,21.720000000000017
151,10000,4.0,integrated,False,True,29.513984745400876,21.720000000000017
152,10000,4.0,integrated,False,True,29.54677368891909,21.720000000000017
153,10000,4.0,integrated,False,True,29.518437246254408,21.720000000000017
154,10000,4.0,integrated,False,True,29.5576456809021,21.720000000000017
155,10000,4.0,integrated,False,True,29.505525963888687,21.720000000000017
156,10000,4.0,integrated,False,True,29.479401278443994,21.720000000000017
157,10000,4.0,integrated,False,True,29.544672187230788,21.720000000000017
158,10000,4.0,integrated,False,True,29.529264823364365,21.720000000000017
159,10000,4.0,integrated,False,True,29.504252448271203,21.720000000000017
160,10000,4.0,integrated,False,True,29.492574579343334,21.720000000000017
161,10000,4.0,integrated,False,True,29.49700320998671,21.720000000000017
162,10000,4.0,integrated,False,True,29.521774184653133,21.720000000000017
163,10000,4.0,integrated,False,True,29.523247846738812,21.720000000000017
164,10000,4.0,integrated,False,True,29.49533057754955,21.720000000000017
165,10000,4.0,integrated,False,True,29.450074066567915,21.720000000000017
166,10000,4.0,integrated,False,True,29.55102292228494,21.720000000000017
167,10000,4.0,integrated,False,True,29.52622333952235,21.720000000000017
168,10000,4.0,integrated,False,True,29.533784798907334,21.720000000000017
169,10000,4.0,integrated,False,True,29.484283384256372,21.720000000000017
170,10000,4.0,integrated,False,True,29.495495197191968,21.720000000000017
171,10000,4.0,integrated,False,True,29.559713189002185,21.720000000000017
172,10000,4.0,integrated,False,True,29.47346975774163,21.720000000000017
173,10000,4.0,integrated,False,True,29.51622253388812,21.720000000000017
174,10000,4.0,integrated,False,True,29.53411674933014,21.720000000000017
175,10000,4.0,integrated,False,True,29.508249250602915,21.720000000000017
176,10000,4.0,integrated,False,True,29.51374791811142,21.720000000000017
177,10000,4.0,integrated,False,True,29.461922080137313,21.720000000000017
178,10000,4.0,integrated,False,True,29.488298388326776,21.720000000000017
179,10000,4.0,integrated,False,True,29.485961920567426,21.720000000000017
180,10000,4.0,integrated,False,True,29.46706274228002,21.720000000000017
181,10000,4.0,integrated,False,True,29.489599922780705,21.720000000000017
182,10000,4.0,integrated,False,True,29.45768986610958,21.720000000000017
183,10000,4.0,integrated,False,True,29.472029093415617,21.720000000000017
184,10000,4.0,integrated,False,True,29.5103747363881,21.720000000000017
185,10000,4.0,integrated,False,True,29.544631973861726,21.720000000000017
186,10000,4.0,integrated,False,True,29.488220034084478,21.720000000000017
187,10000,4.0,integrated,False,True,29.49133417946838,21.720000000000017
188,10000,4.0,integrated,False,True,29.559127702030096,21.720000000000017
189,10000,4.0,integrated,False,True,29.519337738721227,21.720000000000017
190,10000,4.0,integrated,False,True,29.49271453933119,21.720000000000017
191,10000,4.0,integrated,False,True,29.518691208421252,21.720000000000017
192,10000,4.0,integrated,False,True,29.524626750714354,21.720000000000017
193,10000,4.0,integrated,False,True,29.51691170079223,21.720000000000017
194,10000,4.0,integrated,False,True,29.417039183338506,21.720000000000017
195,10000,4.0,integrated,False,True,29.53813550518399,21.720000000000017
196,10000,4.0,integrated,False,True,29.50563417304263,21.720000000000017
197,10000,4.0,integrated,False,True,29.52577107591044,21.720000000000017
198,10000,4.0,integrated,False,True,29.476345856763892,21.720000000000017
199,10000,4.0,integrated,False,True,29.497687760006805,21.720000000000017
200,10000,4.0,integrated,False,True,29.461080505009576,21.720000000000017
201,10000,4.0,integrated,False,True,29.50408442473126,21.720000000000017
202,10000,4.0,integrated,False,True,29.50488878929356,21.720000000000017
203,10000,4.0,integrated,False,True,29.528807300456336,21.720000000000017
204,10000,4.0,integrated,False,True,29.496346843981026,21.720000000000017
205,10000,4.0,integrated,False,True,29.558447598688467,21.720000000000017
206,10000,4.0,integrated,False,True,29.481557655785085,21.720000000000017
207,10000,4.0,integrated,False,True,29.481422543834263,21.720000000000017
208,10000,4.0,integrated,False,True,29.51133949690304,21.720000000000017
209,10000,4.0,integrated,False,True,29.528094555686277,21.720000000000017
210,10000,4.0,integrated,False,True,29.514051164273184,21.720000000000017
211,10000,4.0,integrated,False,True,29.487132870769848,21.720000000000017
212,10000,4.0,integrated,False,True,29.511766406426744,21.720000000000017
213,10000,4.0,integrated,False,True,29.477237092225494,21.720000000000017
214,10000,4.0,integrated,False,True,29.483200325102842,21.720000000000017
215,10000,4.0,integrated,False,True,29.50581120394454,21.720000000000017
216,10000,4.0,integrated,False,True,29.51945368674868,21.720000000000017
217,10000,4.0,integrated,False,True,29.486857936257078,21.720000000000017
218,10000,4.0,integrated,False,True,29.48306457336292,21.720000000000017
219,10000,4.0,integrated,False,True,29.511823685334903,21.720000000000017
220,10000,4.0,integrated,False,True,29.467923857582903,21.720000000000017
221,10000,4.0,integrated,False,True,29.520779124019104,21.720000000000017
222,10000,4.0,integrated,False,True,29.47983711122668,21.720000000000017
223,10000,4.0,integrated,False,True,29.523950544074978,21.720000000000017
224,10000,4.0,integrated,False,True,29.482572605690613,21.720000000000017
225,10000,4.0,integrated,False,True,29.514411310742908,21.720000000000017
226,10000,4.0,integrated,False,True,29.477815851186886,21.720000000000017
227,10000,4.0,integrated,False,True,29.51737108984252,21.720000000000017
228,10000,4.0,integrated,False,True,29.547154534486772,21.720000000000017
229,10000,4.0,integrated,False,True,29.516012413660803,21.720000000000017
230,10000,4.0,integrated,False,True,29.5319522180181,21.720000000000017
231,10000,4.0,integrated,False,True,29.52575025971504,21.720000000000017
232,10000,4.0,integrated,False,True,29.536482355779306,21.720000000000017
233,10000,4.0,integrated,False,True,29.524071564672766,21.720000000000017
234,10000,4.0,integrated,False,True,29.551542153204764,21.720000000000017
235,10000,4.0,integrated,False,True,29.51212865594185,21.720000000000017
236,10000,4.0,integrated,False,True,29.50071297733323,21.720000000000017
237,10000,4.0,integrated,False,True,29.524119699771802,21.720000000000017
238,10000,4.0,integrated,False,True,29.498121652102082,21.720000000000017
239,10000,4.0,integrated,False,True,29.486133526388628,21.720000000000017
240,10000,4.0,integrated,False,True,29.45569786777422,21.720000000000017
241,10000,4.0,integrated,False,True,29.528724132361525,21.720000000000017
242,10000,4.0,integrated,False,True,29.51836070883609,21.720000000000017
243,10000,4.0,integrated,False,True,29.534702939985536,21.720000000000017
244,10000,4.0,integrated,False,True,29.59153177617518,21.720000000000017
245,10000,4.0,integrated,False,True,29.56298688438717,21.720000000000017
246,10000,4.0,integrated,False,True,29.42884221458585,21.720000000000017
247,10000,4.0,integrated,False,True,29.540291161247158,21.720000000000017
248,10000,4.0,integrated,False,True,29.552746051203382,21.720000000000017
249,10000,4.0,integrated,False,True,29.55124718342744,21.720000000000017
250,10000,4.0,integrated,False,True,29.56242672228187,21.720000000000017
251,10000,4.0,integrated,False,True,29.493009515064628,21.720000000000017
252,10000,4.0,integrated,False,True,29.502865640160067,21.720000000000017
253,10000,4.0,integrated,False,True,29.462884614643556,21.720000000000017
254,10000,4.0,integrated,False,True,29.550861506386212,21.720000000000017
255,10000,4.0,integrated,False,True,29.48289557532442,21.720000000000017
256,10000,4.0,integrated,False,True,29.5206173663902,21.720000000000017
257,10000,4.0,integrated,False,True,29.481858583732524,21.720000000000017
258,10000,4.0,integrated,False,True,29.495688734346125,21.720000000000017
259,10000,4.0,integrated,False,True,29.536683417708716,21.720000000000017
260,10000,4.0,integrated,False,True,29.48565095317533,21.720000000000017
261,10000,4.0,integrated,False,True,29.505441854458184,21.720000000000017
262,10000,4.0,integrated,False,True,29.51573069159427,21.720000000000017
263,10000,4.0,integrated,False,True,29.551506837367363,21.720000000000017
264,10000,4.0,integrated,False,True,29.472168230834356,21.720000000000017
265,10000,4.0,integrated,False,True,29.500997527861365,21.720000000000017
266,10000,4.0,integrated,False,True,29.519022168105174,21.720000000000017
267,10000,4.0,integrated,False,True,29.47276984819451,21.720000000000017
268,10000,4.0,integrated,False,True,29.536071668432918,21.720000000000017
269,10000,4.0,integrated,False,True,29.52587960081832,21.720000000000017
270,10000,4.0,integrated,False,True,29.55803083481655,21.720000000000017
271,10000,4.0,integrated,False,True,29.573978614303826,21.720000000000017
272,10000,4.0,integrated,False,True,29.500404644726448,21.720000000000017
273,10000,4.0,integrated,False,True,29.50518184538013,21.720000000000017
274,10000,4.0,integrated,False,True,29.487604099151643,21.720000000000017
275,10000,4.0,integrated,False,True,29.500572208383435,21.720000000000017
276,10000,4.0,integrated,False,True,29.537146637444877,21.720000000000017
277,10000,4.0,integrated,False,True,29.47419444085159,21.720000000000017
278,10000,4.0,integrated,False,True,29.50526238979703,21.720000000000017
279,10000,4.0,integrated,False,True,29.50902776418951,21.720000000000017
280,10000,4.0,integrated,False,True,29.515864245200973,21.720000000000017
281,10000,4.0,integrated,False,True,29.462998740665288,21.720000000000017
282,10000,4.0,integrated,False,True,29.52763592800666,21.720000000000017
283,10000,4.0,integrated,False,True,29.50771231491612,21.720000000000017
284,10000,4.0,integrated,False,True,29.49929648978742,21.720000000000017
285,10000,4.0,integrated,False,True,29.499098891163527,21.720000000000017
286,10000,4.0,integrated,False,True,29.589298803896895,21.720000000000017
287,10000,4.0,integrated,False,True,29.51945504509177,21.720000000000017
288,10000,4.0,integrated,False,True,29.504714448078794,21.720000000000017
289,10000,4.0,integrated,False,True,29.49869139834943,21.720000000000017
290,10000,4.0,integrated,False,True,29.538196118437074,21.720000000000017
291,10000,4.0,integrated,False,True,29.450797008538288,21.720000000000017
292,10000,4.0,integrated,False,True,29.5564007686365,21.720000000000017
293,10000,4.0,integrated,False,True,29.49365599677592,21.720000000000017
294,10000,4.0,integrated,False,True,29.508459507400588,21.720000000000017
295,10000,4.0,integrated,False,True,29.53638416518576,21.720000000000017
296,10000,4.0,integrated,False,True,29.462912569584027,21.720000000000017
297,10000,4.0,integrated,False,True,29.52290193196453,21.720000000000017
298,10000,4.0,integrated,False,True,29.503458841059196,21.720000000000017
299,10000,4.0,integrated,False,True,29.526960987462274,21.720000000000017
300,10000,4.0,integrated,False,True,29.521841591301225,21.720000000000017
301,10000,4.0,integrated,False,True,29.481838487837685,21.720000000000017
302,10000,4.0,integrated,False,True,29.49884667006924,21.720000000000017
303,10000,4.0,integrated,False,True,29.52567324714188,21.720000000000017
304,10000,4.0,integrated,False,True,29.505000314342592,21.720000000000017
305,10000,4.0,integrated,False,True,29.49499751703644,21.720000000000017
306,10000,4.0,integrated,False,True,29.488125668619375,21.720000000000017
307,10000,4.0,integrated,False,True,29.533794881499496,21.720000000000017
308,10000,4.0,integrated,False,True,29.500812161120095,21.720000000000017
309,10000,4.0,integrated,False,True,29.520848692209675,21.720000000000017
310,10000,4.0,integrated,False,True,29.562363116726925,21.720000000000017
311,10000,4.0,integrated,False,True,29.5351932815815,21.720000000000017
312,10000,4.0,integrated,False,True,29.48996556869357,21.720000000000017
313,10000,4.0,integrated,False,True,29.560181436489444,21.720000000000017
314,10000,4.0,integrated,False,True,29.485852104706954,21.720000000000017
315,10000,4.0,integrated,False,True,29.516139048133216,21.720000000000017
316,10000,4.0,integrated,False,True,29.503089233599724,21.720000000000017
317,10000,4.0,integrated,False,True,29.497422700099843,21.720000000000017
318,10000,4.0,integrated,False,True,29.524583499147695,21.720000000000017
319,10000,4.0,integrated,False,True,29.456442186868628,21.720000000000017
320,10000,4.0,integrated,False,True,29.500874633126326,21.720000000000017
321,10000,4.0,integrated,False,True,29.496178724025413,21.720000000000017
322,10000,4.0,integrated,False,True,29.553971290845737,21.720000000000017
323,10000,4.0,integrated,False,True,29.53114153587699,21.720000000000017
324,10000,4.0,integrated,False,True,29.49608222473545,21.720000000000017
325,10000,4.0,integrated,False,True,29.502856454763084,21.720000000000017
326,10000,4.0,integrated,False,True,29.521893133204344,21.720000000000017
327,10000,4.0,integrated,False,True,29.470600844648118,21.720000000000017
328,10000,4.0,integrated,False,True,29.53956994370628,21.720000000000017
329,10000,4.0,integrated,False,True,29.520984694612057,21.720000000000017
330,10000,4.0,integrated,False,True,29.51665072080739,21.720000000000017
331,10000,4.0,integrated,False,True,29.506649702960452,21.720000000000017
332,10000,4.0,integrated,False,True,29.554014986004354,21.720000000000017
333,10000,4.0,integrated,False,True,29.529145882213264,21.720000000000017
334,10000,4.0,integrated,False,True,29.532504233999333,21.720000000000017
335,10000,4.0,integrated,False,True,29.499413018549333,21.720000000000017
336,10000,4.0,integrated,False,True,29.498082685535042,21.720000000000017
337,10000,4.0,integrated,False,True,29.498231585918752,21.720000000000017
338,10000,4.0,integrated,False,True,29.492753486395543,21.720000000000017
339,10000,4.0,integrated,False,True,29.52694929988065,21.720000000000017
340,10000,4.0,integrated,False,True,29.528567223198404,21.720000000000017
341,10000,4.0,integrated,False,True,29.508144774143293,21.720000000000017
342,10000,4.0,integrated,False,True,29.46198509348203,21.720000000000017
343,10000,4.0,integrated,False,True,29.501792352241726,21.720000000000017
344,10000,4.0,integrated,False,True,29.519422670734347,21.720000000000017
345,10000,4.0,integrated,False,True,29.558508288712055,21.720000000000017
346,10000,4.0,integrated,False,True,29.494706411063106,21.720000000000017
347,10000,4.0,integrated,False,True,29.48078429014719,21.720000000000017
348,10000,4.0,integrated,False,True,29.528504095391966,21.720000000000017
349,10000,4.0,integrated,False,True,29.4611713481209,21.720000000000017
350,10000,4.0,integrated,False,True,29.512519043730077,21.720000000000017
351,10000,4.0,integrated,False,True,29.514509274074832,21.720000000000017
352,10000,4.0,integrated,False,True,29.52163711520555,21.720000000000017
353,10000,4.0,integrated,False,True,29.528111355128903,21.720000000000017
354,10000,4.0,integrated,False,True,29.532865251422756,21.720000000000017
355,10000,4.0,integrated,False,True,29.54419759909398,21.720000000000017
356,10000,4.0,integrated,False,True,29.525290737022097,21.720000000000017
357,10000,4.0,integrated,False,True,29.52561650072417,21.720000000000017
358,10000,4.0,integrated,False,True,29.52038663532248,21.720000000000017
359,10000,4.0,integrated,False,True,29.534423325193714,21.720000000000017
360,10000,4.0,integrated,False,True,29.567067806549915,21.720000000000017
361,10000,4.0,integrated,False,True,29.497050428193482,21.720000000000017
362,10000,4.0,integrated,False,True,29.49589934563793,21.720000000000017
363,10000,4.0,integrated,False,True,29.46987604515617,21.720000000000017
364,10000,4.0,integrated,False,True,29.529688792867333,21.720000000000017
365,10000,4.0,integrated,False,True,29.507802326246853,21.720000000000017
366,10000,4.0,integrated,False,True,29.522552349271592,21.720000000000017
367,10000,4.0,integrated,False,True,29.491181438420995,21.720000000000017
368,10000,4.0,integrated,False,True,29.493142646012004,21.720000000000017
369,10000,4.0,integrated,False,True,29.49947003461044,21.720000000000017
370,10000,4.0,integrated,False,True,29.517091668055382,21.720000000000017
371,10000,4.0,integrated,False,True,29.51414223457278,21.720000000000017
372,10000,4.0,integrated,False,True,29.509857642034675,21.720000000000017
373,10000,4.0,integrated,False,True,29.539568804677565,21.720000000000017
374,10000,4.0,integrated,False,True,29.546859081754164,21.720000000000017
375,10000,4.0,integrated,False,True,29.509341735381557,21.720000000000017
376,10000,4.0,integrated,False,True,29.52678129442368,21.720000000000017
377,10000,4.0,integrated,False,True,29.51218918772261,21.720000000000017
378,10000,4.0,integrated,False,True,29.542581592101314,21.720000000000017
379,10000,4.0,integrated,False,True,29.530898762270937,21.720000000000017
380,10000,4.0,integrated,False,True,29.55154945689667,21.720000000000017
381,10000,4.0,integrated,False,True,29.48146012714209,21.720000000000017
382,10000,4.0,integrated,False,True,29.4967976495441,21.720000000000017
383,10000,4.0,integrated,False,True,29.504126245210088,21.720000000000017
384,10000,4.0,integrated,False,True,29.49721395223603,21.720000000000017
385,10000,4.0,integrated,False,True,29.479176230278036,21.720000000000017
386,10000,4.0,integrated,False,True,29.516999965282498,21.720000000000017
387,10000,4.0,integrated,False,True,29.518010557795023,21.720000000000017
388,10000,4.0,integrated,False,True,29.434553977846953,21.720000000000017
389,10000,4.0,integrated,False,True,29.49453736470325,21.720000000000017
390,10000,4.0,integrated,False,True,29.521371808121998,21.720000000000017
391,10000,4.0,integrated,False,True,29.531700357455104,21.720000000000017
392,10000,4.0,integrated,False,True,29.455403501222275,21.720000000000017
393,10000,4.0,integrated,False,True,29.54391413187652,21.720000000000017
394,10000,4.0,integrated,False,True,29.545412244101904,21.720000000000017
395,10000,4.0,integrated,False,True,29.443681360517683,21.720000000000017
396,10000,4.0,integrated,False,True,29.4937890440808,21.720000000000017
397,10000,4.0,integrated,False,True,29.478816311430602,21.720000000000017
398,10000,4.0,integrated,False,True,29.538525872168265,21.720000000000017
399,10000,4.0,integrated,False,True,29.52664982018637,21.720000000000017
400,10000,4.0,integrated,False,True,29.47339330476281,21.720000000000017
401,10000,4.0,integrated,False,True,29.54557400261909,21.720000000000017
402,10000,4.0,integrated,False,True,29.480891059889636,21.720000000000017
403,10000,4.0,integrated,False,True,29.496241751602973,21.720000000000017
404,10000,4.0,integrated,False,True,29.501129486129987,21.720000000000017
405,10000,4.0,integrated,False,True,29.483921375324286,21.720000000000017
406,10000,4.0,integrated,False,True,29.48779328982952,21.720000000000017
407,10000,4.0,integrated,False,True,29.513911416276727,21.720000000000017
408,10000,4.0,integrated,False,True,29.480569538077194,21.720000000000017
409,10000,4.0,integrated,False,True,29.4823991214841,21.720000000000017
410,10000,4.0,integrated,False,True,29.477504543471696,21.720000000000017
411,10000,4.0,integrated,False,True,29.51493065098869,21.720000000000017
412,10000,4.0,integrated,False,True,29.494112496366814,21.720000000000017
413,10000,4.0,integrated,False,True,29.513791415273424,21.720000000000017
414,10000,4.0,integrated,False,True,29.5559971793706,21.720000000000017
415,10000,4.0,integrated,False,True,29.543760572838003,21.720000000000017
416,10000,4.0,integrated,False,True,29.486601550044742,21.720000000000017
417,10000,4.0,integrated,False,True,29.547356626741852,21.720000000000017
418,10000,4.0,integrated,False,True,29.50714571513653,21.720000000000017
419,10000,4.0,integrated,False,True,29.546525078456597,21.720000000000017
420,10000,4.0,integrated,False,True,29.508231290291285,21.720000000000017
421,10000,4.0,integrated,False,True,29.47511296119502,21.720000000000017
422,10000,4.0,integrated,False,True,29.491222896186656,21.720000000000017
423,10000,4.0,integrated,False,True,29.605028015505866,21.720000000000017
424,10000,4.0,integrated,False,True,29.51230210950726,21.720000000000017
425,10000,4.0,integrated,False,True,29.49410099818344,21.720000000000017
426,10000,4.0,integrated,False,True,29.461076435062612,21.720000000000017
427,10000,4.0,integrated,False,True,29.461924222719674,21.720000000000017
428,10000,4.0,integrated,False,True,29.5589843040854,21.720000000000017
429,10000,4.0,integrated,False,True,29.487263195463875,21.720000000000017
430,10000,4.0,integrated,False,True,29.474299249905336,21.720000000000017
431,10000,4.0,integrated,False,True,29.519690802625135,21.720000000000017
432,10000,4.0,integrated,False,True,29.451556757515277,21.720000000000017
433,10000,4.0,integrated,False,True,29.48917309044087,21.720000000000017
434,10000,4.0,integrated,False,True,29.532166415093137,21.720000000000017
435,10000,4.0,integrated,False,True,29.441917012837866,21.720000000000017
436,10000,4.0,integrated,False,True,29.50427838905413,21.720000000000017
437,10000,4.0,integrated,False,True,29.56256116229281,21.720000000000017
438,10000,4.0,integrated,False,True,29.52124032661522,21.720000000000017
439,10000,4.0,integrated,False,True,29.55110318290317,21.720000000000017
440,10000,4.0,integrated,False,True,29.506082253822413,21.720000000000017
441,10000,4.0,integrated,False,True,29.547876737116326,21.720000000000017
442,10000,4.0,integrated,False,True,29.496648645226948,21.720000000000017
443,10000,4.0,integrated,False,True,29.51716822829254,21.720000000000017
444,10000,4.0,integrated,False,True,29.5257912271816,21.720000000000017
445,10000,4.0,integrated,False,True,29.538649588255062,21.720000000000017
446,10000,4.0,integrated,False,True,29.507562772748436,21.720000000000017
447,10000,4.0,integrated,False,True,29.495228078285948,21.720000000000017
448,10000,4.0,integrated,False,True,29.503730322155242,21.720000000000017
449,10000,4.0,integrated,False,True,29.532627451125805,21.720000000000017
450,10000,4.0,integrated,False,True,29.541540569495695,21.720000000000017
451,10000,4.0,integrated,False,True,29.532792125345104,21.720000000000017
452,10000,4.0,integrated,False,True,29.52661343745889,21.720000000000017
453,10000,4.0,integrated,False,True,29.539995575041747,21.720000000000017
454,10000,4.0,integrated,False,True,29.495054204848014,21.720000000000017
455,10000,4.0,integrated,False,True,29.49195296541545,21.720000000000017
456,10000,4.0,integrated,False,True,29.494144004529037,21.720000000000017
457,10000,4.0,integrated,False,True,29.55091925809824,21.720000000000017
458,10000,4.0,integrated,False,True,29.515534275725734,21.720000000000017
459,10000,4.0,integrated,False,True,29.482661118040863,21.720000000000017
460,10000,4.0,integrated,False,True,29.521980733662957,21.720000000000017
461,10000,4.0,integrated,False,True,29.510602317516835,21.720000000000017
462,10000,4.0,integrated,False,True,29.50413961816559,21.720000000000017
463,10000,4.0,integrated,False,True,29.53612932500257,21.720000000000017
464,10000,4.0,integrated,False,True,29.524866257544296,21.720000000000017
465,10000,4.0,integrated,False,True,29.52751525342338,21.720000000000017
466,10000,4.0,integrated,False,True,29.50681901324222,21.720000000000017
467,10000,4.0,integrated,False,True,29.510049216769442,21.720000000000017
468,10000,4.0,integrated,False,True,29.497804155738585,21.720000000000017
469,10000,4.0,integrated,False,True,29.55329764727272,21.720000000000017
470,10000,4.0,integrated,False,True,29.504130678539035,21.720000000000017
471,10000,4.0,integrated,False,True,29.511287872771746,21.720000000000017
472,10000,4.0,integrated,False,True,29.508569509397958,21.720000000000017
473,10000,4.0,integrated,False,True,29.563617312221457,21.720000000000017
474,10000,4.0,integrated,False,True,29.510543971818137,21.720000000000017
475,10000,4.0,integrated,False,True,29.51065216783993,21.720000000000017
476,10000,4.0,integrated,False,True,29.51204545680217,21.720000000000017
477,10000,4.0,integrated,False,True,29.476666173178074,21.720000000000017
478,10000,4.0,integrated,False,True,29.49016930683623,21.720000000000017
479,10000,4.0,integrated,False,True,29.49507993331259,21.720000000000017
480,10000,4.0,integrated,False,True,29.45212687988362,21.720000000000017
481,10000,4.0,integrated,False,True,29.514087093695196,21.720000000000017
482,10000,4.0,integrated,False,True,29.545673805528438,21.720000000000017
483,10000,4.0,integrated,False,True,29.562244297284302,21.720000000000017
484,10000,4.0,integrated,False,True,29.51623024968113,21.720000000000017
485,10000,4.0,integrated,False,True,29.541526457543707,21.720000000000017
486,10000,4.0,integrated,False,True,29.574120129842747,21.720000000000017
487,10000,4.0,integrated,False,True,29.503952158033655,21.720000000000017
488,10000,4.0,integrated,False,True,29.527757244431278,21.720000000000017
489,10000,4.0,integrated,False,True,29.531558545359236,21.720000000000017
490,10000,4.0,integrated,False,True,29.486820216309273,21.720000000000017
491,10000,4.0,integrated,False,True,29.51969580092448,21.720000000000017
492,10000,4.0,integrated,False,True,29.500051054538623,21.720000000000017
493,10000,4.0,integrated,False,True,29.49320140965255,21.720000000000017
494,10000,4.0,integrated,False,True,29.495300249309725,21.720000000000017
495,10000,4.0,integrated,False,True,29.49851535583843,21.720000000000017
496,10000,4.0,integrated,False,True,29.56596252554774,21.720000000000017
497,10000,4.0,integrated,False,True,29.479121055235964,21.720000000000017
498,10000,4.0,integrated,False,True,29.49550916700973,21.720000000000017
499,10000,4.0,integrated,False,True,29.48093695698998,21.720000000000017
500,10000,4.0,integrated,False,True,29.4909919265221,21.720000000000017
501,10000,4.0,integrated,False,True,29.503054581271343,21.720000000000017
502,10000,4.0,integrated,False,True,29.50747962235826,21.720000000000017
503,10000,4.0,integrated,False,True,29.518031361421222,21.720000000000017
504,10000,4.0,integrated,False,True,29.508208321244197,21.720000000000017
505,10000,4.0,integrated,False,True,29.527936306489316,21.720000000000017
506,10000,4.0,integrated,False,True,29.525990714890472,21.720000000000017
507,10000,4.0,integrated,False,True,29.481924237103357,21.720000000000017
508,10000,4.0,integrated,False,True,29.503965253070376,21.720000000000017
509,10000,4.0,integrated,False,True,29.527685185504343,21.720000000000017
510,10000,4.0,integrated,False,True,29.579891999131824,21.720000000000017
511,10000,4.0,integrated,False,True,29.533156917941575,21.720000000000017
512,10000,4.0,integrated,False,True,29.522401007715892,21.720000000000017
513,10000,4.0,integrated,False,True,29.43653584121266,21.720000000000017
514,10000,4.0,integrated,False,True,29.52885581917085,21.720000000000017
515,10000,4.0,integrated,False,True,29.489542432676117,21.720000000000017
516,10000,4.0,integrated,False,True,29.55564854132109,21.720000000000017
517,10000,4.0,integrated,False,True,29.506055009365195,21.720000000000017
518,10000,4.0,integrated,False,True,29.50866081151265,21.720000000000017
519,10000,4.0,integrated,False,True,29.49668739296611,21.720000000000017
520,10000,4.0,integrated,False,True,29.520587029857964,21.720000000000017
521,10000,4.0,integrated,False,True,29.517685174306806,21.720000000000017
522,10000,4.0,integrated,False,True,29.517456041892288,21.720000000000017
523,10000,4.0,integrated,False,True,29.506961243754112,21.720000000000017
524,10000,4.0,integrated,False,True,29.47296101801863,21.720000000000017
525,10000,4.0,integrated,False,True,29.488565751948585,21.720000000000017
526,10000,4.0,integrated,False,True,29.50919344842311,21.720000000000017
527,10000,4.0,integrated,False,True,29.487595506954072,21.720000000000017
528,10000,4.0,integrated,False,True,29.510433574408644,21.720000000000017
529,10000,4.0,integrated,False,True,29.52622239595623,21.720000000000017
530,10000,4.0,integrated,False,True,29.497720588798757,21.720000000000017
531,10000,4.0,integrated,False,True,29.52235643095085,21.720000000000017
532,10000,4.0,integrated,False,True,29.52455253798806,21.720000000000017
533,10000,4.0,integrated,False,True,29.478482618895217,21.720000000000017
534,10000,4.0,integrated,False,True,29.550016433406704,21.720000000000017
535,10000,4.0,integrated,False,True,29.523680150474643,21.720000000000017
536,10000,4.0,integrated,False,True,29.543062203257804,21.720000000000017
537,10000,4.0,integrated,False,True,29.545230510868187,21.720000000000017
538,10000,4.0,integrated,False,True,29.4885363319016,21.720000000000017
539,10000,4.0,integrated,False,True,29.492434443703928,21.720000000000017
540,10000,4.0,integrated,False,True,29.523569968579586,21.720000000000017
541,10000,4.0,integrated,False,True,29.49095838427361,21.720000000000017
542,10000,4.0,integrated,False,True,29.5253438854065,21.720000000000017
543,10000,4.0,integrated,False,True,29.487475569306085,21.720000000000017
544,10000,4.0,integrated,False,True,29.45324301938264,21.720000000000017
545,10000,4.0,integrated,False,True,29.50419550546323,21.720000000000017
546,10000,4.0,integrated,False,True,29.493064375346336,21.720000000000017
547,10000,4.0,integrated,False,True,29.526783752174794,21.720000000000017
548,10000,4.0,integrated,False,True,29.448040593090806,21.720000000000017
549,10000,4.0,integrated,False,True,29.57327271231742,21.720000000000017
550,10000,4.0,integrated,False,True,29.52128455521217,21.720000000000017
551,10000,4.0,integrated,False,True,29.533063929424706,21.720000000000017
552,10000,4.0,integrated,False,True,29.50208689395339,21.720000000000017
553,10000,4.0,integrated,False,True,29.542208278169348,21.720000000000017
554,10000,4.0,integrated,False,True,29.490945250545234,21.720000000000017
555,10000,4.0,integrated,False,True,29.4924834351606,21.720000000000017
556,10000,4.0,integrated,False,True,29.5085387026741,21.720000000000017
557,10000,4.0,integrated,False,True,29.51065528703313,21.720000000000017
558,10000,4.0,integrated,False,True,29.538181212865034,21.720000000000017
559,10000,4.0,integrated,False,True,29.493668828934762,21.720000000000017
560,10000,4.0,integrated,False,True,29.510182414147838,21.720000000000017
561,10000,4.0,integrated,False,True,29.527832878636158,21.720000000000017
562,10000,4.0,integrated,False,True,29.470203058974406,21.720000000000017
563,10000,4.0,integrated,False,True,29.549673903643857,21.720000000000017
564,10000,4.0,integrated,False,True,29.52383705454544,21.720000000000017
565,10000,4.0,integrated,False,True,29.522087950800845,21.720000000000017
566,10000,4.0,integrated,False,True,29.498766139848613,21.720000000000017
567,10000,4.0,integrated,False,True,29.498069753665142,21.720000000000017
568,10000,4.0,integrated,False,True,29.479807387105144,21.720000000000017
569,10000,4.0,integrated,False,True,29.555381821355205,21.720000000000017
570,10000,4.0,integrated,False,True,29.52526529227531,21.720000000000017
571,10000,4.0,integrated,False,True,29.50641866133168,21.720000000000017
572,10000,4.0,integrated,False,True,29.50686299316184,21.720000000000017
573,10000,4.0,integrated,False,True,29.52031846761382,21.720000000000017
574,10000,4.0,integrated,False,True,29.52044806828797,21.720000000000017
575,10000,4.0,integrated,False,True,29.482021653166832,21.720000000000017
576,10000,4.0,integrated,False,True,29.49133346544361,21.720000000000017
577,10000,4.0,integrated,False,True,29.477030548600275,21.720000000000017
578,10000,4.0,integrated,False,True,29.49253755049136,21.720000000000017
579,10000,4.0,integrated,False,True,29.496925256012233,21.720000000000017
580,10000,4.0,integrated,False,True,29.529850517621078,21.720000000000017
581,10000,4.0,integrated,False,True,29.538749896165708,21.720000000000017
582,10000,4.0,integrated,False,True,29.495740665724412,21.720000000000017
583,10000,4.0,integrated,False,True,29.521302862129456,21.720000000000017
584,10000,4.0,integrated,False,True,29.519882609595165,21.720000000000017
585,10000,4.0,integrated,False,True,29.523767974064228,21.720000000000017
586,10000,4.0,integrated,False,True,29.49516956092586,21.720000000000017
587,10000,4.0,integrated,False,True,29.51586680966281,21.720000000000017
588,10000,4.0,integrated,False,True,29.499705065385626,21.720000000000017
589,10000,4.0,integrated,False,True,29.493214590654958,21.720000000000017
590,10000,4.0,integrated,False,True,29.48853433113043,21.720000000000017
591,10000,4.0,integrated,False,True,29.50932254957162,21.720000000000017
592,10000,4.0,integrated,False,True,29.555967900924053,21.720000000000017
593,10000,4.0,integrated,False,True,29.525674098192823,21.720000000000017
594,10000,4.0,integrated,False,True,29.538285895656514,21.720000000000017
595,10000,4.0,integrated,False,True,29.521768876012704,21.720000000000017
596,10000,4.0,integrated,False,True,29.546311651845897,21.720000000000017
597,10000,4.0,integrated,False,True,29.473380726403743,21.720000000000017
598,10000,4.0,integrated,False,True,29.504152650213644,21.720000000000017
599,10000,4.0,integrated,False,True,29.57725398808632,21.720000000000017
600,10000,4.0,integrated,False,True,29.492158168123943,21.720000000000017
601,10000,4.0,integrated,False,True,29.499570829215735,21.720000000000017
602,10000,4.0,integrated,False,True,29.525600885818218,21.720000000000017
603,10000,4.0,integrated,False,True,29.470823298007396,21.720000000000017
604,10000,4.0,integrated,False,True,29.528560452285753,21.720000000000017
605,10000,4.0,integrated,False,True,29.52315687215722,21.720000000000017
606,10000,4.0,integrated,False,True,29.488679977045702,21.720000000000017
607,10000,4.0,integrated,False,True,29.527444203937993,21.720000000000017
608,10000,4.0,integrated,False,True,29.511112334107125,21.720000000000017
609,10000,4.0,integrated,False,True,29.539164388434223,21.720000000000017
610,10000,4.0,integrated,False,True,29.55359560371748,21.720000000000017
611,10000,4.0,integrated,False,True,29.46335171769152,21.720000000000017
612,10000,4.0,integrated,False,True,29.483772412066294,21.720000000000017
613,10000,4.0,integrated,False,True,29.52171567774897,21.720000000000017
614,10000,4.0,integrated,False,True,29.511814563837923,21.720000000000017
615,10000,4.0,integrated,False,True,29.47521269465659,21.720000000000017
616,10000,4.0,integrated,False,True,29.516585691102183,21.720000000000017
617,10000,4.0,integrated,False,True,29.518882186485214,21.720000000000017
618,10000,4.0,integrated,False,True,29.48113330944656,21.720000000000017
619,10000,4.0,integrated,False,True,29.467916897724372,21.720000000000017
620,10000,4.0,integrated,False,True,29.524924559851975,21.720000000000017
621,10000,4.0,integrated,False,True,29.522320541260328,21.720000000000017
622,10000,4.0,integrated,False,True,29.51032284645936,21.720000000000017
623,10000,4.0,integrated,False,True,29.48660183246619,21.720000000000017
624,10000,4.0,integrated,False,True,29.542783629441942,21.720000000000017
625,10000,4.0,integrated,False,True,29.510986465292607,21.720000000000017
626,10000,4.0,integrated,False,True,29.53046990573062,21.720000000000017
627,10000,4.0,integrated,False,True,29.518408495060008,21.720000000000017
628,10000,4.0,integrated,False,True,29.496259072734503,21.720000000000017
629,10000,4.0,integrated,False,True,29.527523127241523,21.720000000000017
630,10000,4.0,integrated,False,True,29.518487905572613,21.720000000000017
631,10000,4.0,integrated,False,True,29.53560630695798,21.720000000000017
632,10000,4.0,integrated,False,True,29.50586724572596,21.720000000000017
633,10000,4.0,integrated,False,True,29.51024248145005,21.720000000000017
634,10000,4.0,integrated,False,True,29.485908826992883,21.720000000000017
635,10000,4.0,integrated,False,True,29.49559873360912,21.720000000000017
636,10000,4.0,integrated,False,True,29.572077226483984,21.720000000000017
637,10000,4.0,integrated,False,True,29.503971331578043,21.720000000000017
638,10000,4.0,integrated,False,True,29.47094680842782,21.720000000000017
639,10000,4.0,integrated,False,True,29.490987329949174,21.720000000000017
640,10000,4.0,integrated,False,True,29.481563058195675,21.720000000000017
641,10000,4.0,integrated,False,True,29.5117715880968,21.720000000000017
642,10000,4.0,integrated,False,True,29.586044542189622,21.720000000000017
643,10000,4.0,integrated,False,True,29.48261465177987,21.720000000000017
644,10000,4.0,integrated,False,True,29.515578437058934,21.720000000000017
645,10000,4.0,integrated,False,True,29.509754497574136,21.720000000000017
646,10000,4.0,integrated,False,True,29.55081519474519,21.720000000000017
647,10000,4.0,integrated,False,True,29.52988942340434,21.720000000000017
648,10000,4.0,integrated,False,True,29.53541033896793,21.720000000000017
649,10000,4.0,integrated,False,True,29.5258029116387,21.720000000000017
650,10000,4.0,integrated,False,True,29.475885107465835,21.720000000000017
651,10000,4.0,integrated,False,True,29.570208329017596,21.720000000000017
652,10000,4.0,integrated,False,True,29.512945737325566,21.720000000000017
653,10000,4.0,integrated,False,True,29.49983732900187,21.720000000000017
654,10000,4.0,integrated,False,True,29.504525505184326,21.720000000000017
655,10000,4.0,integrated,False,True,29.507238110114848,21.720000000000017
656,10000,4.0,integrated,False,True,29.490941935759103,21.720000000000017
657,10000,4.0,integrated,False,True,29.542005625770017,21.720000000000017
658,10000,4.0,integrated,False,True,29.500317080865496,21.720000000000017
659,10000,4.0,integrated,False,True,29.485176057165866,21.720000000000017
660,10000,4.0,integrated,False,True,29.541288152612246,21.720000000000017
661,10000,4.0,integrated,False,True,29.47534458334257,21.720000000000017
662,10000,4.0,integrated,False,True,29.45321315493951,21.720000000000017
663,10000,4.0,integrated,False,True,29.487685820582968,21.720000000000017
664,10000,4.0,integrated,False,True,29.490058135353625,21.720000000000017
665,10000,4.0,integrated,False,True,29.488522995014126,21.720000000000017
666,10000,4.0,integrated,False,True,29.466197516002826,21.720000000000017
667,10000,4.0,integrated,False,True,29.508169400467118,21.720000000000017
668,10000,4.0,integrated,False,True,29.52489323292074,21.720000000000017
669,10000,4.0,integrated,False,True,29.518480936363243,21.720000000000017
670,10000,4.0,integrated,False,True,29.537025685208512,21.720000000000017
671,10000,4.0,integrated,False,True,29.5255576804226,21.720000000000017
672,10000,4.0,integrated,False,True,29.507404213972304,21.720000000000017
673,10000,4.0,integrated,False,True,29.504889983046482,21.720000000000017
674,10000,4.0,integrated,False,True,29.52055581394407,21.720000000000017
675,10000,4.0,integrated,False,True,29.494134867621085,21.720000000000017
676,10000,4.0,integrated,False,True,29.481993807545777,21.720000000000017
677,10000,4.0,integrated,False,True,29.525272306414216,21.720000000000017
678,10000,4.0,integrated,False,True,29.48057865561045,21.720000000000017
679,10000,4.0,integrated,False,True,29.529797935733107,21.720000000000017
680,10000,4.0,integrated,False,True,29.49903716091399,21.720000000000017
681,10000,4.0,integrated,False,True,29.51936190632802,21.720000000000017
682,10000,4.0,integrated,False,True,29.508817538534593,21.720000000000017
683,10000,4.0,integrated,False,True,29.463978866798733,21.720000000000017
684,10000,4.0,integrated,False,True,29.498907453950153,21.720000000000017
685,10000,4.0,integrated,False,True,29.528635196435836,21.720000000000017
686,10000,4.0,integrated,False,True,29.47883568922874,21.720000000000017
687,10000,4.0,integrated,False,True,29.536644784258897,21.720000000000017
688,10000,4.0,integrated,False,True,29.544349631068265,21.720000000000017
689,10000,4.0,integrated,False,True,29.50560404107311,21.720000000000017
690,10000,4.0,integrated,False,True,29.499427218922094,21.720000000000017
691,10000,4.0,integrated,False,True,29.51836553281258,21.720000000000017
692,10000,4.0,integrated,False,True,29.48404366535238,21.720000000000017
693,10000,4.0,integrated,False,True,29.504873271979147,21.720000000000017
694,10000,4.0,integrated,False,True,29.456944419843396,21.720000000000017
695,10000,4.0,integrated,False,True,29.519975570595214,21.720000000000017
696,10000,4.0,integrated,False,True,29.44267164361765,21.720000000000017
697,10000,4.0,integrated,False,True,29.500356926692596,21.720000000000017
698,10000,4.0,integrated,False,True,29.580314589978123,21.720000000000017
699,10000,4.0,integrated,False,True,29.56926213000865,21.720000000000017
700,10000,4.0,integrated,False,True,29.517079923575817,21.720000000000017
701,10000,4.0,integrated,False,True,29.561598980632215,21.720000000000017
702,10000,4.0,integrated,False,True,29.58218686563388,21.720000000000017
703,10000,4.0,integrated,False,True,29.587288187393014,21.720000000000017
704,10000,4.0,integrated,False,True,29.52489977900214,21.720000000000017
705,10000,4.0,integrated,False,True,29.515938102853674,21.720000000000017
706,10000,4.0,integrated,False,True,29.480772654204877,21.720000000000017
707,10000,4.0,integrated,False,True,29.51454264382828,21.720000000000017
708,10000,4.0,integrated,False,True,29.51664677853543,21.720000000000017
709,10000,4.0,integrated,False,True,29.50105477525524,21.720000000000017
710,10000,4.0,integrated,False,True,29.54344417227257,21.720000000000017
711,10000,4.0,integrated,False,True,29.516628781365593,21.720000000000017
712,10000,4.0,integrated,False,True,29.564771568607753,21.720000000000017
713,10000,4.0,integrated,False,True,29.494557598189928,21.720000000000017
714,10000,4.0,integrated,False,True,29.523894784341593,21.720000000000017
715,10000,4.0,integrated,False,True,29.5449887099786,21.720000000000017
716,10000,4.0,integrated,False,True,29.452213103338583,21.720000000000017
717,10000,4.0,integrated,False,True,29.514254663439303,21.720000000000017
718,10000,4.0,integrated,False,True,29.515712113112887,21.720000000000017
719,10000,4.0,integrated,False,True,29.52822662356711,21.720000000000017
720,10000,4.0,integrated,False,True,29.517027471446667,21.720000000000017
721,10000,4.0,integrated,False,True,29.471462941550772,21.720000000000017
722,10000,4.0,integrated,False,True,29.546939995760766,21.720000000000017
723,10000,4.0,integrated,False,True,29.526500029357948,21.720000000000017
724,10000,4.0,integrated,False,True,29.547108473838446,21.720000000000017
725,10000,4.0,integrated,False,True,29.464496441350956,21.720000000000017
726,10000,4.0,integrated,False,True,29.520943525598526,21.720000000000017
727,10000,4.0,integrated,False,True,29.519965578543403,21.720000000000017
728,10000,4.0,integrated,False,True,29.50049878752068,21.720000000000017
729,10000,4.0,integrated,False,True,29.50078287493541,21.720000000000017
730,10000,4.0,integrated,False,True,29.553241274271343,21.720000000000017
731,10000,4.0,integrated,False,True,29.504618442805025,21.720000000000017
732,10000,4.0,integrated,False,True,29.557314543473222,21.720000000000017
733,10000,4.0,integrated,False,True,29.552606565884673,21.720000000000017
734,10000,4.0,integrated,False,True,29.485602932423973,21.720000000000017
735,10000,4.0,integrated,False,True,29.447914763137966,21.720000000000017
736,10000,4.0,integrated,False,True,29.46422238185752,21.720000000000017
737,10000,4.0,integrated,False,True,29.53595726115232,21.720000000000017
738,10000,4.0,integrated,False,True,29.581557727391285,21.720000000000017
739,10000,4.0,integrated,False,True,29.491615274193087,21.720000000000017
740,10000,4.0,integrated,False,True,29.58382697874744,21.720000000000017
741,10000,4.0,integrated,False,True,29.579591026810355,21.720000000000017
742,10000,4.0,integrated,False,True,29.514798225225086,21.720000000000017
743,10000,4.0,integrated,False,True,29.498229705411774,21.720000000000017
744,10000,4.0,integrated,False,True,29.544370076539238,21.720000000000017
745,10000,4.0,integrated,False,True,29.52154136314296,21.720000000000017
746,10000,4.0,integrated,False,True,29.410762617459753,21.720000000000017
747,10000,4.0,integrated,False,True,29.503374864363884,21.720000000000017
748,10000,4.0,integrated,False,True,29.528404574875967,21.720000000000017
749,10000,4.0,integrated,False,True,29.487620178954433,21.720000000000017
750,10000,4.0,integrated,False,True,29.465522721113132,21.720000000000017
751,10000,4.0,integrated,False,True,29.49543175144268,21.720000000000017
752,10000,4.0,integrated,False,True,29.562927389414277,21.720000000000017
753,10000,4.0,integrated,False,True,29.481696844963267,21.720000000000017
754,10000,4.0,integrated,False,True,29.489130464908342,21.720000000000017
755,10000,4.0,integrated,False,True,29.45568781649178,21.720000000000017
756,10000,4.0,integrated,False,True,29.550713855589652,21.720000000000017
757,10000,4.0,integrated,False,True,29.54212753818365,21.720000000000017
758,10000,4.0,integrated,False,True,29.521446670357278,21.720000000000017
759,10000,4.0,integrated,False,True,29.503083042971852,21.720000000000017
760,10000,4.0,integrated,False,True,29.54813981137042,21.720000000000017
761,10000,4.0,integrated,False,True,29.504142242818695,21.720000000000017
762,10000,4.0,integrated,False,True,29.48015140770935,21.720000000000017
763,10000,4.0,integrated,False,True,29.533867622085438,21.720000000000017
764,10000,4.0,integrated,False,True,29.50820379880787,21.720000000000017
765,10000,4.0,integrated,False,True,29.466263515132475,21.720000000000017
766,10000,4.0,integrated,False,True,29.486693564481094,21.720000000000017
767,10000,4.0,integrated,False,True,29.49942809298364,21.720000000000017
768,10000,4.0,integrated,False,True,29.494705287971733,21.720000000000017
769,10000,4.0,integrated,False,True,29.549328462189052,21.720000000000017
770,10000,4.0,integrated,False,True,29.510477163414784,21.720000000000017
771,10000,4.0,integrated,False,True,29.52669462832307,21.720000000000017
772,10000,4.0,integrated,False,True,29.525918075277183,21.720000000000017
773,10000,4.0,integrated,False,True,29.5251310229985,21.720000000000017
774,10000,4.0,integrated,False,True,29.496880759667512,21.720000000000017
775,10000,4.0,integrated,False,True,29.472623333743197,21.720000000000017
776,10000,4.0,integrated,False,True,29.5482067877398,21.720000000000017
777,10000,4.0,integrated,False,True,29.513655349751232,21.720000000000017
778,10000,4.0,integrated,False,True,29.514086671586078,21.720000000000017
779,10000,4.0,integrated,False,True,29.467838629415777,21.720000000000017
780,10000,4.0,integrated,False,True,29.535598999063744,21.720000000000017
781,10000,4.0,integrated,False,True,29.5495105790698,21.720000000000017
782,10000,4.0,integrated,False,True,29.486921080722134,21.720000000000017
783,10000,4.0,integrated,False,True,29.491969218576493,21.720000000000017
784,10000,4.0,integrated,False,True,29.529648038635894,21.720000000000017
785,10000,4.0,integrated,False,True,29.512029723251274,21.720000000000017
786,10000,4.0,integrated,False,True,29.550094627347377,21.720000000000017
787,10000,4.0,integrated,False,True,29.495377999763996,21.720000000000017
788,10000,4.0,integrated,False,True,29.557145947456757,21.720000000000017
789,10000,4.0,integrated,False,True,29.513604236733194,21.720000000000017
790,10000,4.0,integrated,False,True,29.53318849211638,21.720000000000017
791,10000,4.0,integrated,False,True,29.48638541634803,21.720000000000017
792,10000,4.0,integrated,False,True,29.498228012826893,21.720000000000017
793,10000,4.0,integrated,False,True,29.443578191049937,21.720000000000017
794,10000,4.0,integrated,False,True,29.528381234732592,21.720000000000017
795,10000,4.0,integrated,False,True,29.553912183141904,21.720000000000017
796,10000,4.0,integrated,False,True,29.569055942708175,21.720000000000017
797,10000,4.0,integrated,False,True,29.533906446543327,21.720000000000017
798,10000,4.0,integrated,False,True,29.481795840341192,21.720000000000017
799,10000,4.0,integrated,False,True,29.48076076969329,21.720000000000017
800,10000,4.0,integrated,False,True,29.482814388825908,21.720000000000017
801,10000,4.0,integrated,False,True,29.521277312138487,21.720000000000017
802,10000,4.0,integrated,False,True,29.508377868831932,21.720000000000017
803,10000,4.0,integrated,False,True,29.523256095045788,21.720000000000017
804,10000,4.0,integrated,False,True,29.48967863207173,21.720000000000017
805,10000,4.0,integrated,False,True,29.521089396069897,21.720000000000017
806,10000,4.0,integrated,False,True,29.48754089608111,21.720000000000017
807,10000,4.0,integrated,False,True,29.470088345660113,21.720000000000017
808,10000,4.0,integrated,False,True,29.521266133776344,21.720000000000017
809,10000,4.0,integrated,False,True,29.497622366382167,21.720000000000017
810,10000,4.0,integrated,False,True,29.493972376455183,21.720000000000017
811,10000,4.0,integrated,False,True,29.494938866864175,21.720000000000017
812,10000,4.0,integrated,False,True,29.519700142612034,21.720000000000017
813,10000,4.0,integrated,False,True,29.449870177921547,21.720000000000017
814,10000,4.0,integrated,False,True,29.54538076066592,21.720000000000017
815,10000,4.0,integrated,False,True,29.475522702993565,21.720000000000017
816,10000,4.0,integrated,False,True,29.50473120220441,21.720000000000017
817,10000,4.0,integrated,False,True,29.533182646939096,21.720000000000017
818,10000,4.0,integrated,False,True,29.46073420637605,21.720000000000017
819,10000,4.0,integrated,False,True,29.512968450386435,21.720000000000017
820,10000,4.0,integrated,False,True,29.478855673656497,21.720000000000017
821,10000,4.0,integrated,False,True,29.480672422923544,21.720000000000017
822,10000,4.0,integrated,False,True,29.465054306364024,21.720000000000017
823,10000,4.0,integrated,False,True,29.482349552330653,21.720000000000017
824,10000,4.0,integrated,False,True,29.508002569356748,21.720000000000017
825,10000,4.0,integrated,False,True,29.48988188074742,21.720000000000017
826,10000,4.0,integrated,False,True,29.487012226105854,21.720000000000017
827,10000,4.0,integrated,False,True,29.499519355781047,21.720000000000017
828,10000,4.0,integrated,False,True,29.46110437656282,21.720000000000017
829,10000,4.0,integrated,False,True,29.521267312542363,21.720000000000017
830,10000,4.0,integrated,False,True,29.5269537423922,21.720000000000017
831,10000,4.0,integrated,False,True,29.47180330677856,21.720000000000017
832,10000,4.0,integrated,False,True,29.53574553378897,21.720000000000017
833,10000,4.0,integrated,False,True,29.511956960012395,21.720000000000017
834,10000,4.0,integrated,False,True,29.57117553839236,21.720000000000017
835,10000,4.0,integrated,False,True,29.538379539064884,21.720000000000017
836,10000,4.0,integrated,False,True,29.566209904752156,21.720000000000017
837,10000,4.0,integrated,False,True,29.47863973899034,21.720000000000017
838,10000,4.0,integrated,False,True,29.57369948880809,21.720000000000017
839,10000,4.0,integrated,False,True,29.544534725754644,21.720000000000017
840,10000,4.0,integrated,False,True,29.51756211794006,21.720000000000017
841,10000,4.0,integrated,False,True,29.56853202121247,21.720000000000017
842,10000,4.0,integrated,False,True,29.524563343400928,21.720000000000017
843,10000,4.0,integrated,False,True,29.517979619307155,21.720000000000017
844,10000,4.0,integrated,False,True,29.45665392542032,21.720000000000017
845,10000,4.0,integrated,False,True,29.48716729935499,21.720000000000017
846,10000,4.0,integrated,False,True,29.499972774299934,21.720000000000017
847,10000,4.0,integrated,False,True,29.473959848356152,21.720000000000017
848,10000,4.0,integrated,False,True,29.497751084766097,21.720000000000017
849,10000,4.0,integrated,False,True,29.46824111695981,21.720000000000017
850,10000,4.0,integrated,False,True,29.50025684102225,21.720000000000017
851,10000,4.0,integrated,False,True,29.54387968184855,21.720000000000017
852,10000,4.0,integrated,False,True,29.503028772159062,21.720000000000017
853,10000,4.0,integrated,False,True,29.503267075314312,21.720000000000017
854,10000,4.0,integrated,False,True,29.496828453229654,21.720000000000017
855,10000,4.0,integrated,False,True,29.531123817702014,21.720000000000017
856,10000,4.0,integrated,False,True,29.502490771089533,21.720000000000017
857,10000,4.0,integrated,False,True,29.50576792058727,21.720000000000017
858,10000,4.0,integrated,False,True,29.540683045697243,21.720000000000017
859,10000,4.0,integrated,False,True,29.53201883477913,21.720000000000017
860,10000,4.0,integrated,False,True,29.534558910722048,21.720000000000017
861,10000,4.0,integrated,False,True,29.499386537831427,21.720000000000017
862,10000,4.0,integrated,False,True,29.48695942200238,21.720000000000017
863,10000,4.0,integrated,False,True,29.510792873058953,21.720000000000017
864,10000,4.0,integrated,False,True,29.500935144782417,21.720000000000017
865,10000,4.0,integrated,False,True,29.56462024711118,21.720000000000017
866,10000,4.0,integrated,False,True,29.508951801993945,21.720000000000017
867,10000,4.0,integrated,False,True,29.489994261007062,21.720000000000017
868,10000,4.0,integrated,False,True,29.520761079008096,21.720000000000017
869,10000,4.0,integrated,False,True,29.470759450602802,21.720000000000017
870,10000,4.0,integrated,False,True,29.512975960589284,21.720000000000017
871,10000,4.0,integrated,False,True,29.517306622645627,21.720000000000017
872,10000,4.0,integrated,False,True,29.49431574438005,21.720000000000017
873,10000,4.0,integrated,False,True,29.489955695431505,21.720000000000017
874,10000,4.0,integrated,False,True,29.554934699832945,21.720000000000017
875,10000,4.0,integrated,False,True,29.52210714120853,21.720000000000017
876,10000,4.0,integrated,False,True,29.504679924043074,21.720000000000017
877,10000,4.0,integrated,False,True,29.531000494984845,21.720000000000017
878,10000,4.0,integrated,False,True,29.550720368524804,21.720000000000017
879,10000,4.0,integrated,False,True,29.505371323743056,21.720000000000017
880,10000,4.0,integrated,False,True,29.508209385801422,21.720000000000017
881,10000,4.0,integrated,False,True,29.47518374682618,21.720000000000017
882,10000,4.0,integrated,False,True,29.54197834631062,21.720000000000017
883,10000,4.0,integrated,False,True,29.537658100114808,21.720000000000017
884,10000,4.0,integrated,False,True,29.51426123162144,21.720000000000017
885,10000,4.0,integrated,False,True,29.539814379535173,21.720000000000017
886,10000,4.0,integrated,False,True,29.51760532586334,21.720000000000017
887,10000,4.0,integrated,False,True,29.476628010752748,21.720000000000017
888,10000,4.0,integrated,False,True,29.525164543543724,21.720000000000017
889,10000,4.0,integrated,False,True,29.510278455590456,21.720000000000017
890,10000,4.0,integrated,False,True,29.52448235085524,21.720000000000017
891,10000,4.0,integrated,False,True,29.502802477209265,21.720000000000017
892,10000,4.0,integrated,False,True,29.500217214205698,21.720000000000017
893,10000,4.0,integrated,False,True,29.487274089880977,21.720000000000017
894,10000,4.0,integrated,False,True,29.491134227016016,21.720000000000017
895,10000,4.0,integrated,False,True,29.479636572689053,21.720000000000017
896,10000,4.0,integrated,False,True,29.542648206363943,21.720000000000017
897,10000,4.0,integrated,False,True,29.52726288872301,21.720000000000017
898,10000,4.0,integrated,False,True,29.492011438889374,21.720000000000017
899,10000,4.0,integrated,False,True,29.514759546642345,21.720000000000017
900,10000,4.0,integrated,False,True,29.494472211685363,21.720000000000017
901,10000,4.0,integrated,False,True,29.498200376536158,21.720000000000017
902,10000,4.0,integrated,False,True,29.528605218805062,21.720000000000017
903,10000,4.0,integrated,False,True,29.50066887374178,21.720000000000017
904,10000,4.0,integrated,False,True,29.546591441030095,21.720000000000017
905,10000,4.0,integrated,False,True,29.49129691522454,21.720000000000017
906,10000,4.0,integrated,False,True,29.568198642927584,21.720000000000017
907,10000,4.0,integrated,False,True,29.522863572013833,21.720000000000017
908,10000,4.0,integrated,False,True,29.516692711891793,21.720000000000017
909,10000,4.0,integrated,False,True,29.48106491949848,21.720000000000017
910,10000,4.0,integrated,False,True,29.540235407375107,21.720000000000017
911,10000,4.0,integrated,False,True,29.47487723222076,21.720000000000017
912,10000,4.0,integrated,False,True,29.550703908236258,21.720000000000017
913,10000,4.0,integrated,False,True,29.52220039607886,21.720000000000017
914,10000,4.0,integrated,False,True,29.52353679473142,21.720000000000017
915,10000,4.0,integrated,False,True,29.486682628993677,21.720000000000017
916,10000,4.0,integrated,False,True,29.501415617236347,21.720000000000017
917,10000,4.0,integrated,False,True,29.494763849185663,21.720000000000017
918,10000,4.0,integrated,False,True,29.50639843781859,21.720000000000017
919,10000,4.0,integrated,False,True,29.486046447606977,21.720000000000017
920,10000,4.0,integrated,False,True,29.517000649632546,21.720000000000017
921,10000,4.0,integrated,False,True,29.500955856758807,21.720000000000017
922,10000,4.0,integrated,False,True,29.494438910436624,21.720000000000017
923,10000,4.0,integrated,False,True,29.525469666056463,21.720000000000017
924,10000,4.0,integrated,False,True,29.529740877855865,21.720000000000017
925,10000,4.0,integrated,False,True,29.485509306701847,21.720000000000017
926,10000,4.0,integrated,False,True,29.536043738000526,21.720000000000017
927,10000,4.0,integrated,False,True,29.53067403251074,21.720000000000017
928,10000,4.0,integrated,False,True,29.503481682257465,21.720000000000017
929,10000,4.0,integrated,False,True,29.5012135021015,21.720000000000017
930,10000,4.0,integrated,False,True,29.485006788268667,21.720000000000017
931,10000,4.0,integrated,False,True,29.48987753054787,21.720000000000017
932,10000,4.0,integrated,False,True,29.521129745559143,21.720000000000017
933,10000,4.0,integrated,False,True,29.550458281282346,21.720000000000017
934,10000,4.0,integrated,False,True,29.53363007193294,21.720000000000017
935,10000,4.0,integrated,False,True,29.541488175761607,21.720000000000017
936,10000,4.0,integrated,False,True,29.50483410339182,21.720000000000017
937,10000,4.0,integrated,False,True,29.49096865492287,21.720000000000017
938,10000,4.0,integrated,False,True,29.45756962735924,21.720000000000017
939,10000,4.0,integrated,False,True,29.53120994615736,21.720000000000017
940,10000,4.0,integrated,False,True,29.53012526965896,21.720000000000017
941,10000,4.0,integrated,False,True,29.45949026758689,21.720000000000017
942,10000,4.0,integrated,False,True,29.536999786026318,21.720000000000017
943,10000,4.0,integrated,False,True,29.50337504982801,21.720000000000017
944,10000,4.0,integrated,False,True,29.517490973003188,21.720000000000017
945,10000,4.0,integrated,False,True,29.46360306360537,21.720000000000017
946,10000,4.0,integrated,False,True,29.46511130013254,21.720000000000017
947,10000,4.0,integrated,False,True,29.50188387398225,21.720000000000017
948,10000,4.0,integrated,False,True,29.51589757707795,21.720000000000017
949,10000,4.0,integrated,False,True,29.46856160911482,21.720000000000017
950,10000,4.0,integrated,False,True,29.460373351890105,21.720000000000017
951,10000,4.0,integrated,False,True,29.51566544155038,21.720000000000017
952,10000,4.0,integrated,False,True,29.507025215559086,21.720000000000017
953,10000,4.0,integrated,False,True,29.50669131109384,21.720000000000017
954,10000,4.0,integrated,False,True,29.512833527085526,21.720000000000017
955,10000,4.0,integrated,False,True,29.4897540309698,21.720000000000017
956,10000,4.0,integrated,False,True,29.433918088294867,21.720000000000017
957,10000,4.0,integrated,False,True,29.525503088395936,21.720000000000017
958,10000,4.0,integrated,False,True,29.541319421226348,21.720000000000017
959,10000,4.0,integrated,False,True,29.50367370259766,21.720000000000017
960,10000,4.0,integrated,False,True,29.53506629471639,21.720000000000017
961,10000,4.0,integrated,False,True,29.496490251881,21.720000000000017
962,10000,4.0,integrated,False,True,29.498491037624404,21.720000000000017
963,10000,4.0,integrated,False,True,29.46534066083738,21.720000000000017
964,10000,4.0,integrated,False,True,29.492372700151968,21.720000000000017
965,10000,4.0,integrated,False,True,29.466129168129093,21.720000000000017
966,10000,4.0,integrated,False,True,29.474066975824513,21.720000000000017
967,10000,4.0,integrated,False,True,29.576877285391177,21.720000000000017
968,10000,4.0,integrated,False,True,29.50454749156851,21.720000000000017
969,10000,4.0,integrated,False,True,29.516603692648463,21.720000000000017
970,10000,4.0,integrated,False,True,29.504374127459787,21.720000000000017
971,10000,4.0,integrated,False,True,29.569198893219145,21.720000000000017
972,10000,4.0,integrated,False,True,29.502491342447602,21.720000000000017
973,10000,4.0,integrated,False,True,29.502513451552993,21.720000000000017
974,10000,4.0,integrated,False,True,29.557438177348626,21.720000000000017
975,10000,4.0,integrated,False,True,29.550745711897072,21.720000000000017
976,10000,4.0,integrated,False,True,29.551497553132695,21.720000000000017
977,10000,4.0,integrated,False,True,29.565866741388316,21.720000000000017
978,10000,4.0,integrated,False,True,29.52327006643971,21.720000000000017
979,10000,4.0,integrated,False,True,29.48238612046319,21.720000000000017
980,10000,4.0,integrated,False,True,29.562822676493553,21.720000000000017
981,10000,4.0,integrated,False,True,29.533574393847893,21.720000000000017
982,10000,4.0,integrated,False,True,29.534941459474304,21.720000000000017
983,10000,4.0,integrated,False,True,29.514259340776462,21.720000000000017
984,10000,4.0,integrated,False,True,29.492470968768494,21.720000000000017
985,10000,4.0,integrated,False,True,29.4674648954501,21.720000000000017
986,10000,4.0,integrated,False,True,29.500617328624294,21.720000000000017
987,10000,4.0,integrated,False,True,29.536947990217993,21.720000000000017
988,10000,4.0,integrated,False,True,29.497625449273364,21.720000000000017
989,10000,4.0,integrated,False,True,29.461271381730782,21.720000000000017
990,10000,4.0,integrated,False,True,29.501197546453422,21.720000000000017
991,10000,4.0,integrated,False,True,29.453701338015584,21.720000000000017
992,10000,4.0,integrated,False,True,29.539898435352622,21.720000000000017
993,10000,4.0,integrated,False,True,29.50636698469806,21.720000000000017
994,10000,4.0,integrated,False,True,29.496641216616382,21.720000000000017
995,10000,4.0,integrated,False,True,29.511546686624754,21.720000000000017
996,10000,4.0,integrated,False,True,29.59049062287444,21.720000000000017
997,10000,4.0,integrated,False,True,29.467948376819834,21.720000000000017
998,10000,4.0,integrated,False,True,29.492891960747826,21.720000000000017
999,10000,4.0,integrated,False,True,29.486303756821997,21.720000000000017
