realization_idx,V0,cv,outcome,extincted,integrated,T_barrier_h,T_seed_systemic,T_int_systemic,T_seed_total,T_int_total,T_int_hours,sampled_beta,sampled_c,sampled_delta,sampled_alpha
0,1,0.0,extinct,True,False,17.02264798317675,,,,,,2.4e-05,3.07,0.7,0.001
1,1,0.0,extinct,True,False,17.64065923292142,,,,,,2.4e-05,3.07,0.7,0.001
2,1,0.0,integrated,False,True,18.40238840062683,45.23999999999956,54.78688985952056,63.64238840062639,73.18927826014739,73.18927826014739,2.4e-05,3.07,0.7,0.001
3,1,0.0,integrated,False,True,25.40855051437202,44.99999999999957,54.519885105491255,70.40855051437158,79.92843561986328,79.92843561986328,2.4e-05,3.07,0.7,0.001
4,1,0.0,integrated,False,True,27.718276317960246,44.75999999999957,54.1158994385379,72.47827631795982,81.83417575649815,81.83417575649815,2.4e-05,3.07,0.7,0.001
5,1,0.0,integrated,False,True,29.720620698328393,44.99999999999957,54.51193128654264,74.72062069832796,84.23255198487104,84.23255198487104,2.4e-05,3.07,0.7,0.001
6,1,0.0,extinct,True,False,21.42422012264052,,,,,,2.4e-05,3.07,0.7,0.001
7,1,0.0,integrated,False,True,19.495760134008663,44.639999999999574,54.11767384130419,64.13576013400824,73.61343397531286,73.61343397531286,2.4e-05,3.07,0.7,0.001
8,1,0.0,integrated,False,True,22.4596087243964,45.23999999999956,54.76929501413771,67.69960872439596,77.22890373853411,77.22890373853411,2.4e-05,3.07,0.7,0.001
9,1,0.0,integrated,False,True,28.428114004055722,46.19999999999954,55.70361862486114,74.62811400405526,84.13173262891686,84.13173262891686,2.4e-05,3.07,0.7,0.001
10,1,0.0,extinct,True,False,12.216624491881548,,,,,,2.4e-05,3.07,0.7,0.001
11,1,0.0,extinct,True,False,26.04787798195963,,,,,,2.4e-05,3.07,0.7,0.001
12,1,0.0,integrated,False,True,22.27699044502418,46.07999999999954,56.15756451596266,68.35699044502373,78.43455496098684,78.43455496098684,2.4e-05,3.07,0.7,0.001
13,1,0.0,extinct,True,False,21.271595775892553,,,,,,2.4e-05,3.07,0.7,0.001
14,1,0.0,integrated,False,True,49.90685882646698,46.19999999999954,55.95542833254651,96.10685882646652,105.86228715901349,105.86228715901349,2.4e-05,3.07,0.7,0.001
15,1,0.0,extinct,True,False,29.098705190366548,,,,,,2.4e-05,3.07,0.7,0.001
16,1,0.0,integrated,False,True,36.36573424514643,46.439999999999536,55.961363695607034,82.80573424514597,92.32709794075346,92.32709794075346,2.4e-05,3.07,0.7,0.001
17,1,0.0,integrated,False,True,25.119837378072845,45.71999999999955,55.24339476433098,70.83983737807239,80.36323214240383,80.36323214240383,2.4e-05,3.07,0.7,0.001
18,1,0.0,integrated,False,True,20.27832536995885,46.31999999999954,56.09363275029054,66.59832536995839,76.37195812024939,76.37195812024939,2.4e-05,3.07,0.7,0.001
19,1,0.0,integrated,False,True,15.498547574307159,45.119999999999564,54.60607328913278,60.618547574306724,70.10462086343993,70.10462086343993,2.4e-05,3.07,0.7,0.001
20,1,0.0,extinct,True,False,32.20728219170014,,,,,,2.4e-05,3.07,0.7,0.001
21,1,0.0,integrated,False,True,13.640048070595167,44.639999999999574,54.843979206779906,58.280048070594745,68.48402727737508,68.48402727737508,2.4e-05,3.07,0.7,0.001
22,1,0.0,integrated,False,True,30.004420624612877,44.99999999999957,54.92511964949185,75.00442062461244,84.92954027410472,84.92954027410472,2.4e-05,3.07,0.7,0.001
23,1,0.0,extinct,True,False,27.35684617072394,,,,,,2.4e-05,3.07,0.7,0.001
24,1,0.0,integrated,False,True,21.884321540822604,45.35999999999956,54.94103455119853,67.24432154082217,76.82535609202114,76.82535609202114,2.4e-05,3.07,0.7,0.001
25,1,0.0,integrated,False,True,18.554907128823128,44.99999999999957,54.35799018345455,63.55490712882269,72.91289731227768,72.91289731227768,2.4e-05,3.07,0.7,0.001
26,1,0.0,integrated,False,True,12.256039925374216,45.959999999999546,56.03729976931054,58.216039925373764,68.29333969468476,68.29333969468476,2.4e-05,3.07,0.7,0.001
27,1,0.0,integrated,False,True,30.35649948251524,47.15999999999952,56.70918952453345,77.51649948251476,87.06568900704869,87.06568900704869,2.4e-05,3.07,0.7,0.001
28,1,0.0,integrated,False,True,18.991421995218424,45.479999999999556,54.94419488627767,64.47142199521798,73.93561688149609,73.93561688149609,2.4e-05,3.07,0.7,0.001
29,1,0.0,extinct,True,False,18.824730128460757,,,,,,2.4e-05,3.07,0.7,0.001
30,1,0.0,extinct,True,False,37.80459640622934,,,,,,2.4e-05,3.07,0.7,0.001
31,1,0.0,extinct,True,False,29.869329674093002,,,,,,2.4e-05,3.07,0.7,0.001
32,1,0.0,extinct,True,False,34.584407521841506,,,,,,2.4e-05,3.07,0.7,0.001
33,1,0.0,integrated,False,True,31.484891053171772,46.67999999999953,56.118170341773435,78.1648910531713,87.6030613949452,87.6030613949452,2.4e-05,3.07,0.7,0.001
34,1,0.0,integrated,False,True,28.519204243154384,44.39999999999958,53.957556224251775,72.91920424315396,82.47676046740617,82.47676046740617,2.4e-05,3.07,0.7,0.001
35,1,0.0,extinct,True,False,21.945063858693292,,,,,,2.4e-05,3.07,0.7,0.001
36,1,0.0,integrated,False,True,22.53158436335397,44.99999999999957,54.55588551909181,67.53158436335355,77.08746988244579,77.08746988244579,2.4e-05,3.07,0.7,0.001
37,1,0.0,extinct,True,False,11.705103099568491,,,,,,2.4e-05,3.07,0.7,0.001
38,1,0.0,extinct,True,False,29.037326325765264,,,,,,2.4e-05,3.07,0.7,0.001
39,1,0.0,integrated,False,True,19.897745092149393,44.75999999999957,54.2721954609207,64.65774509214896,74.16994055307009,74.16994055307009,2.4e-05,3.07,0.7,0.001
40,1,0.0,extinct,True,False,25.792014010192936,,,,,,2.4e-05,3.07,0.7,0.001
41,1,0.0,extinct,True,False,17.91333148396616,,,,,,2.4e-05,3.07,0.7,0.001
42,1,0.0,extinct,True,False,14.618879980792116,,,,,,2.4e-05,3.07,0.7,0.001
43,1,0.0,extinct,True,False,23.27249339543987,,,,,,2.4e-05,3.07,0.7,0.001
44,1,0.0,integrated,False,True,16.090779498302457,44.51999999999958,54.36763669333975,60.61077949830204,70.4584161916422,70.4584161916422,2.4e-05,3.07,0.7,0.001
45,1,0.0,extinct,True,False,29.600227561099125,,,,,,2.4e-05,3.07,0.7,0.001
46,1,0.0,extinct,True,False,26.087962899509964,,,,,,2.4e-05,3.07,0.7,0.001
47,1,0.0,extinct,True,False,24.891764722908633,,,,,,2.4e-05,3.07,0.7,0.001
48,1,0.0,extinct,True,False,31.641082233118084,,,,,,2.4e-05,3.07,0.7,0.001
49,1,0.0,extinct,True,False,13.944283011728748,,,,,,2.4e-05,3.07,0.7,0.001
50,1,0.0,extinct,True,False,13.34257333207965,,,,,,2.4e-05,3.07,0.7,0.001
51,1,0.0,integrated,False,True,25.29818387363088,46.07999999999954,55.61919586417831,71.37818387363042,80.91737973780918,80.91737973780918,2.4e-05,3.07,0.7,0.001
52,1,0.0,integrated,False,True,34.246119555864716,44.99999999999957,54.41530768109523,79.24611955586428,88.66142723695995,88.66142723695995,2.4e-05,3.07,0.7,0.001
53,1,0.0,extinct,True,False,15.775340717030069,,,,,,2.4e-05,3.07,0.7,0.001
54,1,0.0,integrated,False,True,24.852343530413858,44.75999999999957,54.25420167197739,69.61234353041343,79.10654520239125,79.10654520239125,2.4e-05,3.07,0.7,0.001
55,1,0.0,extinct,True,False,26.264997865876374,,,,,,2.4e-05,3.07,0.7,0.001
56,1,0.0,integrated,False,True,37.98986162791182,44.75999999999957,54.29780888954473,82.7498616279114,92.28767051745655,92.28767051745655,2.4e-05,3.07,0.7,0.001
57,1,0.0,integrated,False,True,17.149320204663823,48.11999999999951,57.60418403158637,65.26932020466333,74.7535042362502,74.7535042362502,2.4e-05,3.07,0.7,0.001
58,1,0.0,integrated,False,True,36.91810468335626,46.19999999999954,55.68324067003191,83.1181046833558,92.60134535338817,92.60134535338817,2.4e-05,3.07,0.7,0.001
59,1,0.0,integrated,False,True,37.9759225085656,45.71999999999955,55.82166470733248,83.69592250856516,93.79758721589809,93.79758721589809,2.4e-05,3.07,0.7,0.001
60,1,0.0,extinct,True,False,12.851621979187204,,,,,,2.4e-05,3.07,0.7,0.001
61,1,0.0,extinct,True,False,29.612551583544768,,,,,,2.4e-05,3.07,0.7,0.001
62,1,0.0,extinct,True,False,15.485301650602503,,,,,,2.4e-05,3.07,0.7,0.001
63,1,0.0,integrated,False,True,21.471587104328332,45.23999999999956,55.032799375084906,66.71158710432789,76.50438647941324,76.50438647941324,2.4e-05,3.07,0.7,0.001
64,1,0.0,integrated,False,True,24.117035587941434,45.959999999999546,55.504721564641194,70.07703558794098,79.62175715258263,79.62175715258263,2.4e-05,3.07,0.7,0.001
65,1,0.0,integrated,False,True,23.182116512163194,44.639999999999574,54.56524375884264,67.82211651216276,77.74736027100583,77.74736027100583,2.4e-05,3.07,0.7,0.001
66,1,0.0,extinct,True,False,28.255615092498747,,,,,,2.4e-05,3.07,0.7,0.001
67,1,0.0,integrated,False,True,37.42443207354039,45.23999999999956,54.69732703409056,82.66443207353996,92.12175910763095,92.12175910763095,2.4e-05,3.07,0.7,0.001
68,1,0.0,extinct,True,False,26.890430032752743,,,,,,2.4e-05,3.07,0.7,0.001
69,1,0.0,extinct,True,False,29.84101327175251,,,,,,2.4e-05,3.07,0.7,0.001
70,1,0.0,integrated,False,True,14.000224797142453,45.35999999999956,54.85320989114942,59.36022479714201,68.85343468829187,68.85343468829187,2.4e-05,3.07,0.7,0.001
71,1,0.0,integrated,False,True,32.6601000435856,44.87999999999957,54.605369877346654,77.54010004358517,87.26546992093225,87.26546992093225,2.4e-05,3.07,0.7,0.001
72,1,0.0,extinct,True,False,21.02893345140274,,,,,,2.4e-05,3.07,0.7,0.001
73,1,0.0,integrated,False,True,21.94623483271264,44.39999999999958,53.94543027459568,66.34623483271221,75.89166510730831,75.89166510730831,2.4e-05,3.07,0.7,0.001
74,1,0.0,extinct,True,False,29.974668971702883,,,,,,2.4e-05,3.07,0.7,0.001
75,1,0.0,extinct,True,False,14.582992255106602,,,,,,2.4e-05,3.07,0.7,0.001
76,1,0.0,integrated,False,True,33.06715672134155,44.87999999999957,54.40257366550037,77.94715672134112,87.46973038684192,87.46973038684192,2.4e-05,3.07,0.7,0.001
77,1,0.0,integrated,False,True,30.24798257522009,45.35999999999956,55.40787165618403,75.60798257521965,85.65585423140412,85.65585423140412,2.4e-05,3.07,0.7,0.001
78,1,0.0,integrated,False,True,24.500814777719587,45.35999999999956,54.86001062622998,69.86081477771914,79.36082540394956,79.36082540394956,2.4e-05,3.07,0.7,0.001
79,1,0.0,extinct,True,False,52.7156923796451,,,,,,2.4e-05,3.07,0.7,0.001
80,1,0.0,integrated,False,True,33.290678281015424,44.75999999999957,54.26555483782781,78.050678281015,87.55623311884324,87.55623311884324,2.4e-05,3.07,0.7,0.001
81,1,0.0,extinct,True,False,15.127110541684909,,,,,,2.4e-05,3.07,0.7,0.001
82,1,0.0,integrated,False,True,19.29533266839848,49.07999999999949,58.87591953539382,68.37533266839796,78.1712522037923,78.1712522037923,2.4e-05,3.07,0.7,0.001
83,1,0.0,extinct,True,False,37.42824856228337,,,,,,2.4e-05,3.07,0.7,0.001
84,1,0.0,integrated,False,True,19.39005224142117,44.75999999999957,54.92576543675676,64.15005224142074,74.31581767817794,74.31581767817794,2.4e-05,3.07,0.7,0.001
85,1,0.0,integrated,False,True,33.36341070521995,46.19999999999954,55.706413970626585,79.5634107052195,89.06982467584653,89.06982467584653,2.4e-05,3.07,0.7,0.001
86,1,0.0,integrated,False,True,22.021700341695404,45.23999999999956,54.773357442079586,67.26170034169496,76.795057783775,76.795057783775,2.4e-05,3.07,0.7,0.001
87,1,0.0,extinct,True,False,39.41635343732268,,,,,,2.4e-05,3.07,0.7,0.001
88,1,0.0,extinct,True,False,26.466881412545458,,,,,,2.4e-05,3.07,0.7,0.001
89,1,0.0,integrated,False,True,20.063640611992128,45.23999999999956,54.97175171214393,65.30364061199168,75.03539232413605,75.03539232413605,2.4e-05,3.07,0.7,0.001
90,1,0.0,integrated,False,True,36.91193295759966,45.35999999999956,54.80341600209915,82.27193295759922,91.71534895969882,91.71534895969882,2.4e-05,3.07,0.7,0.001
91,1,0.0,integrated,False,True,32.74253057696463,44.51999999999958,54.07704431605812,77.26253057696421,86.81957489302275,86.81957489302275,2.4e-05,3.07,0.7,0.001
92,1,0.0,extinct,True,False,22.35225679373456,,,,,,2.4e-05,3.07,0.7,0.001
93,1,0.0,integrated,False,True,16.98202716002713,45.599999999999554,55.190852238219286,62.58202716002668,72.17287939824641,72.17287939824641,2.4e-05,3.07,0.7,0.001
94,1,0.0,integrated,False,True,35.35230546291327,44.75999999999957,54.258937133254,80.11230546291284,89.61124259616727,89.61124259616727,2.4e-05,3.07,0.7,0.001
95,1,0.0,extinct,True,False,18.838677941193783,,,,,,2.4e-05,3.07,0.7,0.001
96,1,0.0,extinct,True,False,23.585674133613225,,,,,,2.4e-05,3.07,0.7,0.001
97,1,0.0,integrated,False,True,29.700281875093832,45.119999999999564,55.209488865234306,74.8202818750934,84.90977074032814,84.90977074032814,2.4e-05,3.07,0.7,0.001
98,1,0.0,integrated,False,True,22.493542067764178,44.51999999999958,54.000554389603046,67.01354206776375,76.49409645736722,76.49409645736722,2.4e-05,3.07,0.7,0.001
99,1,0.0,extinct,True,False,21.63558460035709,,,,,,2.4e-05,3.07,0.7,0.001
100,1,0.0,integrated,False,True,21.622291254497583,44.75999999999957,54.2481748595511,66.38229125449715,75.87046611404868,75.87046611404868,2.4e-05,3.07,0.7,0.001
101,1,0.0,integrated,False,True,15.667241560135533,45.83999999999955,55.73809069507536,61.507241560135085,71.4053322552109,71.4053322552109,2.4e-05,3.07,0.7,0.001
102,1,0.0,integrated,False,True,31.747210364775952,45.479999999999556,54.93890979443171,77.22721036477552,86.68612015920766,86.68612015920766,2.4e-05,3.07,0.7,0.001
103,1,0.0,extinct,True,False,27.453104415937066,,,,,,2.4e-05,3.07,0.7,0.001
104,1,0.0,integrated,False,True,14.45168144925767,44.39999999999958,53.87481302730902,58.85168144925725,68.3264944765667,68.3264944765667,2.4e-05,3.07,0.7,0.001
105,1,0.0,integrated,False,True,28.44240736526099,44.87999999999957,54.32468934749274,73.32240736526056,82.76709671275373,82.76709671275373,2.4e-05,3.07,0.7,0.001
106,1,0.0,integrated,False,True,32.30165328933896,46.07999999999954,55.549338203484396,78.3816532893385,87.85099149282335,87.85099149282335,2.4e-05,3.07,0.7,0.001
107,1,0.0,extinct,True,False,43.00172890534788,,,,,,2.4e-05,3.07,0.7,0.001
108,1,0.0,extinct,True,False,50.677742136240205,,,,,,2.4e-05,3.07,0.7,0.001
109,1,0.0,integrated,False,True,30.38897378230925,44.75999999999957,54.251764884130296,75.14897378230881,84.64073866643955,84.64073866643955,2.4e-05,3.07,0.7,0.001
110,1,0.0,extinct,True,False,16.55219200575783,,,,,,2.4e-05,3.07,0.7,0.001
111,1,0.0,integrated,False,True,27.381095226416306,45.23999999999956,54.789448538529065,72.62109522641586,82.17054376494536,82.17054376494536,2.4e-05,3.07,0.7,0.001
112,1,0.0,extinct,True,False,21.197903512705143,,,,,,2.4e-05,3.07,0.7,0.001
113,1,0.0,extinct,True,False,24.15384539432981,,,,,,2.4e-05,3.07,0.7,0.001
114,1,0.0,extinct,True,False,17.84885867249981,,,,,,2.4e-05,3.07,0.7,0.001
115,1,0.0,integrated,False,True,14.481913836469479,44.75999999999957,55.04650617470893,59.24191383646905,69.52842001117841,69.52842001117841,2.4e-05,3.07,0.7,0.001
116,1,0.0,integrated,False,True,22.792942841713845,46.55999999999953,56.09465272833172,69.35294284171337,78.88759557004556,78.88759557004556,2.4e-05,3.07,0.7,0.001
117,1,0.0,extinct,True,False,21.70627065434289,,,,,,2.4e-05,3.07,0.7,0.001
118,1,0.0,extinct,True,False,34.361367863853694,,,,,,2.4e-05,3.07,0.7,0.001
119,1,0.0,extinct,True,False,29.98040741564919,,,,,,2.4e-05,3.07,0.7,0.001
120,1,0.0,integrated,False,True,16.985586121679027,47.399999999999515,56.89151569736712,64.38558612167854,73.87710181904615,73.87710181904615,2.4e-05,3.07,0.7,0.001
121,1,0.0,extinct,True,False,28.192877286228352,,,,,,2.4e-05,3.07,0.7,0.001
122,1,0.0,integrated,False,True,20.73643177126097,44.75999999999957,54.27927206488911,65.49643177126055,75.01570383615008,75.01570383615008,2.4e-05,3.07,0.7,0.001
123,1,0.0,extinct,True,False,15.859322458502625,,,,,,2.4e-05,3.07,0.7,0.001
124,1,0.0,integrated,False,True,26.982097867965834,44.99999999999957,54.552765987633876,71.9820978679654,81.53486385559971,81.53486385559971,2.4e-05,3.07,0.7,0.001
125,1,0.0,integrated,False,True,17.888482625887324,46.55999999999953,56.02652447847339,64.44848262588685,73.91500710436071,73.91500710436071,2.4e-05,3.07,0.7,0.001
126,1,0.0,extinct,True,False,25.764039581427664,,,,,,2.4e-05,3.07,0.7,0.001
127,1,0.0,extinct,True,False,11.583086517944595,,,,,,2.4e-05,3.07,0.7,0.001
128,1,0.0,extinct,True,False,22.408692476580825,,,,,,2.4e-05,3.07,0.7,0.001
129,1,0.0,extinct,True,False,29.262522700077874,,,,,,2.4e-05,3.07,0.7,0.001
130,1,0.0,extinct,True,False,30.431997321364072,,,,,,2.4e-05,3.07,0.7,0.001
131,1,0.0,extinct,True,False,22.369521705702805,,,,,,2.4e-05,3.07,0.7,0.001
132,1,0.0,integrated,False,True,33.48563639750799,44.51999999999958,54.68426153960645,78.00563639750757,88.16989793711444,88.16989793711444,2.4e-05,3.07,0.7,0.001
133,1,0.0,integrated,False,True,28.330385165225977,45.23999999999956,54.696664379731985,73.57038516522553,83.02704954495796,83.02704954495796,2.4e-05,3.07,0.7,0.001
134,1,0.0,extinct,True,False,18.973357955259647,,,,,,2.4e-05,3.07,0.7,0.001
135,1,0.0,extinct,True,False,31.72095950742678,,,,,,2.4e-05,3.07,0.7,0.001
136,1,0.0,extinct,True,False,24.841275176831957,,,,,,2.4e-05,3.07,0.7,0.001
137,1,0.0,integrated,False,True,60.19062641130224,44.99999999999957,54.77369422092174,105.1906264113018,114.96432063222397,114.96432063222397,2.4e-05,3.07,0.7,0.001
138,1,0.0,extinct,True,False,12.226814719426443,,,,,,2.4e-05,3.07,0.7,0.001
139,1,0.0,extinct,True,False,18.396154058988568,,,,,,2.4e-05,3.07,0.7,0.001
140,1,0.0,extinct,True,False,21.744717074816204,,,,,,2.4e-05,3.07,0.7,0.001
141,1,0.0,integrated,False,True,38.77978999344029,47.399999999999515,57.120806435397654,86.17978999343981,95.90059642883794,95.90059642883794,2.4e-05,3.07,0.7,0.001
142,1,0.0,extinct,True,False,15.531020454061462,,,,,,2.4e-05,3.07,0.7,0.001
143,1,0.0,integrated,False,True,28.32508284246897,44.99999999999957,54.57082618141354,73.32508284246853,82.89590902388251,82.89590902388251,2.4e-05,3.07,0.7,0.001
144,1,0.0,extinct,True,False,30.712166019974724,,,,,,2.4e-05,3.07,0.7,0.001
145,1,0.0,extinct,True,False,28.688212174316487,,,,,,2.4e-05,3.07,0.7,0.001
146,1,0.0,extinct,True,False,22.532421323314853,,,,,,2.4e-05,3.07,0.7,0.001
147,1,0.0,extinct,True,False,35.33354952790243,,,,,,2.4e-05,3.07,0.7,0.001
148,1,0.0,extinct,True,False,20.5043184268936,,,,,,2.4e-05,3.07,0.7,0.001
149,1,0.0,integrated,False,True,14.585594522233373,47.15999999999952,57.10448220063721,61.74559452223289,71.69007672287059,71.69007672287059,2.4e-05,3.07,0.7,0.001
150,1,0.0,extinct,True,False,28.493491179787842,,,,,,2.4e-05,3.07,0.7,0.001
151,1,0.0,extinct,True,False,21.856131274621614,,,,,,2.4e-05,3.07,0.7,0.001
152,1,0.0,extinct,True,False,27.11501817133904,,,,,,2.4e-05,3.07,0.7,0.001
153,1,0.0,extinct,True,False,28.462711016892378,,,,,,2.4e-05,3.07,0.7,0.001
154,1,0.0,extinct,True,False,14.173590714080039,,,,,,2.4e-05,3.07,0.7,0.001
155,1,0.0,integrated,False,True,19.56417956529089,45.119999999999564,54.519668608196866,64.68417956529045,74.08384817348775,74.08384817348775,2.4e-05,3.07,0.7,0.001
156,1,0.0,integrated,False,True,23.542490217045845,44.51999999999958,54.44115537381441,68.06249021704542,77.98364559086025,77.98364559086025,2.4e-05,3.07,0.7,0.001
157,1,0.0,integrated,False,True,27.42935144703355,46.07999999999954,55.64865419225677,73.5093514470331,83.07800563929032,83.07800563929032,2.4e-05,3.07,0.7,0.001
158,1,0.0,extinct,True,False,29.704232997572255,,,,,,2.4e-05,3.07,0.7,0.001
159,1,0.0,integrated,False,True,24.10634037599168,45.35999999999956,55.262134132504755,69.46634037599124,79.36847450849643,79.36847450849643,2.4e-05,3.07,0.7,0.001
160,1,0.0,extinct,True,False,23.121451088771725,,,,,,2.4e-05,3.07,0.7,0.001
161,1,0.0,integrated,False,True,9.06976225999442,44.75999999999957,54.233232946965224,53.82976225999399,63.30299520695964,63.30299520695964,2.4e-05,3.07,0.7,0.001
162,1,0.0,extinct,True,False,24.54626589769221,,,,,,2.4e-05,3.07,0.7,0.001
163,1,0.0,extinct,True,False,23.4058250352855,,,,,,2.4e-05,3.07,0.7,0.001
164,1,0.0,extinct,True,False,23.636121665108877,,,,,,2.4e-05,3.07,0.7,0.001
165,1,0.0,extinct,True,False,31.179346797607298,,,,,,2.4e-05,3.07,0.7,0.001
166,1,0.0,integrated,False,True,23.368972015779786,45.119999999999564,55.23715630758741,68.48897201577935,78.6061283233672,78.6061283233672,2.4e-05,3.07,0.7,0.001
167,1,0.0,integrated,False,True,25.33433423033523,44.51999999999958,54.718989953230746,69.85433423033481,80.05332418356598,80.05332418356598,2.4e-05,3.07,0.7,0.001
168,1,0.0,integrated,False,True,26.876773241695954,44.99999999999957,54.47258607586785,71.87677324169552,81.34935931756381,81.34935931756381,2.4e-05,3.07,0.7,0.001
169,1,0.0,integrated,False,True,26.176452045346007,44.75999999999957,54.48758094043499,70.93645204534558,80.66403298578099,80.66403298578099,2.4e-05,3.07,0.7,0.001
170,1,0.0,integrated,False,True,21.82191665391309,45.35999999999956,54.973517037099114,67.18191665391265,76.7954336910122,76.7954336910122,2.4e-05,3.07,0.7,0.001
171,1,0.0,integrated,False,True,20.777748398969052,44.639999999999574,54.16073389588722,65.41774839896863,74.93848229485627,74.93848229485627,2.4e-05,3.07,0.7,0.001
172,1,0.0,integrated,False,True,11.914938862393221,45.23999999999956,55.01538440410299,57.15493886239278,66.9303232664962,66.9303232664962,2.4e-05,3.07,0.7,0.001
173,1,0.0,extinct,True,False,26.193292205009914,,,,,,2.4e-05,3.07,0.7,0.001
174,1,0.0,integrated,False,True,38.99053474459797,44.639999999999574,54.18964005571257,83.63053474459755,93.18017480031054,93.18017480031054,2.4e-05,3.07,0.7,0.001
175,1,0.0,integrated,False,True,23.864124807455767,44.87999999999957,54.3147831597164,68.74412480745534,78.17890796717217,78.17890796717217,2.4e-05,3.07,0.7,0.001
176,1,0.0,integrated,False,True,22.897327288800838,44.87999999999957,54.97065088255373,67.77732728880041,77.86797817135457,77.86797817135457,2.4e-05,3.07,0.7,0.001
177,1,0.0,extinct,True,False,23.897160611933344,,,,,,2.4e-05,3.07,0.7,0.001
178,1,0.0,integrated,False,True,19.318927163084492,44.639999999999574,54.43522101720745,63.95892716308407,73.75414818029195,73.75414818029195,2.4e-05,3.07,0.7,0.001
179,1,0.0,extinct,True,False,30.371495282127412,,,,,,2.4e-05,3.07,0.7,0.001
180,1,0.0,extinct,True,False,44.512916978260485,,,,,,2.4e-05,3.07,0.7,0.001
181,1,0.0,extinct,True,False,20.440871346549322,,,,,,2.4e-05,3.07,0.7,0.001
182,1,0.0,integrated,False,True,31.009408286486853,44.75999999999957,54.29865086220916,75.76940828648642,85.308059148696,85.308059148696,2.4e-05,3.07,0.7,0.001
183,1,0.0,extinct,True,False,20.747577870778706,,,,,,2.4e-05,3.07,0.7,0.001
184,1,0.0,integrated,False,True,21.071902692688415,45.71999999999955,55.23648658029994,66.79190269268797,76.30838927298835,76.30838927298835,2.4e-05,3.07,0.7,0.001
185,1,0.0,extinct,True,False,36.2959320273785,,,,,,2.4e-05,3.07,0.7,0.001
186,1,0.0,extinct,True,False,17.03121575924835,,,,,,2.4e-05,3.07,0.7,0.001
187,1,0.0,integrated,False,True,20.220328263216967,46.919999999999526,56.49692456136721,67.14032826321649,76.71725282458418,76.71725282458418,2.4e-05,3.07,0.7,0.001
188,1,0.0,integrated,False,True,26.236015315130036,44.27999999999958,53.77994017146842,70.51601531512962,80.01595548659846,80.01595548659846,2.4e-05,3.07,0.7,0.001
189,1,0.0,integrated,False,True,17.011348080814372,44.639999999999574,54.669230698927585,61.651348080813946,71.68057877974195,71.68057877974195,2.4e-05,3.07,0.7,0.001
190,1,0.0,extinct,True,False,24.765596778746332,,,,,,2.4e-05,3.07,0.7,0.001
191,1,0.0,extinct,True,False,21.239699894983087,,,,,,2.4e-05,3.07,0.7,0.001
192,1,0.0,integrated,False,True,44.457576314766136,44.99999999999957,55.078650853279896,89.4575763147657,99.53622716804603,99.53622716804603,2.4e-05,3.07,0.7,0.001
193,1,0.0,integrated,False,True,22.283997734265505,45.23999999999956,54.792393787036175,67.52399773426507,77.07639152130167,77.07639152130167,2.4e-05,3.07,0.7,0.001
194,1,0.0,integrated,False,True,17.741742692714425,44.99999999999957,54.470440180975295,62.74174269271399,72.21218287368973,72.21218287368973,2.4e-05,3.07,0.7,0.001
195,1,0.0,extinct,True,False,14.413131779660402,,,,,,2.4e-05,3.07,0.7,0.001
196,1,0.0,extinct,True,False,20.485762662272947,,,,,,2.4e-05,3.07,0.7,0.001
197,1,0.0,integrated,False,True,29.280207391966453,44.639999999999574,54.34847854542123,73.92020739196603,83.62868593738769,83.62868593738769,2.4e-05,3.07,0.7,0.001
198,1,0.0,integrated,False,True,29.62022795784668,45.599999999999554,55.061733450199505,75.22022795784623,84.68196140804619,84.68196140804619,2.4e-05,3.07,0.7,0.001
199,1,0.0,integrated,False,True,21.41399835084845,44.99999999999957,54.50925380900583,66.41399835084802,75.92325215985427,75.92325215985427,2.4e-05,3.07,0.7,0.001
200,1,0.0,integrated,False,True,39.153970212927824,47.15999999999952,57.091903723178305,86.31397021292734,96.24587393610614,96.24587393610614,2.4e-05,3.07,0.7,0.001
201,1,0.0,integrated,False,True,22.391104268012455,45.83999999999955,55.81659280233618,68.231104268012,78.20769707034864,78.20769707034864,2.4e-05,3.07,0.7,0.001
202,1,0.0,integrated,False,True,10.8191637541589,45.35999999999956,54.90976222616508,56.17916375415846,65.72892598032398,65.72892598032398,2.4e-05,3.07,0.7,0.001
203,1,0.0,extinct,True,False,19.524145374438596,,,,,,2.4e-05,3.07,0.7,0.001
204,1,0.0,extinct,True,False,11.122610777769905,,,,,,2.4e-05,3.07,0.7,0.001
205,1,0.0,integrated,False,True,24.257541650622382,46.19999999999954,56.23667110110314,70.45754165062192,80.49421275172553,80.49421275172553,2.4e-05,3.07,0.7,0.001
206,1,0.0,integrated,False,True,36.75981239688343,44.99999999999957,54.39017096275607,81.759812396883,91.1499833596395,91.1499833596395,2.4e-05,3.07,0.7,0.001
207,1,0.0,integrated,False,True,14.389108585717189,45.23999999999956,55.2189879736911,59.62910858571675,69.6080965594083,69.6080965594083,2.4e-05,3.07,0.7,0.001
208,1,0.0,integrated,False,True,15.058196240380179,44.39999999999958,54.46369283342466,59.458196240379756,69.52188907380484,69.52188907380484,2.4e-05,3.07,0.7,0.001
209,1,0.0,integrated,False,True,28.481399905492793,45.23999999999956,54.71575861705654,73.72139990549235,83.19715852254933,83.19715852254933,2.4e-05,3.07,0.7,0.001
210,1,0.0,integrated,False,True,16.92378662188184,45.119999999999564,54.642020676449455,62.0437866218814,71.5658072983313,71.5658072983313,2.4e-05,3.07,0.7,0.001
211,1,0.0,extinct,True,False,19.34746509109566,,,,,,2.4e-05,3.07,0.7,0.001
212,1,0.0,extinct,True,False,23.795643669161247,,,,,,2.4e-05,3.07,0.7,0.001
213,1,0.0,extinct,True,False,41.035628203280694,,,,,,2.4e-05,3.07,0.7,0.001
214,1,0.0,extinct,True,False,28.920710988808796,,,,,,2.4e-05,3.07,0.7,0.001
215,1,0.0,integrated,False,True,27.636303079032373,44.51999999999958,54.06856554672571,72.15630307903194,81.70486862575808,81.70486862575808,2.4e-05,3.07,0.7,0.001
216,1,0.0,integrated,False,True,17.262010536822448,44.87999999999957,54.405091970650574,62.14201053682201,71.66710250747302,71.66710250747302,2.4e-05,3.07,0.7,0.001
217,1,0.0,integrated,False,True,14.224809028644007,47.03999999999952,56.89587908861998,61.264809028643526,71.12068811726398,71.12068811726398,2.4e-05,3.07,0.7,0.001
218,1,0.0,integrated,False,True,30.433463740235027,46.55999999999953,56.03900454635746,76.99346374023456,86.47246828659249,86.47246828659249,2.4e-05,3.07,0.7,0.001
219,1,0.0,integrated,False,True,31.0763543296814,44.639999999999574,54.693569089153755,75.71635432968097,85.76992341883516,85.76992341883516,2.4e-05,3.07,0.7,0.001
220,1,0.0,integrated,False,True,41.88158502592077,46.19999999999954,55.81350225294702,88.0815850259203,97.69508727886779,97.69508727886779,2.4e-05,3.07,0.7,0.001
221,1,0.0,extinct,True,False,28.836144308453743,,,,,,2.4e-05,3.07,0.7,0.001
222,1,0.0,extinct,True,False,23.402014907152385,,,,,,2.4e-05,3.07,0.7,0.001
223,1,0.0,extinct,True,False,13.828981096269846,,,,,,2.4e-05,3.07,0.7,0.001
224,1,0.0,extinct,True,False,30.117997598425077,,,,,,2.4e-05,3.07,0.7,0.001
225,1,0.0,extinct,True,False,23.45074068988585,,,,,,2.4e-05,3.07,0.7,0.001
226,1,0.0,integrated,False,True,26.895875775377682,45.479999999999556,55.78209217686301,72.37587577537724,82.67796795224069,82.67796795224069,2.4e-05,3.07,0.7,0.001
227,1,0.0,extinct,True,False,26.956902189340816,,,,,,2.4e-05,3.07,0.7,0.001
228,1,0.0,integrated,False,True,22.094918316215818,46.67999999999953,56.14367664440904,68.77491831621535,78.23859496062485,78.23859496062485,2.4e-05,3.07,0.7,0.001
229,1,0.0,integrated,False,True,48.77142276785156,44.639999999999574,54.365728228886425,93.41142276785114,103.13715099673799,103.13715099673799,2.4e-05,3.07,0.7,0.001
230,1,0.0,extinct,True,False,32.11299794688014,,,,,,2.4e-05,3.07,0.7,0.001
231,1,0.0,extinct,True,False,30.739454651002262,,,,,,2.4e-05,3.07,0.7,0.001
232,1,0.0,integrated,False,True,38.227046789786776,44.639999999999574,54.58741543022445,82.86704678978634,92.81446222001122,92.81446222001122,2.4e-05,3.07,0.7,0.001
233,1,0.0,extinct,True,False,13.858867497014973,,,,,,2.4e-05,3.07,0.7,0.001
234,1,0.0,extinct,True,False,26.534139816964053,,,,,,2.4e-05,3.07,0.7,0.001
235,1,0.0,extinct,True,False,17.13727430910228,,,,,,2.4e-05,3.07,0.7,0.001
236,1,0.0,extinct,True,False,32.67861009291378,,,,,,2.4e-05,3.07,0.7,0.001
237,1,0.0,extinct,True,False,36.27751605213486,,,,,,2.4e-05,3.07,0.7,0.001
238,1,0.0,extinct,True,False,21.133051556160893,,,,,,2.4e-05,3.07,0.7,0.001
239,1,0.0,integrated,False,True,23.021675431768024,45.479999999999556,54.944421840889376,68.50167543176758,77.96609727265741,77.96609727265741,2.4e-05,3.07,0.7,0.001
240,1,0.0,integrated,False,True,21.195991834993645,45.599999999999554,55.63818108332029,66.7959918349932,76.83417291831394,76.83417291831394,2.4e-05,3.07,0.7,0.001
241,1,0.0,integrated,False,True,28.543691948944865,44.27999999999958,53.792360029204445,72.82369194894444,82.33605197814931,82.33605197814931,2.4e-05,3.07,0.7,0.001
242,1,0.0,extinct,True,False,21.095493862267517,,,,,,2.4e-05,3.07,0.7,0.001
243,1,0.0,integrated,False,True,16.450783450289162,44.51999999999958,54.35978629609132,60.970783450288735,70.81056974638048,70.81056974638048,2.4e-05,3.07,0.7,0.001
244,1,0.0,extinct,True,False,32.35315760694068,,,,,,2.4e-05,3.07,0.7,0.001
245,1,0.0,integrated,False,True,18.268875405792116,46.439999999999536,56.35361294366024,64.70887540579164,74.62248834945235,74.62248834945235,2.4e-05,3.07,0.7,0.001
246,1,0.0,integrated,False,True,32.20258587837639,47.9999999999995,57.88438822193668,80.20258587837588,90.08697410031307,90.08697410031307,2.4e-05,3.07,0.7,0.001
247,1,0.0,extinct,True,False,32.48745222825593,,,,,,2.4e-05,3.07,0.7,0.001
248,1,0.0,extinct,True,False,23.274208523004987,,,,,,2.4e-05,3.07,0.7,0.001
249,1,0.0,integrated,False,True,20.83684913858167,45.119999999999564,55.17309225520933,65.95684913858123,76.009941393791,76.009941393791,2.4e-05,3.07,0.7,0.001
250,1,0.0,integrated,False,True,18.02762810055308,44.87999999999957,54.38878632258434,62.90762810055265,72.41641442313741,72.41641442313741,2.4e-05,3.07,0.7,0.001
251,1,0.0,integrated,False,True,19.80922100187642,44.639999999999574,54.59321702745329,64.449221001876,74.40243802932972,74.40243802932972,2.4e-05,3.07,0.7,0.001
252,1,0.0,extinct,True,False,30.975964175937673,,,,,,2.4e-05,3.07,0.7,0.001
253,1,0.0,extinct,True,False,11.982436312566017,,,,,,2.4e-05,3.07,0.7,0.001
254,1,0.0,integrated,False,True,27.16522841049046,44.27999999999958,53.722108621473204,71.44522841049005,80.88733703196367,80.88733703196367,2.4e-05,3.07,0.7,0.001
255,1,0.0,integrated,False,True,29.1194343619711,45.71999999999955,55.949753931221736,74.83943436197065,85.06918829319284,85.06918829319284,2.4e-05,3.07,0.7,0.001
256,1,0.0,extinct,True,False,47.50089387894659,,,,,,2.4e-05,3.07,0.7,0.001
257,1,0.0,integrated,False,True,23.89470825114904,45.83999999999955,55.372466508602706,69.73470825114859,79.26717475975175,79.26717475975175,2.4e-05,3.07,0.7,0.001
258,1,0.0,extinct,True,False,24.650351635232795,,,,,,2.4e-05,3.07,0.7,0.001
259,1,0.0,extinct,True,False,18.63658351730869,,,,,,2.4e-05,3.07,0.7,0.001
260,1,0.0,integrated,False,True,28.61034144599193,46.67999999999953,56.780152332096506,75.29034144599146,85.39049377808844,85.39049377808844,2.4e-05,3.07,0.7,0.001
261,1,0.0,integrated,False,True,19.112650945146108,45.479999999999556,55.4808235824766,64.59265094514566,74.5934745276227,74.5934745276227,2.4e-05,3.07,0.7,0.001
262,1,0.0,integrated,False,True,24.965614359935632,45.599999999999554,55.618489901959954,70.56561435993518,80.58410426189559,80.58410426189559,2.4e-05,3.07,0.7,0.001
263,1,0.0,extinct,True,False,32.61093159935658,,,,,,2.4e-05,3.07,0.7,0.001
264,1,0.0,integrated,False,True,9.28368160799216,47.63999999999951,57.34918411511672,56.92368160799167,66.63286572310888,66.63286572310888,2.4e-05,3.07,0.7,0.001
265,1,0.0,extinct,True,False,27.780119889858085,,,,,,2.4e-05,3.07,0.7,0.001
266,1,0.0,extinct,True,False,36.494307484527994,,,,,,2.4e-05,3.07,0.7,0.001
267,1,0.0,integrated,False,True,24.61404620221318,46.55999999999953,56.03840995495264,71.17404620221271,80.65245615716583,80.65245615716583,2.4e-05,3.07,0.7,0.001
268,1,0.0,integrated,False,True,8.723739014194667,47.03999999999952,56.55245316686518,55.763739014194186,65.27619218105984,65.27619218105984,2.4e-05,3.07,0.7,0.001
269,1,0.0,extinct,True,False,18.078193326887394,,,,,,2.4e-05,3.07,0.7,0.001
270,1,0.0,extinct,True,False,17.487108713694962,,,,,,2.4e-05,3.07,0.7,0.001
271,1,0.0,integrated,False,True,29.441044763274242,45.479999999999556,54.951367102375336,74.9210447632738,84.39241186564958,84.39241186564958,2.4e-05,3.07,0.7,0.001
272,1,0.0,integrated,False,True,22.539810182870546,45.119999999999564,54.662029112625234,67.6598101828701,77.20183929549577,77.20183929549577,2.4e-05,3.07,0.7,0.001
273,1,0.0,integrated,False,True,23.99845700306409,44.75999999999957,54.23623164039496,68.75845700306365,78.23468864345905,78.23468864345905,2.4e-05,3.07,0.7,0.001
274,1,0.0,integrated,False,True,32.256098654279825,44.99999999999957,54.42678149486034,77.25609865427938,86.68288014914017,86.68288014914017,2.4e-05,3.07,0.7,0.001
275,1,0.0,extinct,True,False,39.26191773668589,,,,,,2.4e-05,3.07,0.7,0.001
276,1,0.0,extinct,True,False,32.40204003494822,,,,,,2.4e-05,3.07,0.7,0.001
277,1,0.0,extinct,True,False,15.453573103844109,,,,,,2.4e-05,3.07,0.7,0.001
278,1,0.0,extinct,True,False,21.90801020945104,,,,,,2.4e-05,3.07,0.7,0.001
279,1,0.0,extinct,True,False,31.360406370772356,,,,,,2.4e-05,3.07,0.7,0.001
280,1,0.0,integrated,False,True,26.31300319236339,47.03999999999952,56.829231449022856,73.3530031923629,83.14223464138624,83.14223464138624,2.4e-05,3.07,0.7,0.001
281,1,0.0,integrated,False,True,12.783144438512627,44.87999999999957,54.454249748873224,57.6631444385122,67.23739418738585,67.23739418738585,2.4e-05,3.07,0.7,0.001
282,1,0.0,extinct,True,False,18.090118599877236,,,,,,2.4e-05,3.07,0.7,0.001
283,1,0.0,extinct,True,False,35.95765274388177,,,,,,2.4e-05,3.07,0.7,0.001
284,1,0.0,integrated,False,True,22.370298190793175,46.55999999999953,56.10005927536419,68.93029819079271,78.47035746615737,78.47035746615737,2.4e-05,3.07,0.7,0.001
285,1,0.0,integrated,False,True,23.74199713972624,44.87999999999957,54.36614914249111,68.6219971397258,78.10814628221735,78.10814628221735,2.4e-05,3.07,0.7,0.001
286,1,0.0,extinct,True,False,10.519441476580457,,,,,,2.4e-05,3.07,0.7,0.001
287,1,0.0,integrated,False,True,21.115478031033682,45.71999999999955,55.89228586776358,66.83547803103323,77.00776389879726,77.00776389879726,2.4e-05,3.07,0.7,0.001
288,1,0.0,extinct,True,False,31.780642858909772,,,,,,2.4e-05,3.07,0.7,0.001
289,1,0.0,extinct,True,False,32.919567270276126,,,,,,2.4e-05,3.07,0.7,0.001
290,1,0.0,integrated,False,True,12.49942820344774,46.07999999999954,55.65220619966538,58.579428203447286,68.15163440311312,68.15163440311312,2.4e-05,3.07,0.7,0.001
291,1,0.0,integrated,False,True,36.31617878403163,45.71999999999955,55.677050873187284,82.03617878403118,91.9932296572189,91.9932296572189,2.4e-05,3.07,0.7,0.001
292,1,0.0,extinct,True,False,20.68389903131307,,,,,,2.4e-05,3.07,0.7,0.001
293,1,0.0,extinct,True,False,15.522566963362884,,,,,,2.4e-05,3.07,0.7,0.001
294,1,0.0,integrated,False,True,20.482193041182043,46.07999999999954,55.55722626024064,66.56219304118159,76.03941930142268,76.03941930142268,2.4e-05,3.07,0.7,0.001
295,1,0.0,extinct,True,False,20.04211513518497,,,,,,2.4e-05,3.07,0.7,0.001
296,1,0.0,integrated,False,True,36.46702093764974,46.19999999999954,56.136235926589485,82.66702093764928,92.60325686423923,92.60325686423923,2.4e-05,3.07,0.7,0.001
297,1,0.0,integrated,False,True,40.985921160339586,44.639999999999574,54.7244473424695,85.62592116033916,95.71036850280909,95.71036850280909,2.4e-05,3.07,0.7,0.001
298,1,0.0,extinct,True,False,22.90058633165188,,,,,,2.4e-05,3.07,0.7,0.001
299,1,0.0,extinct,True,False,14.269664819449597,,,,,,2.4e-05,3.07,0.7,0.001
300,1,0.0,integrated,False,True,44.18274174722541,45.35999999999956,54.890716912302466,89.54274174722497,99.07345865952787,99.07345865952787,2.4e-05,3.07,0.7,0.001
301,1,0.0,integrated,False,True,29.303769496063534,45.119999999999564,54.67212616179128,74.4237694960631,83.97589565785482,83.97589565785482,2.4e-05,3.07,0.7,0.001
302,1,0.0,integrated,False,True,20.034569232800525,44.27999999999958,53.838324690017785,64.31456923280011,73.8728939228183,73.8728939228183,2.4e-05,3.07,0.7,0.001
303,1,0.0,integrated,False,True,46.13016700164229,44.639999999999574,54.076225775287966,90.77016700164187,100.20639277693026,100.20639277693026,2.4e-05,3.07,0.7,0.001
304,1,0.0,extinct,True,False,32.99114941348619,,,,,,2.4e-05,3.07,0.7,0.001
305,1,0.0,extinct,True,False,27.798971296963515,,,,,,2.4e-05,3.07,0.7,0.001
306,1,0.0,integrated,False,True,24.08502939399009,45.23999999999956,54.69127461170942,69.32502939398965,78.7763040056995,78.7763040056995,2.4e-05,3.07,0.7,0.001
307,1,0.0,extinct,True,False,36.07710950461018,,,,,,2.4e-05,3.07,0.7,0.001
308,1,0.0,extinct,True,False,18.861070087512083,,,,,,2.4e-05,3.07,0.7,0.001
309,1,0.0,integrated,False,True,14.754495935317959,45.479999999999556,54.961813353685486,60.23449593531751,69.71630928900345,69.71630928900345,2.4e-05,3.07,0.7,0.001
310,1,0.0,integrated,False,True,27.06037600605675,45.23999999999956,54.644911157252594,72.30037600605631,81.70528716330935,81.70528716330935,2.4e-05,3.07,0.7,0.001
311,1,0.0,integrated,False,True,31.228217882280152,44.75999999999957,54.50760505476351,75.98821788227973,85.73582293704366,85.73582293704366,2.4e-05,3.07,0.7,0.001
312,1,0.0,integrated,False,True,14.885281984270454,45.479999999999556,55.0569336542605,60.36528198427001,69.94221563853095,69.94221563853095,2.4e-05,3.07,0.7,0.001
313,1,0.0,integrated,False,True,34.5476555298898,46.07999999999954,55.981018446001336,80.62765552988935,90.52867397589114,90.52867397589114,2.4e-05,3.07,0.7,0.001
314,1,0.0,extinct,True,False,37.790563633391294,,,,,,2.4e-05,3.07,0.7,0.001
315,1,0.0,integrated,False,True,15.339221873547274,46.19999999999954,55.85555492001754,61.539221873546815,71.19477679356481,71.19477679356481,2.4e-05,3.07,0.7,0.001
316,1,0.0,extinct,True,False,34.481958371616535,,,,,,2.4e-05,3.07,0.7,0.001
317,1,0.0,extinct,True,False,26.471809862704614,,,,,,2.4e-05,3.07,0.7,0.001
318,1,0.0,integrated,False,True,18.698104977318597,44.51999999999958,53.976607484527136,63.21810497731818,72.67471246184573,72.67471246184573,2.4e-05,3.07,0.7,0.001
319,1,0.0,integrated,False,True,20.818235707923677,45.959999999999546,55.941057982144244,66.77823570792322,76.75929369006792,76.75929369006792,2.4e-05,3.07,0.7,0.001
320,1,0.0,extinct,True,False,20.373289643579188,,,,,,2.4e-05,3.07,0.7,0.001
321,1,0.0,extinct,True,False,16.273589968138914,,,,,,2.4e-05,3.07,0.7,0.001
322,1,0.0,integrated,False,True,20.23558621052875,47.75999999999951,57.63898072571082,67.99558621052826,77.87456693623957,77.87456693623957,2.4e-05,3.07,0.7,0.001
323,1,0.0,extinct,True,False,24.12676260435461,,,,,,2.4e-05,3.07,0.7,0.001
324,1,0.0,extinct,True,False,19.780173346407377,,,,,,2.4e-05,3.07,0.7,0.001
325,1,0.0,extinct,True,False,19.326244502946185,,,,,,2.4e-05,3.07,0.7,0.001
326,1,0.0,extinct,True,False,19.573340357057436,,,,,,2.4e-05,3.07,0.7,0.001
327,1,0.0,extinct,True,False,34.672102666704276,,,,,,2.4e-05,3.07,0.7,0.001
328,1,0.0,extinct,True,False,12.048833518395183,,,,,,2.4e-05,3.07,0.7,0.001
329,1,0.0,integrated,False,True,29.927318698489053,45.23999999999956,54.710994750285764,75.16731869848861,84.63831344877482,84.63831344877482,2.4e-05,3.07,0.7,0.001
330,1,0.0,integrated,False,True,26.731555565517546,44.75999999999957,54.2634107433332,71.49155556551712,80.99496630885075,80.99496630885075,2.4e-05,3.07,0.7,0.001
331,1,0.0,extinct,True,False,23.292247111401434,,,,,,2.4e-05,3.07,0.7,0.001
332,1,0.0,integrated,False,True,36.218345670609125,44.87999999999957,54.342567173015894,81.0983456706087,90.56091284362502,90.56091284362502,2.4e-05,3.07,0.7,0.001
333,1,0.0,extinct,True,False,55.347211038224145,,,,,,2.4e-05,3.07,0.7,0.001
334,1,0.0,extinct,True,False,29.354279750966395,,,,,,2.4e-05,3.07,0.7,0.001
335,1,0.0,extinct,True,False,21.898840446527032,,,,,,2.4e-05,3.07,0.7,0.001
336,1,0.0,integrated,False,True,32.28454501764125,47.15999999999952,56.791487340297905,79.44454501764076,89.07603235793916,89.07603235793916,2.4e-05,3.07,0.7,0.001
337,1,0.0,extinct,True,False,31.90899391428465,,,,,,2.4e-05,3.07,0.7,0.001
338,1,0.0,extinct,True,False,29.397176215347116,,,,,,2.4e-05,3.07,0.7,0.001
339,1,0.0,extinct,True,False,24.754480839390933,,,,,,2.4e-05,3.07,0.7,0.001
340,1,0.0,integrated,False,True,28.22998106273576,46.67999999999953,56.15240407551844,74.90998106273528,84.3823851382542,84.3823851382542,2.4e-05,3.07,0.7,0.001
341,1,0.0,extinct,True,False,24.859615702445854,,,,,,2.4e-05,3.07,0.7,0.001
342,1,0.0,extinct,True,False,24.69085495698182,,,,,,2.4e-05,3.07,0.7,0.001
343,1,0.0,extinct,True,False,9.047701228035793,,,,,,2.4e-05,3.07,0.7,0.001
344,1,0.0,extinct,True,False,15.728384210430027,,,,,,2.4e-05,3.07,0.7,0.001
345,1,0.0,integrated,False,True,17.553761113935042,45.119999999999564,54.52587972880653,62.6737611139346,72.07964084274157,72.07964084274157,2.4e-05,3.07,0.7,0.001
346,1,0.0,extinct,True,False,13.615836885285988,,,,,,2.4e-05,3.07,0.7,0.001
347,1,0.0,extinct,True,False,27.328406139798,,,,,,2.4e-05,3.07,0.7,0.001
348,1,0.0,extinct,True,False,19.804887820835866,,,,,,2.4e-05,3.07,0.7,0.001
349,1,0.0,integrated,False,True,20.673598633394306,44.51999999999958,53.978087813483526,65.19359863339389,74.65168644687783,74.65168644687783,2.4e-05,3.07,0.7,0.001
350,1,0.0,integrated,False,True,26.228297465534627,45.119999999999564,54.616477855109004,71.34829746553419,80.84477532064363,80.84477532064363,2.4e-05,3.07,0.7,0.001
351,1,0.0,integrated,False,True,33.79846511291544,45.35999999999956,54.813655496205186,79.158465112915,88.61212060912062,88.61212060912062,2.4e-05,3.07,0.7,0.001
352,1,0.0,extinct,True,False,27.281694006033455,,,,,,2.4e-05,3.07,0.7,0.001
353,1,0.0,extinct,True,False,18.725874159396746,,,,,,2.4e-05,3.07,0.7,0.001
354,1,0.0,integrated,False,True,20.399414101977047,44.639999999999574,54.08006945711928,65.03941410197662,74.47948355909632,74.47948355909632,2.4e-05,3.07,0.7,0.001
355,1,0.0,extinct,True,False,22.794908417920855,,,,,,2.4e-05,3.07,0.7,0.001
356,1,0.0,extinct,True,False,30.555638943041846,,,,,,2.4e-05,3.07,0.7,0.001
357,1,0.0,extinct,True,False,27.8980027379046,,,,,,2.4e-05,3.07,0.7,0.001
358,1,0.0,extinct,True,False,25.909627689804722,,,,,,2.4e-05,3.07,0.7,0.001
359,1,0.0,extinct,True,False,38.17336105324133,,,,,,2.4e-05,3.07,0.7,0.001
360,1,0.0,integrated,False,True,26.153969820014993,44.639999999999574,54.595977307884965,70.79396982001457,80.74994712789996,80.74994712789996,2.4e-05,3.07,0.7,0.001
361,1,0.0,integrated,False,True,33.84356004920484,45.479999999999556,55.5547867374268,79.32356004920439,89.39834678663163,89.39834678663163,2.4e-05,3.07,0.7,0.001
362,1,0.0,integrated,False,True,26.197497516515025,45.119999999999564,54.61824221107999,71.31749751651459,80.81573972759502,80.81573972759502,2.4e-05,3.07,0.7,0.001
363,1,0.0,integrated,False,True,25.665801606141233,44.75999999999957,54.90714252463588,70.42580160614081,80.57294413077712,80.57294413077712,2.4e-05,3.07,0.7,0.001
364,1,0.0,extinct,True,False,16.941652076716956,,,,,,2.4e-05,3.07,0.7,0.001
365,1,0.0,integrated,False,True,13.779753964756582,44.639999999999574,54.37861001912964,58.419753964756154,68.15836398388622,68.15836398388622,2.4e-05,3.07,0.7,0.001
366,1,0.0,extinct,True,False,27.80511387263899,,,,,,2.4e-05,3.07,0.7,0.001
367,1,0.0,integrated,False,True,21.67645894150079,44.27999999999958,54.35416762092969,65.95645894150037,76.03062656243048,76.03062656243048,2.4e-05,3.07,0.7,0.001
368,1,0.0,extinct,True,False,20.82615897731367,,,,,,2.4e-05,3.07,0.7,0.001
369,1,0.0,integrated,False,True,13.925529613586173,45.35999999999956,55.179096358026776,59.28552961358573,69.10462597161295,69.10462597161295,2.4e-05,3.07,0.7,0.001
370,1,0.0,integrated,False,True,13.906294959908998,44.51999999999958,54.034803313353756,58.426294959908574,67.94109827326275,67.94109827326275,2.4e-05,3.07,0.7,0.001
371,1,0.0,integrated,False,True,25.824184128395107,45.119999999999564,54.60980225031726,70.94418412839467,80.43398637871236,80.43398637871236,2.4e-05,3.07,0.7,0.001
372,1,0.0,integrated,False,True,26.268433115686392,46.67999999999953,56.17819664505627,72.94843311568593,82.44662976074267,82.44662976074267,2.4e-05,3.07,0.7,0.001
373,1,0.0,extinct,True,False,36.247958447060014,,,,,,2.4e-05,3.07,0.7,0.001
374,1,0.0,extinct,True,False,28.77572690568604,,,,,,2.4e-05,3.07,0.7,0.001
375,1,0.0,integrated,False,True,21.737291807702686,44.75999999999957,54.17559580743202,66.49729180770225,75.91288761513471,75.91288761513471,2.4e-05,3.07,0.7,0.001
376,1,0.0,extinct,True,False,24.0863646975976,,,,,,2.4e-05,3.07,0.7,0.001
377,1,0.0,integrated,False,True,27.01852593839388,44.39999999999958,53.96155288209248,71.41852593839346,80.98007882048636,80.98007882048636,2.4e-05,3.07,0.7,0.001
378,1,0.0,extinct,True,False,18.403238856883814,,,,,,2.4e-05,3.07,0.7,0.001
379,1,0.0,extinct,True,False,24.84078161403407,,,,,,2.4e-05,3.07,0.7,0.001
380,1,0.0,integrated,False,True,25.068024742904534,45.959999999999546,55.40719468325913,71.02802474290408,80.47521942616366,80.47521942616366,2.4e-05,3.07,0.7,0.001
381,1,0.0,integrated,False,True,15.568645172977266,49.43999999999948,58.94549078551365,65.00864517297674,74.51413595849091,74.51413595849091,2.4e-05,3.07,0.7,0.001
382,1,0.0,extinct,True,False,25.762864210037492,,,,,,2.4e-05,3.07,0.7,0.001
383,1,0.0,integrated,False,True,23.80620807660401,44.99999999999957,54.4915386487318,68.80620807660358,78.2977467253358,78.2977467253358,2.4e-05,3.07,0.7,0.001
384,1,0.0,integrated,False,True,18.61195816697843,45.23999999999956,54.675464268577215,63.851958166977994,73.28742243555564,73.28742243555564,2.4e-05,3.07,0.7,0.001
385,1,0.0,extinct,True,False,25.486665782303284,,,,,,2.4e-05,3.07,0.7,0.001
386,1,0.0,integrated,False,True,17.056740020402625,44.87999999999957,54.39666298318379,61.9367400204022,71.45340300358642,71.45340300358642,2.4e-05,3.07,0.7,0.001
387,1,0.0,integrated,False,True,55.30792317104947,44.87999999999957,54.69918416502615,100.18792317104904,110.00710733607562,110.00710733607562,2.4e-05,3.07,0.7,0.001
388,1,0.0,extinct,True,False,21.72030319264465,,,,,,2.4e-05,3.07,0.7,0.001
389,1,0.0,integrated,False,True,17.350618729789723,44.87999999999957,54.79173836185089,62.23061872978929,72.1423570916406,72.1423570916406,2.4e-05,3.07,0.7,0.001
390,1,0.0,extinct,True,False,49.96225817875529,,,,,,2.4e-05,3.07,0.7,0.001
391,1,0.0,integrated,False,True,32.21148098717765,45.479999999999556,54.94711692150716,77.69148098717721,87.15859790868481,87.15859790868481,2.4e-05,3.07,0.7,0.001
392,1,0.0,integrated,False,True,37.61603306681291,44.639999999999574,54.498091836597595,82.25603306681248,92.1141249034105,92.1141249034105,2.4e-05,3.07,0.7,0.001
393,1,0.0,integrated,False,True,33.646394037043486,45.479999999999556,54.9747391022491,79.12639403704304,88.6211331392926,88.6211331392926,2.4e-05,3.07,0.7,0.001
394,1,0.0,integrated,False,True,32.240213220481785,44.51999999999958,54.37382200414594,76.76021322048136,86.61403522462773,86.61403522462773,2.4e-05,3.07,0.7,0.001
395,1,0.0,integrated,False,True,13.607793473662047,46.439999999999536,55.824225686752456,60.047793473661585,69.4320191604145,69.4320191604145,2.4e-05,3.07,0.7,0.001
396,1,0.0,extinct,True,False,32.00425271051588,,,,,,2.4e-05,3.07,0.7,0.001
397,1,0.0,extinct,True,False,11.627598727065003,,,,,,2.4e-05,3.07,0.7,0.001
398,1,0.0,extinct,True,False,21.287794380231027,,,,,,2.4e-05,3.07,0.7,0.001
399,1,0.0,extinct,True,False,19.80625043289534,,,,,,2.4e-05,3.07,0.7,0.001
400,1,0.0,integrated,False,True,20.163426431113272,44.51999999999958,54.39849037733731,64.68342643111285,74.56191680845058,74.56191680845058,2.4e-05,3.07,0.7,0.001
401,1,0.0,extinct,True,False,26.981475328249097,,,,,,2.4e-05,3.07,0.7,0.001
402,1,0.0,extinct,True,False,26.31809731139807,,,,,,2.4e-05,3.07,0.7,0.001
403,1,0.0,integrated,False,True,27.042297147357267,47.63999999999951,57.75349172812041,74.68229714735678,84.79578887547768,84.79578887547768,2.4e-05,3.07,0.7,0.001
404,1,0.0,extinct,True,False,29.11350092427988,,,,,,2.4e-05,3.07,0.7,0.001
405,1,0.0,integrated,False,True,22.522880184304892,45.959999999999546,55.73227135139271,68.48288018430443,78.2551515356976,78.2551515356976,2.4e-05,3.07,0.7,0.001
406,1,0.0,extinct,True,False,17.240061503460076,,,,,,2.4e-05,3.07,0.7,0.001
407,1,0.0,integrated,False,True,19.17416024967893,45.23999999999956,54.74628831854256,64.41416024967849,73.92044856822149,73.92044856822149,2.4e-05,3.07,0.7,0.001
408,1,0.0,integrated,False,True,43.18552537638298,44.159999999999584,53.68005489767236,87.34552537638257,96.86558027405533,96.86558027405533,2.4e-05,3.07,0.7,0.001
409,1,0.0,extinct,True,False,17.45947438067789,,,,,,2.4e-05,3.07,0.7,0.001
410,1,0.0,integrated,False,True,37.12160909990251,44.75999999999957,54.281199304096994,81.88160909990208,91.4028084039995,91.4028084039995,2.4e-05,3.07,0.7,0.001
411,1,0.0,integrated,False,True,20.429937488536424,46.07999999999954,55.54240578657229,66.50993748853597,75.97234327510871,75.97234327510871,2.4e-05,3.07,0.7,0.001
412,1,0.0,extinct,True,False,29.064594328474517,,,,,,2.4e-05,3.07,0.7,0.001
413,1,0.0,integrated,False,True,14.388076624726962,45.599999999999554,55.109063288819996,59.98807662472652,69.49713991354696,69.49713991354696,2.4e-05,3.07,0.7,0.001
414,1,0.0,extinct,True,False,18.316894806791385,,,,,,2.4e-05,3.07,0.7,0.001
415,1,0.0,extinct,True,False,22.79619808775302,,,,,,2.4e-05,3.07,0.7,0.001
416,1,0.0,extinct,True,False,26.707883717577207,,,,,,2.4e-05,3.07,0.7,0.001
417,1,0.0,integrated,False,True,21.235783773886336,44.75999999999957,54.21074376942506,65.9957837738859,75.44652754331139,75.44652754331139,2.4e-05,3.07,0.7,0.001
418,1,0.0,integrated,False,True,24.717373034964663,44.87999999999957,54.8784528869496,69.59737303496424,79.59582592191427,79.59582592191427,2.4e-05,3.07,0.7,0.001
419,1,0.0,integrated,False,True,16.580022914843664,45.35999999999956,54.778565804717914,61.940022914843226,71.35858871956158,71.35858871956158,2.4e-05,3.07,0.7,0.001
420,1,0.0,integrated,False,True,22.200011483217576,44.39999999999958,53.88786289484108,66.60001148321716,76.08787437805866,76.08787437805866,2.4e-05,3.07,0.7,0.001
421,1,0.0,integrated,False,True,19.839621416070436,45.23999999999956,54.7073487329015,65.07962141607,74.54697014897194,74.54697014897194,2.4e-05,3.07,0.7,0.001
422,1,0.0,extinct,True,False,15.012946385951192,,,,,,2.4e-05,3.07,0.7,0.001
423,1,0.0,extinct,True,False,20.94064910363608,,,,,,2.4e-05,3.07,0.7,0.001
424,1,0.0,extinct,True,False,27.012933567975836,,,,,,2.4e-05,3.07,0.7,0.001
425,1,0.0,integrated,False,True,29.789166773839536,44.75999999999957,54.88025850827065,74.5491667738391,84.66942528211018,84.66942528211018,2.4e-05,3.07,0.7,0.001
426,1,0.0,extinct,True,False,27.666950216358405,,,,,,2.4e-05,3.07,0.7,0.001
427,1,0.0,extinct,True,False,9.658149809515452,,,,,,2.4e-05,3.07,0.7,0.001
428,1,0.0,extinct,True,False,21.775710744148604,,,,,,2.4e-05,3.07,0.7,0.001
429,1,0.0,integrated,False,True,12.458975152835709,45.479999999999556,54.96923851608429,57.93897515283527,67.42821366892,67.42821366892,2.4e-05,3.07,0.7,0.001
430,1,0.0,integrated,False,True,20.943227075507256,45.959999999999546,55.471083340807276,66.9032270755068,76.41431041631454,76.41431041631454,2.4e-05,3.07,0.7,0.001
431,1,0.0,extinct,True,False,23.112579290112834,,,,,,2.4e-05,3.07,0.7,0.001
432,1,0.0,extinct,True,False,24.17887319302173,,,,,,2.4e-05,3.07,0.7,0.001
433,1,0.0,integrated,False,True,68.41975773428805,44.87999999999957,54.71063012034871,113.29975773428762,123.13038785463677,123.13038785463677,2.4e-05,3.07,0.7,0.001
434,1,0.0,extinct,True,False,31.86115574029875,,,,,,2.4e-05,3.07,0.7,0.001
435,1,0.0,extinct,True,False,18.200664659915933,,,,,,2.4e-05,3.07,0.7,0.001
436,1,0.0,extinct,True,False,18.684729494216125,,,,,,2.4e-05,3.07,0.7,0.001
437,1,0.0,extinct,True,False,17.646892102871316,,,,,,2.4e-05,3.07,0.7,0.001
438,1,0.0,integrated,False,True,31.21638372591848,45.479999999999556,55.49268230385707,76.69638372591804,86.70906602977556,86.70906602977556,2.4e-05,3.07,0.7,0.001
439,1,0.0,extinct,True,False,21.073416481023138,,,,,,2.4e-05,3.07,0.7,0.001
440,1,0.0,integrated,False,True,33.460805370242426,45.479999999999556,54.955594381685955,78.94080537024197,88.41639975192838,88.41639975192838,2.4e-05,3.07,0.7,0.001
441,1,0.0,extinct,True,False,26.156520698726034,,,,,,2.4e-05,3.07,0.7,0.001
442,1,0.0,extinct,True,False,34.941806505758464,,,,,,2.4e-05,3.07,0.7,0.001
443,1,0.0,integrated,False,True,18.097082417154294,46.919999999999526,56.98229946513734,65.01708241715382,75.07938188229163,75.07938188229163,2.4e-05,3.07,0.7,0.001
444,1,0.0,integrated,False,True,31.5594379044937,45.35999999999956,55.17040452586708,76.91943790449326,86.72984243036078,86.72984243036078,2.4e-05,3.07,0.7,0.001
445,1,0.0,extinct,True,False,29.82446226533574,,,,,,2.4e-05,3.07,0.7,0.001
446,1,0.0,extinct,True,False,16.069199547447802,,,,,,2.4e-05,3.07,0.7,0.001
447,1,0.0,integrated,False,True,25.7495931684167,44.99999999999957,54.463710834776194,70.74959316841627,80.21330400319289,80.21330400319289,2.4e-05,3.07,0.7,0.001
448,1,0.0,integrated,False,True,28.636768638813013,44.87999999999957,54.40760065296803,73.51676863881258,83.04436929178104,83.04436929178104,2.4e-05,3.07,0.7,0.001
449,1,0.0,integrated,False,True,38.364210552243925,44.75999999999957,54.887465095344524,83.1242105522435,93.25167564758846,93.25167564758846,2.4e-05,3.07,0.7,0.001
450,1,0.0,extinct,True,False,27.827163379561643,,,,,,2.4e-05,3.07,0.7,0.001
451,1,0.0,extinct,True,False,21.45607775098033,,,,,,2.4e-05,3.07,0.7,0.001
452,1,0.0,extinct,True,False,31.91704588601637,,,,,,2.4e-05,3.07,0.7,0.001
453,1,0.0,integrated,False,True,33.68897572303514,45.479999999999556,55.1715049762506,79.16897572303469,88.86048069928574,88.86048069928574,2.4e-05,3.07,0.7,0.001
454,1,0.0,extinct,True,False,18.882371954786468,,,,,,2.4e-05,3.07,0.7,0.001
455,1,0.0,integrated,False,True,27.51766689143307,44.75999999999957,54.26438960249759,72.27766689143265,81.78205649393065,81.78205649393065,2.4e-05,3.07,0.7,0.001
456,1,0.0,extinct,True,False,47.901172801659825,,,,,,2.4e-05,3.07,0.7,0.001
457,1,0.0,extinct,True,False,34.460450172303766,,,,,,2.4e-05,3.07,0.7,0.001
458,1,0.0,extinct,True,False,29.606577023774907,,,,,,2.4e-05,3.07,0.7,0.001
459,1,0.0,extinct,True,False,16.0369494994678,,,,,,2.4e-05,3.07,0.7,0.001
460,1,0.0,extinct,True,False,25.982227549948803,,,,,,2.4e-05,3.07,0.7,0.001
461,1,0.0,extinct,True,False,14.537776372440995,,,,,,2.4e-05,3.07,0.7,0.001
462,1,0.0,extinct,True,False,30.063650107861342,,,,,,2.4e-05,3.07,0.7,0.001
463,1,0.0,integrated,False,True,25.128973432606177,45.35999999999956,54.84019471884055,70.48897343260573,79.96916815144672,79.96916815144672,2.4e-05,3.07,0.7,0.001
464,1,0.0,integrated,False,True,35.99660321547845,44.99999999999957,54.470871976658145,80.99660321547802,90.46747519213659,90.46747519213659,2.4e-05,3.07,0.7,0.001
465,1,0.0,extinct,True,False,30.185857353375223,,,,,,2.4e-05,3.07,0.7,0.001
466,1,0.0,integrated,False,True,20.190368477508773,44.87999999999957,54.3516848476693,65.07036847750834,74.54205332517807,74.54205332517807,2.4e-05,3.07,0.7,0.001
467,1,0.0,extinct,True,False,40.68615831130193,,,,,,2.4e-05,3.07,0.7,0.001
468,1,0.0,integrated,False,True,21.827769248640806,44.27999999999958,53.84968284865642,66.10776924864038,75.67745209729722,75.67745209729722,2.4e-05,3.07,0.7,0.001
469,1,0.0,extinct,True,False,20.727412792301408,,,,,,2.4e-05,3.07,0.7,0.001
470,1,0.0,extinct,True,False,32.98115773377047,,,,,,2.4e-05,3.07,0.7,0.001
471,1,0.0,integrated,False,True,12.459272191519842,45.35999999999956,54.81088430478948,57.8192721915194,67.27015649630933,67.27015649630933,2.4e-05,3.07,0.7,0.001
472,1,0.0,extinct,True,False,17.24153604746313,,,,,,2.4e-05,3.07,0.7,0.001
473,1,0.0,integrated,False,True,24.862453023796057,44.159999999999584,53.949410713648234,69.02245302379563,78.8118637374443,78.8118637374443,2.4e-05,3.07,0.7,0.001
474,1,0.0,integrated,False,True,22.8606066793264,44.99999999999957,54.92391628387161,67.86060667932597,77.78452296319801,77.78452296319801,2.4e-05,3.07,0.7,0.001
475,1,0.0,extinct,True,False,31.412793597352554,,,,,,2.4e-05,3.07,0.7,0.001
476,1,0.0,extinct,True,False,18.471271612649254,,,,,,2.4e-05,3.07,0.7,0.001
477,1,0.0,integrated,False,True,27.94523115833494,44.87999999999957,54.68459692193173,72.8252311583345,82.62982808026666,82.62982808026666,2.4e-05,3.07,0.7,0.001
478,1,0.0,extinct,True,False,14.86034242428984,,,,,,2.4e-05,3.07,0.7,0.001
479,1,0.0,integrated,False,True,18.017791169088998,47.27999999999952,56.73333060429155,65.29779116908851,74.75112177338055,74.75112177338055,2.4e-05,3.07,0.7,0.001
480,1,0.0,extinct,True,False,29.08227041322716,,,,,,2.4e-05,3.07,0.7,0.001
481,1,0.0,extinct,True,False,14.03820123768907,,,,,,2.4e-05,3.07,0.7,0.001
482,1,0.0,integrated,False,True,22.404165181728224,44.639999999999574,54.14388478570479,67.0441651817278,76.54804996743302,76.54804996743302,2.4e-05,3.07,0.7,0.001
483,1,0.0,extinct,True,False,31.465168332100387,,,,,,2.4e-05,3.07,0.7,0.001
484,1,0.0,integrated,False,True,30.34180735044615,45.119999999999564,54.60801759749653,75.46180735044571,84.94982494794267,84.94982494794267,2.4e-05,3.07,0.7,0.001
485,1,0.0,integrated,False,True,33.41574572788531,48.11999999999951,57.99196335733674,81.53574572788482,91.40770908522205,91.40770908522205,2.4e-05,3.07,0.7,0.001
486,1,0.0,integrated,False,True,28.260422322274593,44.51999999999958,54.064193828190895,72.78042232227418,82.32461615046549,82.32461615046549,2.4e-05,3.07,0.7,0.001
487,1,0.0,integrated,False,True,33.55827850685047,44.99999999999957,54.43759552681672,78.55827850685003,87.99587403366719,87.99587403366719,2.4e-05,3.07,0.7,0.001
488,1,0.0,integrated,False,True,26.466821702635414,47.15999999999952,56.66286882978332,73.62682170263494,83.12969053241873,83.12969053241873,2.4e-05,3.07,0.7,0.001
489,1,0.0,extinct,True,False,37.506349796347486,,,,,,2.4e-05,3.07,0.7,0.001
490,1,0.0,integrated,False,True,32.86893435540905,44.39999999999958,53.93130966023857,77.26893435540863,86.80024401564762,86.80024401564762,2.4e-05,3.07,0.7,0.001
491,1,0.0,integrated,False,True,13.573776969210197,45.71999999999955,55.22817768429135,59.293776969209745,68.80195465350155,68.80195465350155,2.4e-05,3.07,0.7,0.001
492,1,0.0,integrated,False,True,13.989446564281366,45.119999999999564,54.61483426266386,59.10944656428093,68.60428082694523,68.60428082694523,2.4e-05,3.07,0.7,0.001
493,1,0.0,extinct,True,False,47.89073609095124,,,,,,2.4e-05,3.07,0.7,0.001
494,1,0.0,extinct,True,False,37.77249830468944,,,,,,2.4e-05,3.07,0.7,0.001
495,1,0.0,integrated,False,True,23.64652977558486,44.39999999999958,53.927338847939396,68.04652977558445,77.57386862352425,77.57386862352425,2.4e-05,3.07,0.7,0.001
496,1,0.0,extinct,True,False,15.730392493405967,,,,,,2.4e-05,3.07,0.7,0.001
497,1,0.0,extinct,True,False,33.57537372904117,,,,,,2.4e-05,3.07,0.7,0.001
498,1,0.0,extinct,True,False,17.608190023661205,,,,,,2.4e-05,3.07,0.7,0.001
499,1,0.0,integrated,False,True,15.553787606550694,45.119999999999564,55.19247024305306,60.673787606550256,70.74625784960375,70.74625784960375,2.4e-05,3.07,0.7,0.001
0,1,0.3,extinct,True,False,17.02264798317675,,,,,,1.9904508184878982e-05,2.6647222238852426,0.6892217598066974,0.000677239616234951
1,1,0.3,extinct,True,False,17.64065923292142,,,,,,2.1392623751247614e-05,3.1307109936011623,0.4334274509266789,0.0011787552121568406
2,1,0.3,integrated,False,True,24.77278512153867,45.23999999999956,54.96888558545688,70.01278512153823,79.74167070699555,79.74167070699555,2.956046988154e-05,2.6552545586818597,0.709353233306782,0.0007017515021297606
3,1,0.3,integrated,False,True,32.846027738427736,45.35999999999956,55.88042646727099,78.2060277384273,88.72645420569873,88.72645420569873,1.7054268930162224e-05,2.200853569759958,0.7235386429904476,0.001293123652355679
4,1,0.3,integrated,False,True,37.88200674624259,44.75999999999957,55.45060663302381,82.64200674624216,93.3326133792664,93.3326133792664,2.2635025791620222e-05,2.91132193452565,0.8023055012737305,0.000725655659483265
5,1,0.3,integrated,False,True,34.40910247858095,44.87999999999957,53.539979263902396,79.28910247858052,87.94908174248334,87.94908174248334,3.809667603429244e-05,2.3878586534220947,0.89881880301313,0.0009094149643472494
6,1,0.3,integrated,False,True,15.727126624918817,44.99999999999957,54.373820717984884,60.727126624918384,70.10094734290371,70.10094734290371,2.823558079269457e-05,4.1253583025462675,0.9816640679683917,0.0009848681846227434
7,1,0.3,integrated,False,True,25.036254688506588,44.639999999999574,54.057145169062906,69.67625468850616,79.0933998575695,79.0933998575695,2.1299246442896987e-05,3.4124611240976246,0.7606338523394849,0.0012688704061851843
8,1,0.3,integrated,False,True,17.945689429783886,44.87999999999957,53.47105171087922,62.82568942978345,71.4167411406631,71.4167411406631,4.285127708404705e-05,4.2680941483703005,0.7064966109535513,0.0009238544032492084
9,1,0.3,integrated,False,True,29.422562008756714,46.31999999999954,56.47444660819484,75.74256200875625,85.89700861695155,85.89700861695155,2.2101384712367337e-05,2.357555433956016,0.751408291086512,0.000777989921382491
10,1,0.3,extinct,True,False,12.216624491881548,,,,,,2.204047221667691e-05,2.7569322308987485,0.8246834795372375,0.0014311586686106283
11,1,0.3,extinct,True,False,26.04787798195963,,,,,,3.246182941395931e-05,4.831299004286135,1.0682618553601204,0.0007630702300728027
12,1,0.3,integrated,False,True,13.693351378074487,44.87999999999957,54.67223462408701,58.57335137807406,68.36558600216149,68.36558600216149,3.0408945138771982e-05,2.795839737317243,0.6937448961799059,0.0007726964166792948
13,1,0.3,extinct,True,False,21.271595775892553,,,,,,2.314930731950465e-05,5.355216893448909,1.0457159389932558,0.0010678455475618886
14,1,0.3,integrated,False,True,24.07201279982208,46.07999999999954,56.386590504900205,70.15201279982162,80.45860330472229,80.45860330472229,1.95856934491892e-05,3.2493390832387874,0.4939447242165469,0.0007921556366545659
15,1,0.3,extinct,True,False,29.098705190366548,,,,,,3.009178373076958e-05,5.653115133447091,0.5605547821308206,0.001003453249518169
16,1,0.3,integrated,False,True,14.849695790082746,46.31999999999954,55.269094966725845,61.16969579008229,70.1187907568086,70.1187907568086,3.254600950571528e-05,2.207193243870774,0.7960123842788784,0.0010819893697312907
17,1,0.3,integrated,False,True,16.80817333946079,45.83999999999955,57.091471572534246,62.64817333946034,73.89964491199504,73.89964491199504,1.8011482905421506e-05,2.6098542216857528,0.9214882401179801,0.0008712313528552268
18,1,0.3,integrated,False,True,17.932272318432254,46.439999999999536,58.270950316804594,64.37227231843178,76.20322263523684,76.20322263523684,1.7944957032959625e-05,3.7571897108610757,0.6904931403118008,0.0006416994341523711
19,1,0.3,extinct,True,False,30.198713373207905,,,,,,3.1261418140529665e-05,2.7530797151800153,0.7354870222823803,0.0007603481937478465
20,1,0.3,integrated,False,True,42.53814134719178,45.35999999999956,56.53407658389993,87.89814134719134,99.07221793109171,99.07221793109171,1.3441836223654788e-05,4.028946317524974,0.5471717661286134,0.000926827779339013
21,1,0.3,integrated,False,True,26.156229535804773,45.83999999999955,56.24513392760899,71.99622953580432,82.40136346341376,82.40136346341376,1.7318196608561262e-05,3.332727165765906,0.5089081364603685,0.0009540190932799288
22,1,0.3,integrated,False,True,36.62941953919429,45.23999999999956,56.05413137234551,81.86941953919384,92.6835509115398,92.6835509115398,1.9184989981580668e-05,1.9200219888939003,0.9011834147234324,0.000844174220357833
23,1,0.3,integrated,False,True,28.09803659907374,44.159999999999584,51.38067502443428,72.25803659907332,79.47871162350802,79.47871162350802,5.0924482213491694e-05,3.148270027785338,0.6148679045002423,0.0016470943705760605
24,1,0.3,integrated,False,True,16.291052726198544,45.35999999999956,54.73406895127751,61.6510527261981,71.02512167747605,71.02512167747605,2.510582692670013e-05,3.516783947863281,0.4714535833998389,0.0013519421094607587
25,1,0.3,integrated,False,True,14.388022438509948,44.99999999999957,55.09800753821728,59.388022438509516,69.48602997672722,69.48602997672722,2.379405483110763e-05,2.7889172611518442,0.8337099423636716,0.00072329588069881
26,1,0.3,integrated,False,True,18.202659129739136,48.83999999999949,58.786496670688564,67.04265912973862,76.9891558004277,76.9891558004277,1.0892265170222648e-05,3.9470467859564504,0.39347093919778775,0.0026573227064591474
27,1,0.3,integrated,False,True,13.962439305806843,47.399999999999515,58.8043924955367,61.36243930580636,72.76683180134354,72.76683180134354,2.0655814792137645e-05,4.049697389925745,0.9381094072157364,0.0005351298057847581
28,1,0.3,integrated,False,True,21.189176264259924,45.119999999999564,54.866782419755324,66.30917626425949,76.05595868401525,76.05595868401525,2.5874230544279142e-05,2.728379966069037,0.48836593032206743,0.0007768713946680784
29,1,0.3,integrated,False,True,28.09770911538732,44.639999999999574,54.40678597753339,72.73770911538689,82.5044950929207,82.5044950929207,2.6962788773394602e-05,3.0034852623423696,0.7299841329365953,0.0007650315538619977
30,1,0.3,integrated,False,True,25.070736747243146,45.35999999999956,54.68456280601019,70.4307367472427,79.75529955325334,79.75529955325334,2.2913919638137773e-05,3.21041880283477,0.4054933140447192,0.0011365396182280445
31,1,0.3,extinct,True,False,29.869329674093002,,,,,,1.865652578902765e-05,4.636203026270517,0.575356941443099,0.0016925630589469621
32,1,0.3,integrated,False,True,23.759515400852678,44.27999999999958,54.33723149206125,68.03951540085225,78.09674689291393,78.09674689291393,3.127709507383385e-05,3.4750108679189364,0.5490223897042973,0.0007461262370752592
33,1,0.3,integrated,False,True,28.985169273968243,46.67999999999953,56.11630699675826,75.66516927396778,85.10147627072651,85.10147627072651,1.8683843503959602e-05,2.915599616252629,0.3779195899103723,0.0013479398807493507
34,1,0.3,integrated,False,True,18.724991205196776,44.39999999999958,53.84983772533934,63.12499120519635,72.57482893053611,72.57482893053611,2.18997656521486e-05,2.7966563103445936,0.5533445481712209,0.0011046234520953645
35,1,0.3,extinct,True,False,16.144136726584456,,,,,,2.4639393933299913e-05,2.726795200201013,1.0056973689374265,0.0013556851850404917
36,1,0.3,integrated,False,True,34.832798129749136,44.99999999999957,53.91272855510631,79.83279812974871,88.74552668485545,88.74552668485545,3.0048146659376403e-05,3.072109684418236,0.6013402756711026,0.0010203898403649873
37,1,0.3,extinct,True,False,11.705103099568491,,,,,,2.3248211798147537e-05,4.257285724214,0.9295357776226861,0.000799192406363999
38,1,0.3,integrated,False,True,40.62287374592648,45.83999999999955,55.31348658422204,86.46287374592603,95.93636033014852,95.93636033014852,2.423249862474755e-05,2.0512980554247173,0.6008778285149461,0.0009404826275353787
39,1,0.3,integrated,False,True,13.595815347461315,44.75999999999957,54.013228255180266,58.35581534746089,67.60904360264158,67.60904360264158,2.3288979853867293e-05,3.086502717153367,0.7426540245406582,0.0012656330751573057
40,1,0.3,extinct,True,False,25.792014010192936,,,,,,2.68043208895717e-05,2.4313613922172967,1.0404229651675259,0.0005256498846457036
41,1,0.3,extinct,True,False,17.91333148396616,,,,,,1.9994574126721837e-05,3.742857118962312,0.6002288184317568,0.0006825308795624082
42,1,0.3,extinct,True,False,10.46404799955616,,,,,,1.5529090523641944e-05,4.885069881579817,0.8484727099464301,0.0018834537355492992
43,1,0.3,extinct,True,False,23.27249339543987,,,,,,3.0057094503993207e-05,3.232113376999922,0.7907406711999104,0.0014301410428638
44,1,0.3,integrated,False,True,19.522160450428906,44.51999999999958,55.63103261384303,64.04216045042848,75.15319306427193,75.15319306427193,2.4303346945737525e-05,4.282353267552161,0.6445975035503182,0.0005493893810913495
45,1,0.3,extinct,True,False,29.600227561099125,,,,,,2.4582955666023553e-05,4.267190335415508,0.5611774893128085,0.0007908753711521976
46,1,0.3,integrated,False,True,45.35740721182946,45.83999999999955,55.39078957768399,91.19740721182902,100.74819678951346,100.74819678951346,2.1142773410147776e-05,2.589085192549255,0.5083895922220742,0.0010747599381868628
47,1,0.3,extinct,True,False,24.891764722908633,,,,,,1.5208812592936535e-05,2.828073547801625,0.85816226390582,0.0010061453326952552
48,1,0.3,integrated,False,True,28.436560539869156,45.71999999999955,57.05864668720406,74.1565605398687,85.49520722707322,85.49520722707322,1.672458077919535e-05,2.6616800122988975,0.43038468853750794,0.0006782055190035045
49,1,0.3,extinct,True,False,13.944283011728748,,,,,,1.2916712353766255e-05,3.80503519381998,0.8295676075571777,0.0005955747163027278
50,1,0.3,integrated,False,True,16.263774615240557,44.27999999999958,53.67687953002695,60.54377461524014,69.9406541452675,69.9406541452675,3.1123165204586597e-05,2.063454389477717,0.5184816953043091,0.0009786218299373654
51,1,0.3,integrated,False,True,47.228086446077114,48.3599999999995,58.96304121267808,95.58808644607662,106.19112765875519,106.19112765875519,2.107805976453813e-05,2.8454847090164166,1.040551483560469,0.0008296647772974973
52,1,0.3,extinct,True,False,25.674085496057838,,,,,,2.0208743851254776e-05,4.7185324945148714,0.7714403304512356,0.0007795250532960294
53,1,0.3,extinct,True,False,27.281333920856873,,,,,,1.4538703255394532e-05,2.4325310256213633,0.6196908994511381,0.001008224608384931
54,1,0.3,integrated,False,True,18.71470901091096,47.75999999999951,59.414417338652456,66.47470901091046,78.12912634956342,78.12912634956342,1.599692616745642e-05,3.2297958336659254,1.3744831658135064,0.0007432089568890933
55,1,0.3,extinct,True,False,26.264997865876374,,,,,,2.147586708023964e-05,4.069757161087437,1.036446670517485,0.0014474652052125319
56,1,0.3,integrated,False,True,28.29545356316741,44.639999999999574,53.295664270887784,72.93545356316699,81.5911178340552,81.5911178340552,2.6011422406500706e-05,1.712651040937372,0.4624740563697559,0.0013538836614210429
57,1,0.3,integrated,False,True,27.167844126500846,48.239999999999505,59.69732953908796,75.40784412650035,86.8651736655888,86.8651736655888,1.403037416828781e-05,3.4115904434421105,0.6317720989218532,0.0007463226032108281
58,1,0.3,integrated,False,True,21.879422096832013,46.19999999999954,56.69188187979104,68.07942209683155,78.57130397662306,78.57130397662306,1.9702470734845105e-05,3.668969518822862,0.6563203395781296,0.0007978641876936197
59,1,0.3,integrated,False,True,28.230858096613158,45.71999999999955,56.12781794870922,73.9508580966127,84.35867604532238,84.35867604532238,2.0229291300757356e-05,2.2986310295673196,0.6339261253677314,0.0010078055056645973
60,1,0.3,extinct,True,False,12.851621979187204,,,,,,2.100348967472602e-05,2.344975839133682,0.5220766154908042,0.0009717829596740711
61,1,0.3,extinct,True,False,29.612551583544768,,,,,,1.558315591176644e-05,3.7827990396470272,0.6296083955554921,0.0016285447859226217
62,1,0.3,integrated,False,True,20.004800962478118,44.75999999999957,55.253871839609495,64.7648009624777,75.25867280208762,75.25867280208762,1.7413388123005476e-05,3.5877312342887624,0.4452448958860336,0.0011662898168495238
63,1,0.3,integrated,False,True,34.89065095421839,46.31999999999954,56.18971208718054,81.21065095421793,91.08036304139893,91.08036304139893,1.5663245461353055e-05,2.409052681440773,0.5041161481827637,0.001295578190758612
64,1,0.3,integrated,False,True,24.419535882199433,45.83999999999955,55.666352279144476,70.25953588219897,80.08588816134392,80.08588816134392,2.475635142947831e-05,4.700237162118907,0.6903894367836392,0.0010325820776157558
65,1,0.3,integrated,False,True,24.178451398796625,44.51999999999958,53.51167058168603,68.69845139879621,77.69012198048266,77.69012198048266,3.0052452465020982e-05,2.7188020126787946,0.6908462245302526,0.0009792196768928353
66,1,0.3,extinct,True,False,28.255615092498747,,,,,,2.4256819752079442e-05,2.1740006094701507,0.5333717668596345,0.0006851149855872844
67,1,0.3,integrated,False,True,13.183442354114122,45.23999999999956,54.09300159490522,58.42344235411368,67.27644394901934,67.27644394901934,2.6848951435999496e-05,2.882111278533614,0.7504522248560879,0.001229805589008093
68,1,0.3,extinct,True,False,26.890430032752743,,,,,,2.036049287010302e-05,3.2733016115301794,0.6769067666681959,0.0011277490283489965
69,1,0.3,extinct,True,False,29.84101327175251,,,,,,1.951394222424086e-05,3.556792069095132,0.6619053889969663,0.0007838344582716438
70,1,0.3,integrated,False,True,22.872425556328917,45.599999999999554,55.37724460450112,68.47242555632847,78.24967016083004,78.24967016083004,2.1619751323650878e-05,3.22698900554527,0.6190356116748978,0.0009546230616594018
71,1,0.3,integrated,False,True,16.585264751313648,45.599999999999554,57.51312480165038,62.1852647513132,74.09838955296402,74.09838955296402,1.1556742534180306e-05,2.3380344516073635,0.9779758876101569,0.000780974498795357
72,1,0.3,integrated,False,True,30.75996925703698,44.39999999999958,55.24423370423106,75.15996925703655,86.00420296126804,86.00420296126804,2.0557658268071318e-05,4.33148181227389,0.5044002929666284,0.0006396738142098138
73,1,0.3,integrated,False,True,16.5284518444269,44.39999999999958,53.046509818048115,60.928451844426476,69.57496166247502,69.57496166247502,2.7915990814754322e-05,2.4260254463508732,0.36420062220472493,0.0012067322745160452
74,1,0.3,extinct,True,False,29.974668971702883,,,,,,2.699890743233358e-05,3.429732061127442,1.326255785928528,0.0008546248907879061
75,1,0.3,extinct,True,False,14.582992255106602,,,,,,1.7248589002426695e-05,4.990402321913886,0.5117958457434769,0.0007784503927212569
76,1,0.3,integrated,False,True,21.03496192570842,44.75999999999957,52.81153490797786,65.794961925708,73.84649683368627,73.84649683368627,3.922229254260177e-05,6.069955135454943,0.8945623943870737,0.0014820566975071068
77,1,0.3,integrated,False,True,41.33073075881997,45.119999999999564,55.66721940597132,86.45073075881953,96.99795016479129,96.99795016479129,2.0371404891948828e-05,2.439828555064752,0.4981180689496013,0.0009671054415366008
78,1,0.3,integrated,False,True,18.71945125656058,45.23999999999956,55.92224187348359,63.95945125656014,74.64169313004417,74.64169313004417,2.3317989807014445e-05,1.7200692616950057,0.5481233011726871,0.0005470839949753584
79,1,0.3,extinct,True,False,52.7156923796451,,,,,,1.7353429531203128e-05,2.7119620916724605,0.648664285394415,0.0008520515807335199
80,1,0.3,integrated,False,True,17.312548855132526,44.75999999999957,54.21276275523598,62.0725488551321,71.5253116103685,71.5253116103685,2.823016526496561e-05,1.5751453725652729,0.8681859036666628,0.0009083255754847904
81,1,0.3,extinct,True,False,15.127110541684909,,,,,,1.5268209040108523e-05,2.8639944942532374,0.7850214810654644,0.001032307117052537
82,1,0.3,integrated,False,True,27.77318486831563,50.87999999999945,62.31402293670386,78.65318486831508,90.08720780501949,90.08720780501949,1.5195191515202061e-05,3.383598213252886,0.8449928603145878,0.0008250819993820114
83,1,0.3,extinct,True,False,37.42824856228337,,,,,,2.346834845381434e-05,2.6652147772423596,0.4844193573536761,0.0005808153526471512
84,1,0.3,integrated,False,True,16.44130010929746,44.39999999999958,54.5775544311915,60.84130010929704,71.01885454048896,71.01885454048896,2.333968395432406e-05,5.40847534271069,0.5633025750127305,0.0011958503057280419
85,1,0.3,integrated,False,True,37.87911896494652,44.639999999999574,53.61449598052906,82.5191189649461,91.49361494547557,91.49361494547557,3.455137605902445e-05,3.345027463311892,0.7708557467154818,0.0009044821422842377
86,1,0.3,integrated,False,True,34.2677450335966,45.119999999999564,53.54724646057346,79.38774503359616,87.81499149417006,87.81499149417006,3.949091163877562e-05,2.6238776379075577,1.0405538855382617,0.0013105828760831056
87,1,0.3,extinct,True,False,39.41635343732268,,,,,,2.1544415521796305e-05,3.3869077519233253,0.8156592729427361,0.0008981192305149415
88,1,0.3,extinct,True,False,26.466881412545458,,,,,,2.2670376931596055e-05,2.6895234004824764,1.1426988032770087,0.0012349994162916397
89,1,0.3,integrated,False,True,27.17483732055981,45.479999999999556,57.32912010976503,72.65483732055937,84.50395743032485,84.50395743032485,1.3272112511817848e-05,4.103604305847183,0.7083815348736495,0.0009129274213157613
90,1,0.3,extinct,True,False,20.48257216422557,,,,,,2.2451562316126055e-05,3.7277810419090494,0.7419144739508508,0.0007865640883289246
91,1,0.3,integrated,False,True,25.85642888267378,44.75999999999957,54.91425269131929,70.61642888267335,80.77068157399307,80.77068157399307,2.135910020095648e-05,2.8212169325419976,0.7153145334755937,0.0008019134762336796
92,1,0.3,extinct,True,False,22.35225679373456,,,,,,1.8902095949401317e-05,3.5045906307347487,0.778386091677363,0.0006297734033627315
93,1,0.3,integrated,False,True,29.622638006726596,45.71999999999955,55.80559199019647,75.34263800672615,85.42822999692306,85.42822999692306,2.7214417575180265e-05,2.4034750457409477,0.8259862761756306,0.0008593664429021317
94,1,0.3,integrated,False,True,24.205143156495065,44.75999999999957,55.20088943342289,68.96514315649463,79.40603258991796,79.40603258991796,1.7659399929762716e-05,2.3403766417206073,0.4581476981505658,0.0010046991142456632
95,1,0.3,extinct,True,False,18.838677941193783,,,,,,2.18407608640358e-05,2.3986601670039023,0.9632376218809232,0.0009449759687469324
96,1,0.3,extinct,True,False,23.585674133613225,,,,,,2.6646457322825644e-05,2.0236117001069083,1.0156172220754554,0.0007224500044616815
97,1,0.3,integrated,False,True,20.875940024908267,44.75999999999957,53.789238675909125,65.63594002490784,74.66517870081739,74.66517870081739,3.134344399141526e-05,2.8092389549612715,1.1941605514704865,0.0010126111645576798
98,1,0.3,extinct,True,False,18.457989340590355,,,,,,2.8466183046405607e-05,3.4079507243975073,0.9899184042021366,0.0005570435735234331
99,1,0.3,extinct,True,False,21.63558460035709,,,,,,1.554038448429114e-05,3.3142997930917777,0.49110699139296526,0.0012086963166228802
100,1,0.3,integrated,False,True,22.30622756562207,44.75999999999957,54.23262577297342,67.06622756562165,76.53885333859549,76.53885333859549,2.065805864768592e-05,2.406069044648013,0.5912547181239268,0.0011332010290067119
101,1,0.3,integrated,False,True,27.96738039019628,45.599999999999554,54.21402516014653,73.56738039019584,82.1814055503428,82.1814055503428,2.7994548980468652e-05,2.147534489203842,0.6605231922970857,0.0013241561755724294
102,1,0.3,integrated,False,True,30.79378673737924,45.479999999999556,54.426647730034034,76.2737867373788,85.22043446741327,85.22043446741327,2.1913617510557772e-05,3.0136897998562753,0.6673568237432542,0.0015020341029383449
103,1,0.3,extinct,True,False,27.453104415937066,,,,,,1.793995882995754e-05,2.118519538185805,0.6129733803812677,0.0016495528755234579
104,1,0.3,integrated,False,True,14.331834450560962,44.75999999999957,53.079875443500356,59.09183445056053,67.41170989406132,67.41170989406132,2.6583875095161973e-05,2.329971147375654,0.9884889756999526,0.0018366016202781461
105,1,0.3,integrated,False,True,23.949477678757724,44.75999999999957,54.264465614462196,68.7094776787573,78.21394329321993,78.21394329321993,2.7086758694838526e-05,2.7347464113717685,0.5237445873461,0.0010312965132557351
106,1,0.3,integrated,False,True,28.912129354719532,45.959999999999546,55.22090862631034,74.87212935471908,84.13303798102987,84.13303798102987,2.52249383222517e-05,2.5377557087588003,0.5825110331724301,0.00104154534199609
107,1,0.3,extinct,True,False,43.00172890534788,,,,,,1.4671394595903435e-05,2.455815329590175,0.6926201659984353,0.0013183320716248536
108,1,0.3,integrated,False,True,17.68136824543628,46.31999999999954,56.46557427510708,64.00136824543581,74.14694252054336,74.14694252054336,2.7867563908757406e-05,4.039318013390053,0.3467346050742844,0.0006945958506168016
109,1,0.3,integrated,False,True,28.954023237069485,45.479999999999556,55.919048293649894,74.43402323706904,84.87307153071939,84.87307153071939,1.6169902731659092e-05,2.6244323005113737,1.1410578983204402,0.0010460603372544474
110,1,0.3,extinct,True,False,16.55219200575783,,,,,,2.1687781902970306e-05,4.220744578109731,0.5842906414104244,0.0007309360852607431
111,1,0.3,integrated,False,True,22.57581883995643,44.39999999999958,53.42606867841077,66.975818839956,76.0018875183672,76.0018875183672,2.9052898575708703e-05,2.2389176911058466,0.38904315739504036,0.0009166656354038739
112,1,0.3,integrated,False,True,25.129977789244535,45.119999999999564,55.77379389465865,70.2499777892441,80.90377168390319,80.90377168390319,2.172854248727061e-05,1.881030357629716,0.5656850364452423,0.0007439994686079891
113,1,0.3,extinct,True,False,19.739923573353504,,,,,,1.5234914127235003e-05,4.804116435939896,0.9540969392692915,0.0006220554067789595
114,1,0.3,extinct,True,False,17.84885867249981,,,,,,2.441479310000714e-05,2.0197407971122923,0.32192516857438896,0.0006738081008605545
115,1,0.3,integrated,False,True,16.348225018918264,44.639999999999574,54.06923642286086,60.98822501891784,70.41746144177912,70.41746144177912,2.6586613104780597e-05,3.166713140563974,0.6480894694826914,0.0009304371740382698
116,1,0.3,integrated,False,True,14.257173657303168,47.879999999999505,58.793501733666204,62.137173657302675,73.05067539096937,73.05067539096937,1.952567107154764e-05,2.312187743577428,0.46292827143549253,0.0005993110995202908
117,1,0.3,extinct,True,False,21.70627065434289,,,,,,1.7546810255977555e-05,2.665602675687534,0.6675093121035981,0.0006525100166326217
118,1,0.3,extinct,True,False,34.361367863853694,,,,,,2.7492691833479282e-05,2.611225387307353,0.7675613037828524,0.0005386617645320315
119,1,0.3,extinct,True,False,29.98040741564919,,,,,,2.287601272836769e-05,3.5487529889140896,0.9137569996604684,0.0006891894905433345
120,1,0.3,integrated,False,True,26.711333715194336,47.15999999999952,55.98953290883934,73.87133371519386,82.70086662403367,82.70086662403367,3.2608664203871865e-05,1.9062756706281563,0.6377327192351927,0.0011880645335879325
121,1,0.3,extinct,True,False,28.192877286228352,,,,,,2.2810516077436438e-05,3.5346581293361066,1.0544479008037997,0.0006608056893085485
122,1,0.3,integrated,False,True,25.587311371868676,44.75999999999957,53.102314063748715,70.34731137186824,78.68962543561739,78.68962543561739,3.597639846411107e-05,3.077835088780821,1.4024962679878297,0.0012725364416457667
123,1,0.3,extinct,True,False,15.859322458502625,,,,,,2.7710121635695664e-05,3.789749922939214,0.689184832564743,0.00074164623519722
124,1,0.3,extinct,True,False,46.67084832165506,,,,,,1.9520323338571754e-05,2.4320748107343957,0.4549107058451056,0.0010598483552338796
125,1,0.3,integrated,False,True,26.880805404639112,46.67999999999953,55.9838330127554,73.56080540463864,82.8646384173945,82.8646384173945,1.9398100830163585e-05,2.6938193557218555,0.5982736606820883,0.0013084010303537068
126,1,0.3,extinct,True,False,25.764039581427664,,,,,,2.7560040909859752e-05,3.7851429830566548,0.8388431909557473,0.001380910093898071
127,1,0.3,extinct,True,False,11.583086517944595,,,,,,2.2355572641833425e-05,2.548400659802406,1.4039179186722017,0.001505120334665325
128,1,0.3,extinct,True,False,22.408692476580825,,,,,,2.8036235163669686e-05,3.1505214837645505,1.0157078045533248,0.0010939113125114591
129,1,0.3,extinct,True,False,29.262522700077874,,,,,,1.5455722790175087e-05,3.9971102863149626,0.5623440933839431,0.0014080238919481017
130,1,0.3,extinct,True,False,16.363720894096097,,,,,,1.9850868432170906e-05,2.6942278741915096,1.0418533840811492,0.0008939743491510121
131,1,0.3,extinct,True,False,22.369521705702805,,,,,,2.5670628294366722e-05,3.2009332074508765,0.4323414315160119,0.0012718224871345024
132,1,0.3,integrated,False,True,21.41363337533707,44.639999999999574,54.129455281141446,66.05363337533664,75.54308865647852,75.54308865647852,2.504557750062556e-05,4.9688198016101675,0.6599666835135963,0.0011691222662809728
133,1,0.3,integrated,False,True,27.08342728635797,45.23999999999956,55.223434449117946,72.32342728635753,82.30686173547592,82.30686173547592,2.3989873317991427e-05,1.772401541564024,0.6558826765641332,0.0008657334968179174
134,1,0.3,extinct,True,False,18.973357955259647,,,,,,1.9058867214120335e-05,2.3462982161359762,0.9450238814448589,0.001435516920219567
135,1,0.3,integrated,False,True,20.48956576138907,44.39999999999958,54.92947151514812,64.88956576138865,75.4190372765372,75.4190372765372,2.5324040720509088e-05,2.9365745164342747,0.6099383390078186,0.00075542311929173
136,1,0.3,extinct,True,False,24.841275176831957,,,,,,2.151516831481723e-05,1.5887566123656156,0.8664832074864516,0.0014059418437159517
137,1,0.3,integrated,False,True,26.40676354896077,44.87999999999957,53.51571186417004,71.28676354896034,79.92247541313081,79.92247541313081,4.2323839705210056e-05,3.337656226904212,0.653985887648787,0.0008787625377175816
138,1,0.3,extinct,True,False,12.226814719426443,,,,,,2.517039054927971e-05,1.8004256572889614,1.1314459254065805,0.0008870290611948362
139,1,0.3,extinct,True,False,18.396154058988568,,,,,,3.137796147016505e-05,2.9276659016079503,0.6009785292732751,0.0012804022897437877
140,1,0.3,extinct,True,False,21.744717074816204,,,,,,4.328877828780509e-05,3.464014139856467,0.8719769658265253,0.0010374373131943773
141,1,0.3,integrated,False,True,28.41277028814611,47.15999999999952,56.03926225059547,75.57277028814563,84.45203253874158,84.45203253874158,2.722836552918314e-05,2.919287078543386,0.8482107397080819,0.001434782389764569
142,1,0.3,extinct,True,False,16.303621818335348,,,,,,2.5123080787399844e-05,3.0986651235965113,0.5297421444470525,0.001458657342371281
143,1,0.3,integrated,False,True,15.33043728675831,45.119999999999564,54.89280396215966,60.450437286757875,70.22324124891797,70.22324124891797,1.969741633766321e-05,4.057637055231389,0.5635438899094616,0.0012771424857655194
144,1,0.3,extinct,True,False,30.712166019974724,,,,,,1.7588490408079354e-05,3.582699279503696,0.650612470908493,0.0012837368916730533
145,1,0.3,extinct,True,False,17.065207053596346,,,,,,1.8985183720704383e-05,2.716494535791513,0.693249486864623,0.0013133818023391718
146,1,0.3,extinct,True,False,22.532421323314853,,,,,,3.4542014798433125e-05,1.8755617469494086,0.5118654519773966,0.001101108282455745
147,1,0.3,extinct,True,False,35.33354952790243,,,,,,3.075631800855704e-05,3.4467238704519305,0.47397946737241636,0.0011274846495299047
148,1,0.3,extinct,True,False,20.5043184268936,,,,,,2.5152645232088847e-05,2.0048435782871348,1.437425976104378,0.000686657459087856
149,1,0.3,integrated,False,True,62.53895017670329,47.51999999999951,57.37517084423998,110.05895017670281,119.91412102094327,119.91412102094327,2.27528205391162e-05,2.1954546985355963,0.9662145343450363,0.0009860390591454635
150,1,0.3,extinct,True,False,28.493491179787842,,,,,,2.312896847390714e-05,2.844153104576928,0.6359810403274497,0.0010079056113390572
151,1,0.3,extinct,True,False,21.856131274621614,,,,,,2.185680403017267e-05,1.7152284851085715,0.7164595338452541,0.0006000396135542499
152,1,0.3,extinct,True,False,27.11501817133904,,,,,,2.2860691752499027e-05,3.964055790416243,0.4923984655733372,0.0006014706705108068
153,1,0.3,extinct,True,False,28.462711016892378,,,,,,3.7183353113742415e-05,2.923489480702181,0.48984755390902995,0.0010452772489299798
154,1,0.3,extinct,True,False,14.173590714080039,,,,,,1.5535224536047442e-05,2.4989725269201393,0.7595704487992636,0.0007779182548952973
155,1,0.3,integrated,False,True,33.98137621081272,45.119999999999564,54.538073104672776,79.10137621081228,88.5194493154855,88.5194493154855,2.6936024676589037e-05,3.174361642714648,0.6978678050670458,0.0008935374711587491
156,1,0.3,extinct,True,False,23.967562578352766,,,,,,2.2144218837752813e-05,2.547428696734273,0.48229452781343535,0.0010881060752051515
157,1,0.3,integrated,False,True,26.407920201701106,46.19999999999954,55.61732080061694,72.60792020170065,82.02524100231804,82.02524100231804,1.9371867942749967e-05,3.462539071625491,0.6261692490195563,0.0013315712926743677
158,1,0.3,extinct,True,False,29.704232997572255,,,,,,2.840229795978419e-05,3.6199640094131866,0.7301914104742971,0.0009868913353604603
159,1,0.3,integrated,False,True,31.302438977741318,45.71999999999955,56.35311016647518,77.02243897774088,87.65554914421651,87.65554914421651,1.9428468240288154e-05,4.381988246038652,0.7251219784780235,0.0007554074944516943
160,1,0.3,extinct,True,False,29.635843641172332,,,,,,5.12825254003195e-05,2.2727698771321894,1.1364431731882798,0.0015695038787213824
161,1,0.3,integrated,False,True,26.119176314594032,44.39999999999958,53.88999539491812,70.51917631459361,80.00917170951215,80.00917170951215,3.138613497493574e-05,4.352171437570185,0.4011381323950774,0.0008873420336246253
162,1,0.3,integrated,False,True,27.214465640107008,44.75999999999957,53.916454822697176,71.97446564010659,81.13092046280418,81.13092046280418,3.2009735836969215e-05,1.518083518542166,0.6488528905524664,0.0008039998208537848
163,1,0.3,extinct,True,False,23.4058250352855,,,,,,2.342023188910487e-05,2.723722275850518,0.6333423940438547,0.0009881758246261967
164,1,0.3,integrated,False,True,26.800841620340567,45.119999999999564,55.020423954015016,71.92084162034013,81.82126557435558,81.82126557435558,2.3947061045525754e-05,2.7616573016006596,0.5563864311625599,0.0007716477605835626
165,1,0.3,extinct,True,False,31.179346797607298,,,,,,2.0024185315399582e-05,2.20095557203317,1.0088248728643427,0.0016684701650442528
166,1,0.3,integrated,False,True,33.469935787328076,45.35999999999956,57.207862031202666,78.82993578732763,90.67779781853073,90.67779781853073,1.6405053913212236e-05,2.1935841892867645,0.6552513717555974,0.0007144990851408288
167,1,0.3,integrated,False,True,26.80376401305181,44.75999999999957,54.739670465431395,71.56376401305138,81.5434344784832,81.5434344784832,1.986837937251556e-05,3.2538152889583127,0.6079160700993239,0.0013992290575510502
168,1,0.3,integrated,False,True,18.44486487515564,44.75999999999957,54.22052865694316,63.20486487515521,72.6653935320988,72.6653935320988,2.242686071260088e-05,3.842396545581894,0.5176514600846649,0.001127648986369447
169,1,0.3,integrated,False,True,17.89761526184535,45.479999999999556,57.08492331430923,63.37761526184491,74.98253857615458,74.98253857615458,1.5589858377828136e-05,2.722251512437304,1.1385024725549409,0.0007129323768575094
170,1,0.3,extinct,True,False,33.07730545873839,,,,,,2.6815258810106453e-05,2.408106443409896,0.8011978603333593,0.0009987259241645945
171,1,0.3,integrated,False,True,22.028154992250638,45.119999999999564,55.78776712043701,67.1481549922502,77.81592211268764,77.81592211268764,1.933556685729315e-05,2.6398039701099636,1.068459016352239,0.0008981550654104484
172,1,0.3,integrated,False,True,17.525807048421385,66.23999999999913,74.3897050525309,83.76580704842051,91.91551210095228,91.91551210095228,1.9765367165551196e-05,2.1914384438487384,0.8088208897412417,0.0011309627297986517
173,1,0.3,extinct,True,False,26.193292205009914,,,,,,3.064101844850319e-05,3.4463034411425095,0.5442159207571179,0.0007421655949896016
174,1,0.3,integrated,False,True,13.54812461334316,44.99999999999957,54.68516862900742,58.54812461334273,68.23329324235058,68.23329324235058,1.9220243657684085e-05,2.508260615489648,0.8128701613259836,0.0011620486487246284
175,1,0.3,integrated,False,True,52.58817940487925,44.639999999999574,53.56182671801659,97.22817940487883,106.15000612289583,106.15000612289583,4.282061172976593e-05,5.732734853178339,1.0271146746314777,0.0009210367094498766
176,1,0.3,integrated,False,True,18.898208496184893,44.639999999999574,54.21644214071289,63.53820849618447,73.11465063689778,73.11465063689778,2.235694474840371e-05,4.26496116543179,0.35867897619266115,0.001006821532954769
177,1,0.3,extinct,True,False,23.897160611933344,,,,,,3.157582125792877e-05,3.2500451539501447,0.9594748404756123,0.0008404807081519595
178,1,0.3,integrated,False,True,14.79847214366149,44.75999999999957,54.484033125931205,59.558472143661064,69.28250526959269,69.28250526959269,1.991680241010935e-05,2.895802936834897,0.5491556282192565,0.0012564632727390338
179,1,0.3,extinct,True,False,30.371495282127412,,,,,,2.0791488516734113e-05,3.481474505161152,0.6349334855871127,0.0011472538124546181
180,1,0.3,extinct,True,False,26.654135981816577,,,,,,2.683172201476634e-05,4.017604097782297,1.3983141024542545,0.0011262997191439203
181,1,0.3,extinct,True,False,20.440871346549322,,,,,,1.953991438400729e-05,4.422601499497071,0.6007034446885566,0.0008237020035527342
182,1,0.3,extinct,True,False,30.35640025414714,,,,,,2.6093835395971047e-05,4.494747775330344,0.619707357987373,0.0010640958694077504
183,1,0.3,extinct,True,False,20.747577870778706,,,,,,2.6054576758062996e-05,2.9783311378595334,0.761618161790664,0.0006560124653777834
184,1,0.3,integrated,False,True,22.578411107999955,45.959999999999546,56.3548082654511,68.53841110799951,78.93321937345105,78.93321937345105,2.0926590611974982e-05,1.849512101285387,0.751336027878568,0.0007337968526825354
185,1,0.3,extinct,True,False,36.2959320273785,,,,,,2.386325341165255e-05,2.4779064181045323,0.5028108408918468,0.0008156887059421385
186,1,0.3,extinct,True,False,17.03121575924835,,,,,,2.1348175782391196e-05,3.2419588746594514,0.45626228751578546,0.0007721653945780972
187,1,0.3,integrated,False,True,17.843764065222718,46.55999999999953,55.12746690297561,64.40376406522225,72.97123096819833,72.97123096819833,2.806547423291274e-05,1.5459184086571118,0.7896591231165683,0.0014911775806696606
188,1,0.3,integrated,False,True,14.852317304166963,44.639999999999574,53.937062959350456,59.492317304166534,68.78938026351742,68.78938026351742,2.8779557043427647e-05,2.85264107303721,0.8999274467780932,0.0010278490406092353
189,1,0.3,integrated,False,True,27.523134145373145,44.51999999999958,53.752806211636695,72.04313414537272,81.27594035700984,81.27594035700984,2.5520442719529466e-05,4.05138577184638,0.5241705547458575,0.001073598692301611
190,1,0.3,integrated,False,True,17.49028367083131,44.87999999999957,54.154620363430276,62.37028367083088,71.64490403426159,71.64490403426159,2.041702422132409e-05,2.7855890161486103,0.34923768173900444,0.0012603596178215938
191,1,0.3,extinct,True,False,21.239699894983087,,,,,,2.1914153691447377e-05,2.581447484835669,0.8970750652033078,0.0010587117107371717
192,1,0.3,integrated,False,True,21.583353889606897,45.119999999999564,55.30652301195411,66.70335388960646,76.88987690156101,76.88987690156101,2.7802602521617576e-05,3.9853068615202902,0.8987604759292049,0.0008242928936097263
193,1,0.3,integrated,False,True,23.22280135606257,45.23999999999956,54.17503290043925,68.46280135606213,77.39783425650182,77.39783425650182,2.6556403206209317e-05,3.5572471823495935,0.6743718262672883,0.001237211576991143
194,1,0.3,integrated,False,True,14.318508634248712,45.23999999999956,55.00012325027534,59.55850863424827,69.31863188452405,69.31863188452405,2.05586398884481e-05,2.0928979465651807,0.9065014056049223,0.001039193468443812
195,1,0.3,integrated,False,True,27.563768442611806,45.119999999999564,54.703823955432355,72.68376844261137,82.26759239804416,82.26759239804416,2.566101433407491e-05,2.355837064201024,0.6778014322815816,0.0008702401364033504
196,1,0.3,extinct,True,False,20.485762662272947,,,,,,1.9992942441777922e-05,2.655362344318619,0.5351626301412716,0.0009253212448600985
197,1,0.3,integrated,False,True,16.674519491515372,44.639999999999574,54.03095017664282,61.31451949151494,70.70546966815819,70.70546966815819,2.6252928202365357e-05,3.634959511541573,0.59589290931685,0.0010105047478367918
198,1,0.3,integrated,False,True,23.55045704942901,45.35999999999956,55.60153572043161,68.91045704942857,79.15199276986063,79.15199276986063,2.1631360682639453e-05,2.4450796599666837,0.38233734540429776,0.0007038325546907409
199,1,0.3,integrated,False,True,14.592669257972306,45.119999999999564,54.58024440974565,59.71266925797187,69.17291366771796,69.17291366771796,2.4983406782232388e-05,2.46924713984695,0.54218695910465,0.0009340978936977929
200,1,0.3,integrated,False,True,13.885634140831272,47.15999999999952,57.194244920122856,61.04563414083079,71.07987906095413,71.07987906095413,2.3856643065463835e-05,4.496959441612331,0.8084247171828617,0.0008408860344299337
201,1,0.3,integrated,False,True,22.698062559773817,45.71999999999955,53.74043075794499,68.41806255977338,76.43849331771881,76.43849331771881,2.293648340683864e-05,3.585350012057237,0.31361894749621794,0.002763478197175078
202,1,0.3,extinct,True,False,25.597078225841976,,,,,,1.5709023434141297e-05,4.571680978767912,0.612161027597895,0.0014212743680143713
203,1,0.3,extinct,True,False,19.524145374438596,,,,,,2.1808153935298812e-05,2.7268295665121167,0.8263928035324877,0.0013885687670339003
204,1,0.3,integrated,False,True,22.335229730414152,45.119999999999564,54.97914568638352,67.45522973041372,77.31437541679767,77.31437541679767,1.564271559268354e-05,3.7924588720976513,0.5468372523533171,0.001516307414960522
205,1,0.3,integrated,False,True,24.14735553317488,46.19999999999954,55.75711199003547,70.34735553317442,79.90446752321034,79.90446752321034,2.1349582918225552e-05,2.157841840751741,0.7151842247943265,0.0010855481727163416
206,1,0.3,integrated,False,True,12.590668853373051,44.39999999999958,53.40866909636256,56.99066885337263,65.9993379497356,65.9993379497356,3.336894578416072e-05,3.845794069601262,0.41724855734680405,0.0008804821103826387
207,1,0.3,integrated,False,True,20.93279360765635,45.119999999999564,53.69982237503865,66.05279360765591,74.632615982695,74.632615982695,2.9168053219676024e-05,2.365442747170226,0.6570608637327151,0.0012694367649627935
208,1,0.3,integrated,False,True,27.610602330168003,44.639999999999574,53.12037545329997,72.25060233016758,80.73097778346798,80.73097778346798,3.59539653470727e-05,2.7946929253234467,1.1942992873814533,0.0014659695847483608
209,1,0.3,integrated,False,True,22.860062854934004,45.35999999999956,55.1724664388127,68.22006285493356,78.0325292937467,78.0325292937467,2.215626034113081e-05,5.297661257641793,0.7853331517678224,0.0010602334898646194
210,1,0.3,integrated,False,True,30.739404165722103,45.23999999999956,55.10560417727627,75.97940416572166,85.84500834299837,85.84500834299837,2.0395925820966553e-05,3.2718824844608947,0.7285802526617919,0.0010016877774308378
211,1,0.3,extinct,True,False,19.34746509109566,,,,,,2.1408227419587332e-05,6.658740101194941,0.7407657535487717,0.0013173469607216243
212,1,0.3,extinct,True,False,23.795643669161247,,,,,,2.5617568217495065e-05,2.2760381880261806,0.6479003565226544,0.0010275938140921136
213,1,0.3,extinct,True,False,41.035628203280694,,,,,,1.8982053525834517e-05,3.1903226889316962,0.3633062024031092,0.0009353169113165237
214,1,0.3,extinct,True,False,28.920710988808796,,,,,,1.7939593982091068e-05,2.4499321374969045,0.9206524572453075,0.0008647118383857771
215,1,0.3,integrated,False,True,19.593205925046057,44.159999999999584,52.48339661492574,63.75320592504564,72.07660253997179,72.07660253997179,3.605339311540458e-05,2.2652691045572086,0.4073314484339745,0.0011244349721820201
216,1,0.3,integrated,False,True,51.94382769594341,44.87999999999957,54.756966782154585,96.82382769594298,106.700794478098,106.700794478098,1.753532969588236e-05,2.9337402190366917,0.5359645637701749,0.0011102969004264482
217,1,0.3,integrated,False,True,31.071435863076736,44.639999999999574,53.16959643483617,75.7114358630763,84.24103229791291,84.24103229791291,4.0220735015491496e-05,4.460388447180597,0.7056188092892369,0.0011160645092669268
218,1,0.3,integrated,False,True,34.18258778860151,45.23999999999956,54.301357098531426,79.42258778860108,88.48394488713294,88.48394488713294,2.6953286676095617e-05,3.311919818907045,0.6350311518218069,0.0011214798368983127
219,1,0.3,integrated,False,True,19.43013659838196,44.99999999999957,55.26007227069407,64.43013659838152,74.69020886907603,74.69020886907603,1.843523177743087e-05,2.9798965725634683,0.6203691438690481,0.001232888323216492
220,1,0.3,integrated,False,True,15.820656339220543,46.31999999999954,55.74115421745752,62.14065633922008,71.56181055667807,71.56181055667807,3.1054752599561926e-05,3.5088456145528486,0.8260245191412134,0.0008115498935077357
221,1,0.3,extinct,True,False,15.98593449698403,,,,,,2.533250213544748e-05,2.8597845948638674,1.0797391316355927,0.0008444206185857549
222,1,0.3,extinct,True,False,23.402014907152385,,,,,,1.990122705675502e-05,1.9680326591840855,0.7905903428221687,0.0008501293329511141
223,1,0.3,extinct,True,False,13.828981096269846,,,,,,2.6518936327707547e-05,3.2485302054896925,0.680859901004413,0.0008236058954672103
224,1,0.3,extinct,True,False,30.117997598425077,,,,,,2.6003245278990344e-05,3.882780689432524,0.7298219252138426,0.0010843834048019458
225,1,0.3,extinct,True,False,23.45074068988585,,,,,,2.365498046434465e-05,4.646814289350443,0.9076694040013913,0.0013674963102339492
226,1,0.3,integrated,False,True,20.423570463496805,45.83999999999955,54.88683505275998,66.26357046349635,75.31040551625678,75.31040551625678,2.7034511273911245e-05,3.690149271671058,1.1513539698390913,0.0018511227518579563
227,1,0.3,extinct,True,False,26.956902189340816,,,,,,2.090620373071947e-05,2.032560947855176,1.069415181255518,0.0010051097048223783
228,1,0.3,integrated,False,True,25.685184936477267,46.31999999999954,54.974889092231365,72.00518493647681,80.66007402870864,80.66007402870864,4.051941419115365e-05,3.884278995628493,0.6990079979748273,0.000905429593235894
229,1,0.3,extinct,True,False,21.37344029126858,,,,,,3.300842483325858e-05,2.721471935221853,0.8803462133385513,0.001085461754677219
230,1,0.3,extinct,True,False,32.11299794688014,,,,,,3.1212334678516385e-05,2.98491359350412,0.622330561113718,0.0014758310349242971
231,1,0.3,extinct,True,False,30.739454651002262,,,,,,2.7277509191685967e-05,2.8371242060049853,0.5954220488903763,0.0010867619710698473
232,1,0.3,integrated,False,True,21.061317885239806,44.39999999999958,54.317644555880605,65.46131788523938,75.37896244112041,75.37896244112041,2.9761529992562714e-05,4.573374667176269,0.44226197711254295,0.0006528821697399498
233,1,0.3,extinct,True,False,13.858867497014973,,,,,,1.6240519505925244e-05,3.192634955850676,0.7414051175042407,0.0006643736802754752
234,1,0.3,extinct,True,False,26.534139816964053,,,,,,2.9162125650744136e-05,4.893331762131923,0.8430604841045845,0.001034057582693031
235,1,0.3,integrated,False,True,33.77516361714586,44.87999999999957,55.4006395102294,78.65516361714543,89.17580312737525,89.17580312737525,1.9717081600404013e-05,5.733462632800623,0.5992012679864747,0.0010509877040168162
236,1,0.3,extinct,True,False,32.67861009291378,,,,,,2.506801700848722e-05,3.133846421349102,1.015017758729786,0.0012611419487226056
237,1,0.3,extinct,True,False,29.717178464190056,,,,,,1.6325765999797684e-05,2.534801800803855,0.5176849596168628,0.0009241278547683368
238,1,0.3,extinct,True,False,21.133051556160893,,,,,,1.4521512746777507e-05,3.6709392398851755,0.6273532917599064,0.0013318347746240915
239,1,0.3,integrated,False,True,20.903938071936572,44.75999999999957,53.95520910233896,65.66393807193614,74.85914717427553,74.85914717427553,2.7499661168901694e-05,3.362868810641764,0.5998252346804976,0.0012046019831907623
240,1,0.3,integrated,False,True,21.195991834993645,45.599999999999554,56.39496853963056,66.7959918349932,77.5909603746242,77.5909603746242,2.156030830815921e-05,2.879718871533887,0.6246920757352963,0.0007779155593619895
241,1,0.3,integrated,False,True,25.410182955636344,44.51999999999958,54.22145032343282,69.93018295563593,79.63163327906916,79.63163327906916,2.454907151180647e-05,2.268800740816244,0.9109389403654715,0.0008431513495956225
242,1,0.3,extinct,True,False,21.095493862267517,,,,,,2.4632524559665948e-05,2.2518017181418295,0.7671096224375202,0.001004868094577735
243,1,0.3,integrated,False,True,13.211201266395612,44.639999999999574,56.599732678616455,57.85120126639519,69.81093394501207,69.81093394501207,1.8270857538130393e-05,2.1331698999874766,0.7911520923124471,0.0005251774028087128
244,1,0.3,extinct,True,False,32.35315760694068,,,,,,2.3922087413894393e-05,2.771135521140284,1.064083856217946,0.0008716486615075671
245,1,0.3,extinct,True,False,17.458249427222587,,,,,,3.560447401208388e-05,2.088244131400135,0.9702528179655595,0.0004999070450137459
246,1,0.3,integrated,False,True,15.148235477437655,47.9999999999995,57.617188164165015,63.148235477437154,72.76542364160267,72.76542364160267,2.3567408250603875e-05,2.655720251318646,0.46455718175186783,0.0009595295292350067
247,1,0.3,extinct,True,False,32.48745222825593,,,,,,2.0573195438128088e-05,2.7687422757146005,0.4557150267775552,0.0007425368427038105
248,1,0.3,extinct,True,False,23.274208523004987,,,,,,1.962906841511321e-05,4.415365500820028,0.8456030050010861,0.0008403999794587685
249,1,0.3,integrated,False,True,21.690883475719982,45.71999999999955,56.52972786121786,67.41088347571953,78.22061133693784,78.22061133693784,1.7100061676752558e-05,2.6136327255485536,0.7198020513156522,0.0009754198851704914
250,1,0.3,integrated,False,True,24.328966137960006,44.87999999999957,53.21493173728012,69.20896613795958,77.54389787524012,77.54389787524012,2.9318353747987964e-05,3.098314480719001,0.7521062399481405,0.001628796441866191
251,1,0.3,integrated,False,True,27.640115779377293,44.639999999999574,53.74416181156357,72.28011577937687,81.38427759094087,81.38427759094087,2.9904671977954316e-05,2.314197921459677,0.671086616991286,0.0011312164624096169
252,1,0.3,extinct,True,False,30.975964175937673,,,,,,1.5599194549847702e-05,2.45945710873729,0.5490424358304463,0.0009092812935011464
253,1,0.3,extinct,True,False,11.982436312566017,,,,,,3.293328664035496e-05,3.556963949299542,0.6007514864114908,0.001171811612424444
254,1,0.3,integrated,False,True,69.86126327220201,44.159999999999584,53.19739362980144,114.0212632722016,123.05865690200345,123.05865690200345,3.2031351157133515e-05,3.008011538905872,0.8077474267974618,0.0009394990678618043
255,1,0.3,integrated,False,True,22.142842274569055,44.39999999999958,52.589404347339226,66.54284227456864,74.73224662190827,74.73224662190827,3.8258130157474756e-05,3.3362659192278863,0.44297905585353303,0.0012141845129276959
256,1,0.3,extinct,True,False,47.50089387894659,,,,,,1.8319256897694522e-05,2.552955903845001,0.6930877187428821,0.0008959067532612501
257,1,0.3,integrated,False,True,17.819421795507118,44.51999999999958,53.759757200504,62.339421795506695,71.57917899601111,71.57917899601111,3.441618976012543e-05,3.659107654207405,0.7416369854560823,0.0007905851909406747
258,1,0.3,extinct,True,False,24.650351635232795,,,,,,2.228536816586616e-05,2.408693707273927,0.43751762909717207,0.00102294954065783
259,1,0.3,extinct,True,False,18.63658351730869,,,,,,2.4838164813140876e-05,3.5399134139514747,0.5048068252668882,0.0008378010201084894
260,1,0.3,integrated,False,True,13.209787671110902,46.919999999999526,57.60274810386292,60.12978767111043,70.81253577497382,70.81253577497382,1.630548434190882e-05,2.5900148416307176,0.7937830891981218,0.0011817573826868653
261,1,0.3,integrated,False,True,16.19111218655993,45.599999999999554,56.060056092318575,61.79111218655949,72.25116827887851,72.25116827887851,1.6264157858652723e-05,4.020553391204999,0.9571051270520659,0.0016885876276948658
262,1,0.3,integrated,False,True,17.158311925623142,46.31999999999954,56.479757646166036,63.47831192562268,73.63806957178917,73.63806957178917,1.9106750754086692e-05,1.4825565446706175,0.519664074006882,0.0011024015635077574
263,1,0.3,extinct,True,False,32.61093159935658,,,,,,1.868343887125389e-05,2.6122142370159502,0.6610478937585874,0.0010511550022375077
264,1,0.3,integrated,False,True,18.132826647197025,47.51999999999951,57.068750916497095,65.65282664719653,75.20157756369412,75.20157756369412,2.995081586488008e-05,3.1223035851047807,0.9151792551655406,0.0007952108968615208
265,1,0.3,extinct,True,False,17.57059799800162,,,,,,2.6440853636293123e-05,4.382229674427275,0.9743077777419851,0.0007200640510709896
266,1,0.3,extinct,True,False,36.494307484527994,,,,,,2.7087009383472145e-05,2.8411389641382137,1.0163737737131562,0.0007730841767326696
267,1,0.3,integrated,False,True,31.16689668309055,47.51999999999951,58.638634853299095,78.68689668309005,89.80553153638965,89.80553153638965,1.7489282965452144e-05,3.463335133769523,0.8951509739899229,0.0006915343617443673
268,1,0.3,integrated,False,True,42.69405932798634,46.439999999999536,55.75574337980291,89.13405932798588,98.44980270778925,98.44980270778925,2.9325941491902335e-05,2.514293152415869,0.614245660946549,0.0008545377435938894
269,1,0.3,extinct,True,False,18.078193326887394,,,,,,2.4126408760485403e-05,5.8283552523907165,0.8703923190593682,0.0016036104216710556
270,1,0.3,extinct,True,False,17.487108713694962,,,,,,2.156637893215571e-05,3.17110046116365,0.3697456289165112,0.0008561912152157441
271,1,0.3,integrated,False,True,19.74448413246464,45.479999999999556,54.32239393295727,65.2244841324642,74.0668780654219,74.0668780654219,2.745776286829728e-05,2.441711587481322,0.7367521756571092,0.0011882489375902485
272,1,0.3,extinct,True,False,22.01511991465433,,,,,,2.7623472694981877e-05,3.4024931422201687,1.160684671849348,0.0008810631391439423
273,1,0.3,integrated,False,True,22.675369702566233,44.75999999999957,54.46346355024082,67.43536970256581,77.13883325280705,77.13883325280705,2.0263509608459587e-05,3.323941815030211,0.5054815532166826,0.0010959644102097514
274,1,0.3,integrated,False,True,49.15189107594056,44.639999999999574,54.04187832701566,93.79189107594013,103.19376940295622,103.19376940295622,3.092651675643037e-05,2.2688487309725276,0.5772323771955938,0.0007473951014937486
275,1,0.3,extinct,True,False,39.26191773668589,,,,,,2.4032128449044576e-05,2.7793618488393,0.6640568462947939,0.0008651175488258382
276,1,0.3,integrated,False,True,17.794411823870362,45.119999999999564,54.32529174666152,62.914411823869926,72.11970357053188,72.11970357053188,2.923544058571955e-05,2.1715290797865023,0.5982572083975926,0.000886466277335143
277,1,0.3,integrated,False,True,17.365763802706496,45.119999999999564,55.93920237339455,62.48576380270606,73.30496617610105,73.30496617610105,1.8467483504990644e-05,2.8716282586836996,0.5249682685389677,0.0006879461746060767
278,1,0.3,extinct,True,False,21.90801020945104,,,,,,3.566181682249184e-05,2.688709289026799,1.0455299348342717,0.0005744753286915375
279,1,0.3,extinct,True,False,31.360406370772356,,,,,,2.2956967938146652e-05,4.132015521855444,0.8083951086127046,0.0008356815645628587
280,1,0.3,integrated,False,True,21.041422716417806,46.919999999999526,56.73700124514376,67.96142271641733,77.77842396156157,77.77842396156157,2.6830817885941498e-05,2.5097371229101304,0.5437517692714937,0.0008371987168245271
281,1,0.3,integrated,False,True,17.282239280822594,44.27999999999958,53.76437400951558,61.562239280822176,71.04661329033817,71.04661329033817,2.9632719586552603e-05,2.1656201938806405,0.6408629369332784,0.0009914258706863513
282,1,0.3,extinct,True,False,18.090118599877236,,,,,,1.844505054599071e-05,3.89672036725017,0.4993196162786823,0.0013579806513505722
283,1,0.3,extinct,True,False,35.95765274388177,,,,,,1.6448416120965202e-05,3.944124205010483,0.6355453986786423,0.0009522127526180946
284,1,0.3,integrated,False,True,37.028599096951645,44.75999999999957,54.37675480758139,81.78859909695122,91.40535390453303,91.40535390453303,2.7475492781774076e-05,2.443839929684233,0.842298780973443,0.0009905420622878028
285,1,0.3,integrated,False,True,23.110701049179784,44.87999999999957,54.83216448155244,67.99070104917935,77.94286553073222,77.94286553073222,1.7605759308297788e-05,2.9927502768073846,0.5789239426589295,0.0011148707160611132
286,1,0.3,extinct,True,False,10.519441476580457,,,,,,2.0968030217582424e-05,2.5739470504945445,0.5717466427660894,0.0010880343814435236
287,1,0.3,integrated,False,True,26.239232239244668,45.479999999999556,54.65280888255774,71.71923223924422,80.89204112180241,80.89204112180241,2.8692292789682963e-05,4.064210151545872,0.5406056048220038,0.0013483658407971511
288,1,0.3,extinct,True,False,31.780642858909772,,,,,,2.9846235893120577e-05,3.12219773518579,0.7644340522919199,0.0015709213770790584
289,1,0.3,extinct,True,False,32.919567270276126,,,,,,1.9596234644540357e-05,2.6837475707078537,0.5006579692031262,0.0020067394539851962
290,1,0.3,extinct,True,False,28.78805536547714,,,,,,2.8366470671344316e-05,4.529586338557253,1.1070780976420125,0.001105124427520356
291,1,0.3,integrated,False,True,30.57481951080326,45.599999999999554,55.47336748696344,76.17481951080282,86.04818699776669,86.04818699776669,2.0598774486683565e-05,3.1665056799576874,0.9751288053833308,0.0010216916534014264
292,1,0.3,extinct,True,False,20.68389903131307,,,,,,2.160179212451266e-05,3.084536087416013,0.9927107141384014,0.0007860183525344467
293,1,0.3,extinct,True,False,15.522566963362884,,,,,,2.3423597768530922e-05,4.00806229925423,0.7463701395832788,0.0012409987872424428
294,1,0.3,integrated,False,True,30.724330818034762,46.07999999999954,57.04254631583514,76.8043308180343,87.7668771338699,87.7668771338699,3.0329260787562464e-05,3.955661771511581,0.8710230345561899,0.0005451664351922995
295,1,0.3,extinct,True,False,20.04211513518497,,,,,,1.3916524476666492e-05,3.508698028372767,2.043284379210798,0.001267974995693038
296,1,0.3,integrated,False,True,20.08940450094664,45.479999999999556,54.73099727037969,65.56940450094619,74.82040177132633,74.82040177132633,4.68366465970832e-05,3.1196114502952703,0.41322716772651635,0.0005829659696786043
297,1,0.3,integrated,False,True,24.159253787114135,44.87999999999957,54.6586155751462,69.03925378711371,78.81786936226034,78.81786936226034,1.9363027055446897e-05,3.958029891771583,0.9359930591902166,0.001492887131840024
298,1,0.3,extinct,True,False,22.90058633165188,,,,,,2.5685306671907797e-05,2.471954567974806,0.5489861443437453,0.0007619330575994722
299,1,0.3,extinct,True,False,14.269664819449597,,,,,,2.58526552797204e-05,3.735955535361874,0.5268529020908428,0.0009765695731602621
300,1,0.3,integrated,False,True,28.662229612829847,45.35999999999956,53.802797496859306,74.0222296128294,82.46502710968915,82.46502710968915,2.8199502996739646e-05,2.5603560843947797,0.9378638150257467,0.0015805055360036666
301,1,0.3,integrated,False,True,22.770952157042714,44.99999999999957,53.587203830312035,67.77095215704227,76.35815598735475,76.35815598735475,3.093786594394041e-05,4.403335319142112,0.6122972365683499,0.0012751771536992711
302,1,0.3,integrated,False,True,22.434770818338173,44.87999999999957,54.42334682061484,67.31477081833773,76.85811763895302,76.85811763895302,2.3394914266060483e-05,2.480518829998241,1.1234695138427004,0.0010097729592558186
303,1,0.3,integrated,False,True,22.393510891518506,44.39999999999958,54.593208847965535,66.79351089151808,76.98671973948404,76.98671973948404,2.9464889241723555e-05,4.803807011809527,0.7045826573978567,0.000646108440360934
304,1,0.3,extinct,True,False,32.99114941348619,,,,,,3.005387983734521e-05,3.5210919955396873,1.1662057665515995,0.0014882710537204619
305,1,0.3,extinct,True,False,27.798971296963515,,,,,,2.6657524122135614e-05,2.0900044017150115,0.40256483899000317,0.0010411639714896766
306,1,0.3,integrated,False,True,16.565787469605194,46.31999999999954,56.43861035835189,62.885787469604736,73.00439782795708,73.00439782795708,1.801734422664227e-05,2.4671665668639604,0.9382877843134825,0.0009976763731394862
307,1,0.3,extinct,True,False,36.07710950461018,,,,,,2.489670010697518e-05,2.198758414240695,1.1559420116268864,0.0006372925986691273
308,1,0.3,extinct,True,False,18.861070087512083,,,,,,2.2744088036914226e-05,2.415444039924084,0.687226786880334,0.0007971210256053614
309,1,0.3,integrated,False,True,25.013790582066992,45.479999999999556,54.55777215585564,70.49379058206655,79.57156273792263,79.57156273792263,1.9937239675586234e-05,3.336740784091649,0.6066741019722003,0.0016122440488968758
310,1,0.3,integrated,False,True,34.44998675193969,46.19999999999954,57.80824920989404,80.64998675193922,92.25823596183373,92.25823596183373,1.5000723356454713e-05,4.0143761897492425,1.4442955811597051,0.0009767392225393384
311,1,0.3,integrated,False,True,18.360113617403808,44.75999999999957,54.85896417131342,63.120113617403376,73.21907778871723,73.21907778871723,1.9948755217261564e-05,3.4485429755037087,1.0909615805426063,0.0013252199895976361
312,1,0.3,integrated,False,True,11.755349729589062,45.35999999999956,55.39533603192139,57.11534972958862,67.15068576151045,67.15068576151045,2.4695954324870396e-05,6.025555123269587,0.4186104250314394,0.0009581141865826921
313,1,0.3,integrated,False,True,19.302829234168012,45.959999999999546,54.44735981243454,65.26282923416755,73.75018904660256,73.75018904660256,3.113196021298288e-05,4.491449314165258,0.5844098278095515,0.0012752531357187497
314,1,0.3,extinct,True,False,37.790563633391294,,,,,,2.271473215515435e-05,3.385429992795019,0.6954290487935127,0.0008294467049733047
315,1,0.3,integrated,False,True,27.937491981360093,45.599999999999554,56.61181929439907,73.53749198135965,84.54931127575917,84.54931127575917,2.8447843591863733e-05,2.7083914653428045,0.7965218989434254,0.0004977234859772405
316,1,0.3,extinct,True,False,17.138906843251252,,,,,,3.838480115894871e-05,2.316167641110021,1.316552628441544,0.0018137210577644789
317,1,0.3,extinct,True,False,26.471809862704614,,,,,,1.5127568039277534e-05,4.702908352981702,0.5936961925701195,0.0010866402040871255
318,1,0.3,integrated,False,True,23.215231069598918,48.239999999999505,59.38047680721842,71.45523106959843,82.59570787681734,82.59570787681734,1.8915672080497264e-05,4.504148397090865,0.5022455115392839,0.0005982194649584871
319,1,0.3,integrated,False,True,30.835975658690277,45.83999999999955,55.02556389673012,76.67597565868982,85.86153955542039,85.86153955542039,3.099361244730795e-05,1.5728726854893966,0.4851650305096108,0.0008055572393537892
320,1,0.3,extinct,True,False,20.373289643579188,,,,,,2.4142071176946234e-05,2.4349355522944647,0.7451665475878919,0.0012386367338389486
321,1,0.3,extinct,True,False,16.273589968138914,,,,,,3.0534042527174405e-05,2.630780958708563,0.6589095932781563,0.0008475511803139912
322,1,0.3,integrated,False,True,20.966022224984354,45.35999999999956,54.39675368476286,66.32602222498392,75.36277590974721,75.36277590974721,3.87186281215618e-05,3.951572666773772,0.8154412705889266,0.0008844108249823783
323,1,0.3,extinct,True,False,24.12676260435461,,,,,,1.7058366630957925e-05,4.023788237103829,0.8514111156920996,0.001235320458083945
324,1,0.3,extinct,True,False,42.01780379213592,,,,,,1.8385207487095065e-05,1.5722630671986457,0.6108863606400013,0.0007961561405432144
325,1,0.3,integrated,False,True,32.934828329653094,45.479999999999556,57.871673078039976,78.41482832965265,90.80650140769308,90.80650140769308,1.2434316126215645e-05,3.2923773141019073,0.6837977518833378,0.0007215556580123658
326,1,0.3,extinct,True,False,19.573340357057436,,,,,,2.284340185148523e-05,2.9131229939537904,0.7314690150224016,0.0008110662197403074
327,1,0.3,extinct,True,False,34.672102666704276,,,,,,2.101047888020844e-05,2.9913085665227586,0.6654107356250776,0.0010516634086592009
328,1,0.3,extinct,True,False,12.048833518395183,,,,,,1.5061575633319713e-05,3.2749136970289072,0.6072362982553338,0.0010307224681235542
329,1,0.3,integrated,False,True,22.79974057431752,45.23999999999956,53.92787914681413,68.03974057431708,76.72761972113165,76.72761972113165,3.213836850819292e-05,2.7569868997058578,0.6651782237579622,0.001069440781529124
330,1,0.3,integrated,False,True,36.09997522877669,44.75999999999957,54.46163950186639,80.85997522877626,90.56161473064307,90.56161473064307,2.263563696266806e-05,1.550825525432864,0.48369456265386307,0.0008688333098365073
331,1,0.3,extinct,True,False,27.522469293318892,,,,,,2.759560258868063e-05,2.9837105286989654,0.5785769035498335,0.0008852464312489347
332,1,0.3,integrated,False,True,29.790944488772354,44.51999999999958,52.14848803027179,74.31094448877192,81.93943251904415,81.93943251904415,3.6831528241251996e-05,4.063554552175496,0.7131710220887325,0.0019034427694364408
333,1,0.3,extinct,True,False,28.583453008959225,,,,,,3.733717445185407e-05,1.856429745596294,0.7835696784198053,0.0008151766387507363
334,1,0.3,extinct,True,False,29.354279750966395,,,,,,2.105091303695778e-05,2.3132477330830983,0.6393318260614054,0.0008838331366172944
335,1,0.3,extinct,True,False,21.898840446527032,,,,,,2.3885719780089178e-05,2.6425638813697727,0.6394215050721663,0.0012303441532225858
336,1,0.3,integrated,False,True,30.05449402801041,46.79999999999953,55.617715265635496,76.85449402800994,85.6722092936459,85.6722092936459,2.8086877839970235e-05,4.24768034400334,0.6590041835618591,0.0013292305454332377
337,1,0.3,extinct,True,False,31.90899391428465,,,,,,1.4402819473840569e-05,2.9924417312768674,0.7981566549543117,0.0005236494147924469
338,1,0.3,extinct,True,False,27.058175719748434,,,,,,5.043834395940772e-05,4.842073199525843,0.2177960187850999,0.0008996029586618317
339,1,0.3,extinct,True,False,24.754480839390933,,,,,,2.203983554525757e-05,1.8607294640622953,0.7832845381012227,0.001359858246300227
340,1,0.3,integrated,False,True,18.993600146755956,46.55999999999953,55.585101618360014,65.55360014675549,74.57870176511597,74.57870176511597,3.401280950789561e-05,5.071544271207506,0.8992304379013547,0.0009637447895399056
341,1,0.3,extinct,True,False,24.859615702445854,,,,,,3.1161284281412906e-05,2.952057024846447,0.8350176712709424,0.0008938490555085231
342,1,0.3,integrated,False,True,17.300284688113848,44.75999999999957,55.1252332366389,62.06028468811342,72.42551792475274,72.42551792475274,2.3502335725831327e-05,2.6317772154057355,0.5560265302196914,0.0006851158299617234
343,1,0.3,extinct,True,False,9.047701228035793,,,,,,1.9511929863135824e-05,2.811770791878816,1.1473219676308217,0.0009596450538054028
344,1,0.3,extinct,True,False,15.728384210430027,,,,,,2.0022731295268742e-05,2.457225518660896,0.6550298123472096,0.0008938433325322625
345,1,0.3,integrated,False,True,18.14309032476099,44.87999999999957,54.275590180504516,63.02309032476056,72.41868050526551,72.41868050526551,2.5447670827581728e-05,3.4018283568688132,0.5808636099739068,0.0009550958757386023
346,1,0.3,extinct,True,False,13.615836885285988,,,,,,1.5414357575510083e-05,3.1562906673539417,0.6533792201667137,0.0015232411021721354
347,1,0.3,extinct,True,False,27.328406139798,,,,,,3.9696811039205814e-05,3.137647881431341,0.46151341347037933,0.0006974930806305967
348,1,0.3,extinct,True,False,19.804887820835866,,,,,,2.3903559725049626e-05,2.291770291394235,0.6025927729548286,0.000872049270483529
349,1,0.3,integrated,False,True,20.830916866572885,44.51999999999958,53.98574188506838,65.35091686657246,74.81665875164126,74.81665875164126,2.8040300541512683e-05,3.5773551655358014,0.7049732642898355,0.0010191150878714173
350,1,0.3,integrated,False,True,29.245237838914058,45.119999999999564,55.503534450771795,74.36523783891363,84.74877228968586,84.74877228968586,1.902148765559833e-05,5.04102137800901,0.6381835944739468,0.000911075935968091
351,1,0.3,integrated,False,True,24.8732410956362,45.599999999999554,55.72255853589208,70.47324109563576,80.59579963152828,80.59579963152828,1.4939179124603404e-05,2.1388617673556984,0.6820432366235585,0.0012458085704229486
352,1,0.3,extinct,True,False,27.281694006033455,,,,,,2.487865200733069e-05,4.085274888548344,0.4873304888779695,0.001091944324889546
353,1,0.3,extinct,True,False,18.725874159396746,,,,,,1.7246343827782987e-05,2.3196049206621323,0.670736635034987,0.0013437090417174474
354,1,0.3,integrated,False,True,20.69221503703754,44.639999999999574,53.44380179847033,65.33221503703712,74.13601683550787,74.13601683550787,2.5857762327608943e-05,2.597500244302147,0.5918763756938787,0.0012595331983777862
355,1,0.3,extinct,True,False,22.794908417920855,,,,,,2.1174979671199626e-05,3.0502264196906226,0.8290135905807942,0.0011967526042335397
356,1,0.3,extinct,True,False,30.555638943041846,,,,,,2.548693982066894e-05,2.5232348253430295,1.1391214372434655,0.0007699212846848895
357,1,0.3,extinct,True,False,27.8980027379046,,,,,,1.692691587901383e-05,3.753253710064734,0.33910495728307616,0.0009774281428820205
358,1,0.3,extinct,True,False,22.512382110320857,,,,,,3.255407031970952e-05,2.832784891747934,0.7867325543446185,0.0006103112295674876
359,1,0.3,extinct,True,False,38.17336105324133,,,,,,2.0606012433402976e-05,2.751295463779507,0.6029017323053394,0.0007345226545092566
360,1,0.3,integrated,False,True,28.19886225933251,44.51999999999958,52.784856028091355,72.71886225933208,80.98371828742387,80.98371828742387,3.220625659763671e-05,3.009893668861394,0.8468803104255214,0.0014592429194134127
361,1,0.3,integrated,False,True,15.88477397490434,45.599999999999554,56.628383189496645,61.484773974903895,72.51315716440098,72.51315716440098,1.9297133548386263e-05,2.7997465326940154,0.73259868168666,0.0008060891960025824
362,1,0.3,integrated,False,True,20.86653268533887,45.119999999999564,55.51753074131687,65.98653268533843,76.38406342665574,76.38406342665574,2.1976189230895298e-05,5.567382336691821,0.8743905651290567,0.0010515526314134787
363,1,0.3,integrated,False,True,20.869703089153585,44.75999999999957,54.67763336178227,65.62970308915315,75.54733645093586,75.54733645093586,1.8918819462359546e-05,2.5128695710425095,0.6540523698083849,0.001060459632676088
364,1,0.3,extinct,True,False,16.941652076716956,,,,,,2.988013140329767e-05,3.8012864708695853,0.7596426915592326,0.0011039737972305425
365,1,0.3,integrated,False,True,40.24036540870905,44.99999999999957,57.55029865297189,85.24036540870861,97.79066406168094,97.79066406168094,1.3839554250880359e-05,2.945936633232946,0.9144501024663406,0.0006356486873894537
366,1,0.3,extinct,True,False,27.80511387263899,,,,,,2.5441648384212734e-05,2.2617239174135415,0.5420934598651262,0.0019510907666208514
367,1,0.3,integrated,False,True,23.80864149829313,44.99999999999957,55.89071771541839,68.8086414982927,79.69935921371152,79.69935921371152,1.6993891412482194e-05,2.7934773285317323,0.6949932591376212,0.0009110266427472345
368,1,0.3,extinct,True,False,20.82615897731367,,,,,,2.715002646118679e-05,1.6315917171407825,0.6128262844403657,0.001401115891789752
369,1,0.3,integrated,False,True,28.460793291357902,44.99999999999957,53.09642651381981,73.46079329135748,81.55721980517771,81.55721980517771,3.6741224094439083e-05,2.10213256311734,1.050782985854976,0.0019927653457095245
370,1,0.3,integrated,False,True,22.525073382131698,44.639999999999574,54.43697649572064,67.16507338213127,76.96204987785234,76.96204987785234,1.5926116650672045e-05,1.8975952960805453,0.392287767471966,0.0012841631825157452
371,1,0.3,integrated,False,True,23.695170597613785,44.99999999999957,54.01998725786211,68.69517059761336,77.7151578554759,77.7151578554759,2.6828632823915365e-05,3.0579025405100406,0.48706218445403243,0.0010702059432516338
372,1,0.3,integrated,False,True,27.79951623041073,46.79999999999953,57.23042064030605,74.59951623041026,85.02993687071678,85.02993687071678,1.7544717282153795e-05,2.7483727018629533,0.6840337321487775,0.000884583084896121
373,1,0.3,extinct,True,False,36.247958447060014,,,,,,2.2485653154561143e-05,3.3689954637074817,0.7541530251113996,0.0006432258910505973
374,1,0.3,extinct,True,False,28.77572690568604,,,,,,2.129537978764185e-05,2.3775463555739416,0.7841404272838705,0.0007286118713814991
375,1,0.3,integrated,False,True,15.907822737498268,44.639999999999574,54.611729265807476,60.54782273749784,70.51955200330575,70.51955200330575,2.118291641478375e-05,3.476925569471995,0.5042586986689002,0.0008809132585361871
376,1,0.3,extinct,True,False,24.0863646975976,,,,,,4.8032835419182275e-05,2.113336093473989,0.8140339821848078,0.001255989338048749
377,1,0.3,integrated,False,True,25.961027414508912,44.639999999999574,53.29854597999493,70.60102741450848,79.25957339450383,79.25957339450383,2.8436596466758733e-05,3.438838207194256,0.9577341277117994,0.0013940132499401774
378,1,0.3,integrated,False,True,32.21557043978922,45.119999999999564,56.49455591117938,77.33557043978878,88.71012635096861,88.71012635096861,2.1457756357358538e-05,2.1015209594221,0.5241135968456515,0.0004576425906923109
379,1,0.3,extinct,True,False,24.03663492574762,,,,,,2.729324564408352e-05,4.199351379002659,0.6527402295190634,0.0005923078218061349
380,1,0.3,integrated,False,True,29.485480451260127,44.87999999999957,54.76989783470405,74.3654804512597,84.25537828596417,84.25537828596417,2.7406483107682942e-05,2.6276686544856864,0.893212003359332,0.0007259139882423326
381,1,0.3,integrated,False,True,31.7933639400957,49.199999999999484,58.38429788488217,80.99336394009518,90.17766182497787,90.17766182497787,2.403748184624583e-05,2.782903331501005,0.49694239041893606,0.0011666501143708652
382,1,0.3,extinct,True,False,25.762864210037492,,,,,,1.2411898769790473e-05,2.2984678344960225,0.5504653264572386,0.0006242702419048722
383,1,0.3,integrated,False,True,20.27872789856111,45.599999999999554,58.582799032421704,65.87872789856067,78.86152693098282,78.86152693098282,1.0865779883417487e-05,2.3636604320992998,0.5190482536765691,0.0004960612081490608
384,1,0.3,integrated,False,True,25.648678237233728,45.23999999999956,55.34860010406454,70.8886782372333,80.99727834129827,80.99727834129827,2.1237496771012405e-05,4.476006365482323,0.7793936766382239,0.0009129990136609538
385,1,0.3,extinct,True,False,25.486665782303284,,,,,,2.441196292184398e-05,2.481570693673678,1.1840906664784578,0.0008316619719296958
386,1,0.3,extinct,True,False,21.153574192678402,,,,,,1.4023013994516349e-05,3.5435650291788363,1.3150437165774782,0.001402459143993724
387,1,0.3,integrated,False,True,15.84222475363572,45.479999999999556,54.98586609194852,61.322224753635275,70.82809084558424,70.82809084558424,1.872944774789345e-05,3.439951206330035,0.7389755442306171,0.0014391815247685688
388,1,0.3,extinct,True,False,21.72030319264465,,,,,,1.8944464549301676e-05,2.614138892403557,0.7045114688773836,0.0005337054669828385
389,1,0.3,integrated,False,True,22.040147962768717,44.27999999999958,52.77566842317079,66.3201479627683,74.81581638593951,74.81581638593951,4.491562517306874e-05,5.808680726996325,0.6578253660298832,0.0011449886548260057
390,1,0.3,extinct,True,False,49.96225817875529,,,,,,3.371418305512882e-05,2.9170800615477748,0.8977433701678419,0.0016395815488941424
391,1,0.3,integrated,False,True,31.360696230298316,45.23999999999956,53.94261846656689,76.60069623029787,85.30331469686521,85.30331469686521,3.1096554293353745e-05,3.3812914079976957,0.6758527766928484,0.0011651749382299084
392,1,0.3,integrated,False,True,14.65764213731889,44.639999999999574,54.41725413525863,59.29764213731846,69.07489627257752,69.07489627257752,3.115591002920778e-05,3.1873564060599597,0.8415096299315684,0.0007956305007361071
393,1,0.3,integrated,False,True,24.564763684315007,45.479999999999556,55.30331063044922,70.04476368431456,79.86807431476423,79.86807431476423,1.9363407072352047e-05,1.8826828293358293,0.6826392315762642,0.00104227347255115
394,1,0.3,integrated,False,True,33.753210485982315,44.39999999999958,55.225334914797614,78.1532104859819,88.97854540077992,88.97854540077992,2.9075813405873336e-05,4.401592290925381,0.5962700540778435,0.000505925209178438
395,1,0.3,integrated,False,True,19.658185102905044,47.15999999999952,57.82710468369379,66.81818510290456,77.48528978659883,77.48528978659883,1.9889755572094185e-05,3.4398933523522524,0.6337313622097127,0.0009548345444828798
396,1,0.3,extinct,True,False,32.00425271051588,,,,,,3.437473655875764e-05,2.821268160214114,0.9181462463614385,0.0006901360301542518
397,1,0.3,extinct,True,False,11.627598727065003,,,,,,2.164369730051721e-05,3.104898511293376,0.7419873700615416,0.0007573377662130709
398,1,0.3,extinct,True,False,21.287794380231027,,,,,,2.7032926485891303e-05,2.9968927173495707,0.9626324038370383,0.001369179807162779
399,1,0.3,integrated,False,True,24.198580753186373,47.51999999999951,56.492113350491486,71.71858075318589,80.69069410367786,80.69069410367786,3.1661023460046325e-05,2.8512553701272507,0.4506688021369255,0.0009370049058608525
400,1,0.3,integrated,False,True,19.946024268084805,44.639999999999574,56.71051799845952,64.58602426808437,76.65654226654434,76.65654226654434,1.8351367197452143e-05,3.456818741886072,0.4847579158240405,0.0004819911466865538
401,1,0.3,extinct,True,False,26.981475328249097,,,,,,3.6280386352585895e-05,2.4889974240922013,0.6925886335468845,0.0011258615418856413
402,1,0.3,extinct,True,False,26.31809731139807,,,,,,3.3769867592685385e-05,3.9998352813100944,0.8579336935064549,0.0010221494777571723
403,1,0.3,extinct,True,False,24.087327973659807,,,,,,3.5536151331453614e-05,4.841592530661391,0.5745550725475019,0.000662057657496562
404,1,0.3,extinct,True,False,29.11350092427988,,,,,,2.6392520509908166e-05,2.7864077632836763,0.478400080794732,0.001078391524765319
405,1,0.3,integrated,False,True,18.247423864329804,46.19999999999954,56.53063450512273,64.44742386432935,74.77805836945254,74.77805836945254,1.9809154030094153e-05,2.4171163075943967,0.7635156031830775,0.0007770833058343977
406,1,0.3,extinct,True,False,17.240061503460076,,,,,,2.786302058780631e-05,4.077691680687,0.9036664292376253,0.0007614279760398235
407,1,0.3,integrated,False,True,22.330774169561945,45.23999999999956,54.36778626415259,67.5707741695615,76.69856043371453,76.69856043371453,2.6651745671242807e-05,4.054247610927035,0.7780119578359412,0.0011392073069152132
408,1,0.3,integrated,False,True,21.678193537612675,44.39999999999958,54.889011872663616,66.07819353761225,76.56720541027629,76.56720541027629,2.15575253410729e-05,3.515151929193878,0.7458323301744947,0.0009955557458433595
409,1,0.3,extinct,True,False,17.45947438067789,,,,,,2.809914054403387e-05,2.3657166377708534,1.0441069239955807,0.001712728910109357
410,1,0.3,integrated,False,True,23.43555607821692,44.75999999999957,54.2314285720608,68.1955560782165,77.66698465027773,77.66698465027773,2.824268875983288e-05,4.195649602049475,0.7917648316363504,0.0009075796369445093
411,1,0.3,integrated,False,True,14.947915493662638,46.19999999999954,57.43248177859282,61.14791549366218,72.38039727225546,72.38039727225546,1.7155822891255412e-05,3.0107381606494035,0.6801473873961852,0.0006306268052847858
412,1,0.3,extinct,True,False,22.227576141659288,,,,,,2.1432067235138434e-05,1.7952764361792488,0.9946904070642696,0.0014584761841183235
413,1,0.3,integrated,False,True,37.159721402115004,45.71999999999955,57.11125507663983,82.87972140211455,94.27097647875483,94.27097647875483,1.4402150408802714e-05,3.5083774661101526,0.8003033521643321,0.0007554926845331808
414,1,0.3,extinct,True,False,18.316894806791385,,,,,,2.621743664293029e-05,1.672370637177524,0.6083885779603874,0.0012060794954728232
415,1,0.3,extinct,True,False,22.79619808775302,,,,,,1.3403946872232103e-05,3.4620406831152963,0.695738298740205,0.001295241544494986
416,1,0.3,extinct,True,False,26.707883717577207,,,,,,2.8218706038447508e-05,4.306898879456576,0.8710969185544069,0.0015353471875526573
417,1,0.3,integrated,False,True,20.68022000148411,44.99999999999957,54.56067884190064,65.68022000148368,75.24089884338474,75.24089884338474,2.5777001709571724e-05,3.6854036113323407,0.7698570727080415,0.0009816452267951475
418,1,0.3,integrated,False,True,20.86420919236976,44.99999999999957,54.34492521597973,65.86420919236933,75.20913440834948,75.20913440834948,3.242126199399549e-05,3.19402269089706,1.0133757879653367,0.0008016792124802316
419,1,0.3,integrated,False,True,24.27157831391851,45.71999999999955,56.37963401310992,69.99157831391807,80.65121232702843,80.65121232702843,1.5471841669691443e-05,3.925402256438951,0.8599432751349968,0.0009755077814799979
420,1,0.3,integrated,False,True,44.04928288885373,44.39999999999958,54.390964011923074,88.4492828888533,98.4402469007768,98.4402469007768,2.0998847165072906e-05,3.683558280143652,0.666376921919314,0.0009250045004850452
421,1,0.3,integrated,False,True,37.73743527422575,44.99999999999957,53.33829179977762,82.73743527422532,91.07572707400337,91.07572707400337,3.0139942114719626e-05,3.790142824944098,0.7758000165091895,0.0015521425686778627
422,1,0.3,extinct,True,False,13.046840691640828,,,,,,1.548178518115176e-05,2.8954394481611634,0.5446749499429023,0.0015204374244713293
423,1,0.3,extinct,True,False,20.94064910363608,,,,,,2.5734453551421204e-05,3.9774623578330925,0.791306364621806,0.001099365766727009
424,1,0.3,extinct,True,False,27.012933567975836,,,,,,1.8558512375484506e-05,1.911721499354463,0.8025376995560486,0.0009038403045426796
425,1,0.3,integrated,False,True,25.58501129670731,44.639999999999574,55.3783709861641,70.22501129670688,80.96338228287141,80.96338228287141,2.0616564978053874e-05,4.162255714557544,0.7074173754802311,0.0007031313864159629
426,1,0.3,extinct,True,False,27.666950216358405,,,,,,2.79774671418757e-05,2.405944875660566,0.5181426810251109,0.0007267010627200486
427,1,0.3,extinct,True,False,9.658149809515452,,,,,,1.8328705126689183e-05,4.971789835917359,0.6104927006116734,0.0008548822415576024
428,1,0.3,extinct,True,False,21.775710744148604,,,,,,3.0096979038293654e-05,3.86352029385058,0.484137924224928,0.0006063339018832837
429,1,0.3,integrated,False,True,44.27835359272946,45.23999999999956,55.03954825087513,89.51835359272903,99.31790184360459,99.31790184360459,2.6053375917945016e-05,2.2232897669752583,0.7249284162490699,0.0007742350571431075
430,1,0.3,extinct,True,False,22.83667482208038,,,,,,1.68316825022107e-05,7.748198304777891,0.6776515069848041,0.0007981367877815907
431,1,0.3,extinct,True,False,23.112579290112834,,,,,,2.310388276933457e-05,3.957392416263634,1.0622300132790985,0.000679694773510016
432,1,0.3,extinct,True,False,24.17887319302173,,,,,,3.877295793084761e-05,2.5027892160875678,0.8233036744970273,0.001233438485305627
433,1,0.3,integrated,False,True,23.798171482533558,44.87999999999957,55.30644778205175,68.67817148253313,79.10461926458531,79.10461926458531,2.1470537750022445e-05,3.26323335720795,0.47865923223734147,0.0009473745595103581
434,1,0.3,extinct,True,False,31.86115574029875,,,,,,1.7704535152829608e-05,3.4032075499565493,0.7567773394202252,0.0008943855834562821
435,1,0.3,extinct,True,False,18.200664659915933,,,,,,2.4477907560003782e-05,4.1925794080792995,0.51715647435122,0.0011281806165631795
436,1,0.3,extinct,True,False,18.684729494216125,,,,,,1.623232426482789e-05,2.5213019378635435,0.7408355003869294,0.0004994327751255489
437,1,0.3,integrated,False,True,31.389898645029294,44.39999999999958,53.30477218546669,75.78989864502887,84.69467083049598,84.69467083049598,3.3169840756855677e-05,3.1604249397460915,0.642998113195162,0.0011946501857090003
438,1,0.3,integrated,False,True,32.6107624109546,45.119999999999564,54.922026906887865,77.73076241095416,87.53278931784246,87.53278931784246,2.782965002873672e-05,5.350099213396016,0.7176274884365504,0.0009756366028847624
439,1,0.3,extinct,True,False,21.073416481023138,,,,,,2.735579062274671e-05,2.910613327524743,0.6632752425977751,0.0008848174768043593
440,1,0.3,integrated,False,True,26.368796575225545,45.599999999999554,55.48771860821009,71.9687965752251,81.85651518343563,81.85651518343563,2.3707615513741848e-05,2.3152723782979545,0.7864313055486004,0.0008125377431910134
441,1,0.3,extinct,True,False,26.156520698726034,,,,,,2.6967756995172497e-05,6.315966442831437,0.6049201449335071,0.0006429878337198522
442,1,0.3,extinct,True,False,34.941806505758464,,,,,,2.2891309721899533e-05,3.5689775799053276,0.647440140396507,0.0009430369380647106
443,1,0.3,integrated,False,True,17.383361450993977,44.99999999999957,54.32772895019312,62.38336145099355,71.71109040118709,71.71109040118709,3.372782690399489e-05,2.6149314615664196,0.8588521750576895,0.0009808718536504345
444,1,0.3,extinct,True,False,21.81098183580956,,,,,,1.4916674244390967e-05,2.177888583830313,0.9172980234366116,0.001231294563878007
445,1,0.3,extinct,True,False,26.481865332944697,,,,,,1.7247162085940318e-05,3.511160764236141,0.37509454989009816,0.0012204747530685496
446,1,0.3,extinct,True,False,16.069199547447802,,,,,,2.3500940983243855e-05,2.0216725058464307,0.8638758538922562,0.0010389571150651034
447,1,0.3,extinct,True,False,19.444084034209634,,,,,,1.7266729779648045e-05,4.666669443894699,1.1629007441554886,0.00154585889640575
448,1,0.3,integrated,False,True,21.084503025085095,44.75999999999957,54.421593208350544,65.84450302508466,75.50609623343564,75.50609623343564,2.8111246142755384e-05,3.6470851866077862,0.6202166386433556,0.0009104386756056403
449,1,0.3,integrated,False,True,23.748116950217224,44.87999999999957,55.13700670381432,68.62811695021679,78.88512365403155,78.88512365403155,2.1660212131919848e-05,3.069403487603365,0.396064634036713,0.0010216509416191661
450,1,0.3,extinct,True,False,27.827163379561643,,,,,,2.5970996298565268e-05,2.146834127895998,0.5150863834891407,0.0014348016147657453
451,1,0.3,extinct,True,False,21.45607775098033,,,,,,2.0481906270870773e-05,2.4205315061240076,0.3461899087498192,0.0012294967658718918
452,1,0.3,extinct,True,False,31.91704588601637,,,,,,2.1247706907037625e-05,4.132369090403308,0.80455241313301,0.0015514470537409534
453,1,0.3,integrated,False,True,34.652315757157275,45.71999999999955,55.98503910268154,80.37231575715683,90.63735485983881,90.63735485983881,1.9550201994611302e-05,2.803857151918872,1.1856471835646607,0.0009405129078499376
454,1,0.3,extinct,True,False,18.882371954786468,,,,,,1.876172256784879e-05,3.648690541746713,0.9092908848206457,0.0005696999361842892
455,1,0.3,integrated,False,True,32.41179407023346,44.75999999999957,55.20218964194892,77.17179407023303,87.61398371218237,87.61398371218237,2.3719862401629297e-05,2.189632409292328,0.6652990668154047,0.0006176968770746417
456,1,0.3,extinct,True,False,47.901172801659825,,,,,,2.9814980965693485e-05,2.300277009606327,0.7407793360490093,0.0012998275151665803
457,1,0.3,extinct,True,False,34.460450172303766,,,,,,2.1855941481802228e-05,4.175068368003292,0.6538844757913013,0.0010473677796199968
458,1,0.3,extinct,True,False,29.606577023774907,,,,,,2.635841278146168e-05,1.6960723162631657,0.6491151018561141,0.0009387322844479122
459,1,0.3,extinct,True,False,16.0369494994678,,,,,,2.450170306338381e-05,3.6313493366871086,0.5828519260848533,0.0012298587462361218
460,1,0.3,extinct,True,False,25.982227549948803,,,,,,2.938526210274195e-05,2.247384110921897,1.016832243503852,0.0013796642835056498
461,1,0.3,extinct,True,False,14.537776372440995,,,,,,1.4178428263431026e-05,4.549023539189501,0.8740123303119088,0.000637874090439674
462,1,0.3,extinct,True,False,30.063650107861342,,,,,,2.802124916127262e-05,4.493406213857385,0.6181737119897212,0.0011834234387173965
463,1,0.3,integrated,False,True,19.589509505941002,45.35999999999956,54.59185454569061,64.94950950594057,74.18136405163162,74.18136405163162,2.2560216399160402e-05,4.101209358268251,0.5208541624111418,0.0012806452443725085
464,1,0.3,integrated,False,True,26.923242340685796,45.23999999999956,55.291708888331286,72.16324234068536,82.21495122901709,82.21495122901709,2.095779852096524e-05,4.698117001343217,0.8350615511344158,0.001100007359622076
465,1,0.3,extinct,True,False,29.298883791201337,,,,,,4.4256238693280586e-05,5.437097430472398,0.9039685428545172,0.0005616454552583336
466,1,0.3,integrated,False,True,37.270652314215376,44.75999999999957,53.68177731496726,82.03065231421495,90.95242962918263,90.95242962918263,2.4524956376060917e-05,2.9656013405281563,0.49551035559877804,0.0012648942896515444
467,1,0.3,extinct,True,False,40.68615831130193,,,,,,1.219487345972834e-05,2.8076782552358046,0.592363363013934,0.0013885192055152302
468,1,0.3,integrated,False,True,23.48258881384371,46.79999999999953,57.38957857606279,70.28258881384323,80.8721673899065,80.8721673899065,1.5268569010238656e-05,3.959282245029292,0.8812652166240138,0.0011019666636606408
469,1,0.3,extinct,True,False,20.727412792301408,,,,,,2.132307049223828e-05,3.782533828735156,0.8134969139489759,0.00078426698397302
470,1,0.3,extinct,True,False,32.98115773377047,,,,,,2.836161392038145e-05,2.6058344092030934,0.9393274400952248,0.0006708308572640015
471,1,0.3,integrated,False,True,22.518972664813134,44.87999999999957,54.54256302584246,67.3989726648127,77.0615356906556,77.0615356906556,2.8775878185749802e-05,4.471515528144264,0.3865630259231701,0.0007693946570719867
472,1,0.3,extinct,True,False,17.24153604746313,,,,,,1.9739305874704473e-05,4.894873599948425,0.8688538341248054,0.0008978780071068949
473,1,0.3,integrated,False,True,24.928958402868798,44.39999999999958,53.94633017117255,69.32895840286838,78.87528857404135,78.87528857404135,2.992606097556698e-05,2.4542785314818314,1.1231988675864601,0.0008806303695317075
474,1,0.3,integrated,False,True,14.160347731445848,67.6799999999991,78.41403637743998,81.84034773144495,92.57438410888584,92.57438410888584,2.68161110849742e-05,3.0171308125672742,0.8083401055601904,0.0006503405566686197
475,1,0.3,extinct,True,False,31.412793597352554,,,,,,2.5102576018735552e-05,2.9358632519820387,1.0039310378577184,0.0011927134873494342
476,1,0.3,extinct,True,False,18.471271612649254,,,,,,2.195744436969816e-05,3.084541942294611,0.6913000009502942,0.0014352255945350597
477,1,0.3,integrated,False,True,30.352522278173563,45.119999999999564,56.590668554706475,75.47252227817313,86.94319083288003,86.94319083288003,1.6162856629927605e-05,3.4721811145995454,0.5643182850064272,0.0006047625938535306
478,1,0.3,extinct,True,False,14.86034242428984,,,,,,4.63589664059513e-05,3.3498086265464346,0.9285519069788206,0.000985252607328242
479,1,0.3,integrated,False,True,21.533096368653432,47.27999999999952,57.17058137031242,68.81309636865295,78.70367773896585,78.70367773896585,2.8652447667406186e-05,3.299175828543922,0.7312175327301151,0.0006622300271144893
480,1,0.3,extinct,True,False,29.08227041322716,,,,,,2.1088356957944403e-05,3.566276083674133,0.6689935112130844,0.0012403496745196528
481,1,0.3,extinct,True,False,14.03820123768907,,,,,,3.225792403104968e-05,2.1106019537573943,0.9312814788033624,0.0005195613379917662
482,1,0.3,integrated,False,True,22.105693717469364,44.75999999999957,55.26010381086749,66.86569371746893,77.36579752833686,77.36579752833686,2.228787664820237e-05,5.594874430834935,0.4822716406012816,0.0007613497615077588
483,1,0.3,extinct,True,False,15.252241865365555,,,,,,2.9308733030613336e-05,2.02523103597774,0.7920960455825287,0.0007663510955684247
484,1,0.3,integrated,False,True,25.01532403829507,45.35999999999956,56.151373302936776,70.37532403829462,81.16669734123184,81.16669734123184,2.1068386266102663e-05,3.4099575317032103,0.8019831137655126,0.0009066281696104795
485,1,0.3,integrated,False,True,18.549107089136506,45.23999999999956,53.6533412911259,63.78910708913607,72.20244838026241,72.20244838026241,3.69712018375329e-05,2.8799924076404597,0.5266054943403812,0.0010434066413858919
486,1,0.3,integrated,False,True,23.038475971047482,44.51999999999958,53.25854472647353,67.55847597104706,76.29702069752102,76.29702069752102,2.46281902730196e-05,1.8982919196287276,0.4038467235286765,0.0013033741083033066
487,1,0.3,integrated,False,True,30.10541610322444,44.87999999999957,53.89674538323386,74.98541610322401,84.0021614864583,84.0021614864583,2.0749041952134082e-05,2.4156216178893506,0.3388581839967005,0.0014612827225972324
488,1,0.3,integrated,False,True,30.775845033758173,44.87999999999957,54.680936514636954,75.65584503375774,85.45678154839513,85.45678154839513,3.904284484694517e-05,2.666383124505431,0.7489808456014015,0.0006927027545976307
489,1,0.3,extinct,True,False,37.506349796347486,,,,,,3.222245651168536e-05,4.431053942238021,0.39300443172213195,0.0007552722582496754
490,1,0.3,integrated,False,True,27.39155139449027,44.75999999999957,55.91697159133888,72.15155139448984,83.30852298582914,83.30852298582914,1.443624039549194e-05,3.427809391203288,0.36663864014683206,0.001281133104852519
491,1,0.3,extinct,True,False,21.340420333547108,,,,,,3.3329786331754185e-05,6.06467165570123,0.932577461142949,0.0011752845302209214
492,1,0.3,integrated,False,True,37.73655114451212,45.599999999999554,54.94163443007729,83.33655114451167,92.6781855745894,92.6781855745894,2.8641123135958186e-05,2.3886530357806532,1.2195978295000953,0.0011306844320779837
493,1,0.3,extinct,True,False,47.89073609095124,,,,,,1.7726483379056088e-05,2.0027139151131066,0.5825286663626459,0.0013824319100928313
494,1,0.3,integrated,False,True,10.800612339197478,45.959999999999546,53.77890153270285,56.760612339197024,64.57951387190033,64.57951387190033,3.008000621760611e-05,2.2458271097325473,0.6894882381294263,0.0019422908540876601
495,1,0.3,integrated,False,True,25.141266035844318,44.39999999999958,54.480634022893796,69.5412660358439,79.6219000587381,79.6219000587381,2.064293263170558e-05,5.446615917882056,0.36284836851642804,0.0009609402526978241
496,1,0.3,extinct,True,False,15.730392493405967,,,,,,4.862315855365976e-05,3.3564292060094467,1.309447606078959,0.0013922069654912987
497,1,0.3,extinct,True,False,33.57537372904117,,,,,,1.8731016012440964e-05,3.1868524572612054,0.554386015095805,0.0005989343468666334
498,1,0.3,extinct,True,False,17.608190023661205,,,,,,1.651620756314967e-05,3.8966475158032514,0.5510789651488017,0.0008356398266444274
499,1,0.3,integrated,False,True,41.82356954845959,44.99999999999957,54.73195680066224,86.82356954845915,96.55552634912183,96.55552634912183,2.9845236479313565e-05,3.2138090503289427,0.7645189648541285,0.0008797118116916752
0,1,0.5,extinct,True,False,17.02264798317675,,,,,,1.7760393816611255e-05,2.4445441997780635,0.6827377665258441,0.0005341216585185786
1,1,0.5,extinct,True,False,17.64065923292142,,,,,,1.994523032815451e-05,3.1682795955707226,0.32367112993439257,0.0013029593051106319
2,1,0.5,integrated,False,True,20.302270655317475,45.23999999999956,55.16237184322473,65.54227065531704,75.4646424985422,75.4646424985422,3.356130661352611e-05,2.4305833087991986,0.7151118373957728,0.0005655707811988112
3,1,0.5,integrated,False,True,14.930627770552098,45.35999999999956,55.360901718187606,60.29062777055166,70.2915294887397,70.2915294887397,1.3849993056090824e-05,1.796971415212447,0.7382632965980367,0.0015123240228688407
4,1,0.5,integrated,False,True,39.92671989426116,44.99999999999957,56.152187227487474,84.92671989426073,96.07890712174864,96.07890712174864,2.1841895636133762e-05,2.8187113860601336,0.8718192919465777,0.0005968917167932472
5,1,0.5,integrated,False,True,11.074949160807131,44.99999999999957,53.646435015687445,56.074949160806696,64.72138417649458,64.72138417649458,5.0480940401506664e-05,2.0489574988525456,1.0466689574759778,0.0008583063034884343
6,1,0.5,extinct,True,False,21.161427549149312,,,,,,3.117406253076853e-05,4.938885487194718,1.2062147693774337,0.0009757631815498144
7,1,0.5,integrated,False,True,30.387725523672025,44.87999999999957,54.2562923379284,75.2677255236716,84.64401786160042,84.64401786160042,1.9805325402527197e-05,3.6395296506828294,0.800114397949968,0.0014669428952846608
8,1,0.5,integrated,False,True,11.54010078215669,44.87999999999957,53.37475454901472,56.42010078215626,64.91485533117141,64.91485533117141,6.099821741551507e-05,5.2167464704576325,0.7104834927527093,0.0008803414579065251
9,1,0.5,integrated,False,True,26.940195209498143,46.31999999999954,56.872079570466305,73.26019520949768,83.81227477996444,83.81227477996444,2.101924797690863e-05,2.0072779356828834,0.7845563854261007,0.0006676694301107171
10,1,0.5,extinct,True,False,12.216624491881548,,,,,,2.092610846102909e-05,2.5820914156463837,0.9112798230136567,0.0017804261404392057
11,1,0.5,extinct,True,False,26.04787798195963,,,,,,3.901838561345107e-05,6.36824549040293,1.3819873258007418,0.0006471865233015036
12,1,0.5,integrated,False,True,25.237412889275966,44.87999999999957,54.57350394274414,70.11741288927553,79.8109168320201,79.8109168320201,3.5124913820298875e-05,2.6409802527312087,0.6899620673681017,0.0006603744549374034
13,1,0.5,extinct,True,False,21.271595775892553,,,,,,2.264596073862301e-05,7.515703902716169,1.3353557064693267,0.001111409662200262
14,1,0.5,integrated,False,True,18.66354405650353,46.07999999999954,56.970686377689574,64.74354405650307,75.6342304341931,75.6342304341931,1.730487539289728e-05,3.36367845626528,0.39943126628385267,0.0006873399987061195
15,1,0.5,extinct,True,False,29.098705190366548,,,,,,3.453728200985455e-05,8.199773447917986,0.48960734734975203,0.0010055626152164646
16,1,0.5,integrated,False,True,24.540515436405407,46.439999999999536,54.821351219490396,70.98051543640494,79.3618666558958,79.3618666558958,3.918133142138015e-05,1.8053080810932263,0.8608416918489067,0.0011351929950986948
17,1,0.5,extinct,True,False,19.957788734687995,,,,,,1.5122116629818532e-05,2.364058215319074,1.0894730460466409,0.0008010621539814677
18,1,0.5,integrated,False,True,21.52901681154955,46.31999999999954,59.161977093225914,67.84901681154909,80.69099390477547,80.69099390477547,1.5032340815148282e-05,4.249130508277882,0.6847654917237282,0.0004897438818784181
19,1,0.5,extinct,True,False,30.198713373207905,,,,,,3.672288281888858e-05,2.5762877850532773,0.7579796910050293,0.0006434756060030357
20,1,0.5,integrated,False,True,34.94918355637206,45.83999999999955,58.23414193457687,80.78918355637161,93.18332549094893,93.18332549094893,9.442894902200634e-06,4.754476912928624,0.47093499243559195,0.0008849051625107034
21,1,0.5,integrated,False,True,34.33418190207088,45.959999999999546,56.86823949184328,80.29418190207042,91.20242139391416,91.20242139391416,1.4196517805237526e-05,3.5036656640891595,0.4190812528839096,0.0009270526291846652
22,1,0.5,integrated,False,True,36.57697853268881,45.83999999999955,57.08220732532054,82.41697853268836,93.65918585800935,93.65918585800935,1.6738733374034923e-05,1.442590916227442,1.0511034046775756,0.0007614101829750413
23,1,0.5,integrated,False,True,24.217826340333573,44.159999999999584,50.26636472989305,68.37782634033316,74.48419107022661,74.48419107022661,8.052729623732822e-05,3.1969224687343094,0.5681685315144217,0.002232189710455124
24,1,0.5,integrated,False,True,15.12513991323502,45.23999999999956,53.79091184933507,60.365139913234586,68.91605176257009,68.91605176257009,2.5804258124708486e-05,3.8202307827921347,0.37057314673053776,0.0016245397641760603
25,1,0.5,extinct,True,False,34.33036858435815,,,,,,2.3669471791979226e-05,2.630465929067484,0.9273833169988657,0.0005937713873613464
26,1,0.5,extinct,True,False,23.000896652438193,,,,,,6.731709559784134e-06,4.59992193311718,0.27702177448619747,0.0048193860171209055
27,1,0.5,integrated,False,True,24.38498351934705,47.63999999999951,60.54173111887191,72.02498351934656,84.92671463821895,84.92671463821895,1.885146574859756e-05,4.7939432503139985,1.1212678924114725,0.00036563843145164416
28,1,0.5,integrated,False,True,26.446540373475198,45.119999999999564,55.026133707539344,71.56654037347477,81.47267408101455,81.47267408101455,2.708692785803315e-05,2.5391963939008027,0.3921969079908557,0.0006661254618675247
29,1,0.5,integrated,False,True,34.7435198386203,44.639999999999574,54.76971586584173,79.38351983861988,89.51323570446203,89.51323570446203,2.894404190074181e-05,2.9636765498704167,0.7488747675551649,0.0006498653752870481
30,1,0.5,integrated,False,True,31.66254856294699,45.35999999999956,54.530369025448714,77.02254856294655,86.1929175883957,86.1929175883957,2.2276573116384467e-05,3.2990832368189222,0.2907683131659178,0.0012286934839400559
31,1,0.5,extinct,True,False,29.869329674093002,,,,,,1.600303626363954e-05,5.959554081056455,0.5105782315558997,0.00233217660515555
32,1,0.5,integrated,False,True,15.205264136935154,44.159999999999584,54.29709058489693,59.36526413693474,69.50235472183208,69.50235472183208,3.675252091181912e-05,3.7474764832063476,0.4735006402865595,0.000624218706975135
33,1,0.5,integrated,False,True,32.88636797337654,46.55999999999953,56.046331531474294,79.44636797337607,88.93269950485083,88.93269950485083,1.6040759098000328e-05,2.8253788066038004,0.25961666435970054,0.0016168080288490483
34,1,0.5,integrated,False,True,21.955925866321046,44.51999999999958,53.96005956490221,66.47592586632062,75.91598543122325,75.91598543122325,2.0711557382358583e-05,2.642221565637722,0.47951327669569993,0.001173648201129716
35,1,0.5,extinct,True,False,16.144136726584456,,,,,,2.5037196302387144e-05,2.536823521217356,1.2540872658838031,0.0016317834818150437
36,1,0.5,integrated,False,True,40.010337877222035,44.87999999999957,53.447139050623385,84.89033787722161,93.45747692784542,93.45747692784542,3.4456725867972666e-05,3.073395495080459,0.5481890890056069,0.0010330133948997149
37,1,0.5,extinct,True,False,11.705103099568491,,,,,,2.280185419683017e-05,5.195504850097251,1.1048240493443733,0.0006971914729763561
38,1,0.5,integrated,False,True,24.016661759596584,45.83999999999955,55.781286226683406,69.85666175959614,79.79794798628,79.79794798628,2.4375226082841622e-05,1.6045820093432996,0.5475108774363433,0.0009059778537423762
39,1,0.5,integrated,False,True,29.694342580394892,44.75999999999957,53.853683974585834,74.45434258039447,83.54802655498072,83.54802655498072,2.2866230670139268e-05,3.096598683613461,0.7699003494010696,0.00146092506328335
40,1,0.5,extinct,True,False,25.792014010192936,,,,,,2.8670797259841148e-05,2.109356972631747,1.3244962711784938,0.00035527181379909034
41,1,0.5,extinct,True,False,17.91333148396616,,,,,,1.7889889182645907e-05,4.223077895759158,0.5465595942217135,0.000540852713197255
42,1,0.5,extinct,True,False,10.46404799955616,,,,,,1.1911822223768837e-05,6.482682181227355,0.953950003454759,0.0027697587031460555
43,1,0.5,extinct,True,False,23.27249339543987,,,,,,3.447323821727489e-05,3.3350308109501543,0.8516863974079804,0.001778389450485971
44,1,0.5,integrated,False,True,12.016172176217541,44.51999999999958,56.64480150943379,56.53617217621712,68.66097368565133,68.66097368565133,2.449000474463989e-05,5.244819847683457,0.6130212781374471,0.00038144335708679533
45,1,0.5,extinct,True,False,29.600227561099125,,,,,,2.4944977198714542e-05,5.214968964683,0.49048284576289,0.0006855533383599386
46,1,0.5,integrated,False,True,35.335450682688595,45.71999999999955,55.352032843687624,81.05545068268815,90.68748352637621,90.68748352637621,1.957172251162134e-05,2.333858848097756,0.4183943354082998,0.0011230126354073104
47,1,0.5,extinct,True,False,24.891764722908633,,,,,,1.1518987539595306e-05,2.690147888532889,0.9715410616600247,0.0010099072150113453
48,1,0.5,integrated,False,True,23.603259071248644,45.599999999999554,58.01582349057902,69.2032590712482,81.61908256182767,81.61908256182767,1.3421697706254758e-05,2.440054895566521,0.3200225834862265,0.0005353480088494202
49,1,0.5,extinct,True,False,13.944283011728748,,,,,,8.856381942832126e-06,4.336538474235541,0.9199800043196626,0.00043435034543859674
50,1,0.5,integrated,False,True,34.97139294539183,44.159999999999584,53.32442353243867,79.13139294539141,88.2958164778305,88.2958164778305,3.646190026653625e-05,1.6199109828433733,0.43183982825155504,0.0009658240769965313
51,1,0.5,extinct,True,False,23.10186350837497,,,,,,1.9475416704015077e-05,2.7168484786162463,1.3247595507517227,0.0007404619468377117
52,1,0.5,extinct,True,False,25.674085496057838,,,,,,1.8199246837777628e-05,6.1307678036091,0.8184851562686453,0.0006697906652330343
53,1,0.5,extinct,True,False,27.281333920856873,,,,,,1.0713317087409813e-05,2.110990057230284,0.5753570955704258,0.0010132676907051979
54,1,0.5,extinct,True,False,28.20046992908152,,,,,,1.2494557947307513e-05,3.3311836443543794,2.0732116051036513,0.00062029605669719
55,1,0.5,extinct,True,False,26.264997865876374,,,,,,2.007026582205167e-05,4.832212091436719,1.316360325734249,0.0018131824469580968
56,1,0.5,integrated,False,True,31.093270526276655,44.51999999999958,52.73183350412645,75.61327052627624,83.82510403040311,83.82510403040311,2.731840903952936e-05,1.2002442422349893,0.35928168461861254,0.0016282955937973788
57,1,0.5,extinct,True,False,17.17653862651568,,,,,,1.0117014329759269e-05,3.6380354895898206,0.5935135813509504,0.0006244830821066593
58,1,0.5,integrated,False,True,19.772912282867317,46.31999999999954,57.46634214655826,66.09291228286685,77.23925442942559,77.23925442942559,1.747120515678753e-05,4.08973611896472,0.6310600783828356,0.0006953279056254098
59,1,0.5,integrated,False,True,40.82017312933357,47.51999999999951,58.118241723602566,88.34017312933308,98.93841485293613,98.93841485293613,1.82290320843986e-05,1.9271643988255622,0.5967731980494264,0.0010125900068786136
60,1,0.5,extinct,True,False,12.851621979187204,,,,,,1.9364665846870095e-05,1.9900711353404719,0.43666806530405033,0.0009549864043581746
61,1,0.5,extinct,True,False,29.612551583544768,,,,,,1.1978626813787797e-05,4.295831890003951,0.5902461293405528,0.0021918765257628744
62,1,0.5,integrated,False,True,31.317877437727173,44.75999999999957,56.13390212335741,76.07787743772674,87.45177956108458,87.45177956108458,1.43222938878087e-05,3.9450058531434165,0.3379892120510865,0.0012808586569174492
63,1,0.5,integrated,False,True,45.320863449740585,46.31999999999954,56.57626282388303,91.64086344974012,101.89712627362361,101.89712627362361,1.2077847228031336e-05,2.0783004414194357,0.41274955082038356,0.0015169459202374743
64,1,0.5,extinct,True,False,19.459120383448127,,,,,,2.522871249464356e-05,6.092561984097254,0.6846000096733281,0.0010529473345815838
65,1,0.5,integrated,False,True,11.277136130821361,44.159999999999584,53.003148297667366,55.437136130820946,64.28028442848873,64.28028442848873,3.446467142637284e-05,2.5248681131361326,0.6853290296678234,0.00096677369441845
66,1,0.5,integrated,False,True,27.101921184266637,44.99999999999957,55.54657291211416,72.1019211842662,82.6484940963808,82.6484940963808,2.4414604803935802e-05,1.7618220541752558,0.4519700718923759,0.0005441515590991629
67,1,0.5,integrated,False,True,19.16394589187769,45.23999999999956,53.75062944025795,64.40394589187726,72.91457533213564,72.91457533213564,2.8747654013172555e-05,2.7733417312976227,0.7829506923809451,0.0013949535439719894
68,1,0.5,extinct,True,False,26.890430032752743,,,,,,1.8419654085426065e-05,3.403684006312378,0.6632146850917735,0.0012134372827516953
69,1,0.5,extinct,True,False,29.84101327175251,,,,,,1.720297672823224e-05,3.8904064863654013,0.6397237004595268,0.0006757589722282502
70,1,0.5,integrated,False,True,28.487573047729956,45.479999999999556,55.50132020084375,73.96757304772952,83.9888932485737,83.9888932485737,2.028708361594315e-05,3.3265265066987,0.5743783963594117,0.0009279972118693159
71,1,0.5,extinct,True,False,10.006217497963304,,,,,,7.404710489234323e-06,1.9806004942921631,1.19893074924086,0.0006717958364107539
72,1,0.5,integrated,False,True,9.27527772912131,44.51999999999958,56.281533582394594,53.79527772912088,65.5568113115159,65.5568113115159,1.8707523831669314e-05,5.3419802503153795,0.41312397592727185,0.00048725862009054013
73,1,0.5,integrated,False,True,30.73237827624112,44.27999999999958,52.550098883522125,75.0123782762407,83.28247715976325,83.28247715976325,3.060823694585123e-05,2.1019128033710106,0.24461989837404674,0.0013530806429869595
74,1,0.5,extinct,True,False,29.974668971702883,,,,,,2.900645817473678e-05,3.6692159923065435,1.9574126240155103,0.0007766351827723593
75,1,0.5,extinct,True,False,14.582992255106602,,,,,,1.4104811681505312e-05,6.709081806393256,0.4229144080689258,0.0006683054389201589
76,1,0.5,extinct,True,False,24.979935319651084,,,,,,5.290253533895451e-05,9.194340893292775,1.0387046501611203,0.0018834148192874891
77,1,0.5,integrated,False,True,27.75855870996165,47.15999999999952,57.97649946635007,74.91855870996118,85.73505817631172,85.73505817631172,1.8435541894801064e-05,2.12118993265866,0.40487576150043586,0.0009476005528162209
78,1,0.5,integrated,False,True,15.27480341665699,45.23999999999956,56.85234250996079,60.51480341665655,72.12714592661779,72.12714592661779,2.2912081856989357e-05,1.2086208362286368,0.47225351240426644,0.00037887099273258663
79,1,0.5,extinct,True,False,52.7156923796451,,,,,,1.4243021934322718e-05,2.5146546289216127,0.6192566961198046,0.0007728756857121833
80,1,0.5,integrated,False,True,22.49023522489762,44.75999999999957,54.302886528443054,67.2502352248972,76.79312175334067,76.79312175334067,3.1164441827504245e-05,1.0490111426175255,0.989866393911415,0.0008566524411316438
81,1,0.5,extinct,True,False,15.127110541684909,,,,,,1.1591462871182702e-05,2.7453431813935234,0.8417959430889899,0.0010524961939111191
82,1,0.5,integrated,False,True,27.78532710221752,51.23999999999944,64.03350635571371,79.02532710221696,91.81883345793123,91.81883345793123,1.1502391414230694e-05,3.5901223712678307,0.9476621875453579,0.000733891546133984
83,1,0.5,extinct,True,False,37.42824856228337,,,,,,2.3150285258231526e-05,2.445271340408496,0.3871094328933812,0.00041716077119047717
84,1,0.5,integrated,False,True,18.287048039842308,44.75999999999957,54.7893727294444,63.04704803984188,73.07642076928671,73.07642076928671,2.294639288964713e-05,7.636342879536486,0.4934750768040102,0.0013335003538425838
85,1,0.5,integrated,False,True,23.42188760246679,44.39999999999958,53.09414201668481,67.82188760246638,76.5160296191516,76.5160296191516,4.3138474440137235e-05,3.5244971824372096,0.8174873420915394,0.0008508271609842705
86,1,0.5,integrated,False,True,18.700735806759372,45.23999999999956,52.823449330423614,63.94073580675894,71.52418513718298,71.52418513718298,5.348675917450751e-05,2.384532094495913,1.3247644715720712,0.0015453156386777659
87,1,0.5,extinct,True,False,39.41635343732268,,,,,,2.017345081888134e-05,3.59577462954032,0.8952873251884512,0.0008412163597289451
88,1,0.5,extinct,True,False,26.466881412545458,,,,,,2.1896813543480167e-05,2.4812589723274776,1.5402032015274003,0.0014044456696795085
89,1,0.5,integrated,False,True,26.988020426533925,45.479999999999556,58.11796401805166,72.46802042653349,85.10598444458559,85.10598444458559,9.251774232207134e-06,4.897044442658866,0.7135361996238339,0.0008636469800369047
90,1,0.5,extinct,True,False,20.48257216422557,,,,,,2.1557725065526672e-05,4.195739342927876,0.7686670207013102,0.0006795497311820953
91,1,0.5,integrated,False,True,25.85642888267378,44.75999999999957,55.40866072412667,70.61642888267335,81.26508960680044,81.26508960680044,1.9894959925212397e-05,2.6796604590988298,0.7248070226936756,0.0007010151840739874
92,1,0.5,extinct,True,False,22.35225679373456,,,,,,1.6343347727593175e-05,3.7989395188407533,0.8303759534835509,0.0004751806859680545
93,1,0.5,integrated,False,True,51.74684912855385,45.599999999999554,55.57518971561301,97.3468491285534,107.32203884416685,107.32203884416685,2.9379935652626176e-05,2.070562945084696,0.913597456121191,0.0007835804586848639
94,1,0.5,integrated,False,True,26.481672019190253,44.99999999999957,55.35397645573769,71.48167201918982,81.83564847492794,81.83564847492794,1.464928902502879e-05,1.983794203142827,0.35388876149502646,0.0010075723639622152
95,1,0.5,extinct,True,False,18.838677941193783,,,,,,2.0621835450541912e-05,2.0638923624237813,1.1699903089604007,0.00091295314016836
96,1,0.5,extinct,True,False,23.585674133613225,,,,,,2.839957128506135e-05,1.5698762522046406,1.2740519065648592,0.0005926543952982739
97,1,0.5,integrated,False,True,47.091859833730915,45.119999999999564,53.86565523152096,92.21185983373047,100.95751506525187,100.95751506525187,3.687805732716227e-05,2.661376962915438,1.6533410887052673,0.0010203709900001173
98,1,0.5,extinct,True,False,18.457989340590355,,,,,,3.15847701506258e-05,3.6317919413412953,1.2225772153442198,0.0003900311101984828
99,1,0.5,extinct,True,False,21.63558460035709,,,,,,1.1925765645465655e-05,3.472545023421174,0.3957451520931837,0.0013566261101174888
100,1,0.5,integrated,False,True,19.82168816992303,44.75999999999957,54.44890675458294,64.5816881699226,74.27059492450597,74.27059492450597,1.8854761138346106e-05,2.0741600744335082,0.5334701779547059,0.0012228908147068525
101,1,0.5,integrated,False,True,31.672401667786787,45.83999999999955,54.212468588737636,77.51240166778634,85.88487025652442,85.88487025652442,3.0746958283372664e-05,1.7274368558136242,0.6375754509203588,0.0015711500636224531
102,1,0.5,integrated,False,True,23.18130207930643,45.479999999999556,54.170623757905375,68.66130207930598,77.35192583721181,77.35192583721181,2.0732641707874122e-05,2.979896231799432,0.6482231137674099,0.001924434399476382
103,1,0.5,extinct,True,False,27.453104415937066,,,,,,1.5025603979274484e-05,1.6900357349451174,0.5653541543038784,0.0022375535501341433
104,1,0.5,integrated,False,True,18.124061864150082,44.87999999999957,52.68118335867427,63.00406186414965,70.80524522282435,70.80524522282435,2.8292318843177222e-05,1.9696206260570164,1.2197377080579923,0.002659732240783479
105,1,0.5,integrated,False,True,31.574635619961587,44.51999999999958,53.411317805998465,76.09463561996117,84.98595342596005,84.98595342596005,2.9158485361220925e-05,2.5487373441139884,0.4389151676713922,0.001050838677872079
106,1,0.5,integrated,False,True,25.171486888375135,45.959999999999546,55.01140545414274,71.13148688837468,80.18289234251787,80.18289234251787,2.60015420074752e-05,2.2598552750999934,0.5208326996697252,0.001067693815447689
107,1,0.5,extinct,True,False,43.00172890534788,,,,,,1.087109264681876e-05,2.1435998853685394,0.6881629729884049,0.0015600450321459193
108,1,0.5,integrated,False,True,29.941778602756163,46.19999999999954,56.726588074206816,76.1417786027557,86.66836667696298,86.66836667696298,3.052284102065295e-05,4.774187339795729,0.22602008683329497,0.0005563196498372033
109,1,0.5,integrated,False,True,33.32469632178113,46.67999999999953,57.8405482859879,80.00469632178067,91.16524460776904,91.16524460776904,1.2712676341897674e-05,2.3853432631688287,1.536645787728809,0.0010751513155416782
110,1,0.5,extinct,True,False,16.55219200575783,,,,,,2.0389905055273606e-05,5.123934398916608,0.5233955130423865,0.0006038964111531614
111,1,0.5,integrated,False,True,18.482119157870006,44.03999999999959,53.67555821176513,62.5221191578696,72.15767736963514,72.15767736963514,3.263886900703659e-05,1.847244687572696,0.27202270773055937,0.0008693446843829977
112,1,0.5,integrated,False,True,25.129977789244535,45.119999999999564,56.20241874933388,70.2499777892441,81.33239653857842,81.33239653857842,2.0451604842220686e-05,1.3957418027304662,0.4968378910168205,0.0006213580744545425
113,1,0.5,extinct,True,False,19.739923573353504,,,,,,1.1550815342998983e-05,6.310688815692051,1.1521762210669888,0.0004658449815346808
114,1,0.5,extinct,True,False,17.84885867249981,,,,,,2.4670967155541254e-05,1.5650468642218596,0.20056937741758465,0.0005297734803461734
115,1,0.5,integrated,False,True,19.06588489190088,44.75999999999957,54.76075474116054,63.82588489190045,73.82663963306142,73.82663963306142,2.829700798727574e-05,3.2271124389511403,0.6183739069591239,0.0008904570588400423
116,1,0.5,integrated,False,True,23.317657989086122,47.879999999999505,59.78905068113781,71.19765798908563,83.10670867022392,83.10670867022392,1.7219618062312595e-05,1.9454865930455947,0.3598496656662196,0.00043874351963499834
117,1,0.5,extinct,True,False,21.70627065434289,,,,,,1.4499289789585169e-05,2.4458440399887165,0.6484614708461307,0.0005030882816068447
118,1,0.5,extinct,True,False,34.361367863853694,,,,,,2.9864853536472587e-05,2.366057138236303,0.8118727442689168,0.00036952954995381887
119,1,0.5,extinct,True,False,29.98040741564919,,,,,,2.2217301989615448e-05,3.8762668436024135,1.074802097516573,0.0005493684448922754
120,1,0.5,integrated,False,True,18.804858529089422,47.03999999999952,55.39116453555803,65.84485852908895,74.19602306464745,74.19602306464745,3.9302777729878685e-05,1.426007683885801,0.6025500982612586,0.001319557555117698
121,1,0.5,extinct,True,False,17.840897544134464,,,,,,2.2115032570133498e-05,3.8515229849517736,1.353344072470528,0.000513420153357887
122,1,0.5,integrated,False,True,21.4730529258252,45.959999999999546,53.94322154760178,67.43305292582474,75.41627447342698,75.41627447342698,4.6037211191231624e-05,3.082617577792481,2.1416249136341787,0.0014737689409089713
123,1,0.5,extinct,True,False,15.859322458502625,,,,,,3.024583224194244e-05,4.308540898237455,0.6826789052783949,0.0006181986330366292
124,1,0.5,extinct,True,False,46.67084832165506,,,,,,1.7212029740172097e-05,2.1103530165392974,0.34987398639410133,0.0010980466217029262
125,1,0.5,integrated,False,True,41.53170991050765,49.79999999999947,59.160108479416735,91.33170991050713,100.69181838992438,100.69181838992438,1.7038943984220102e-05,2.487639585701566,0.5436976184466399,0.0015411780132815627
126,1,0.5,extinct,True,False,25.764039581427664,,,,,,2.9982666561622946e-05,4.300115972317874,0.9365887524467809,0.0016809168303028174
127,1,0.5,extinct,True,False,11.583086517944595,,,,,,2.1409606533021502e-05,2.27512824147978,2.1451192392082215,0.0019308011554647877
128,1,0.5,extinct,True,False,22.408692476580825,,,,,,3.082066591054367e-05,3.2006021728170437,1.2742347619644843,0.0011553878816854806
129,1,0.5,extinct,True,False,29.262522700077874,,,,,,1.182139353230135e-05,4.69416857380314,0.49212463201673073,0.001734342352331213
130,1,0.5,extinct,True,False,16.363720894096097,,,,,,1.7683440754271035e-05,2.4882466650720216,1.3274277082083636,0.0008349780160180747
131,1,0.5,extinct,True,False,22.369521705702805,,,,,,2.6744770064250278e-05,3.283412126717372,0.3223670980786984,0.0014724386389818414
132,1,0.5,integrated,False,True,21.41363337533707,44.639999999999574,54.00431044156751,66.05363337533664,75.41794381690458,75.41794381690458,2.5704683920798426e-05,6.662453283549677,0.6367112816909518,0.0012858679061360492
133,1,0.5,integrated,False,True,22.496328415370442,45.23999999999956,55.33998528339055,67.73632841537,77.83631369876099,77.83631369876099,2.398370681142203e-05,1.268337937955701,0.6303830588509416,0.0007929434891328334
134,1,0.5,extinct,True,False,18.973357955259647,,,,,,1.656201649015595e-05,1.99187728954319,1.1345964363179624,0.0017891587826735348
135,1,0.5,integrated,False,True,34.19188262039397,44.39999999999958,54.808182026447426,78.59188262039355,89.0000646468414,89.0000646468414,2.616611818848308e-05,2.8581576091510654,0.5608565373241264,0.0006367818675674746
136,1,0.5,extinct,True,False,24.841275176831957,,,,,,2.0129400914359613e-05,1.063636015714195,0.9867443703142796,0.0017302174407248126
137,1,0.5,integrated,False,True,21.568887147912935,44.51999999999958,52.87848032578831,66.08888714791252,74.44736747370125,74.44736747370125,5.9794608993967583e-05,3.512007802290739,0.6274521030977177,0.0008122341658312646
138,1,0.5,extinct,True,False,29.871691092129286,,,,,,2.591112408274081e-05,1.3007630629740736,1.515870049928715,0.0008245643157898774
139,1,0.5,extinct,True,False,18.396154058988568,,,,,,3.694343067710509e-05,2.8442180692226344,0.5476585351740328,0.0014884553509074232
140,1,0.5,integrated,False,True,25.73037502156159,44.51999999999958,52.232811863630545,70.25037502156117,77.96318688519213,77.96318688519213,6.200346713400836e-05,3.728412132991748,0.9968309969392416,0.0010609255954961351
141,1,0.5,integrated,False,True,23.66699289256986,47.399999999999515,55.7137920123582,71.06699289256937,79.38078490492805,79.38078490492805,2.9404169636580714e-05,2.8311310644928223,0.953476095959731,0.0017876858685922157
142,1,0.5,extinct,True,False,16.303621818335348,,,,,,2.583280041057624e-05,3.1162573092002486,0.44703112942381806,0.0018357956286096076
143,1,0.5,integrated,False,True,32.189834322360674,45.35999999999956,55.23314320814636,77.54983432236023,87.42297753050704,87.42297753050704,1.7463993545105426e-05,4.809076298984408,0.49381529615184044,0.001482362247004758
144,1,0.5,extinct,True,False,30.712166019974724,,,,,,1.4554750645024207e-05,3.9361061890066598,0.6222522193803238,0.0014946980489608218
145,1,0.5,extinct,True,False,17.065207053596346,,,,,,1.6459103754370397e-05,2.521420798560635,0.689169402088681,0.0015506296345788285
146,1,0.5,integrated,False,True,15.393310425494596,44.03999999999959,51.9891139919108,59.433310425494184,67.38242441740539,67.38242441740539,4.3119668603523354e-05,1.3892180701591337,0.4230069666270938,0.001167644163689007
147,1,0.5,integrated,False,True,25.00779050044933,44.27999999999958,52.55035287066201,69.28779050044892,77.55814337111134,77.55814337111134,3.577281787507036e-05,3.6985115550494507,0.3737731523287999,0.001212979567640711
148,1,0.5,extinct,True,False,17.404019310829145,,,,,,2.5881735305023218e-05,1.5465135123790708,2.2281023412542553,0.0005461242837241797
149,1,0.5,extinct,True,False,24.96493543856518,,,,,,2.202509220888279e-05,1.7898834265238437,1.1758142646442564,0.0009776305439415142
150,1,0.5,extinct,True,False,28.493491179787842,,,,,,2.2613952812545096e-05,2.714802895087451,0.5998891275731851,0.0010127518608929011
151,1,0.5,extinct,True,False,21.856131274621614,,,,,,2.0646215888696414e-05,1.2031521707473065,0.7266748526444594,0.0004396020423321874
152,1,0.5,extinct,True,False,27.11501817133904,,,,,,2.2193363125380784e-05,4.631860919307196,0.39742112706899857,0.0004412903309032646
153,1,0.5,extinct,True,False,28.462711016892378,,,,,,4.854778559015183e-05,2.8376920011664932,0.39411333540129984,0.00107385646604554
154,1,0.5,extinct,True,False,14.173590714080039,,,,,,1.1919394453900377e-05,2.204540808968089,0.7983151779531472,0.0006675704640727331
155,1,0.5,integrated,False,True,22.285959064462958,45.119999999999564,54.52305247092687,67.40595906446252,76.80901153538983,76.80901153538983,2.8897823985141794e-05,3.2396639426117075,0.6965721770278654,0.0008343215077026457
156,1,0.5,integrated,False,True,15.478148546445397,49.07999999999949,58.908434268738844,64.55814854644488,74.38658281518424,74.38658281518424,2.1084838114148283e-05,2.273732091059876,0.3843807681971398,0.0011455374017999152
157,1,0.5,integrated,False,True,27.743706249947415,47.399999999999515,56.97566736376421,75.14370624994693,84.71937361371162,84.71937361371162,1.700188057707683e-05,3.7258576985344325,0.585066670291724,0.001585331843798129
158,1,0.5,extinct,True,False,29.704232997572255,,,,,,3.147078568747007e-05,4.002193936682426,0.7492169677910057,0.0009789906414462677
159,1,0.5,integrated,False,True,31.302438977741318,45.599999999999554,57.07607469298571,76.90243897774087,88.37851367072703,88.37851367072703,1.7081887038380375e-05,5.442567865948757,0.7408646927978374,0.0006367606738085282
160,1,0.5,extinct,True,False,29.635843641172332,,,,,,8.144030468699542e-05,1.8923948399314066,1.526657958783185,0.0020654265249002318
161,1,0.5,integrated,False,True,18.026999608225356,44.27999999999958,53.300442964266885,62.30699960822494,71.32744257249225,71.32744257249225,3.695891706029298e-05,5.383099397846884,0.2857594476434619,0.0008250325187608695
162,1,0.5,integrated,False,True,36.032161099627885,44.639999999999574,53.73887464399414,80.67216109962746,89.77103574362202,89.77103574362202,3.814768286867396e-05,0.9885385663971061,0.6195464554821363,0.0007039523235788935
163,1,0.5,extinct,True,False,23.4058250352855,,,,,,2.3073955865452654e-05,2.532224819697913,0.59588918931324,0.0009810418343792603
164,1,0.5,integrated,False,True,22.188065045015534,45.23999999999956,55.49381446639019,67.4280650450151,77.68187951140573,77.68187951140573,2.3914870880798904e-05,2.5892162563248022,0.4837620959173285,0.0006589329053033197
165,1,0.5,extinct,True,False,31.179346797607298,,,,,,1.7932541425592982e-05,1.797105432471513,1.2603687753734811,0.0022789890782063667
166,1,0.5,integrated,False,True,34.85534032563237,45.479999999999556,58.36691171017503,80.33534032563193,93.2222520358074,93.2222520358074,1.3011480897955265e-05,1.7874301746832737,0.6294069801216211,0.0005821940624922842
167,1,0.5,integrated,False,True,26.20112306413019,44.75999999999957,54.802098337417874,70.96112306412977,81.00322140154806,81.00322140154806,1.77085485225819e-05,3.371137898471315,0.557867299151884,0.001716943543030197
168,1,0.5,integrated,False,True,24.580478680735016,44.75999999999957,54.224797531500684,69.34047868073459,78.8052762122357,78.8052762122357,2.1519571892381675e-05,4.405260671096976,0.43072765295205967,0.0012132640738748706
169,1,0.5,extinct,True,False,22.90542184600021,,,,,,1.1986918404535581e-05,2.530024906475083,1.531111934071805,0.0005801412052776786
170,1,0.5,extinct,True,False,33.07730545873839,,,,,,2.8689625877019346e-05,2.076987016653623,0.8698833258388856,0.0009979506250590456
171,1,0.5,integrated,False,True,31.07407812546994,45.479999999999556,56.79986354546388,76.55407812546949,87.87394167093382,87.87394167093382,1.6950642620315975e-05,2.407865148825629,1.3823977816750554,0.0008412703704362723
172,1,0.5,integrated,False,True,11.061553330503184,66.11999999999912,74.38445268459164,77.18155333050231,85.44600601509482,85.44600601509482,1.756103999332498e-05,1.7846175079196869,0.8832400114836622,0.001219006341047355
173,1,0.5,integrated,False,True,30.8066337378316,45.479999999999556,55.06731981186686,76.28663373783115,85.87395354969846,85.87395354969846,3.555726947979801e-05,3.6977856295243146,0.46684805413596275,0.0006188953989704561
174,1,0.5,integrated,False,True,32.268221770933614,45.23999999999956,55.35118375505284,77.50822177093318,87.61940552598645,87.61940552598645,1.678825593449845e-05,2.2177406546554326,0.8903662325472994,0.001273371905050142
175,1,0.5,extinct,True,False,32.78662397924196,,,,,,6.092799085258571e-05,8.386404970499017,1.297340651255477,0.0008760249516601505
176,1,0.5,integrated,False,True,31.16408215714963,44.51999999999958,54.29867571387237,75.6840821571492,85.462757871022,85.462757871022,2.1411721061699395e-05,5.210585893533222,0.23867970831071075,0.0010109996100064796
177,1,0.5,extinct,True,False,23.897160611933344,,,,,,3.7319006270595554e-05,3.364854683165098,1.1626445738603488,0.0007560566385576598
178,1,0.5,integrated,False,True,22.79378008381203,44.75999999999957,54.86706849658059,67.5537800838116,77.66084858039262,77.66084858039262,1.7778049263784805e-05,2.794572756089168,0.4736855616670941,0.0014439303238487052
179,1,0.5,extinct,True,False,30.371495282127412,,,,,,1.9051111685930426e-05,3.7586992608503467,0.5982999211826516,0.0012473855308133054
180,1,0.5,extinct,True,False,26.654135981816577,,,,,,2.8717974580059368e-05,4.732957452496245,2.131357929779387,0.0012109289185023827
181,1,0.5,extinct,True,False,26.814446187080637,,,,,,1.723983520362521e-05,5.523966647001456,0.5472552137101004,0.0007319173698207171
182,1,0.5,extinct,True,False,30.35640025414714,,,,,,2.745782112166924e-05,5.6696902162917615,0.5753816851898028,0.0011051364566742018
183,1,0.5,extinct,True,False,20.747577870778706,,,,,,2.7391376624707745e-05,2.9238384318595725,0.8017811612499571,0.0005074407182999404
184,1,0.5,integrated,False,True,41.32439696561237,46.07999999999954,56.99009386662343,87.40439696561191,98.3144908322358,98.3144908322358,1.9250706608742035e-05,1.3583015071295965,0.7844349773925723,0.0006077042403049862
185,1,0.5,extinct,True,False,36.2959320273785,,,,,,2.3780337284664854e-05,2.1747132307583477,0.41103116473681045,0.0007204936492579369
186,1,0.5,extinct,True,False,17.03121575924835,,,,,,1.987858853672393e-05,3.3513932577167553,0.3515482166558662,0.0006596443290054798
187,1,0.5,integrated,False,True,30.206870265408604,46.439999999999536,54.24020727049271,76.64687026540814,84.44707753590131,84.44707753590131,3.087240496716761e-05,1.0178674163435695,0.8498126751891091,0.0019021012095982157
188,1,0.5,integrated,False,True,32.33847883776165,44.87999999999957,54.04537310099067,77.21847883776121,86.38385193875231,86.38385193875231,3.21461512875421e-05,2.727851925384016,1.0487471560356254,0.0010451918380456325
189,1,0.5,integrated,False,True,18.079382473295514,44.51999999999958,54.11587801051012,62.599382473295094,72.19526048380564,72.19526048380564,2.6493436683210295e-05,4.797159804562014,0.43948973336245284,0.0011210607733137536
190,1,0.5,integrated,False,True,20.192922948249056,44.87999999999957,54.0736637264959,65.07292294824862,74.26658667474496,74.26658667474496,1.850201937940719e-05,2.625416419921101,0.22865139475856536,0.0014511423685523266
191,1,0.5,extinct,True,False,21.239699894983087,,,,,,2.073345800799926e-05,2.3227901770302566,1.0434034073595755,0.001096152296521395
192,1,0.5,integrated,False,True,23.395457996609473,45.119999999999564,54.9776136004529,68.51545799660903,78.37307159706236,78.37307159706236,3.0408430114414375e-05,4.67188297086522,1.0465596641593016,0.000732762431118897
193,1,0.5,integrated,False,True,18.028257931040855,45.23999999999956,53.86657096363241,63.26825793104042,71.89482889467327,71.89482889467327,2.8245286482642033e-05,3.8912075511539586,0.6592226726504465,0.0014084959623493474
194,1,0.5,integrated,False,True,14.519356577055468,45.35999999999956,55.313745233627444,59.87935657705503,69.8331018106829,69.8331018106829,1.8708961263560248e-05,1.6572670493168047,1.0611023417687744,0.001063816971039463
195,1,0.5,integrated,False,True,30.820317351131575,45.119999999999564,54.746203767541004,75.94031735113114,85.56652111867258,85.56652111867258,2.6728654338019788e-05,2.0049241846880057,0.664625777693055,0.0007995961153608603
196,1,0.5,extinct,True,False,20.485762662272947,,,,,,1.788754000568014e-05,2.4307420776639423,0.4544145183124573,0.0008825917323894245
197,1,0.5,integrated,False,True,28.45375441608806,44.39999999999958,53.57470437601094,72.85375441608764,82.028458792099,82.028458792099,2.772770597211642e-05,4.028905353029511,0.540220340864032,0.0010169576535413055
198,1,0.5,integrated,False,True,33.08878613834259,45.35999999999956,56.17309179160922,78.44878613834214,89.26187792995181,89.26187792995181,2.030461607823512e-05,2.1285409963295585,0.264517506579348,0.0005682720843454102
199,1,0.5,integrated,False,True,48.81185773038064,44.87999999999957,54.31249156611954,93.6918577303802,103.12434929650018,103.12434929650018,2.560208725208192e-05,2.1624971801989656,0.46405049540896953,0.0008961013183153354
200,1,0.5,extinct,True,False,17.248832739159454,,,,,,2.376973814420193e-05,5.674180082588681,0.8825439610683518,0.0007566434382178558
201,1,0.5,extinct,True,False,22.714432716434434,,,,,,2.2311882129777072e-05,3.9407934046768123,0.1923076688551344,0.00513293834467011
202,1,0.5,extinct,True,False,25.597078225841976,,,,,,1.2134699173958466e-05,5.8266598727142815,0.5641489990111455,0.0017606809414843826
203,1,0.5,extinct,True,False,19.524145374438596,,,,,,2.0572317048923867e-05,2.5368749690459302,0.9143211112576952,0.001695943458601433
204,1,0.5,integrated,False,True,28.330255578638777,45.35999999999956,55.946826820841835,73.69025557863833,84.2770823994806,84.2770823994806,1.2052383895388425e-05,4.313497793961819,0.4704717960743202,0.001953946247000115
205,1,0.5,integrated,False,True,16.33597468299307,46.31999999999954,55.88985308258183,62.65597468299261,72.2258277655749,72.2258277655749,1.988069699128475e-05,1.7407978217740065,0.7245945665344385,0.0011412072252952657
206,1,0.5,integrated,False,True,29.86880599672854,44.159999999999584,52.962641726341666,74.02880599672812,82.8314477230702,82.8314477230702,4.07877670014971e-05,4.411530325822898,0.30445169047862336,0.000814793244721136
207,1,0.5,integrated,False,True,15.720098788521584,44.99999999999957,53.048426925590014,60.72009878852115,68.7685257141116,68.7685257141116,3.284729194681787e-05,2.0180950526485755,0.6322062192534627,0.0014679966543853877
208,1,0.5,integrated,False,True,23.91886588215899,45.479999999999556,53.05718493461184,69.39886588215855,76.97605081677082,76.97605081677082,4.599102701719041e-05,2.6392373001405995,1.6536501885065553,0.0018506269043110381
209,1,0.5,integrated,False,True,23.958360450266127,45.35999999999956,55.42363569550493,69.31836045026569,79.38199614577105,79.38199614577105,2.1103290701278185e-05,7.386150381093817,0.8423338021721661,0.0010986887656796829
210,1,0.5,integrated,False,True,16.808756465398993,45.479999999999556,55.61836960199596,62.28875646539855,72.42712606739495,72.42712606739495,1.8471263070172745e-05,3.401309781331472,0.7465586208884204,0.0010027172715875872
211,1,0.5,extinct,True,False,19.34746509109566,,,,,,1.9968645260314492e-05,10.67133507807301,0.7667528151228385,0.0015581696347341098
212,1,0.5,extinct,True,False,23.795643669161247,,,,,,2.6655872182811147e-05,1.8967757518220227,0.6180835758235936,0.0010447742439479274
213,1,0.5,extinct,True,False,41.035628203280694,,,,,,1.6454737232149577e-05,3.2659160268620258,0.24365393165354557,0.0008979838486923388
214,1,0.5,extinct,True,False,28.920710988808796,,,,,,1.502511226326632e-05,2.1353425735268963,1.0878834203003964,0.0007914382610211248
215,1,0.5,integrated,False,True,11.664247413635545,44.159999999999584,51.88403439315784,55.82424741363513,63.54828180679338,63.54828180679338,4.6195857336120114e-05,1.8823551553079818,0.29289221388051767,0.0012077044345996841
216,1,0.5,integrated,False,True,13.927282914973507,44.87999999999957,55.167677014783905,58.80728291497307,69.09495992975741,69.09495992975741,1.4484027496249654e-05,2.8537199126750195,0.45551073826276883,0.0011833632256003904
217,1,0.5,integrated,False,True,23.618342162024568,44.51999999999958,52.21560906542558,68.13834216202414,75.83395122745014,75.83395122745014,5.508629318924123e-05,5.600110915159952,0.7090635506545615,0.0011932705316890176
218,1,0.5,integrated,False,True,21.626502433342946,45.599999999999554,54.31715529094406,67.2265024333425,75.94365772428701,75.94365772428701,2.892762988396518e-05,3.4685333269350083,0.5984480195375976,0.0012026011413376193
219,1,0.5,integrated,False,True,14.076139944876337,44.99999999999957,54.80291665706255,59.076139944875905,68.87905660193888,68.87905660193888,1.5698694354167426e-05,2.9263117477619356,0.5763707456079794,0.0014005845426857005
220,1,0.5,integrated,False,True,31.591262602745182,46.19999999999954,55.64454934317476,77.79126260274472,87.23581194591995,87.23581194591995,3.633301731779728e-05,3.806364207853323,0.9136655227853665,0.0007146200534034429
221,1,0.5,extinct,True,False,15.98593449698403,,,,,,2.61801879977656e-05,2.7388524087924337,1.4059578064899032,0.0007617678323831349
222,1,0.5,extinct,True,False,23.402014907152385,,,,,,1.775568298853792e-05,1.501077182722588,0.8514258683392586,0.0007700718713629133
223,1,0.5,extinct,True,False,13.828981096269846,,,,,,2.8181190282972935e-05,3.3623311568279597,0.6694582522647211,0.0007317799557661995
224,1,0.5,extinct,True,False,30.117997598425077,,,,,,2.730459103865783e-05,4.480002056702055,0.748607015606081,0.0011392374913416004
225,1,0.5,extinct,True,False,23.45074068988585,,,,,,2.3447249552538476e-05,5.981518295827114,1.063303220616581,0.0016547206218779774
226,1,0.5,integrated,False,True,36.87980412098929,45.959999999999546,54.29799424795509,82.83980412098884,91.17779836894438,91.17779836894438,2.9068034599489564e-05,4.127792644163843,1.5590187185172841,0.0026936526936867785
227,1,0.5,extinct,True,False,26.956902189340816,,,,,,1.9220537337290666e-05,1.5810629972227148,1.384389009859477,0.0010082350349935845
228,1,0.5,integrated,False,True,45.1261916229884,44.51999999999958,53.080507558855786,89.64619162298797,98.20669918184419,98.20669918184419,5.574603412322183e-05,4.482784214092212,0.6984044156694489,0.0008522617626539537
229,1,0.5,extinct,True,False,21.37344029126858,,,,,,4.008099521968149e-05,2.5288591373902767,1.01227158368328,0.0011410610398887857
230,1,0.5,extinct,True,False,32.11299794688014,,,,,,3.663014641859576e-05,2.93424374651723,0.5793059226143273,0.0018707001469610096
231,1,0.5,extinct,True,False,30.739454651002262,,,,,,2.9489614943238883e-05,2.7040149130265934,0.5395336123286206,0.0011432612446927884
232,1,0.5,integrated,False,True,21.32747774389822,44.27999999999958,54.64832948593303,65.6074777438978,75.97580722983125,75.97580722983125,3.392938992886375e-05,5.83013380216683,0.3343529749295805,0.0005035500761825582
233,1,0.5,extinct,True,False,13.858867497014973,,,,,,1.2802132272792685e-05,3.2697257985210664,0.7678180159659448,0.000517888334119275
234,1,0.5,extinct,True,False,21.95798953966208,,,,,,3.283655114785864e-05,6.500333663999387,0.9441773363474867,0.001055369514734555
235,1,0.5,integrated,False,True,18.269333114077558,44.99999999999957,55.574571811901535,63.26933311407713,73.84390492597909,73.84390492597909,1.7492058270799787e-05,8.388118238832776,0.5450547483960381,0.0010833123405796883
236,1,0.5,extinct,True,False,32.67861009291378,,,,,,2.574175265499318e-05,3.1733870498239853,1.2728420431567882,0.0014525920842714188
237,1,0.5,extinct,True,False,29.717178464190056,,,,,,1.2910436878665465e-05,2.2556240270388104,0.4307725075887956,0.0008807607936094864
238,1,0.5,extinct,True,False,21.133051556160893,,,,,,1.069294078905512e-05,4.093269753608485,0.5868479237443635,0.0015858366533108353
239,1,0.5,integrated,False,True,22.94158932609994,44.639999999999574,53.474806045383545,67.58158932609952,76.41639537148349,76.41639537148349,2.9877036775110343e-05,3.5547959040613453,0.5459683592340085,0.0013492390366653482
240,1,0.5,integrated,False,True,22.485212170279606,45.479999999999556,56.85092752293518,67.96521217027916,79.33613969321479,79.33613969321479,2.0197402599642883e-05,2.769638229057527,0.5828473113530881,0.0006675667418519883
241,1,0.5,integrated,False,True,12.639414327211451,44.75999999999957,54.721476891710566,57.39941432721102,67.36089121892202,67.36089121892202,2.4889673013110416e-05,1.8870796851020812,1.0694732370014555,0.0007599261561141418
242,1,0.5,extinct,True,False,21.095493862267517,,,,,,2.5025964985986187e-05,1.8643800226381646,0.8111041026018249,0.001007845069127017
243,1,0.5,integrated,False,True,18.062597002600867,44.75999999999957,58.22795185664938,62.82259700260044,76.29054885925025,76.29054885925025,1.54740678276032e-05,1.7088817457195737,0.8523995718159012,0.00035475809542030983
244,1,0.5,extinct,True,False,32.35315760694068,,,,,,2.3874751495890953e-05,2.6035306701378076,1.3733002918896893,0.0008016796699414409
245,1,0.5,extinct,True,False,17.458249427222587,,,,,,4.527378101044827e-05,1.651341153765287,1.1837321442049975,0.00032769487978985193
246,1,0.5,integrated,False,True,21.74212002416429,47.879999999999505,57.39010861804018,69.62212002416379,79.13222864220447,79.13222864220447,2.330772836254198e-05,2.4312693049001455,0.3618893561715312,0.0009356842188271364
247,1,0.5,integrated,False,True,18.652843266816934,44.87999999999957,56.64342268084769,63.5328432668165,75.29626594766462,75.29626594766462,1.8730280530571692e-05,2.599913469184481,0.35086994973166236,0.0006193936418627444
248,1,0.5,extinct,True,False,23.274208523004987,,,,,,1.736658547926418e-05,5.509430479148785,0.9487635330112452,0.0007559397864557074
249,1,0.5,integrated,False,True,29.29523087609666,45.71999999999955,57.142300792171,75.01523087609621,86.43753166826767,86.43753166826767,1.3909884222774895e-05,2.369568168943424,0.7321378774141963,0.0009607441378641476
250,1,0.5,integrated,False,True,13.756419844442776,44.75999999999957,52.33848574186494,58.516419844442346,66.09490558630772,66.09490558630772,3.3120081647697224e-05,3.115689890754911,0.7857293620116342,0.002192421578770514
251,1,0.5,integrated,False,True,14.309769861863714,44.51999999999958,53.263255683222376,58.82976986186329,67.5730255450861,67.5730255450861,3.4192367002999735e-05,1.9482089767492998,0.6540627258240073,0.0012194464481364645
252,1,0.5,extinct,True,False,30.975964175937673,,,,,,1.1998471760509041e-05,2.148717321411586,0.47352846050487074,0.0008581033052870472
253,1,0.5,extinct,True,False,11.982436312566017,,,,,,3.9934282462323585e-05,3.8907090129102997,0.54732564305817,0.001290630920949924
254,1,0.5,integrated,False,True,17.73705190595159,44.159999999999584,53.26262348707151,61.89705190595117,70.9996753930231,70.9996753930231,3.818914310567058e-05,2.9708667398952526,0.8813544854043716,0.0009044537172023981
255,1,0.5,integrated,False,True,19.95709453527139,44.159999999999584,51.60747094464135,64.11709453527098,71.56456547991274,71.56456547991274,5.082564266102679e-05,3.5096540301701125,0.33522574839736885,0.0013665519478751294
256,1,0.5,extinct,True,False,47.50089387894659,,,,,,1.5540080914294545e-05,2.2816758223409774,0.6889106444162385,0.0008378842355230027
257,1,0.5,integrated,False,True,29.930183616969433,44.51999999999958,53.64086694862931,74.45018361696901,83.57105056559874,83.57105056559874,4.286720008940172e-05,4.072061537470278,0.7682044537104019,0.0006851486253324675
258,1,0.5,extinct,True,False,24.650351635232795,,,,,,2.1301521225330978e-05,2.0778021306789145,0.3286002504391882,0.0010371864609256597
259,1,0.5,extinct,True,False,18.63658351730869,,,,,,2.5363008859315477e-05,3.8607417475412937,0.4136598977506348,0.000752181533830731
260,1,0.5,integrated,False,True,47.100858989226765,47.15999999999952,58.14646046028892,94.26085898922628,105.24731944951569,105.24731944951569,1.2884637979708602e-05,2.3352074678315833,0.8569655914361505,0.001308303397519093
261,1,0.5,extinct,True,False,25.448753184574294,,,,,,1.2832129891410025e-05,4.738549556701758,1.1580273915984618,0.002323368455843888
262,1,0.5,integrated,False,True,17.158311925623142,46.31999999999954,56.629359228083636,63.47831192562268,73.78767115370678,73.78767115370678,1.662902488237447e-05,0.9515783342722456,0.4334256050015157,0.0011698517791962012
263,1,0.5,extinct,True,False,32.61093159935658,,,,,,1.604020009833962e-05,2.3674991074047105,0.6383906347773125,0.0010835898406914236
264,1,0.5,integrated,False,True,38.04388158366707,45.23999999999956,55.14277080485931,83.28388158366664,93.18665238852638,93.18665238852638,3.4277305200780315e-05,3.1545997272993906,1.0774953429665526,0.0006916108420899741
265,1,0.5,extinct,True,False,29.348202686593382,,,,,,2.804778809780943e-05,5.443050394480889,1.1917029452078463,0.0005895080010212345
266,1,0.5,extinct,True,False,36.494307484527994,,,,,,2.915891960991359e-05,2.710174788794267,1.2755794335239117,0.0006609077966276217
267,1,0.5,extinct,True,False,23.47866492067608,,,,,,1.442287399424998e-05,3.7272361887633982,1.0398045886273133,0.0005523792898916824
268,1,0.5,integrated,False,True,27.338374528361985,45.599999999999554,54.8759312936212,72.93837452836154,82.21430582198319,82.21430582198319,3.313387575004784e-05,2.2263298153808764,0.5672435850642096,0.0007765077514548297
269,1,0.5,extinct,True,False,18.078193326887394,,,,,,2.420373589838522e-05,8.612637587242904,0.9939175761463096,0.002138126909176122
270,1,0.5,extinct,True,False,17.487108713694962,,,,,,2.0206554385738054e-05,3.234309955325574,0.2506406842403707,0.0007789268960227209
271,1,0.5,extinct,True,False,21.80454352395598,,,,,,2.9803821837074755e-05,2.123824897588464,0.7600788623302789,0.0013198871450286085
272,1,0.5,extinct,True,False,22.01511991465433,,,,,,3.0093787602957853e-05,3.6224376531579976,1.57939950935619,0.0008156586240464922
273,1,0.5,integrated,False,True,24.79794401599639,45.119999999999564,55.23480871064511,69.91794401599596,80.0327527266415,80.0327527266415,1.8278675292119756e-05,3.488815618554937,0.41454995586576676,0.0011588792700984968
274,1,0.5,integrated,False,True,39.023656015623104,44.39999999999958,53.91953145329167,83.42365601562268,92.94318746891477,92.94318746891477,3.6091898719021434e-05,1.887143915938345,0.5132589587656182,0.0006259277746272088
275,1,0.5,extinct,True,False,39.26191773668589,,,,,,2.405172035503114e-05,2.6159786249986743,0.6430729964767533,0.0007920358720496816
276,1,0.5,integrated,False,True,14.096277529808464,44.99999999999957,54.09881206383622,59.096277529808035,68.19508959364468,68.19508959364468,3.296949181383101e-05,1.7586001507627416,0.5436735595973855,0.0008237226510877316
277,1,0.5,integrated,False,True,21.091771112190067,45.35999999999956,57.689808169548726,66.45177111218962,78.7815792817388,78.7815792817388,1.5742911829096958e-05,2.7571276566079024,0.44056649397454384,0.0005477745394705853
278,1,0.5,extinct,True,False,21.90801020945104,,,,,,4.5391170396902154e-05,2.4800505038649177,1.3349735184268297,0.0004098577482557677
279,1,0.5,extinct,True,False,31.360406370772356,,,,,,2.2343955768966774e-05,4.951716715536303,0.8824919490047416,0.0007491219246105741
280,1,0.5,integrated,False,True,15.924748092769025,46.31999999999954,55.865612710967646,62.24474809276856,71.79036080373668,71.79036080373668,2.871641744655521e-05,2.2198417526786156,0.4662075145947873,0.0007513115791452619
281,1,0.5,integrated,False,True,9.995634242924753,44.27999999999958,52.91178133543609,54.27563424292433,62.90741557836084,62.90741557836084,3.369340010133362e-05,1.7509063384519392,0.6073162962938857,0.0009862390673487074
282,1,0.5,extinct,True,False,18.090118599877236,,,,,,1.571215100938057e-05,4.505911448448503,0.4064484544679515,0.0016362317728801654
283,1,0.5,extinct,True,False,35.95765274388177,,,,,,1.3066867478156594e-05,4.594442425898835,0.5992280379787649,0.000924229757545508
284,1,0.5,integrated,False,True,30.44516783925019,44.99999999999957,54.38450385540614,75.44516783924976,84.82967169465633,84.82967169465633,2.983479557010378e-05,2.1268046199481825,0.9428050151567168,0.0009848247174501132
285,1,0.5,integrated,False,True,25.311780212622605,44.87999999999957,55.151555598203856,70.19178021262218,80.46333581082646,80.46333581082646,1.4577752637011555e-05,2.9466499376809203,0.5156814192422448,0.0011912173285377858
286,1,0.5,extinct,True,False,10.519441476580457,,,,,,1.9312085682102788e-05,2.3119398409401013,0.5054326872524683,0.0011454159495902384
287,1,0.5,integrated,False,True,24.697036839428407,45.23999999999956,53.377952754347625,69.93703683942798,78.07498959377602,78.07498959377602,3.198944927694041e-05,4.82161831561435,0.46187452005787705,0.0016176302588664392
288,1,0.5,extinct,True,False,31.780642858909772,,,,,,3.4084916773309476e-05,3.1544276395678876,0.8065566473772424,0.002068429032283936
289,1,0.5,extinct,True,False,32.919567270276126,,,,,,1.7319864829024598e-05,2.47269013992839,0.4082029267165032,0.003067265422266249
290,1,0.5,extinct,True,False,28.78805536547714,,,,,,3.1406930547068665e-05,5.740571566141674,1.4636817129038069,0.001174504834153169
291,1,0.5,integrated,False,True,30.692697750023342,45.959999999999546,56.53696422211955,76.6526977500229,87.22966197214289,87.22966197214289,1.8767767993357116e-05,3.2267722446138136,1.1933192966304178,0.0010351349380419894
292,1,0.5,extinct,True,False,20.68389903131307,,,,,,2.0259972916791104e-05,3.093424359288785,1.2281312433474354,0.0006787912016249102
293,1,0.5,extinct,True,False,15.522566963362884,,,,,,2.3079292201375797e-05,4.71488254540239,0.776108936814762,0.001415440292005251
294,1,0.5,integrated,False,True,26.342684586449963,44.99999999999957,56.20829158418519,71.34268458644954,82.55097617063515,82.55097617063515,3.497692298786865e-05,4.616088432835099,0.9950767788442574,0.00037673639077980925
295,1,0.5,extinct,True,False,26.51717250710566,,,,,,9.985239066126467e-06,3.8061065870443858,3.923928088533111,0.0014652774917276092
296,1,0.5,integrated,False,True,34.90949180832652,44.39999999999958,53.76592318204113,79.3094918083261,88.67541499036764,88.67541499036764,7.038263385939555e-05,3.1502240368636345,0.2997439110709461,0.00041964912683294483
297,1,0.5,integrated,False,True,31.621259395660392,44.87999999999957,54.455351576196776,76.50125939565996,86.07661097185716,86.07661097185716,1.6989396522123248e-05,4.620536103564958,1.1172002841892463,0.0019056114162625082
298,1,0.5,extinct,True,False,22.90058633165188,,,,,,2.6769382283538115e-05,2.1663138768612495,0.47345034017633697,0.0006456352482141403
299,1,0.5,extinct,True,False,14.269664819449597,,,,,,2.7050592215449765e-05,4.210554408001961,0.44311434740954014,0.0009625669701698066
300,1,0.5,integrated,False,True,26.123686410545986,45.599999999999554,53.81444007334978,71.72368641054554,79.93812648389576,79.93812648389576,3.110999140834865e-05,2.2923278130167275,1.1207955787080055,0.002088773227943698
301,1,0.5,integrated,False,True,29.16197866157453,44.99999999999957,53.14502646147746,74.1619786615741,82.307005123052,82.307005123052,3.6113213788823346e-05,5.485295535434861,0.5643510021020804,0.0014786932950434932
302,1,0.5,extinct,True,False,36.42325834712156,,,,,,2.3033831748027353e-05,2.1784037960330256,1.4987108871530948,0.0010157728425905517
303,1,0.5,integrated,False,True,31.40173431803272,44.27999999999958,54.87407462618583,75.6817343180323,86.27580894421855,86.27580894421855,3.33868593720328e-05,6.310034776715532,0.7073888435954436,0.0004951698829411105
304,1,0.5,extinct,True,False,32.99114941348619,,,,,,3.446730552788734e-05,3.8277640109547346,1.5915062162078442,0.0018961388882804292
305,1,0.5,extinct,True,False,27.798971296963515,,,,,,2.8418553373867323e-05,1.6535816339266374,0.2873966638220469,0.0010670647990868255
306,1,0.5,integrated,False,True,26.56622987396424,46.439999999999536,57.13153767776838,73.00622987396378,83.69776755173262,83.69776755173262,1.5130036105087078e-05,2.159565900935285,1.1216109877905927,0.0009962635982959547
307,1,0.5,extinct,True,False,18.765033353669846,,,,,,2.5459259874729542e-05,1.7942194999252556,1.5690277272580815,0.00048434319771485163
308,1,0.5,extinct,True,False,18.861070087512083,,,,,,2.2011491386910393e-05,2.0871801887323147,0.679560574240879,0.000694286030363387
309,1,0.5,integrated,False,True,20.76022883214765,45.599999999999554,54.56100971954716,66.3602288321472,75.3212385516948,75.3212385516948,1.7807413431649315e-05,3.5104579027983323,0.5560344696315601,0.002156680744446371
310,1,0.5,extinct,True,False,18.103272111054768,,,,,,1.1266438035099944e-05,4.726839937444318,2.2452619524683413,0.0009628360602872956
311,1,0.5,integrated,False,True,24.928756802481843,46.67999999999953,56.76474826816195,71.60875680248137,81.6935050706438,81.6935050706438,1.782396698760266e-05,3.7016530965335486,1.429546647458247,0.0015731816960790014
312,1,0.5,integrated,False,True,20.99283514018585,45.35999999999956,55.579147405233044,66.3528351401854,76.57198254541889,76.57198254541889,2.5129744134974366e-05,9.086360876959544,0.3060522967901243,0.0009334643255557966
313,1,0.5,integrated,False,True,38.208174929043025,44.39999999999958,52.96162649814209,82.6081749290426,91.16980142718512,91.16980142718512,3.647848176997618e-05,5.662996565974216,0.5235673234524986,0.001478835077019347
314,1,0.5,extinct,True,False,37.790563633391294,,,,,,2.196579309023132e-05,3.5932503947007115,0.6926593252989195,0.0007401487909335107
315,1,0.5,integrated,False,True,21.328177653492062,44.27999999999958,56.527026294049335,65.60817765349165,77.8552039475414,77.8552039475414,3.1552032734820665e-05,2.509329138038476,0.8617285201358552,0.00032539470102366317
316,1,0.5,extinct,True,False,17.138906843251252,,,,,,5.109670464729029e-05,1.9508779655160595,1.9344197555364884,0.0026066155914394994
317,1,0.5,extinct,True,False,26.471809862704614,,,,,,1.1420132157316675e-05,6.098134547206189,0.5370193577771626,0.0011430551245177247
318,1,0.5,integrated,False,True,36.765845509811264,48.239999999999505,60.72060722651787,85.00584550981077,97.48645273632914,97.48645273632914,1.6362240547956168e-05,5.688783551465753,0.41028777319304244,0.000437458264514527
319,1,0.5,integrated,False,True,25.809696209463826,44.99999999999957,54.7720216644287,70.8096962094634,80.58171787389253,80.58171787389253,3.621798123770662e-05,1.0465766811554393,0.3880687430142321,0.0007061478741260466
320,1,0.5,extinct,True,False,20.373289643579188,,,,,,2.4229024748107715e-05,2.1143488471673626,0.7740960050737856,0.0014111076506483993
321,1,0.5,extinct,True,False,16.273589968138914,,,,,,3.535772316416908e-05,2.3946353219116836,0.6350710116176882,0.0007663174057654761
322,1,0.5,integrated,False,True,25.415920319061104,44.99999999999957,53.79563545047977,70.41592031906067,79.21155576954088,79.21155576954088,5.181366854413261e-05,4.608412323376767,0.8949023132329128,0.0008206514091536136
323,1,0.5,extinct,True,False,24.12676260435461,,,,,,1.385534834866728e-05,4.744685966014779,0.9592717216024518,0.0014050331980938948
324,1,0.5,extinct,True,False,42.01780379213592,,,,,,1.5630203687126906e-05,1.0459240332779551,0.5622599465683003,0.0006929341934278944
325,1,0.5,integrated,False,True,19.49672705564625,45.599999999999554,59.658387500928335,65.0967270556458,79.15511455657459,79.15511455657459,8.33023136612879e-06,3.4356588229808938,0.6741126155204714,0.0005914742637371889
326,1,0.5,extinct,True,False,19.573340357057436,,,,,,2.2166359571386257e-05,2.8215178855411436,0.7513275068166918,0.0007139348359903257
327,1,0.5,extinct,True,False,34.672102666704276,,,,,,1.9375035998358e-05,2.944366090385533,0.6451840655201708,0.0010844333072885745
328,1,0.5,extinct,True,False,29.79321216936657,,,,,,1.1340072640565756e-05,3.406381814984621,0.5568638457075511,0.0010498976128530582
329,1,0.5,integrated,False,True,24.852238432754486,44.99999999999957,53.73095495287518,69.85223843275405,78.58319338562967,78.58319338562967,3.839466358061641e-05,2.5821738071585782,0.6448213321935446,0.0011140825600617643
330,1,0.5,integrated,False,True,20.177410056984783,44.639999999999574,54.5366886323214,64.81741005698436,74.71409868930618,74.71409868930618,2.1842844645302968e-05,1.0230715118644402,0.3861778446256233,0.0007975171228432839
331,1,0.5,extinct,True,False,27.522469293318892,,,,,,3.0044945040684708e-05,2.932340939005151,0.5151840787537034,0.0008218994420406988
332,1,0.5,integrated,False,True,27.61221763892472,44.39999999999958,51.139874788588386,72.0122176389243,78.7520924275131,78.7520924275131,4.781075209734338e-05,4.820366822132957,0.7213152242975899,0.002817212737373455
333,1,0.5,extinct,True,False,28.583453008959225,,,,,,4.8871363410816136e-05,1.3664858945445693,0.8392922398627022,0.0007197659627265218
334,1,0.5,extinct,True,False,29.354279750966395,,,,,,1.943507094195423e-05,1.946921957128094,0.6049831879032866,0.0008197890134086108
335,1,0.5,extinct,True,False,21.898840446527032,,,,,,2.3816373606900202e-05,2.411917327465485,0.6051197471380084,0.0013959366795760185
336,1,0.5,integrated,False,True,28.133003068862696,46.79999999999953,55.237151738339215,74.93300306886222,83.37015480720191,83.37015480720191,3.0910299855472125e-05,5.176655099118678,0.635217720600168,0.0015808498384288488
337,1,0.5,extinct,True,False,31.90899391428465,,,,,,1.0552652158222013e-05,2.946161107043414,0.8645762037526281,0.00035309867741321725
338,1,0.5,extinct,True,False,27.058175719748434,,,,,,7.92938935694286e-05,6.391113599082993,0.10695102844410426,0.0008434537471899266
339,1,0.5,extinct,True,False,24.754480839390933,,,,,,2.092513577239597e-05,1.3715823419518551,0.8388008334639845,0.0016398736953277795
340,1,0.5,integrated,False,True,28.382653778143688,46.31999999999954,55.361465462443086,74.70265377814323,83.74411924058677,83.74411924058677,4.206160613360429e-05,6.8854858751247425,1.0474404019480796,0.0009423074582478225
341,1,0.5,extinct,True,False,24.859615702445854,,,,,,3.6533787967682494e-05,2.882444814992547,0.9297251943188787,0.0008347897138981492
342,1,0.5,integrated,False,True,36.157431172486696,44.639999999999574,55.61365981717955,80.79743117248627,91.77109098966625,91.77109098966625,2.3204258231027775e-05,2.3960947098894683,0.48325865623553693,0.0005441526382605109
343,1,0.5,extinct,True,False,9.047701228035793,,,,,,1.7200122126066748e-05,2.665237674435968,1.550242765670916,0.0009358655013670882
344,1,0.5,extinct,True,False,15.728384210430027,,,,,,1.7930446143354583e-05,2.1455809381032855,0.6290645564234553,0.0008347811132985151
345,1,0.5,integrated,False,True,23.93090480186467,44.87999999999957,54.26137140780821,68.81090480186424,78.19227620967288,78.19227620967288,2.637197731849889e-05,3.621298836038996,0.5184644929633366,0.0009287369285031221
346,1,0.5,extinct,True,False,13.615836885285988,,,,,,1.1770524311343603e-05,3.21003844441445,0.626515760213684,0.0019683437906542157
347,1,0.5,integrated,False,True,19.484293570544725,45.35999999999956,54.81588627581945,64.84429357054428,74.30017984636417,74.30017984636417,5.393621558383842e-05,3.1795836132300535,0.35808155130122493,0.0005600583531219797
348,1,0.5,extinct,True,False,19.804887820835866,,,,,,2.384500380247204e-05,1.9179169924450354,0.5500275607575222,0.0008022726438628143
349,1,0.5,integrated,False,True,37.34766648810086,44.39999999999958,53.322113434321906,81.74766648810044,90.66977992242278,90.66977992242278,3.082785770305741e-05,3.9266627647166823,0.7080199959511819,0.0010309375489443533
350,1,0.5,integrated,False,True,14.417958028211801,45.479999999999556,56.63458255982964,59.897958028211356,71.05254058804144,71.05254058804144,1.650977862041345e-05,6.81892525551013,0.6032357428872488,0.000860830241073253
351,1,0.5,integrated,False,True,20.816080884287008,46.67999999999953,57.33782654192353,67.49608088428654,78.15390742621054,78.15390742621054,1.1192150970182753e-05,1.7162250029500392,0.6713315128217866,0.001424278262030382
352,1,0.5,extinct,True,False,27.281694006033455,,,,,,2.5429568227709423e-05,4.8618948425847455,0.3908597015384768,0.0011520466692722326
353,1,0.5,integrated,False,True,23.827160970102927,46.07999999999954,56.02993312404341,69.90716097010247,79.85709409414633,79.85709409414633,1.410185747153849e-05,1.9555388239857296,0.6535139282112201,0.0016086498424361592
354,1,0.5,integrated,False,True,17.10467823433585,44.51999999999958,53.054387028514185,61.62467823433543,70.15906526285004,70.15906526285004,2.7059191501805207e-05,2.3460771060369847,0.53437303817373,0.0014496115488219661
355,1,0.5,extinct,True,False,22.794908417920855,,,,,,1.961971834489908e-05,3.038243946522689,0.918991551257274,0.0013351197796919124
356,1,0.5,extinct,True,False,17.93610724194842,,,,,,2.6437492685354605e-05,2.239084127428419,1.5324516276293623,0.0006565621801337232
357,1,0.5,integrated,False,True,21.246572904762505,44.39999999999958,55.31885440618677,65.64657290476208,76.56542731094927,76.56542731094927,1.3683946189129442e-05,4.241969927574321,0.2180709455309299,0.000963929086900012
358,1,0.5,extinct,True,False,22.512382110320857,,,,,,3.9196948069736956e-05,2.697363036644288,0.8447503938774229,0.0004517741756798726
359,1,0.5,extinct,True,False,38.17336105324133,,,,,,1.877838074078364e-05,2.573601570961725,0.5504814233774332,0.0006086717604251756
360,1,0.5,integrated,False,True,19.29315471859431,44.39999999999958,52.01361673241333,63.69315471859389,71.30677145100765,71.30677145100765,3.852525498781352e-05,2.9738585275153606,0.9510707087200995,0.0018369816783861573
361,1,0.5,integrated,False,True,23.60122618123465,46.07999999999954,57.753398746278826,69.6812261812342,81.35462492751347,81.35462492751347,1.6896458915435928e-05,2.6469211636069008,0.753195531413254,0.0007068983859773897
362,1,0.5,integrated,False,True,37.734332125495605,45.35999999999956,56.033196339989104,83.09433212549516,93.7675284654847,93.7675284654847,2.082798513945877e-05,8.000595577465846,1.0012746717138261,0.0010842495022364668
363,1,0.5,integrated,False,True,38.269480095233085,44.87999999999957,54.98349978631077,83.14948009523266,93.25297988154387,93.25297988154387,1.6366621688372225e-05,2.2243017791367006,0.6275547451903,0.0010990658850973602
364,1,0.5,extinct,True,False,16.941652076716956,,,,,,3.41472270597062e-05,4.329665697299598,0.7984373601603101,0.0011725376890244954
365,1,0.5,extinct,True,False,16.327530234177008,,,,,,9.896520924203352e-06,2.872834540301196,1.0761142686714453,0.0004823343547738156
366,1,0.5,extinct,True,False,27.80511387263899,,,,,,2.6361935073692193e-05,1.8776170079919547,0.46392173090167443,0.0029315551008828253
367,1,0.5,integrated,False,True,15.088135531227444,45.479999999999556,57.0113979815851,60.568135531227,72.09953351281254,72.09953351281254,1.3771176460454942e-05,2.63739028234984,0.6919610034961409,0.0008607552969282566
368,1,0.5,integrated,False,True,43.21602502592688,44.639999999999574,52.66596535656708,87.85602502592646,95.88199038249397,95.88199038249397,2.9268156892792647e-05,1.1101592223203218,0.565135859877217,0.0017206706682058336
369,1,0.5,integrated,False,True,19.05750874111143,45.23999999999956,52.25486258256436,64.29750874111099,71.31237132367579,71.31237132367579,4.762226408952386e-05,1.6690496444237117,1.345783032449607,0.003032968410238709
370,1,0.5,integrated,False,True,38.6672156230369,44.639999999999574,54.673614976417525,83.30721562303648,93.34083059945442,93.34083059945442,1.2405681951503179e-05,1.4155733132231842,0.2756825737767204,0.0014954968196120356
371,1,0.5,integrated,False,True,28.131293476355616,44.99999999999957,53.783276433972986,73.13129347635518,81.9145699103286,81.9145699103286,2.8712654361159685e-05,3.0505568290260547,0.3905134856130044,0.0011153654908300737
372,1,0.5,integrated,False,True,26.268433115686392,46.919999999999526,58.04330183311439,73.18843311568591,84.31173494880079,84.31173494880079,1.4496506929965386e-05,2.5692036067454973,0.6744870025937962,0.000820908631909918
373,1,0.5,extinct,True,False,36.247958447060014,,,,,,2.161042250758984e-05,3.565223006103987,0.7891730236698653,0.0004916198742886907
374,1,0.5,extinct,True,False,28.77572690568604,,,,,,1.9799540128794716e-05,2.034737401430338,0.8402761868485107,0.0006008094377569521
375,1,0.5,integrated,False,True,32.18441162026148,44.639999999999574,54.98480991459765,76.82441162026106,87.16922153485913,87.16922153485913,1.963155302217467e-05,3.750799644640872,0.4129373773063897,0.0008154353598552297
376,1,0.5,extinct,True,False,24.0863646975976,,,,,,7.329756488775696e-05,1.6833867897595203,0.8924184230404137,0.0014430540098106417
377,1,0.5,integrated,False,True,20.414093868902473,44.75999999999957,52.93081755435741,65.17409386890205,73.34491142325989,73.34491142325989,3.1531962061280176e-05,3.6849049235155054,1.159252267058202,0.0017066565154205567
378,1,0.5,integrated,False,True,25.06680188554563,45.35999999999956,58.2322872632289,70.42680188554519,83.29908914877453,83.29908914877453,2.0043037469891008e-05,1.6682683126273037,0.43941288927805294,0.0002842748092812685
379,1,0.5,extinct,True,False,24.03663492574762,,,,,,2.951699549844565e-05,5.082207745943455,0.6255301016092614,0.0004305229170637526
380,1,0.5,extinct,True,False,19.198412703760997,,,,,,2.9714305899521344e-05,2.3900783649185096,1.036182703176344,0.0005972336801230355
381,1,0.5,integrated,False,True,23.99334852268685,49.199999999999484,58.126746680902635,73.19334852268634,82.12009520358949,82.12009520358949,2.4060342346134785e-05,2.621344461469405,0.40333916304109513,0.0012814954401043244
382,1,0.5,extinct,True,False,25.762864210037492,,,,,,8.306078109628296e-06,1.926944237071527,0.4755047427582462,0.0004685168739921128
383,1,0.5,integrated,False,True,23.227580822423793,45.599999999999554,61.34119170385655,68.82758082242334,84.56877252628034,84.56877252628034,6.705389630329912e-06,2.0156487583702285,0.4325994076065748,0.00032364775895186667
384,1,0.5,integrated,False,True,26.313372955367566,45.35999999999956,56.56337393783191,71.67337295536713,82.87674689319948,82.87674689319948,1.9713012303179508e-05,5.631697634278941,0.832106276813692,0.0008637559662841879
385,1,0.5,extinct,True,False,25.486665782303284,,,,,,2.4666365370806656e-05,2.179890437111036,1.6309641382896236,0.0007433322872741672
386,1,0.5,extinct,True,False,21.153574192678402,,,,,,1.0108475536262524e-05,3.8671522823110465,1.9308534426022042,0.0017233259019906987
387,1,0.5,integrated,False,True,30.205155207816976,45.71999999999955,55.757468488413274,75.92515520781653,85.96262369623025,85.96262369623025,1.610380855089579e-05,3.68682424139107,0.7637732482175889,0.0017965140733802664
388,1,0.5,extinct,True,False,21.72030319264465,,,,,,1.6402336071226725e-05,2.370306648872995,0.7072738383658556,0.0003640736690666415
389,1,0.5,integrated,False,True,17.597655583159078,43.91999999999959,51.32068596276523,61.51765558315867,68.9183415459243,68.9183415459243,6.57957531298807e-05,8.565902590664637,0.6333902978775505,0.001243424820834634
390,1,0.5,extinct,True,False,49.96225817875529,,,,,,4.146895090645296e-05,2.8276876955671457,1.0446545055724856,0.002215828843378782
391,1,0.5,integrated,False,True,34.18143778986599,45.35999999999956,53.60411439590381,79.54143778986554,87.7855521857698,87.7855521857698,3.641174726918989e-05,3.5861846412991185,0.6615537584976209,0.001278889000097453
392,1,0.5,integrated,False,True,14.65764213731889,44.639999999999574,54.43447004208241,59.29764213731846,69.0921121794013,69.0921121794013,3.652364957016996e-05,3.2610311380994745,0.941384039571652,0.0006921981738364631
393,1,0.5,integrated,False,True,19.610122843851933,45.479999999999556,55.594886142356,65.09012284385149,75.20500898620793,75.20500898620793,1.69899330656299e-05,1.3977153803720508,0.6722757432605455,0.001068895152812458
394,1,0.5,integrated,False,True,16.909402769619973,44.159999999999584,55.80786478303686,61.06940276961956,72.71726755265684,72.71726755265684,3.2680303431537375e-05,5.481802000785124,0.5407706278301796,0.00033406615192728477
395,1,0.5,integrated,False,True,14.999959514345658,47.15999999999952,57.5376630901624,62.159959514345175,72.53762260450806,72.53762260450806,1.773921670349845e-05,3.6867244654386497,0.5964781915695088,0.0009283280487225297
396,1,0.5,extinct,True,False,32.00425271051588,,,,,,4.278414700553297e-05,2.679738756083909,1.0831219768720366,0.0005505830642076123
397,1,0.5,extinct,True,False,11.627598727065003,,,,,,2.032325313000564e-05,3.126350848341036,0.7687885543365206,0.0006393809428382477
398,1,0.5,extinct,True,False,21.287794380231027,,,,,,2.9065292676194868e-05,2.9532158048907813,1.1688076152127058,0.0016579998252943945
399,1,0.5,integrated,False,True,19.441381984173535,47.399999999999515,56.048387202334325,66.84138198417305,75.48976918650786,75.48976918650786,3.748117892049396e-05,2.7257199889187924,0.3446391350128326,0.000900593089152813
400,1,0.5,integrated,False,True,25.60079842080591,44.639999999999574,58.102862863501656,70.24079842080548,83.70366128430757,83.70366128430757,1.558393562493736e-05,3.715957845474802,0.3875448776910508,0.00030900422553477877
401,1,0.5,extinct,True,False,26.981475328249097,,,,,,4.6664774206844195e-05,2.190397853265495,0.6881125599800141,0.0012101709384558005
402,1,0.5,extinct,True,False,25.296022087132506,,,,,,4.157922109717906e-05,4.699319236958879,0.9711246995210416,0.0010358814383819945
403,1,0.5,extinct,True,False,24.087327973659807,,,,,,4.513406445929777e-05,6.39009272359305,0.5094336714236867,0.0005149863187955933
404,1,0.5,integrated,False,True,18.56590305105675,66.59999999999911,74.53107870931623,85.16590305105586,93.09698176037298,93.09698176037298,2.7965332366839377e-05,2.6266582568040033,0.37939858936240906,0.00112912502220868
405,1,0.5,integrated,False,True,32.82712672597521,46.19999999999954,57.13599948082948,79.02712672597475,89.9631262068047,89.9631262068047,1.7623683602411037e-05,2.089505895976922,0.8049978642375871,0.0006664178714186503
406,1,0.5,extinct,True,False,17.240061503460076,,,,,,3.051483397083299e-05,4.847380869675543,1.0557675321251256,0.0006449466927024094
407,1,0.5,integrated,False,True,13.896056333782683,45.35999999999956,54.28816775356186,59.25605633378224,68.18422408734455,68.18422408734455,2.840864141163234e-05,4.802613789640055,0.8297338014921309,0.0012333375578285624
408,1,0.5,integrated,False,True,21.326411584072098,44.639999999999574,55.25004157564997,65.96641158407166,76.57645315972206,76.57645315972206,2.0193207654542363e-05,3.817378435699089,0.7752092399173632,0.000992858243814923
409,1,0.5,extinct,True,False,17.45947438067789,,,,,,3.093201878789431e-05,2.0184710773289103,1.3320509881587907,0.002377050993856901
410,1,0.5,integrated,False,True,15.949220942924564,44.75999999999957,54.18627941743112,60.709220942924134,70.13550036035569,70.13550036035569,3.118669156424099e-05,5.075000679171043,0.8534621383841887,0.0008555206866078161
411,1,0.5,integrated,False,True,20.23240315793583,46.439999999999536,58.931592294208905,66.67240315793536,79.16399545214473,79.16399545214473,1.39829449052534e-05,2.975201281411971,0.6683312749570489,0.00047621726396572897
412,1,0.5,extinct,True,False,22.227576141659288,,,,,,2.0004439468922753e-05,1.2947819684693973,1.2320747108652,0.0018354287626010774
413,1,0.5,integrated,False,True,18.364043173736192,46.439999999999536,59.20439180607164,64.80404317373572,77.56843497980783,77.56843497980783,1.0551863350728658e-05,3.805547048519862,0.8683210686157902,0.0006368762301077778
414,1,0.5,extinct,True,False,18.316894806791385,,,,,,2.7667411553627364e-05,1.1551462273312711,0.5585652001792893,0.0013519030312585238
415,1,0.5,extinct,True,False,22.79619808775302,,,,,,9.400100662774513e-06,3.724994769079901,0.6931550379868054,0.0015163116992263643
416,1,0.5,extinct,True,False,26.707883717577207,,,,,,3.114408817910816e-05,5.293278755346475,0.9952126049629224,0.0019935774171942313
417,1,0.5,integrated,False,True,26.23373472047771,44.639999999999574,54.029993732614585,70.87373472047729,80.2637284530923,80.2637284530923,2.692332739126761e-05,4.119253877431425,0.8157837917552471,0.0009706300498371136
418,1,0.5,integrated,False,True,33.652684490109436,44.99999999999957,54.7647718635178,78.65268449010901,88.41745635362724,88.41745635362724,3.893995184836937e-05,3.2720130864823767,1.2695303739671528,0.0007006856797665728
419,1,0.5,integrated,False,True,17.120044832912438,46.07999999999954,58.556895370057504,63.200044832911985,75.67694020296994,75.67694020296994,1.1841238337648126e-05,4.559399586482083,0.9747876520025451,0.0009608834514363541
420,1,0.5,integrated,False,True,46.73470104795234,44.51999999999958,55.04441966785325,91.25470104795193,101.77912071580559,101.77912071580559,1.9357778739457665e-05,4.115935419520598,0.6466922046804344,0.0008821056323232685
421,1,0.5,integrated,False,True,20.045521207274007,44.99999999999957,52.69959316748729,65.04552120727357,72.7451143747613,72.7451143747613,3.462626734759156e-05,4.309259705332543,0.8259411365455352,0.0020287864107017017
422,1,0.5,extinct,True,False,13.046840691640828,,,,,,1.1853486603771256e-05,2.794008319153006,0.46748185216208127,0.001962517239919209
423,1,0.5,extinct,True,False,20.94064910363608,,,,,,2.6851852518532654e-05,4.657094274808654,0.8526670520806723,0.001164672206820254
424,1,0.5,extinct,True,False,27.012933567975836,,,,,,1.5867967191094205e-05,1.4325687202227662,0.8722253412002988,0.0008498558295420832
425,1,0.5,integrated,False,True,32.35331576703671,44.87999999999957,57.0962885947528,77.23331576703629,89.44960436178951,89.44960436178951,1.879385763593436e-05,5.010160614642566,0.7119740873589974,0.000567361391028479
426,1,0.5,extinct,True,False,27.666950216358405,,,,,,3.071677424791021e-05,2.0739878339531073,0.43138555676018,0.0005982760288980313
427,1,0.5,extinct,True,False,9.658149809515452,,,,,,1.5552979995429526e-05,6.668862665858038,0.5616770285038895,0.0007770115411199164
428,1,0.5,integrated,False,True,20.629701161123734,45.35999999999956,56.13515696505564,65.98970116112329,76.76485812617938,76.76485812617938,3.454687754168951e-05,4.444296301409651,0.3867476022417571,0.00044704601159317
429,1,0.5,integrated,False,True,15.81151889774122,45.479999999999556,55.65717960238279,61.29151889774077,71.468698500124,71.468698500124,2.7389345186301406e-05,1.826540546944691,0.7405464871653618,0.0006624917261386519
430,1,0.5,extinct,True,False,22.83667482208038,,,,,,1.3560273997302375e-05,13.618031315858824,0.6643892319772212,0.0006957102252558296
431,1,0.5,extinct,True,False,33.024400748533,,,,,,2.257449820363698e-05,4.619338673309161,1.369452365415868,0.0005372409137778564
432,1,0.5,extinct,True,False,24.17887319302173,,,,,,5.193071083801282e-05,2.2099613185765343,0.9088276252005332,0.0014015903852241972
433,1,0.5,integrated,False,True,32.655976808745024,44.75999999999957,55.48078054166206,77.4159768087446,88.13675735040708,88.13675735040708,2.0062252050611863e-05,3.3868532006327814,0.37972935811149067,0.0009166849036788728
434,1,0.5,extinct,True,False,31.86115574029875,,,,,,1.4709585060855317e-05,3.6236616274930986,0.7935966982271833,0.0008355961674634799
435,1,0.5,extinct,True,False,18.200664659915933,,,,,,2.477367377104817e-05,5.069026192094762,0.4300650914357543,0.001214184625448984
436,1,0.5,extinct,True,False,18.684729494216125,,,,,,1.2791738526768816e-05,2.236324739907054,0.7668689883868754,0.000327194758714214
437,1,0.5,integrated,False,True,19.27290572474979,44.39999999999958,52.651771564195215,63.67290572474937,71.924677288945,71.924677288945,4.039685966842726e-05,3.2168070663181028,0.6105755526925997,0.0013313475575189378
438,1,0.5,integrated,False,True,17.790875922408915,44.87999999999957,54.85856700548061,62.670875922408484,72.64944292788952,72.64944292788952,3.0456046800672846e-05,7.504149858707352,0.7285820019045891,0.000961087644132566
439,1,0.5,extinct,True,False,21.073416481023138,,,,,,2.962591535620387e-05,2.8176074895786276,0.6418554638439501,0.0008212586807020129
440,1,0.5,integrated,False,True,29.55508612817264,45.599999999999554,55.75835099269003,75.1550861281722,85.31343712086267,85.31343712086267,2.353125998427767e-05,1.9496647044650282,0.844229953866679,0.0007160203064380299
441,1,0.5,extinct,True,False,26.156520698726034,,,,,,2.8952624413249137e-05,9.801336425872636,0.5534499656166835,0.0004913271267552661
442,1,0.5,extinct,True,False,34.941806505758464,,,,,,2.2241213127049798e-05,3.9118762717395446,0.6173772557133049,0.0009099405811838753
443,1,0.5,integrated,False,True,18.26665541532323,45.119999999999564,53.663136630963535,63.38665541532279,71.92979204628676,71.92979204628676,4.1495959101562644e-05,2.3714631548390015,0.9727982083568004,0.0009693998412395826
444,1,0.5,extinct,True,False,46.25367431914205,,,,,,1.1165032891628505e-05,1.7668949616539324,1.0815122655122762,0.0013976722701870097
445,1,0.5,extinct,True,False,26.481865332944697,,,,,,1.410293411183444e-05,3.810406308700317,0.2565009214007245,0.0013779620011686422
446,1,0.5,extinct,True,False,16.069199547447802,,,,,,2.320204239506591e-05,1.5674561846161084,0.9819708277223937,0.0010634276597794622
447,1,0.5,extinct,True,False,20.51744900498892,,,,,,1.412868998197143e-05,6.022698512426925,1.5842547282884127,0.002015586321541376
448,1,0.5,integrated,False,True,26.668529722253655,44.639999999999574,53.921259627348185,71.30852972225323,80.58978934960184,80.58978934960184,3.095346512912237e-05,4.050553911041475,0.5761427645958216,0.0008598615572713709
449,1,0.5,integrated,False,True,16.055451993309088,44.75999999999957,54.38492096180851,60.815451993308656,70.4403729551176,70.4403729551176,2.0348212381493708e-05,3.0690401828600273,0.27996609551028845,0.0010350685657681581
450,1,0.5,extinct,True,False,27.827163379561643,,,,,,2.7250121369140376e-05,1.7265304226895217,0.427298364521409,0.0017877244135919657
451,1,0.5,integrated,False,True,32.74956837164891,46.19999999999954,55.56083050125144,78.94956837164845,88.31039887290035,88.31039887290035,1.8596722861174255e-05,2.094258630493066,0.22544901447502982,0.0013943899132943594
452,1,0.5,extinct,True,False,31.91704588601637,,,,,,1.9728264749622637e-05,4.952398541476439,0.8757515102528938,0.0020273237397735494
453,1,0.5,extinct,True,False,21.408504224810237,,,,,,1.72544431555868e-05,2.6531774755616495,1.634415431756563,0.0009060247919147266
454,1,0.5,extinct,True,False,18.882371954786468,,,,,,1.614848616886391e-05,4.053423320850362,1.0663614647869517,0.00040438930841670944
455,1,0.5,integrated,False,True,31.72054399951914,44.87999999999957,56.01321188781053,76.6005439995187,87.73375588732966,87.73375588732966,2.3550823463765827e-05,1.7822514377359384,0.6450098454247263,0.00046060392970054015
456,1,0.5,extinct,True,False,47.901172801659825,,,,,,3.402749886890243e-05,1.9293854751956108,0.7667754381834905,0.0015249600159827276
457,1,0.5,extinct,True,False,34.460450172303766,,,,,,2.0644904815994045e-05,5.035001297163432,0.6272955451361779,0.0010773145092238562
458,1,0.5,extinct,True,False,29.606577023774907,,,,,,2.7907200316472105e-05,1.181603523614415,0.6199493832711107,0.0009032661739040541
459,1,0.5,extinct,True,False,16.0369494994678,,,,,,2.4812438281312233e-05,4.0224684191848405,0.5213232506917653,0.0013950505695091093
460,1,0.5,extinct,True,False,16.285863404859377,,,,,,3.32417922946869e-05,1.8584980028144495,1.2765054509770228,0.0016784772892113429
461,1,0.5,extinct,True,False,14.537776372440995,,,,,,1.0289355853447496e-05,5.780262558992592,1.000577809723395,0.00048505453126703
462,1,0.5,extinct,True,False,30.063650107861342,,,,,,3.079416064633631e-05,5.6669673906702975,0.5730920744270919,0.0013112726756880871
463,1,0.5,integrated,False,True,8.779596836246922,45.35999999999956,54.49078007560556,54.13959683624648,63.27037691185248,63.27037691185248,2.1725851656390125e-05,4.892446303609563,0.435023942726391,0.0014889098514173369
464,1,0.5,integrated,False,True,30.67604970554231,45.479999999999556,55.81023271946277,76.15604970554188,86.48628242500507,86.48628242500507,1.9296923930535692e-05,6.088140337411103,0.9298038130232145,0.0011657661454568182
465,1,0.5,extinct,True,False,29.298883791201337,,,,,,6.424841501199624e-05,7.701476551817247,1.0563355596769666,0.0003952290407240715
466,1,0.5,integrated,False,True,31.886179860010074,44.51999999999958,53.207056147081985,76.40617986000964,85.09323600709206,85.09323600709206,2.4850341686996755e-05,2.9037553403313683,0.4014704992376097,0.0014595530573296223
467,1,0.5,extinct,True,False,40.68615831130193,,,,,,8.073623292980451e-06,2.6589981608990483,0.5350807145907959,0.0016958460541978905
468,1,0.5,integrated,False,True,38.15158695887388,47.03999999999952,58.519352797213365,85.1915869588734,96.67093975608725,96.67093975608725,1.159190262990786e-05,4.622888858684737,1.0139725408628653,0.0011691092341304652
469,1,0.5,extinct,True,False,20.727412792301408,,,,,,1.9840984960916918e-05,4.295347259381291,0.891471176769149,0.0006763591046592859
470,1,0.5,extinct,True,False,32.98115773377047,,,,,,3.139827811683082e-05,2.3582017089584992,1.1236114806910555,0.0005260118345487239
471,1,0.5,integrated,False,True,24.005781055650306,44.87999999999957,54.65027069357508,68.88578105564987,78.65605174922538,78.65605174922538,3.213953924427102e-05,5.622608177280151,0.2692376638022767,0.0006558396808835965
472,1,0.5,extinct,True,False,17.24153604746313,,,,,,1.752379554664817e-05,6.5036298073134295,0.9910921147504916,0.0008408528195940862
473,1,0.5,extinct,True,False,25.70541366108434,,,,,,3.423172834290196e-05,2.141441759463224,1.4981299602930414,0.0008150140275982152
474,1,0.5,integrated,False,True,19.952994570387396,66.9599999999991,77.50547650199002,86.9129945703865,97.45847107237742,97.45847107237742,2.8691093185772257e-05,2.985373128889245,0.882395330658996,0.0005003994525532119
475,1,0.5,extinct,True,False,14.999386203993073,,,,,,2.5798881631231693e-05,2.857043727776345,1.2505448882763064,0.0013278762517274006
476,1,0.5,extinct,True,False,18.471271612649254,,,,,,2.0799405352936254e-05,3.0934338077812518,0.6860535344583348,0.001788574548133051
477,1,0.5,integrated,False,True,19.085458727409584,45.23999999999956,58.208731962403505,64.32545872740914,77.29419068981309,77.29419068981309,1.2703763512856976e-05,3.7425671973593277,0.49490768136181307,0.0004451832666388848
478,1,0.5,extinct,True,False,14.86034242428984,,,,,,6.923114765617705e-05,3.5326070687968287,1.1029429155129757,0.0009763761268289176
479,1,0.5,integrated,False,True,25.64156837338579,47.03999999999952,57.435146406923586,72.68156837338532,83.07671478030937,83.07671478030937,3.1917995096505724e-05,3.447081875151877,0.7509118929637195,0.0005152020881506013
480,1,0.5,extinct,True,False,29.08227041322716,,,,,,1.9490728789242782e-05,3.9071126173848314,0.6507831792310903,0.0014142491436597432
481,1,0.5,extinct,True,False,14.03820123768907,,,,,,3.8624756343540215e-05,1.679883632886238,1.108164768197008,0.00034867346306893717
482,1,0.5,extinct,True,False,25.0252581792566,,,,,,2.1305379662850007e-05,8.06426429326279,0.3843514166725496,0.0006448400911364203
483,1,0.5,extinct,True,False,15.252241865365555,,,,,,3.310259483751561e-05,1.571898226959485,0.8540367133819375,0.000651670012628002
484,1,0.5,integrated,False,True,19.65206175242859,45.479999999999556,55.841321516605426,65.13206175242814,75.49338326903401,75.49338326903401,1.946103621316733e-05,3.635233902264509,0.8712556458761495,0.0008540779213570883
485,1,0.5,integrated,False,True,24.862973165195914,44.639999999999574,52.540381656532674,69.50297316519548,77.40335482172858,77.40335482172858,4.810284160570758e-05,2.77006157451867,0.44277955751328396,0.0010707657769770823
486,1,0.5,integrated,False,True,42.99472626474412,44.39999999999958,52.84421663347045,87.3947262647437,95.83894289821458,95.83894289821458,2.501887947799071e-05,1.4164096288398338,0.2888707074653535,0.0015316610135888487
487,1,0.5,integrated,False,True,22.553220151822813,44.87999999999957,53.585404450871444,67.43322015182238,76.13862460269425,76.13862460269425,1.8988565357712114e-05,2.0874271088603056,0.21781563997556921,0.001841115436416846
488,1,0.5,integrated,False,True,29.73733329084762,44.639999999999574,54.36864073823942,74.37733329084719,84.10597402908704,84.10597402908704,5.251360647797187e-05,2.446996461156893,0.7804819757970004,0.0005538818457408906
489,1,0.5,extinct,True,False,37.506349796347486,,,,,,3.855644239271034e-05,5.54096484449591,0.27649345369305617,0.0006365772486264665
490,1,0.5,integrated,False,True,11.35545996090395,44.87999999999957,56.8706927995848,56.23545996090352,68.22615276048876,68.22615276048876,1.0592082813185647e-05,3.6659066751979394,0.24726027887897165,0.0014898226612623945
491,1,0.5,extinct,True,False,24.923107312965946,,,,,,4.071077182744422e-05,9.181466263943364,1.1106473363954923,0.0012967915519434758
492,1,0.5,integrated,False,True,22.438467947016992,46.439999999999536,55.31336312149128,68.87846794701653,77.75183106850827,77.75183106850827,3.189769787633713e-05,2.0500544635608744,1.7103793013710682,0.0012185236941707643
493,1,0.5,extinct,True,False,47.89073609095124,,,,,,1.4738939512601953e-05,1.54387087042595,0.5208580698593921,0.0016838986644139155
494,1,0.5,integrated,False,True,27.036997827277215,45.71999999999955,52.84282008997664,72.75699782727676,79.87981791725386,79.87981791725386,3.451553313583757e-05,1.8564265415850936,0.6831625843198771,0.0029103081642034927
495,1,0.5,integrated,False,True,10.577749979552014,44.39999999999958,54.89938282418018,54.97774997955159,65.47713280373219,65.47713280373219,1.8832550863037326e-05,7.72318361165996,0.24316003449634818,0.0009378988528690387
496,1,0.5,extinct,True,False,15.730392493405967,,,,,,7.475254106517895e-05,3.5438486486684555,1.9176488025090763,0.0017030994763234833
497,1,0.5,extinct,True,False,33.57537372904117,,,,,,1.6105978396123124e-05,3.2602015079099362,0.4809663717929536,0.0004382997819878994
498,1,0.5,extinct,True,False,24.49536067968829,,,,,,1.3153635866818656e-05,4.505775893976347,0.4763579995579541,0.000749061719882944
499,1,0.5,integrated,False,True,18.21576044757343,44.87999999999957,54.11714141474707,63.095760447573,72.3329018623205,72.3329018623205,3.408308019979635e-05,3.3046910993370124,0.8067008178154407,0.0008136465045572315
0,1000,0.0,integrated,False,True,0.0,21.720000000000017,30.588285327765526,21.720000000000017,30.588285327765526,30.588285327765526,2.4e-05,3.07,0.7,0.001
1,1000,0.0,integrated,False,True,0.0,21.720000000000017,30.63703518212383,21.720000000000017,30.63703518212383,30.63703518212383,2.4e-05,3.07,0.7,0.001
2,1000,0.0,integrated,False,True,0.0,21.720000000000017,30.66427916035363,21.720000000000017,30.66427916035363,30.66427916035363,2.4e-05,3.07,0.7,0.001
3,1000,0.0,integrated,False,True,0.0,21.720000000000017,30.612315126036712,21.720000000000017,30.612315126036712,30.612315126036712,2.4e-05,3.07,0.7,0.001
4,1000,0.0,integrated,False,True,0.0,21.720000000000017,30.63725899398096,21.720000000000017,30.63725899398096,30.63725899398096,2.4e-05,3.07,0.7,0.001
5,1000,0.0,integrated,False,True,0.0,21.720000000000017,30.643593155905847,21.720000000000017,30.643593155905847,30.643593155905847,2.4e-05,3.07,0.7,0.001
6,1000,0.0,integrated,False,True,0.0,21.720000000000017,30.721772182941958,21.720000000000017,30.721772182941958,30.721772182941958,2.4e-05,3.07,0.7,0.001
7,1000,0.0,integrated,False,True,0.0,21.720000000000017,30.592713087669807,21.720000000000017,30.592713087669807,30.592713087669807,2.4e-05,3.07,0.7,0.001
8,1000,0.0,integrated,False,True,0.0,21.720000000000017,30.503448378950285,21.720000000000017,30.503448378950285,30.503448378950285,2.4e-05,3.07,0.7,0.001
9,1000,0.0,integrated,False,True,0.0,21.720000000000017,30.574327102296145,21.720000000000017,30.574327102296145,30.574327102296145,2.4e-05,3.07,0.7,0.001
10,1000,0.0,integrated,False,True,0.0,21.720000000000017,30.64369514856022,21.720000000000017,30.64369514856022,30.64369514856022,2.4e-05,3.07,0.7,0.001
11,1000,0.0,integrated,False,True,0.0,21.720000000000017,30.664572383024407,21.720000000000017,30.664572383024407,30.664572383024407,2.4e-05,3.07,0.7,0.001
12,1000,0.0,integrated,False,True,0.0,21.720000000000017,30.520281282548694,21.720000000000017,30.520281282548694,30.520281282548694,2.4e-05,3.07,0.7,0.001
13,1000,0.0,integrated,False,True,0.0,21.720000000000017,30.46651577224241,21.720000000000017,30.46651577224241,30.46651577224241,2.4e-05,3.07,0.7,0.001
14,1000,0.0,integrated,False,True,0.0,21.720000000000017,30.63949653520938,21.720000000000017,30.63949653520938,30.63949653520938,2.4e-05,3.07,0.7,0.001
15,1000,0.0,integrated,False,True,0.0,21.720000000000017,30.62165219746034,21.720000000000017,30.62165219746034,30.62165219746034,2.4e-05,3.07,0.7,0.001
16,1000,0.0,integrated,False,True,0.0,21.720000000000017,30.56387263744971,21.720000000000017,30.56387263744971,30.56387263744971,2.4e-05,3.07,0.7,0.001
17,1000,0.0,integrated,False,True,0.0,21.720000000000017,30.6370872063952,21.720000000000017,30.6370872063952,30.6370872063952,2.4e-05,3.07,0.7,0.001
18,1000,0.0,integrated,False,True,0.0,21.720000000000017,30.585632805684547,21.720000000000017,30.585632805684547,30.585632805684547,2.4e-05,3.07,0.7,0.001
19,1000,0.0,integrated,False,True,0.0,21.720000000000017,30.49558317310704,21.720000000000017,30.49558317310704,30.49558317310704,2.4e-05,3.07,0.7,0.001
20,1000,0.0,integrated,False,True,0.0,21.720000000000017,30.63858368242082,21.720000000000017,30.63858368242082,30.63858368242082,2.4e-05,3.07,0.7,0.001
21,1000,0.0,integrated,False,True,0.0,21.720000000000017,30.498719005043696,21.720000000000017,30.498719005043696,30.498719005043696,2.4e-05,3.07,0.7,0.001
22,1000,0.0,integrated,False,True,0.0,21.720000000000017,30.701785375791736,21.720000000000017,30.701785375791736,30.701785375791736,2.4e-05,3.07,0.7,0.001
23,1000,0.0,integrated,False,True,0.0,21.720000000000017,30.599407966068554,21.720000000000017,30.599407966068554,30.599407966068554,2.4e-05,3.07,0.7,0.001
24,1000,0.0,integrated,False,True,0.0,21.720000000000017,30.535473187586366,21.720000000000017,30.535473187586366,30.535473187586366,2.4e-05,3.07,0.7,0.001
25,1000,0.0,integrated,False,True,0.0,21.720000000000017,30.451281344851626,21.720000000000017,30.451281344851626,30.451281344851626,2.4e-05,3.07,0.7,0.001
26,1000,0.0,integrated,False,True,0.0,21.720000000000017,30.58444002035185,21.720000000000017,30.58444002035185,30.58444002035185,2.4e-05,3.07,0.7,0.001
27,1000,0.0,integrated,False,True,0.0,21.720000000000017,30.674190907689596,21.720000000000017,30.674190907689596,30.674190907689596,2.4e-05,3.07,0.7,0.001
28,1000,0.0,integrated,False,True,0.0,21.720000000000017,30.64634664191513,21.720000000000017,30.64634664191513,30.64634664191513,2.4e-05,3.07,0.7,0.001
29,1000,0.0,integrated,False,True,0.0,21.720000000000017,30.570643700135832,21.720000000000017,30.570643700135832,30.570643700135832,2.4e-05,3.07,0.7,0.001
30,1000,0.0,integrated,False,True,0.0,21.720000000000017,30.558835449287784,21.720000000000017,30.558835449287784,30.558835449287784,2.4e-05,3.07,0.7,0.001
31,1000,0.0,integrated,False,True,0.0,21.720000000000017,30.499787310280347,21.720000000000017,30.499787310280347,30.499787310280347,2.4e-05,3.07,0.7,0.001
32,1000,0.0,integrated,False,True,0.0,21.720000000000017,30.658564199059576,21.720000000000017,30.658564199059576,30.658564199059576,2.4e-05,3.07,0.7,0.001
33,1000,0.0,integrated,False,True,0.0,21.720000000000017,30.594417286155377,21.720000000000017,30.594417286155377,30.594417286155377,2.4e-05,3.07,0.7,0.001
34,1000,0.0,integrated,False,True,0.0,21.720000000000017,30.66106320321154,21.720000000000017,30.66106320321154,30.66106320321154,2.4e-05,3.07,0.7,0.001
35,1000,0.0,integrated,False,True,0.0,21.720000000000017,30.591467841915264,21.720000000000017,30.591467841915264,30.591467841915264,2.4e-05,3.07,0.7,0.001
36,1000,0.0,integrated,False,True,0.0,21.720000000000017,30.63568686364757,21.720000000000017,30.63568686364757,30.63568686364757,2.4e-05,3.07,0.7,0.001
37,1000,0.0,integrated,False,True,0.0,21.720000000000017,30.62769617396949,21.720000000000017,30.62769617396949,30.62769617396949,2.4e-05,3.07,0.7,0.001
38,1000,0.0,integrated,False,True,0.0,21.720000000000017,30.622700240947083,21.720000000000017,30.622700240947083,30.622700240947083,2.4e-05,3.07,0.7,0.001
39,1000,0.0,integrated,False,True,0.0,21.720000000000017,30.593345472547668,21.720000000000017,30.593345472547668,30.593345472547668,2.4e-05,3.07,0.7,0.001
40,1000,0.0,integrated,False,True,0.0,21.720000000000017,30.709933832964953,21.720000000000017,30.709933832964953,30.709933832964953,2.4e-05,3.07,0.7,0.001
41,1000,0.0,integrated,False,True,0.0,21.720000000000017,30.655542525472953,21.720000000000017,30.655542525472953,30.655542525472953,2.4e-05,3.07,0.7,0.001
42,1000,0.0,integrated,False,True,0.0,21.720000000000017,30.585554526638294,21.720000000000017,30.585554526638294,30.585554526638294,2.4e-05,3.07,0.7,0.001
43,1000,0.0,integrated,False,True,0.0,21.720000000000017,30.620656924184992,21.720000000000017,30.620656924184992,30.620656924184992,2.4e-05,3.07,0.7,0.001
44,1000,0.0,integrated,False,True,0.0,21.720000000000017,30.57548018383567,21.720000000000017,30.57548018383567,30.57548018383567,2.4e-05,3.07,0.7,0.001
45,1000,0.0,integrated,False,True,0.0,21.720000000000017,30.650926006191753,21.720000000000017,30.650926006191753,30.650926006191753,2.4e-05,3.07,0.7,0.001
46,1000,0.0,integrated,False,True,0.0,21.720000000000017,30.531780874448025,21.720000000000017,30.531780874448025,30.531780874448025,2.4e-05,3.07,0.7,0.001
47,1000,0.0,integrated,False,True,0.0,21.720000000000017,30.546483419726677,21.720000000000017,30.546483419726677,30.546483419726677,2.4e-05,3.07,0.7,0.001
48,1000,0.0,integrated,False,True,0.0,21.720000000000017,30.641685221987217,21.720000000000017,30.641685221987217,30.641685221987217,2.4e-05,3.07,0.7,0.001
49,1000,0.0,integrated,False,True,0.0,21.720000000000017,30.547648361218428,21.720000000000017,30.547648361218428,30.547648361218428,2.4e-05,3.07,0.7,0.001
50,1000,0.0,integrated,False,True,0.0,21.720000000000017,30.594177293548462,21.720000000000017,30.594177293548462,30.594177293548462,2.4e-05,3.07,0.7,0.001
51,1000,0.0,integrated,False,True,0.0,21.720000000000017,30.588734499123525,21.720000000000017,30.588734499123525,30.588734499123525,2.4e-05,3.07,0.7,0.001
52,1000,0.0,integrated,False,True,0.0,21.720000000000017,30.656747271465406,21.720000000000017,30.656747271465406,30.656747271465406,2.4e-05,3.07,0.7,0.001
53,1000,0.0,integrated,False,True,0.0,21.720000000000017,30.673713409339392,21.720000000000017,30.673713409339392,30.673713409339392,2.4e-05,3.07,0.7,0.001
54,1000,0.0,integrated,False,True,0.0,21.720000000000017,30.640553740192566,21.720000000000017,30.640553740192566,30.640553740192566,2.4e-05,3.07,0.7,0.001
55,1000,0.0,integrated,False,True,0.0,21.720000000000017,30.582735901800874,21.720000000000017,30.582735901800874,30.582735901800874,2.4e-05,3.07,0.7,0.001
56,1000,0.0,integrated,False,True,0.0,21.720000000000017,30.477996797822186,21.720000000000017,30.477996797822186,30.477996797822186,2.4e-05,3.07,0.7,0.001
57,1000,0.0,integrated,False,True,0.0,21.720000000000017,30.64720735783947,21.720000000000017,30.64720735783947,30.64720735783947,2.4e-05,3.07,0.7,0.001
58,1000,0.0,integrated,False,True,0.0,21.720000000000017,30.587696565854223,21.720000000000017,30.587696565854223,30.587696565854223,2.4e-05,3.07,0.7,0.001
59,1000,0.0,integrated,False,True,0.0,21.720000000000017,30.55752666031549,21.720000000000017,30.55752666031549,30.55752666031549,2.4e-05,3.07,0.7,0.001
60,1000,0.0,integrated,False,True,0.0,21.720000000000017,30.60556277429613,21.720000000000017,30.60556277429613,30.60556277429613,2.4e-05,3.07,0.7,0.001
61,1000,0.0,integrated,False,True,0.0,21.720000000000017,30.678929102933328,21.720000000000017,30.678929102933328,30.678929102933328,2.4e-05,3.07,0.7,0.001
62,1000,0.0,integrated,False,True,0.0,21.720000000000017,30.47504056875424,21.720000000000017,30.47504056875424,30.47504056875424,2.4e-05,3.07,0.7,0.001
63,1000,0.0,integrated,False,True,0.0,21.720000000000017,30.685898699642287,21.720000000000017,30.685898699642287,30.685898699642287,2.4e-05,3.07,0.7,0.001
64,1000,0.0,integrated,False,True,0.0,21.720000000000017,30.599217667743893,21.720000000000017,30.599217667743893,30.599217667743893,2.4e-05,3.07,0.7,0.001
65,1000,0.0,integrated,False,True,0.0,21.720000000000017,30.532246046906756,21.720000000000017,30.532246046906756,30.532246046906756,2.4e-05,3.07,0.7,0.001
66,1000,0.0,integrated,False,True,0.0,21.720000000000017,30.66417894435122,21.720000000000017,30.66417894435122,30.66417894435122,2.4e-05,3.07,0.7,0.001
67,1000,0.0,integrated,False,True,0.0,21.720000000000017,30.678937787350513,21.720000000000017,30.678937787350513,30.678937787350513,2.4e-05,3.07,0.7,0.001
68,1000,0.0,integrated,False,True,0.0,21.720000000000017,30.545854916866332,21.720000000000017,30.545854916866332,30.545854916866332,2.4e-05,3.07,0.7,0.001
69,1000,0.0,integrated,False,True,0.0,21.720000000000017,30.564900562151312,21.720000000000017,30.564900562151312,30.564900562151312,2.4e-05,3.07,0.7,0.001
70,1000,0.0,integrated,False,True,0.0,21.720000000000017,30.67505226121782,21.720000000000017,30.67505226121782,30.67505226121782,2.4e-05,3.07,0.7,0.001
71,1000,0.0,integrated,False,True,0.0,21.720000000000017,30.57156214059913,21.720000000000017,30.57156214059913,30.57156214059913,2.4e-05,3.07,0.7,0.001
72,1000,0.0,integrated,False,True,0.0,21.720000000000017,30.577575135244246,21.720000000000017,30.577575135244246,30.577575135244246,2.4e-05,3.07,0.7,0.001
73,1000,0.0,integrated,False,True,0.0,21.720000000000017,30.727242935277367,21.720000000000017,30.727242935277367,30.727242935277367,2.4e-05,3.07,0.7,0.001
74,1000,0.0,integrated,False,True,0.0,21.720000000000017,30.531544941124096,21.720000000000017,30.531544941124096,30.531544941124096,2.4e-05,3.07,0.7,0.001
75,1000,0.0,integrated,False,True,0.0,21.720000000000017,30.59934495176314,21.720000000000017,30.59934495176314,30.59934495176314,2.4e-05,3.07,0.7,0.001
76,1000,0.0,integrated,False,True,0.0,21.720000000000017,30.624032525485873,21.720000000000017,30.624032525485873,30.624032525485873,2.4e-05,3.07,0.7,0.001
77,1000,0.0,integrated,False,True,0.0,21.720000000000017,30.57084036208002,21.720000000000017,30.57084036208002,30.57084036208002,2.4e-05,3.07,0.7,0.001
78,1000,0.0,integrated,False,True,0.0,21.720000000000017,30.70960079389318,21.720000000000017,30.70960079389318,30.70960079389318,2.4e-05,3.07,0.7,0.001
79,1000,0.0,integrated,False,True,0.0,21.720000000000017,30.477113312871797,21.720000000000017,30.477113312871797,30.477113312871797,2.4e-05,3.07,0.7,0.001
80,1000,0.0,integrated,False,True,0.0,21.720000000000017,30.6406541888595,21.720000000000017,30.6406541888595,30.6406541888595,2.4e-05,3.07,0.7,0.001
81,1000,0.0,integrated,False,True,0.0,21.720000000000017,30.61103850230422,21.720000000000017,30.61103850230422,30.61103850230422,2.4e-05,3.07,0.7,0.001
82,1000,0.0,integrated,False,True,0.0,21.720000000000017,30.623890733381387,21.720000000000017,30.623890733381387,30.623890733381387,2.4e-05,3.07,0.7,0.001
83,1000,0.0,integrated,False,True,0.0,21.720000000000017,30.55098870947103,21.720000000000017,30.55098870947103,30.55098870947103,2.4e-05,3.07,0.7,0.001
84,1000,0.0,integrated,False,True,0.0,21.720000000000017,30.551851244411644,21.720000000000017,30.551851244411644,30.551851244411644,2.4e-05,3.07,0.7,0.001
85,1000,0.0,integrated,False,True,0.0,21.720000000000017,30.572083328905638,21.720000000000017,30.572083328905638,30.572083328905638,2.4e-05,3.07,0.7,0.001
86,1000,0.0,integrated,False,True,0.0,21.720000000000017,30.665016920183763,21.720000000000017,30.665016920183763,30.665016920183763,2.4e-05,3.07,0.7,0.001
87,1000,0.0,integrated,False,True,0.0,21.720000000000017,30.477826750987358,21.720000000000017,30.477826750987358,30.477826750987358,2.4e-05,3.07,0.7,0.001
88,1000,0.0,integrated,False,True,0.0,21.720000000000017,30.598574693538048,21.720000000000017,30.598574693538048,30.598574693538048,2.4e-05,3.07,0.7,0.001
89,1000,0.0,integrated,False,True,0.0,21.720000000000017,30.63334607478192,21.720000000000017,30.63334607478192,30.63334607478192,2.4e-05,3.07,0.7,0.001
90,1000,0.0,integrated,False,True,0.0,21.720000000000017,30.567125450029835,21.720000000000017,30.567125450029835,30.567125450029835,2.4e-05,3.07,0.7,0.001
91,1000,0.0,integrated,False,True,0.0,21.720000000000017,30.615446192180784,21.720000000000017,30.615446192180784,30.615446192180784,2.4e-05,3.07,0.7,0.001
92,1000,0.0,integrated,False,True,0.0,21.720000000000017,30.570081484972484,21.720000000000017,30.570081484972484,30.570081484972484,2.4e-05,3.07,0.7,0.001
93,1000,0.0,integrated,False,True,0.0,21.720000000000017,30.69967502973126,21.720000000000017,30.69967502973126,30.69967502973126,2.4e-05,3.07,0.7,0.001
94,1000,0.0,integrated,False,True,0.0,21.720000000000017,30.63093213832679,21.720000000000017,30.63093213832679,30.63093213832679,2.4e-05,3.07,0.7,0.001
95,1000,0.0,integrated,False,True,0.0,21.720000000000017,30.46378709097754,21.720000000000017,30.46378709097754,30.46378709097754,2.4e-05,3.07,0.7,0.001
96,1000,0.0,integrated,False,True,0.0,21.720000000000017,30.573608990849415,21.720000000000017,30.573608990849415,30.573608990849415,2.4e-05,3.07,0.7,0.001
97,1000,0.0,integrated,False,True,0.0,21.720000000000017,30.57225775071705,21.720000000000017,30.57225775071705,30.57225775071705,2.4e-05,3.07,0.7,0.001
98,1000,0.0,integrated,False,True,0.0,21.720000000000017,30.652398755274028,21.720000000000017,30.652398755274028,30.652398755274028,2.4e-05,3.07,0.7,0.001
99,1000,0.0,integrated,False,True,0.0,21.720000000000017,30.58829899729692,21.720000000000017,30.58829899729692,30.58829899729692,2.4e-05,3.07,0.7,0.001
100,1000,0.0,integrated,False,True,0.0,21.720000000000017,30.694806407241934,21.720000000000017,30.694806407241934,30.694806407241934,2.4e-05,3.07,0.7,0.001
101,1000,0.0,integrated,False,True,0.0,21.720000000000017,30.589006372272685,21.720000000000017,30.589006372272685,30.589006372272685,2.4e-05,3.07,0.7,0.001
102,1000,0.0,integrated,False,True,0.0,21.720000000000017,30.67898843328137,21.720000000000017,30.67898843328137,30.67898843328137,2.4e-05,3.07,0.7,0.001
103,1000,0.0,integrated,False,True,0.0,21.720000000000017,30.609981044267688,21.720000000000017,30.609981044267688,30.609981044267688,2.4e-05,3.07,0.7,0.001
104,1000,0.0,integrated,False,True,0.0,21.720000000000017,30.613412810366075,21.720000000000017,30.613412810366075,30.613412810366075,2.4e-05,3.07,0.7,0.001
105,1000,0.0,integrated,False,True,0.0,21.720000000000017,30.636580608355857,21.720000000000017,30.636580608355857,30.636580608355857,2.4e-05,3.07,0.7,0.001
106,1000,0.0,integrated,False,True,0.0,21.720000000000017,30.576427398141696,21.720000000000017,30.576427398141696,30.576427398141696,2.4e-05,3.07,0.7,0.001
107,1000,0.0,integrated,False,True,0.0,21.720000000000017,30.65791007641458,21.720000000000017,30.65791007641458,30.65791007641458,2.4e-05,3.07,0.7,0.001
108,1000,0.0,integrated,False,True,0.0,21.720000000000017,30.59707872516654,21.720000000000017,30.59707872516654,30.59707872516654,2.4e-05,3.07,0.7,0.001
109,1000,0.0,integrated,False,True,0.0,21.720000000000017,30.619852554681284,21.720000000000017,30.619852554681284,30.619852554681284,2.4e-05,3.07,0.7,0.001
110,1000,0.0,integrated,False,True,0.0,21.720000000000017,30.682533315086104,21.720000000000017,30.682533315086104,30.682533315086104,2.4e-05,3.07,0.7,0.001
111,1000,0.0,integrated,False,True,0.0,21.720000000000017,30.629274050289556,21.720000000000017,30.629274050289556,30.629274050289556,2.4e-05,3.07,0.7,0.001
112,1000,0.0,integrated,False,True,0.0,21.720000000000017,30.43163337671749,21.720000000000017,30.43163337671749,30.43163337671749,2.4e-05,3.07,0.7,0.001
113,1000,0.0,integrated,False,True,0.0,21.720000000000017,30.67307578407976,21.720000000000017,30.67307578407976,30.67307578407976,2.4e-05,3.07,0.7,0.001
114,1000,0.0,integrated,False,True,0.0,21.720000000000017,30.677737263577697,21.720000000000017,30.677737263577697,30.677737263577697,2.4e-05,3.07,0.7,0.001
115,1000,0.0,integrated,False,True,0.0,21.720000000000017,30.649669324651917,21.720000000000017,30.649669324651917,30.649669324651917,2.4e-05,3.07,0.7,0.001
116,1000,0.0,integrated,False,True,0.0,21.720000000000017,30.642159970565462,21.720000000000017,30.642159970565462,30.642159970565462,2.4e-05,3.07,0.7,0.001
117,1000,0.0,integrated,False,True,0.0,21.720000000000017,30.66558560760327,21.720000000000017,30.66558560760327,30.66558560760327,2.4e-05,3.07,0.7,0.001
118,1000,0.0,integrated,False,True,0.0,21.720000000000017,30.54642505354958,21.720000000000017,30.54642505354958,30.54642505354958,2.4e-05,3.07,0.7,0.001
119,1000,0.0,integrated,False,True,0.0,21.720000000000017,30.57303223055533,21.720000000000017,30.57303223055533,30.57303223055533,2.4e-05,3.07,0.7,0.001
120,1000,0.0,integrated,False,True,0.0,21.720000000000017,30.64920581662007,21.720000000000017,30.64920581662007,30.64920581662007,2.4e-05,3.07,0.7,0.001
121,1000,0.0,integrated,False,True,0.0,21.720000000000017,30.566917596889184,21.720000000000017,30.566917596889184,30.566917596889184,2.4e-05,3.07,0.7,0.001
122,1000,0.0,integrated,False,True,0.0,21.720000000000017,30.578269465323658,21.720000000000017,30.578269465323658,30.578269465323658,2.4e-05,3.07,0.7,0.001
123,1000,0.0,integrated,False,True,0.0,21.720000000000017,30.56189431230294,21.720000000000017,30.56189431230294,30.56189431230294,2.4e-05,3.07,0.7,0.001
124,1000,0.0,integrated,False,True,0.0,21.720000000000017,30.581020861088582,21.720000000000017,30.581020861088582,30.581020861088582,2.4e-05,3.07,0.7,0.001
125,1000,0.0,integrated,False,True,0.0,21.720000000000017,30.542505651479335,21.720000000000017,30.542505651479335,30.542505651479335,2.4e-05,3.07,0.7,0.001
126,1000,0.0,integrated,False,True,0.0,21.720000000000017,30.646139075433155,21.720000000000017,30.646139075433155,30.646139075433155,2.4e-05,3.07,0.7,0.001
127,1000,0.0,integrated,False,True,0.0,21.720000000000017,30.565098340070357,21.720000000000017,30.565098340070357,30.565098340070357,2.4e-05,3.07,0.7,0.001
128,1000,0.0,integrated,False,True,0.0,21.720000000000017,30.612047062094618,21.720000000000017,30.612047062094618,30.612047062094618,2.4e-05,3.07,0.7,0.001
129,1000,0.0,integrated,False,True,0.0,21.720000000000017,30.599343457825206,21.720000000000017,30.599343457825206,30.599343457825206,2.4e-05,3.07,0.7,0.001
130,1000,0.0,integrated,False,True,0.0,21.720000000000017,30.53120491161259,21.720000000000017,30.53120491161259,30.53120491161259,2.4e-05,3.07,0.7,0.001
131,1000,0.0,integrated,False,True,0.0,21.720000000000017,30.617247876865214,21.720000000000017,30.617247876865214,30.617247876865214,2.4e-05,3.07,0.7,0.001
132,1000,0.0,integrated,False,True,0.0,21.720000000000017,30.644594988817346,21.720000000000017,30.644594988817346,30.644594988817346,2.4e-05,3.07,0.7,0.001
133,1000,0.0,integrated,False,True,0.0,21.720000000000017,30.557857735843704,21.720000000000017,30.557857735843704,30.557857735843704,2.4e-05,3.07,0.7,0.001
134,1000,0.0,integrated,False,True,0.0,21.720000000000017,30.5791348563871,21.720000000000017,30.5791348563871,30.5791348563871,2.4e-05,3.07,0.7,0.001
135,1000,0.0,integrated,False,True,0.0,21.720000000000017,30.718239093983236,21.720000000000017,30.718239093983236,30.718239093983236,2.4e-05,3.07,0.7,0.001
136,1000,0.0,integrated,False,True,0.0,21.720000000000017,30.582450397706094,21.720000000000017,30.582450397706094,30.582450397706094,2.4e-05,3.07,0.7,0.001
137,1000,0.0,integrated,False,True,0.0,21.720000000000017,30.650548432240107,21.720000000000017,30.650548432240107,30.650548432240107,2.4e-05,3.07,0.7,0.001
138,1000,0.0,integrated,False,True,0.0,21.720000000000017,30.539849158142538,21.720000000000017,30.539849158142538,30.539849158142538,2.4e-05,3.07,0.7,0.001
139,1000,0.0,integrated,False,True,0.0,21.720000000000017,30.537940384854238,21.720000000000017,30.537940384854238,30.537940384854238,2.4e-05,3.07,0.7,0.001
140,1000,0.0,integrated,False,True,0.0,21.720000000000017,30.643200245874716,21.720000000000017,30.643200245874716,30.643200245874716,2.4e-05,3.07,0.7,0.001
141,1000,0.0,integrated,False,True,0.0,21.720000000000017,30.63949897023509,21.720000000000017,30.63949897023509,30.63949897023509,2.4e-05,3.07,0.7,0.001
142,1000,0.0,integrated,False,True,0.0,21.720000000000017,30.580414601385556,21.720000000000017,30.580414601385556,30.580414601385556,2.4e-05,3.07,0.7,0.001
143,1000,0.0,integrated,False,True,0.0,21.720000000000017,30.683898948199115,21.720000000000017,30.683898948199115,30.683898948199115,2.4e-05,3.07,0.7,0.001
144,1000,0.0,integrated,False,True,0.0,21.720000000000017,30.5034642873295,21.720000000000017,30.5034642873295,30.5034642873295,2.4e-05,3.07,0.7,0.001
145,1000,0.0,integrated,False,True,0.0,21.720000000000017,30.51017885879812,21.720000000000017,30.51017885879812,30.51017885879812,2.4e-05,3.07,0.7,0.001
146,1000,0.0,integrated,False,True,0.0,21.720000000000017,30.57646095569688,21.720000000000017,30.57646095569688,30.57646095569688,2.4e-05,3.07,0.7,0.001
147,1000,0.0,integrated,False,True,0.0,21.720000000000017,30.517655248190103,21.720000000000017,30.517655248190103,30.517655248190103,2.4e-05,3.07,0.7,0.001
148,1000,0.0,integrated,False,True,0.0,21.720000000000017,30.573376582129143,21.720000000000017,30.573376582129143,30.573376582129143,2.4e-05,3.07,0.7,0.001
149,1000,0.0,integrated,False,True,0.0,21.720000000000017,30.555250255025378,21.720000000000017,30.555250255025378,30.555250255025378,2.4e-05,3.07,0.7,0.001
150,1000,0.0,integrated,False,True,0.0,21.720000000000017,30.45822363817119,21.720000000000017,30.45822363817119,30.45822363817119,2.4e-05,3.07,0.7,0.001
151,1000,0.0,integrated,False,True,0.0,21.720000000000017,30.575090239607295,21.720000000000017,30.575090239607295,30.575090239607295,2.4e-05,3.07,0.7,0.001
152,1000,0.0,integrated,False,True,0.0,21.720000000000017,30.535404531128407,21.720000000000017,30.535404531128407,30.535404531128407,2.4e-05,3.07,0.7,0.001
153,1000,0.0,integrated,False,True,0.0,21.720000000000017,30.7095686034194,21.720000000000017,30.7095686034194,30.7095686034194,2.4e-05,3.07,0.7,0.001
154,1000,0.0,integrated,False,True,0.0,21.720000000000017,30.74753750307547,21.720000000000017,30.74753750307547,30.74753750307547,2.4e-05,3.07,0.7,0.001
155,1000,0.0,integrated,False,True,0.0,21.720000000000017,30.557965897118883,21.720000000000017,30.557965897118883,30.557965897118883,2.4e-05,3.07,0.7,0.001
156,1000,0.0,integrated,False,True,0.0,21.720000000000017,30.575809835809657,21.720000000000017,30.575809835809657,30.575809835809657,2.4e-05,3.07,0.7,0.001
157,1000,0.0,integrated,False,True,0.0,21.720000000000017,30.65080454374944,21.720000000000017,30.65080454374944,30.65080454374944,2.4e-05,3.07,0.7,0.001
158,1000,0.0,integrated,False,True,0.0,21.720000000000017,30.6929753326656,21.720000000000017,30.6929753326656,30.6929753326656,2.4e-05,3.07,0.7,0.001
159,1000,0.0,integrated,False,True,0.0,21.720000000000017,30.602985798729648,21.720000000000017,30.602985798729648,30.602985798729648,2.4e-05,3.07,0.7,0.001
160,1000,0.0,integrated,False,True,0.0,21.720000000000017,30.616752440396024,21.720000000000017,30.616752440396024,30.616752440396024,2.4e-05,3.07,0.7,0.001
161,1000,0.0,integrated,False,True,0.0,21.720000000000017,30.59270265952646,21.720000000000017,30.59270265952646,30.59270265952646,2.4e-05,3.07,0.7,0.001
162,1000,0.0,integrated,False,True,0.0,21.720000000000017,30.672751206809227,21.720000000000017,30.672751206809227,30.672751206809227,2.4e-05,3.07,0.7,0.001
163,1000,0.0,integrated,False,True,0.0,21.720000000000017,30.616065368227225,21.720000000000017,30.616065368227225,30.616065368227225,2.4e-05,3.07,0.7,0.001
164,1000,0.0,integrated,False,True,0.0,21.720000000000017,30.66271683004717,21.720000000000017,30.66271683004717,30.66271683004717,2.4e-05,3.07,0.7,0.001
165,1000,0.0,integrated,False,True,0.0,21.720000000000017,30.77640881167536,21.720000000000017,30.77640881167536,30.77640881167536,2.4e-05,3.07,0.7,0.001
166,1000,0.0,integrated,False,True,0.0,21.720000000000017,30.485568328351995,21.720000000000017,30.485568328351995,30.485568328351995,2.4e-05,3.07,0.7,0.001
167,1000,0.0,integrated,False,True,0.0,21.720000000000017,30.54379116431752,21.720000000000017,30.54379116431752,30.54379116431752,2.4e-05,3.07,0.7,0.001
168,1000,0.0,integrated,False,True,0.0,21.720000000000017,30.647052945204276,21.720000000000017,30.647052945204276,30.647052945204276,2.4e-05,3.07,0.7,0.001
169,1000,0.0,integrated,False,True,0.0,21.720000000000017,30.566324881290456,21.720000000000017,30.566324881290456,30.566324881290456,2.4e-05,3.07,0.7,0.001
170,1000,0.0,integrated,False,True,0.0,21.720000000000017,30.56044307840732,21.720000000000017,30.56044307840732,30.56044307840732,2.4e-05,3.07,0.7,0.001
171,1000,0.0,integrated,False,True,0.0,21.720000000000017,30.590057815803927,21.720000000000017,30.590057815803927,30.590057815803927,2.4e-05,3.07,0.7,0.001
172,1000,0.0,integrated,False,True,0.0,21.720000000000017,30.590275595320065,21.720000000000017,30.590275595320065,30.590275595320065,2.4e-05,3.07,0.7,0.001
173,1000,0.0,integrated,False,True,0.0,21.720000000000017,30.68438766286739,21.720000000000017,30.68438766286739,30.68438766286739,2.4e-05,3.07,0.7,0.001
174,1000,0.0,integrated,False,True,0.0,21.720000000000017,30.716591425542838,21.720000000000017,30.716591425542838,30.716591425542838,2.4e-05,3.07,0.7,0.001
175,1000,0.0,integrated,False,True,0.0,21.720000000000017,30.6355879716739,21.720000000000017,30.6355879716739,30.6355879716739,2.4e-05,3.07,0.7,0.001
176,1000,0.0,integrated,False,True,0.0,21.720000000000017,30.67295730004376,21.720000000000017,30.67295730004376,30.67295730004376,2.4e-05,3.07,0.7,0.001
177,1000,0.0,integrated,False,True,0.0,21.720000000000017,30.560048712865818,21.720000000000017,30.560048712865818,30.560048712865818,2.4e-05,3.07,0.7,0.001
178,1000,0.0,integrated,False,True,0.0,21.720000000000017,30.60662064389581,21.720000000000017,30.60662064389581,30.60662064389581,2.4e-05,3.07,0.7,0.001
179,1000,0.0,integrated,False,True,0.0,21.720000000000017,30.601673160252084,21.720000000000017,30.601673160252084,30.601673160252084,2.4e-05,3.07,0.7,0.001
180,1000,0.0,integrated,False,True,0.0,21.720000000000017,30.621723899310766,21.720000000000017,30.621723899310766,30.621723899310766,2.4e-05,3.07,0.7,0.001
181,1000,0.0,integrated,False,True,0.0,21.720000000000017,30.650225345721154,21.720000000000017,30.650225345721154,30.650225345721154,2.4e-05,3.07,0.7,0.001
182,1000,0.0,integrated,False,True,0.0,21.720000000000017,30.56459961430666,21.720000000000017,30.56459961430666,30.56459961430666,2.4e-05,3.07,0.7,0.001
183,1000,0.0,integrated,False,True,0.0,21.720000000000017,30.5918121684047,21.720000000000017,30.5918121684047,30.5918121684047,2.4e-05,3.07,0.7,0.001
184,1000,0.0,integrated,False,True,0.0,21.720000000000017,30.629802920182843,21.720000000000017,30.629802920182843,30.629802920182843,2.4e-05,3.07,0.7,0.001
185,1000,0.0,integrated,False,True,0.0,21.720000000000017,30.52054414915547,21.720000000000017,30.52054414915547,30.52054414915547,2.4e-05,3.07,0.7,0.001
186,1000,0.0,integrated,False,True,0.0,21.720000000000017,30.539664423820874,21.720000000000017,30.539664423820874,30.539664423820874,2.4e-05,3.07,0.7,0.001
187,1000,0.0,integrated,False,True,0.0,21.720000000000017,30.542373146401808,21.720000000000017,30.542373146401808,30.542373146401808,2.4e-05,3.07,0.7,0.001
188,1000,0.0,integrated,False,True,0.0,21.720000000000017,30.55193012029762,21.720000000000017,30.55193012029762,30.55193012029762,2.4e-05,3.07,0.7,0.001
189,1000,0.0,integrated,False,True,0.0,21.720000000000017,30.498474042247423,21.720000000000017,30.498474042247423,30.498474042247423,2.4e-05,3.07,0.7,0.001
190,1000,0.0,integrated,False,True,0.0,21.720000000000017,30.54799670356345,21.720000000000017,30.54799670356345,30.54799670356345,2.4e-05,3.07,0.7,0.001
191,1000,0.0,integrated,False,True,0.0,21.720000000000017,30.635435423488154,21.720000000000017,30.635435423488154,30.635435423488154,2.4e-05,3.07,0.7,0.001
192,1000,0.0,integrated,False,True,0.0,21.720000000000017,30.61838741734747,21.720000000000017,30.61838741734747,30.61838741734747,2.4e-05,3.07,0.7,0.001
193,1000,0.0,integrated,False,True,0.0,21.720000000000017,30.610386305435995,21.720000000000017,30.610386305435995,30.610386305435995,2.4e-05,3.07,0.7,0.001
194,1000,0.0,integrated,False,True,0.0,21.720000000000017,30.512341962787474,21.720000000000017,30.512341962787474,30.512341962787474,2.4e-05,3.07,0.7,0.001
195,1000,0.0,integrated,False,True,0.0,21.720000000000017,30.511670472167992,21.720000000000017,30.511670472167992,30.511670472167992,2.4e-05,3.07,0.7,0.001
196,1000,0.0,integrated,False,True,0.0,21.720000000000017,30.563439861244483,21.720000000000017,30.563439861244483,30.563439861244483,2.4e-05,3.07,0.7,0.001
197,1000,0.0,integrated,False,True,0.0,21.720000000000017,30.530748808671852,21.720000000000017,30.530748808671852,30.530748808671852,2.4e-05,3.07,0.7,0.001
198,1000,0.0,integrated,False,True,0.0,21.720000000000017,30.734856081596426,21.720000000000017,30.734856081596426,30.734856081596426,2.4e-05,3.07,0.7,0.001
199,1000,0.0,integrated,False,True,0.0,21.720000000000017,30.632721866251195,21.720000000000017,30.632721866251195,30.632721866251195,2.4e-05,3.07,0.7,0.001
200,1000,0.0,integrated,False,True,0.0,21.720000000000017,30.554927201653733,21.720000000000017,30.554927201653733,30.554927201653733,2.4e-05,3.07,0.7,0.001
201,1000,0.0,integrated,False,True,0.0,21.720000000000017,30.645254598055086,21.720000000000017,30.645254598055086,30.645254598055086,2.4e-05,3.07,0.7,0.001
202,1000,0.0,integrated,False,True,0.0,21.720000000000017,30.667128153317915,21.720000000000017,30.667128153317915,30.667128153317915,2.4e-05,3.07,0.7,0.001
203,1000,0.0,integrated,False,True,0.0,21.720000000000017,30.60531800830111,21.720000000000017,30.60531800830111,30.60531800830111,2.4e-05,3.07,0.7,0.001
204,1000,0.0,integrated,False,True,0.0,21.720000000000017,30.62967219187945,21.720000000000017,30.62967219187945,30.62967219187945,2.4e-05,3.07,0.7,0.001
205,1000,0.0,integrated,False,True,0.0,21.720000000000017,30.7221893793487,21.720000000000017,30.7221893793487,30.7221893793487,2.4e-05,3.07,0.7,0.001
206,1000,0.0,integrated,False,True,0.0,21.720000000000017,30.55018181579896,21.720000000000017,30.55018181579896,30.55018181579896,2.4e-05,3.07,0.7,0.001
207,1000,0.0,integrated,False,True,0.0,21.720000000000017,30.639309777008123,21.720000000000017,30.639309777008123,30.639309777008123,2.4e-05,3.07,0.7,0.001
208,1000,0.0,integrated,False,True,0.0,21.720000000000017,30.58489990946358,21.720000000000017,30.58489990946358,30.58489990946358,2.4e-05,3.07,0.7,0.001
209,1000,0.0,integrated,False,True,0.0,21.720000000000017,30.62087985815154,21.720000000000017,30.62087985815154,30.62087985815154,2.4e-05,3.07,0.7,0.001
210,1000,0.0,integrated,False,True,0.0,21.720000000000017,30.645557548133603,21.720000000000017,30.645557548133603,30.645557548133603,2.4e-05,3.07,0.7,0.001
211,1000,0.0,integrated,False,True,0.0,21.720000000000017,30.638155105789544,21.720000000000017,30.638155105789544,30.638155105789544,2.4e-05,3.07,0.7,0.001
212,1000,0.0,integrated,False,True,0.0,21.720000000000017,30.642644850507395,21.720000000000017,30.642644850507395,30.642644850507395,2.4e-05,3.07,0.7,0.001
213,1000,0.0,integrated,False,True,0.0,21.720000000000017,30.572662143777016,21.720000000000017,30.572662143777016,30.572662143777016,2.4e-05,3.07,0.7,0.001
214,1000,0.0,integrated,False,True,0.0,21.720000000000017,30.719005595942264,21.720000000000017,30.719005595942264,30.719005595942264,2.4e-05,3.07,0.7,0.001
215,1000,0.0,integrated,False,True,0.0,21.720000000000017,30.588753125155847,21.720000000000017,30.588753125155847,30.588753125155847,2.4e-05,3.07,0.7,0.001
216,1000,0.0,integrated,False,True,0.0,21.720000000000017,30.591728177525113,21.720000000000017,30.591728177525113,30.591728177525113,2.4e-05,3.07,0.7,0.001
217,1000,0.0,integrated,False,True,0.0,21.720000000000017,30.601028134937557,21.720000000000017,30.601028134937557,30.601028134937557,2.4e-05,3.07,0.7,0.001
218,1000,0.0,integrated,False,True,0.0,21.720000000000017,30.5945127062479,21.720000000000017,30.5945127062479,30.5945127062479,2.4e-05,3.07,0.7,0.001
219,1000,0.0,integrated,False,True,0.0,21.720000000000017,30.594067707531796,21.720000000000017,30.594067707531796,30.594067707531796,2.4e-05,3.07,0.7,0.001
220,1000,0.0,integrated,False,True,0.0,21.720000000000017,30.673913946544822,21.720000000000017,30.673913946544822,30.673913946544822,2.4e-05,3.07,0.7,0.001
221,1000,0.0,integrated,False,True,0.0,21.720000000000017,30.489118012236105,21.720000000000017,30.489118012236105,30.489118012236105,2.4e-05,3.07,0.7,0.001
222,1000,0.0,integrated,False,True,0.0,21.720000000000017,30.63910258469639,21.720000000000017,30.63910258469639,30.63910258469639,2.4e-05,3.07,0.7,0.001
223,1000,0.0,integrated,False,True,0.0,21.720000000000017,30.756319631881183,21.720000000000017,30.756319631881183,30.756319631881183,2.4e-05,3.07,0.7,0.001
224,1000,0.0,integrated,False,True,0.0,21.720000000000017,30.644932089750895,21.720000000000017,30.644932089750895,30.644932089750895,2.4e-05,3.07,0.7,0.001
225,1000,0.0,integrated,False,True,0.0,21.720000000000017,30.735812454407508,21.720000000000017,30.735812454407508,30.735812454407508,2.4e-05,3.07,0.7,0.001
226,1000,0.0,integrated,False,True,0.0,21.720000000000017,30.632842928626857,21.720000000000017,30.632842928626857,30.632842928626857,2.4e-05,3.07,0.7,0.001
227,1000,0.0,integrated,False,True,0.0,21.720000000000017,30.518084706661703,21.720000000000017,30.518084706661703,30.518084706661703,2.4e-05,3.07,0.7,0.001
228,1000,0.0,integrated,False,True,0.0,21.720000000000017,30.6137561081483,21.720000000000017,30.6137561081483,30.6137561081483,2.4e-05,3.07,0.7,0.001
229,1000,0.0,integrated,False,True,0.0,21.720000000000017,30.549142346356142,21.720000000000017,30.549142346356142,30.549142346356142,2.4e-05,3.07,0.7,0.001
230,1000,0.0,integrated,False,True,0.0,21.720000000000017,30.588520222258886,21.720000000000017,30.588520222258886,30.588520222258886,2.4e-05,3.07,0.7,0.001
231,1000,0.0,integrated,False,True,0.0,21.720000000000017,30.621442903877277,21.720000000000017,30.621442903877277,30.621442903877277,2.4e-05,3.07,0.7,0.001
232,1000,0.0,integrated,False,True,0.0,21.720000000000017,30.62443665795319,21.720000000000017,30.62443665795319,30.62443665795319,2.4e-05,3.07,0.7,0.001
233,1000,0.0,integrated,False,True,0.0,21.720000000000017,30.660437349844997,21.720000000000017,30.660437349844997,30.660437349844997,2.4e-05,3.07,0.7,0.001
234,1000,0.0,integrated,False,True,0.0,21.720000000000017,30.656101627597053,21.720000000000017,30.656101627597053,30.656101627597053,2.4e-05,3.07,0.7,0.001
235,1000,0.0,integrated,False,True,0.0,21.720000000000017,30.66656937006652,21.720000000000017,30.66656937006652,30.66656937006652,2.4e-05,3.07,0.7,0.001
236,1000,0.0,integrated,False,True,0.0,21.720000000000017,30.718116119719827,21.720000000000017,30.718116119719827,30.718116119719827,2.4e-05,3.07,0.7,0.001
237,1000,0.0,integrated,False,True,0.0,21.720000000000017,30.55460011419015,21.720000000000017,30.55460011419015,30.55460011419015,2.4e-05,3.07,0.7,0.001
238,1000,0.0,integrated,False,True,0.0,21.720000000000017,30.666752976778035,21.720000000000017,30.666752976778035,30.666752976778035,2.4e-05,3.07,0.7,0.001
239,1000,0.0,integrated,False,True,0.0,21.720000000000017,30.55214728957122,21.720000000000017,30.55214728957122,30.55214728957122,2.4e-05,3.07,0.7,0.001
240,1000,0.0,integrated,False,True,0.0,21.720000000000017,30.62670477009989,21.720000000000017,30.62670477009989,30.62670477009989,2.4e-05,3.07,0.7,0.001
241,1000,0.0,integrated,False,True,0.0,21.720000000000017,30.594524174311687,21.720000000000017,30.594524174311687,30.594524174311687,2.4e-05,3.07,0.7,0.001
242,1000,0.0,integrated,False,True,0.0,21.720000000000017,30.560618782503845,21.720000000000017,30.560618782503845,30.560618782503845,2.4e-05,3.07,0.7,0.001
243,1000,0.0,integrated,False,True,0.0,21.720000000000017,30.671731054394805,21.720000000000017,30.671731054394805,30.671731054394805,2.4e-05,3.07,0.7,0.001
244,1000,0.0,integrated,False,True,0.0,21.720000000000017,30.581601499699346,21.720000000000017,30.581601499699346,30.581601499699346,2.4e-05,3.07,0.7,0.001
245,1000,0.0,integrated,False,True,0.0,21.720000000000017,30.476754839757113,21.720000000000017,30.476754839757113,30.476754839757113,2.4e-05,3.07,0.7,0.001
246,1000,0.0,integrated,False,True,0.0,21.720000000000017,30.51256423632377,21.720000000000017,30.51256423632377,30.51256423632377,2.4e-05,3.07,0.7,0.001
247,1000,0.0,integrated,False,True,0.0,21.720000000000017,30.660914722531434,21.720000000000017,30.660914722531434,30.660914722531434,2.4e-05,3.07,0.7,0.001
248,1000,0.0,integrated,False,True,0.0,21.720000000000017,30.657430651242777,21.720000000000017,30.657430651242777,30.657430651242777,2.4e-05,3.07,0.7,0.001
249,1000,0.0,integrated,False,True,0.0,21.720000000000017,30.610653134288,21.720000000000017,30.610653134288,30.610653134288,2.4e-05,3.07,0.7,0.001
250,1000,0.0,integrated,False,True,0.0,21.720000000000017,30.646313999143167,21.720000000000017,30.646313999143167,30.646313999143167,2.4e-05,3.07,0.7,0.001
251,1000,0.0,integrated,False,True,0.0,21.720000000000017,30.57155606573282,21.720000000000017,30.57155606573282,30.57155606573282,2.4e-05,3.07,0.7,0.001
252,1000,0.0,integrated,False,True,0.0,21.720000000000017,30.67681902033705,21.720000000000017,30.67681902033705,30.67681902033705,2.4e-05,3.07,0.7,0.001
253,1000,0.0,integrated,False,True,0.0,21.720000000000017,30.655996038933345,21.720000000000017,30.655996038933345,30.655996038933345,2.4e-05,3.07,0.7,0.001
254,1000,0.0,integrated,False,True,0.0,21.720000000000017,30.633021406730773,21.720000000000017,30.633021406730773,30.633021406730773,2.4e-05,3.07,0.7,0.001
255,1000,0.0,integrated,False,True,0.0,21.720000000000017,30.554905156375632,21.720000000000017,30.554905156375632,30.554905156375632,2.4e-05,3.07,0.7,0.001
256,1000,0.0,integrated,False,True,0.0,21.720000000000017,30.5024706634791,21.720000000000017,30.5024706634791,30.5024706634791,2.4e-05,3.07,0.7,0.001
257,1000,0.0,integrated,False,True,0.0,21.720000000000017,30.575302548764363,21.720000000000017,30.575302548764363,30.575302548764363,2.4e-05,3.07,0.7,0.001
258,1000,0.0,integrated,False,True,0.0,21.720000000000017,30.6188685148012,21.720000000000017,30.6188685148012,30.6188685148012,2.4e-05,3.07,0.7,0.001
259,1000,0.0,integrated,False,True,0.0,21.720000000000017,30.664381602673103,21.720000000000017,30.664381602673103,30.664381602673103,2.4e-05,3.07,0.7,0.001
260,1000,0.0,integrated,False,True,0.0,21.720000000000017,30.53719293966911,21.720000000000017,30.53719293966911,30.53719293966911,2.4e-05,3.07,0.7,0.001
261,1000,0.0,integrated,False,True,0.0,21.720000000000017,30.54848782145546,21.720000000000017,30.54848782145546,30.54848782145546,2.4e-05,3.07,0.7,0.001
262,1000,0.0,integrated,False,True,0.0,21.720000000000017,30.51988012943902,21.720000000000017,30.51988012943902,30.51988012943902,2.4e-05,3.07,0.7,0.001
263,1000,0.0,integrated,False,True,0.0,21.720000000000017,30.69828110727204,21.720000000000017,30.69828110727204,30.69828110727204,2.4e-05,3.07,0.7,0.001
264,1000,0.0,integrated,False,True,0.0,21.720000000000017,30.526752986198936,21.720000000000017,30.526752986198936,30.526752986198936,2.4e-05,3.07,0.7,0.001
265,1000,0.0,integrated,False,True,0.0,21.720000000000017,30.52815563774633,21.720000000000017,30.52815563774633,30.52815563774633,2.4e-05,3.07,0.7,0.001
266,1000,0.0,integrated,False,True,0.0,21.720000000000017,30.536787511086708,21.720000000000017,30.536787511086708,30.536787511086708,2.4e-05,3.07,0.7,0.001
267,1000,0.0,integrated,False,True,0.0,21.720000000000017,30.602624146873822,21.720000000000017,30.602624146873822,30.602624146873822,2.4e-05,3.07,0.7,0.001
268,1000,0.0,integrated,False,True,0.0,21.720000000000017,30.51443252131743,21.720000000000017,30.51443252131743,30.51443252131743,2.4e-05,3.07,0.7,0.001
269,1000,0.0,integrated,False,True,0.0,21.720000000000017,30.65169156119793,21.720000000000017,30.65169156119793,30.65169156119793,2.4e-05,3.07,0.7,0.001
270,1000,0.0,integrated,False,True,0.0,21.720000000000017,30.55764159500709,21.720000000000017,30.55764159500709,30.55764159500709,2.4e-05,3.07,0.7,0.001
271,1000,0.0,integrated,False,True,0.0,21.720000000000017,30.698928007241904,21.720000000000017,30.698928007241904,30.698928007241904,2.4e-05,3.07,0.7,0.001
272,1000,0.0,integrated,False,True,0.0,21.720000000000017,30.642042566682264,21.720000000000017,30.642042566682264,30.642042566682264,2.4e-05,3.07,0.7,0.001
273,1000,0.0,integrated,False,True,0.0,21.720000000000017,30.542122619393115,21.720000000000017,30.542122619393115,30.542122619393115,2.4e-05,3.07,0.7,0.001
274,1000,0.0,integrated,False,True,0.0,21.720000000000017,30.52122616920162,21.720000000000017,30.52122616920162,30.52122616920162,2.4e-05,3.07,0.7,0.001
275,1000,0.0,integrated,False,True,0.0,21.720000000000017,30.628045014442705,21.720000000000017,30.628045014442705,30.628045014442705,2.4e-05,3.07,0.7,0.001
276,1000,0.0,integrated,False,True,0.0,21.720000000000017,30.55775949311684,21.720000000000017,30.55775949311684,30.55775949311684,2.4e-05,3.07,0.7,0.001
277,1000,0.0,integrated,False,True,0.0,21.720000000000017,30.58233772790254,21.720000000000017,30.58233772790254,30.58233772790254,2.4e-05,3.07,0.7,0.001
278,1000,0.0,integrated,False,True,0.0,21.720000000000017,30.72631961427838,21.720000000000017,30.72631961427838,30.72631961427838,2.4e-05,3.07,0.7,0.001
279,1000,0.0,integrated,False,True,0.0,21.720000000000017,30.62983501720252,21.720000000000017,30.62983501720252,30.62983501720252,2.4e-05,3.07,0.7,0.001
280,1000,0.0,integrated,False,True,0.0,21.720000000000017,30.625931695324127,21.720000000000017,30.625931695324127,30.625931695324127,2.4e-05,3.07,0.7,0.001
281,1000,0.0,integrated,False,True,0.0,21.720000000000017,30.65666234642121,21.720000000000017,30.65666234642121,30.65666234642121,2.4e-05,3.07,0.7,0.001
282,1000,0.0,integrated,False,True,0.0,21.720000000000017,30.535052773358835,21.720000000000017,30.535052773358835,30.535052773358835,2.4e-05,3.07,0.7,0.001
283,1000,0.0,integrated,False,True,0.0,21.720000000000017,30.599907951002052,21.720000000000017,30.599907951002052,30.599907951002052,2.4e-05,3.07,0.7,0.001
284,1000,0.0,integrated,False,True,0.0,21.720000000000017,30.628427685327075,21.720000000000017,30.628427685327075,30.628427685327075,2.4e-05,3.07,0.7,0.001
285,1000,0.0,integrated,False,True,0.0,21.720000000000017,30.754171637793103,21.720000000000017,30.754171637793103,30.754171637793103,2.4e-05,3.07,0.7,0.001
286,1000,0.0,integrated,False,True,0.0,21.720000000000017,30.69804625216262,21.720000000000017,30.69804625216262,30.69804625216262,2.4e-05,3.07,0.7,0.001
287,1000,0.0,integrated,False,True,0.0,21.720000000000017,30.582574985424763,21.720000000000017,30.582574985424763,30.582574985424763,2.4e-05,3.07,0.7,0.001
288,1000,0.0,integrated,False,True,0.0,21.720000000000017,30.706793730160935,21.720000000000017,30.706793730160935,30.706793730160935,2.4e-05,3.07,0.7,0.001
289,1000,0.0,integrated,False,True,0.0,21.720000000000017,30.49020672530937,21.720000000000017,30.49020672530937,30.49020672530937,2.4e-05,3.07,0.7,0.001
290,1000,0.0,integrated,False,True,0.0,21.720000000000017,30.555214829185264,21.720000000000017,30.555214829185264,30.555214829185264,2.4e-05,3.07,0.7,0.001
291,1000,0.0,integrated,False,True,0.0,21.720000000000017,30.7061846688474,21.720000000000017,30.7061846688474,30.7061846688474,2.4e-05,3.07,0.7,0.001
292,1000,0.0,integrated,False,True,0.0,21.720000000000017,30.5044635641682,21.720000000000017,30.5044635641682,30.5044635641682,2.4e-05,3.07,0.7,0.001
293,1000,0.0,integrated,False,True,0.0,21.720000000000017,30.58382323314011,21.720000000000017,30.58382323314011,30.58382323314011,2.4e-05,3.07,0.7,0.001
294,1000,0.0,integrated,False,True,0.0,21.720000000000017,30.554936538256083,21.720000000000017,30.554936538256083,30.554936538256083,2.4e-05,3.07,0.7,0.001
295,1000,0.0,integrated,False,True,0.0,21.720000000000017,30.51511511123369,21.720000000000017,30.51511511123369,30.51511511123369,2.4e-05,3.07,0.7,0.001
296,1000,0.0,integrated,False,True,0.0,21.720000000000017,30.581411348538076,21.720000000000017,30.581411348538076,30.581411348538076,2.4e-05,3.07,0.7,0.001
297,1000,0.0,integrated,False,True,0.0,21.720000000000017,30.56915654684415,21.720000000000017,30.56915654684415,30.56915654684415,2.4e-05,3.07,0.7,0.001
298,1000,0.0,integrated,False,True,0.0,21.720000000000017,30.668837762982758,21.720000000000017,30.668837762982758,30.668837762982758,2.4e-05,3.07,0.7,0.001
299,1000,0.0,integrated,False,True,0.0,21.720000000000017,30.684903735950037,21.720000000000017,30.684903735950037,30.684903735950037,2.4e-05,3.07,0.7,0.001
300,1000,0.0,integrated,False,True,0.0,21.720000000000017,30.547361676211437,21.720000000000017,30.547361676211437,30.547361676211437,2.4e-05,3.07,0.7,0.001
301,1000,0.0,integrated,False,True,0.0,21.720000000000017,30.721483634631845,21.720000000000017,30.721483634631845,30.721483634631845,2.4e-05,3.07,0.7,0.001
302,1000,0.0,integrated,False,True,0.0,21.720000000000017,30.55735378650701,21.720000000000017,30.55735378650701,30.55735378650701,2.4e-05,3.07,0.7,0.001
303,1000,0.0,integrated,False,True,0.0,21.720000000000017,30.663544053808792,21.720000000000017,30.663544053808792,30.663544053808792,2.4e-05,3.07,0.7,0.001
304,1000,0.0,integrated,False,True,0.0,21.720000000000017,30.664806319731213,21.720000000000017,30.664806319731213,30.664806319731213,2.4e-05,3.07,0.7,0.001
305,1000,0.0,integrated,False,True,0.0,21.720000000000017,30.570701351915126,21.720000000000017,30.570701351915126,30.570701351915126,2.4e-05,3.07,0.7,0.001
306,1000,0.0,integrated,False,True,0.0,21.720000000000017,30.616500235375867,21.720000000000017,30.616500235375867,30.616500235375867,2.4e-05,3.07,0.7,0.001
307,1000,0.0,integrated,False,True,0.0,21.720000000000017,30.544264789829633,21.720000000000017,30.544264789829633,30.544264789829633,2.4e-05,3.07,0.7,0.001
308,1000,0.0,integrated,False,True,0.0,21.720000000000017,30.490667176462786,21.720000000000017,30.490667176462786,30.490667176462786,2.4e-05,3.07,0.7,0.001
309,1000,0.0,integrated,False,True,0.0,21.720000000000017,30.527741232517535,21.720000000000017,30.527741232517535,30.527741232517535,2.4e-05,3.07,0.7,0.001
310,1000,0.0,integrated,False,True,0.0,21.720000000000017,30.66652330076017,21.720000000000017,30.66652330076017,30.66652330076017,2.4e-05,3.07,0.7,0.001
311,1000,0.0,integrated,False,True,0.0,21.720000000000017,30.599176349540247,21.720000000000017,30.599176349540247,30.599176349540247,2.4e-05,3.07,0.7,0.001
312,1000,0.0,integrated,False,True,0.0,21.720000000000017,30.490707757260154,21.720000000000017,30.490707757260154,30.490707757260154,2.4e-05,3.07,0.7,0.001
313,1000,0.0,integrated,False,True,0.0,21.720000000000017,30.595588067740252,21.720000000000017,30.595588067740252,30.595588067740252,2.4e-05,3.07,0.7,0.001
314,1000,0.0,integrated,False,True,0.0,21.720000000000017,30.688625288902777,21.720000000000017,30.688625288902777,30.688625288902777,2.4e-05,3.07,0.7,0.001
315,1000,0.0,integrated,False,True,0.0,21.720000000000017,30.74682165162057,21.720000000000017,30.74682165162057,30.74682165162057,2.4e-05,3.07,0.7,0.001
316,1000,0.0,integrated,False,True,0.0,21.720000000000017,30.646170037821488,21.720000000000017,30.646170037821488,30.646170037821488,2.4e-05,3.07,0.7,0.001
317,1000,0.0,integrated,False,True,0.0,21.720000000000017,30.589035882413455,21.720000000000017,30.589035882413455,30.589035882413455,2.4e-05,3.07,0.7,0.001
318,1000,0.0,integrated,False,True,0.0,21.720000000000017,30.547769995170484,21.720000000000017,30.547769995170484,30.547769995170484,2.4e-05,3.07,0.7,0.001
319,1000,0.0,integrated,False,True,0.0,21.720000000000017,30.59652761304038,21.720000000000017,30.59652761304038,30.59652761304038,2.4e-05,3.07,0.7,0.001
320,1000,0.0,integrated,False,True,0.0,21.720000000000017,30.57854697915944,21.720000000000017,30.57854697915944,30.57854697915944,2.4e-05,3.07,0.7,0.001
321,1000,0.0,integrated,False,True,0.0,21.720000000000017,30.636654105651584,21.720000000000017,30.636654105651584,30.636654105651584,2.4e-05,3.07,0.7,0.001
322,1000,0.0,integrated,False,True,0.0,21.720000000000017,30.593447313357487,21.720000000000017,30.593447313357487,30.593447313357487,2.4e-05,3.07,0.7,0.001
323,1000,0.0,integrated,False,True,0.0,21.720000000000017,30.61018821318259,21.720000000000017,30.61018821318259,30.61018821318259,2.4e-05,3.07,0.7,0.001
324,1000,0.0,integrated,False,True,0.0,21.720000000000017,30.658261522700485,21.720000000000017,30.658261522700485,30.658261522700485,2.4e-05,3.07,0.7,0.001
325,1000,0.0,integrated,False,True,0.0,21.720000000000017,30.64125650078272,21.720000000000017,30.64125650078272,30.64125650078272,2.4e-05,3.07,0.7,0.001
326,1000,0.0,integrated,False,True,0.0,21.720000000000017,30.49558021695595,21.720000000000017,30.49558021695595,30.49558021695595,2.4e-05,3.07,0.7,0.001
327,1000,0.0,integrated,False,True,0.0,21.720000000000017,30.57328570094206,21.720000000000017,30.57328570094206,30.57328570094206,2.4e-05,3.07,0.7,0.001
328,1000,0.0,integrated,False,True,0.0,21.720000000000017,30.54764310331898,21.720000000000017,30.54764310331898,30.54764310331898,2.4e-05,3.07,0.7,0.001
329,1000,0.0,integrated,False,True,0.0,21.720000000000017,30.627636528377337,21.720000000000017,30.627636528377337,30.627636528377337,2.4e-05,3.07,0.7,0.001
330,1000,0.0,integrated,False,True,0.0,21.720000000000017,30.578468519678875,21.720000000000017,30.578468519678875,30.578468519678875,2.4e-05,3.07,0.7,0.001
331,1000,0.0,integrated,False,True,0.0,21.720000000000017,30.660611383790325,21.720000000000017,30.660611383790325,30.660611383790325,2.4e-05,3.07,0.7,0.001
332,1000,0.0,integrated,False,True,0.0,21.720000000000017,30.5690438814549,21.720000000000017,30.5690438814549,30.5690438814549,2.4e-05,3.07,0.7,0.001
333,1000,0.0,integrated,False,True,0.0,21.720000000000017,30.68516968765468,21.720000000000017,30.68516968765468,30.68516968765468,2.4e-05,3.07,0.7,0.001
334,1000,0.0,integrated,False,True,0.0,21.720000000000017,30.559127630118635,21.720000000000017,30.559127630118635,30.559127630118635,2.4e-05,3.07,0.7,0.001
335,1000,0.0,integrated,False,True,0.0,21.720000000000017,30.62210504083584,21.720000000000017,30.62210504083584,30.62210504083584,2.4e-05,3.07,0.7,0.001
336,1000,0.0,integrated,False,True,0.0,21.720000000000017,30.583339593739375,21.720000000000017,30.583339593739375,30.583339593739375,2.4e-05,3.07,0.7,0.001
337,1000,0.0,integrated,False,True,0.0,21.720000000000017,30.604497979924396,21.720000000000017,30.604497979924396,30.604497979924396,2.4e-05,3.07,0.7,0.001
338,1000,0.0,integrated,False,True,0.0,21.720000000000017,30.533375466145607,21.720000000000017,30.533375466145607,30.533375466145607,2.4e-05,3.07,0.7,0.001
339,1000,0.0,integrated,False,True,0.0,21.720000000000017,30.55704935159084,21.720000000000017,30.55704935159084,30.55704935159084,2.4e-05,3.07,0.7,0.001
340,1000,0.0,integrated,False,True,0.0,21.720000000000017,30.701078967055935,21.720000000000017,30.701078967055935,30.701078967055935,2.4e-05,3.07,0.7,0.001
341,1000,0.0,integrated,False,True,0.0,21.720000000000017,30.549330704561164,21.720000000000017,30.549330704561164,30.549330704561164,2.4e-05,3.07,0.7,0.001
342,1000,0.0,integrated,False,True,0.0,21.720000000000017,30.568695058450203,21.720000000000017,30.568695058450203,30.568695058450203,2.4e-05,3.07,0.7,0.001
343,1000,0.0,integrated,False,True,0.0,21.720000000000017,30.457247191897608,21.720000000000017,30.457247191897608,30.457247191897608,2.4e-05,3.07,0.7,0.001
344,1000,0.0,integrated,False,True,0.0,21.720000000000017,30.63536368346899,21.720000000000017,30.63536368346899,30.63536368346899,2.4e-05,3.07,0.7,0.001
345,1000,0.0,integrated,False,True,0.0,21.720000000000017,30.62933498247179,21.720000000000017,30.62933498247179,30.62933498247179,2.4e-05,3.07,0.7,0.001
346,1000,0.0,integrated,False,True,0.0,21.720000000000017,30.53747659680245,21.720000000000017,30.53747659680245,30.53747659680245,2.4e-05,3.07,0.7,0.001
347,1000,0.0,integrated,False,True,0.0,21.720000000000017,30.53582676330206,21.720000000000017,30.53582676330206,30.53582676330206,2.4e-05,3.07,0.7,0.001
348,1000,0.0,integrated,False,True,0.0,21.720000000000017,30.652945574591264,21.720000000000017,30.652945574591264,30.652945574591264,2.4e-05,3.07,0.7,0.001
349,1000,0.0,integrated,False,True,0.0,21.720000000000017,30.502281025616245,21.720000000000017,30.502281025616245,30.502281025616245,2.4e-05,3.07,0.7,0.001
350,1000,0.0,integrated,False,True,0.0,21.720000000000017,30.527596033988846,21.720000000000017,30.527596033988846,30.527596033988846,2.4e-05,3.07,0.7,0.001
351,1000,0.0,integrated,False,True,0.0,21.720000000000017,30.546139020974607,21.720000000000017,30.546139020974607,30.546139020974607,2.4e-05,3.07,0.7,0.001
352,1000,0.0,integrated,False,True,0.0,21.720000000000017,30.530303429079453,21.720000000000017,30.530303429079453,30.530303429079453,2.4e-05,3.07,0.7,0.001
353,1000,0.0,integrated,False,True,0.0,21.720000000000017,30.44946025348655,21.720000000000017,30.44946025348655,30.44946025348655,2.4e-05,3.07,0.7,0.001
354,1000,0.0,integrated,False,True,0.0,21.720000000000017,30.451551861525736,21.720000000000017,30.451551861525736,30.451551861525736,2.4e-05,3.07,0.7,0.001
355,1000,0.0,integrated,False,True,0.0,21.720000000000017,30.621975222627867,21.720000000000017,30.621975222627867,30.621975222627867,2.4e-05,3.07,0.7,0.001
356,1000,0.0,integrated,False,True,0.0,21.720000000000017,30.728363659549842,21.720000000000017,30.728363659549842,30.728363659549842,2.4e-05,3.07,0.7,0.001
357,1000,0.0,integrated,False,True,0.0,21.720000000000017,30.625088836216822,21.720000000000017,30.625088836216822,30.625088836216822,2.4e-05,3.07,0.7,0.001
358,1000,0.0,integrated,False,True,0.0,21.720000000000017,30.56906629502915,21.720000000000017,30.56906629502915,30.56906629502915,2.4e-05,3.07,0.7,0.001
359,1000,0.0,integrated,False,True,0.0,21.720000000000017,30.64725835214614,21.720000000000017,30.64725835214614,30.64725835214614,2.4e-05,3.07,0.7,0.001
360,1000,0.0,integrated,False,True,0.0,21.720000000000017,30.572246601915985,21.720000000000017,30.572246601915985,30.572246601915985,2.4e-05,3.07,0.7,0.001
361,1000,0.0,integrated,False,True,0.0,21.720000000000017,30.4508721223172,21.720000000000017,30.4508721223172,30.4508721223172,2.4e-05,3.07,0.7,0.001
362,1000,0.0,integrated,False,True,0.0,21.720000000000017,30.662740915667356,21.720000000000017,30.662740915667356,30.662740915667356,2.4e-05,3.07,0.7,0.001
363,1000,0.0,integrated,False,True,0.0,21.720000000000017,30.674340525075486,21.720000000000017,30.674340525075486,30.674340525075486,2.4e-05,3.07,0.7,0.001
364,1000,0.0,integrated,False,True,0.0,21.720000000000017,30.639906386003688,21.720000000000017,30.639906386003688,30.639906386003688,2.4e-05,3.07,0.7,0.001
365,1000,0.0,integrated,False,True,0.0,21.720000000000017,30.604993251333706,21.720000000000017,30.604993251333706,30.604993251333706,2.4e-05,3.07,0.7,0.001
366,1000,0.0,integrated,False,True,0.0,21.720000000000017,30.595762730755975,21.720000000000017,30.595762730755975,30.595762730755975,2.4e-05,3.07,0.7,0.001
367,1000,0.0,integrated,False,True,0.0,21.720000000000017,30.54962982473903,21.720000000000017,30.54962982473903,30.54962982473903,2.4e-05,3.07,0.7,0.001
368,1000,0.0,integrated,False,True,0.0,21.720000000000017,30.637437433741336,21.720000000000017,30.637437433741336,30.637437433741336,2.4e-05,3.07,0.7,0.001
369,1000,0.0,integrated,False,True,0.0,21.720000000000017,30.722855258966106,21.720000000000017,30.722855258966106,30.722855258966106,2.4e-05,3.07,0.7,0.001
370,1000,0.0,integrated,False,True,0.0,21.720000000000017,30.578911806377356,21.720000000000017,30.578911806377356,30.578911806377356,2.4e-05,3.07,0.7,0.001
371,1000,0.0,integrated,False,True,0.0,21.720000000000017,30.603437597962362,21.720000000000017,30.603437597962362,30.603437597962362,2.4e-05,3.07,0.7,0.001
372,1000,0.0,integrated,False,True,0.0,21.720000000000017,30.539540662864514,21.720000000000017,30.539540662864514,30.539540662864514,2.4e-05,3.07,0.7,0.001
373,1000,0.0,integrated,False,True,0.0,21.720000000000017,30.63472994684713,21.720000000000017,30.63472994684713,30.63472994684713,2.4e-05,3.07,0.7,0.001
374,1000,0.0,integrated,False,True,0.0,21.720000000000017,30.46452002488387,21.720000000000017,30.46452002488387,30.46452002488387,2.4e-05,3.07,0.7,0.001
375,1000,0.0,integrated,False,True,0.0,21.720000000000017,30.637227335758293,21.720000000000017,30.637227335758293,30.637227335758293,2.4e-05,3.07,0.7,0.001
376,1000,0.0,integrated,False,True,0.0,21.720000000000017,30.555535819998376,21.720000000000017,30.555535819998376,30.555535819998376,2.4e-05,3.07,0.7,0.001
377,1000,0.0,integrated,False,True,0.0,21.720000000000017,30.654180662889388,21.720000000000017,30.654180662889388,30.654180662889388,2.4e-05,3.07,0.7,0.001
378,1000,0.0,integrated,False,True,0.0,21.720000000000017,30.49895046386475,21.720000000000017,30.49895046386475,30.49895046386475,2.4e-05,3.07,0.7,0.001
379,1000,0.0,integrated,False,True,0.0,21.720000000000017,30.487570842879823,21.720000000000017,30.487570842879823,30.487570842879823,2.4e-05,3.07,0.7,0.001
380,1000,0.0,integrated,False,True,0.0,21.720000000000017,30.820160843506528,21.720000000000017,30.820160843506528,30.820160843506528,2.4e-05,3.07,0.7,0.001
381,1000,0.0,integrated,False,True,0.0,21.720000000000017,30.592191878841827,21.720000000000017,30.592191878841827,30.592191878841827,2.4e-05,3.07,0.7,0.001
382,1000,0.0,integrated,False,True,0.0,21.720000000000017,30.643710142682608,21.720000000000017,30.643710142682608,30.643710142682608,2.4e-05,3.07,0.7,0.001
383,1000,0.0,integrated,False,True,0.0,21.720000000000017,30.672250769333253,21.720000000000017,30.672250769333253,30.672250769333253,2.4e-05,3.07,0.7,0.001
384,1000,0.0,integrated,False,True,0.0,21.720000000000017,30.565712796781156,21.720000000000017,30.565712796781156,30.565712796781156,2.4e-05,3.07,0.7,0.001
385,1000,0.0,integrated,False,True,0.0,21.720000000000017,30.575452513326425,21.720000000000017,30.575452513326425,30.575452513326425,2.4e-05,3.07,0.7,0.001
386,1000,0.0,integrated,False,True,0.0,21.720000000000017,30.63473482886764,21.720000000000017,30.63473482886764,30.63473482886764,2.4e-05,3.07,0.7,0.001
387,1000,0.0,integrated,False,True,0.0,21.720000000000017,30.601279497712387,21.720000000000017,30.601279497712387,30.601279497712387,2.4e-05,3.07,0.7,0.001
388,1000,0.0,integrated,False,True,0.0,21.720000000000017,30.507487739831753,21.720000000000017,30.507487739831753,30.507487739831753,2.4e-05,3.07,0.7,0.001
389,1000,0.0,integrated,False,True,0.0,21.720000000000017,30.586632766459026,21.720000000000017,30.586632766459026,30.586632766459026,2.4e-05,3.07,0.7,0.001
390,1000,0.0,integrated,False,True,0.0,21.720000000000017,30.598103751481986,21.720000000000017,30.598103751481986,30.598103751481986,2.4e-05,3.07,0.7,0.001
391,1000,0.0,integrated,False,True,0.0,21.720000000000017,30.70177631838186,21.720000000000017,30.70177631838186,30.70177631838186,2.4e-05,3.07,0.7,0.001
392,1000,0.0,integrated,False,True,0.0,21.720000000000017,30.546561869450812,21.720000000000017,30.546561869450812,30.546561869450812,2.4e-05,3.07,0.7,0.001
393,1000,0.0,integrated,False,True,0.0,21.720000000000017,30.460939013612553,21.720000000000017,30.460939013612553,30.460939013612553,2.4e-05,3.07,0.7,0.001
394,1000,0.0,integrated,False,True,0.0,21.720000000000017,30.48623645748905,21.720000000000017,30.48623645748905,30.48623645748905,2.4e-05,3.07,0.7,0.001
395,1000,0.0,integrated,False,True,0.0,21.720000000000017,30.496525445830898,21.720000000000017,30.496525445830898,30.496525445830898,2.4e-05,3.07,0.7,0.001
396,1000,0.0,integrated,False,True,0.0,21.720000000000017,30.70019151045554,21.720000000000017,30.70019151045554,30.70019151045554,2.4e-05,3.07,0.7,0.001
397,1000,0.0,integrated,False,True,0.0,21.720000000000017,30.621341999655616,21.720000000000017,30.621341999655616,30.621341999655616,2.4e-05,3.07,0.7,0.001
398,1000,0.0,integrated,False,True,0.0,21.720000000000017,30.57922343861441,21.720000000000017,30.57922343861441,30.57922343861441,2.4e-05,3.07,0.7,0.001
399,1000,0.0,integrated,False,True,0.0,21.720000000000017,30.6922090525389,21.720000000000017,30.6922090525389,30.6922090525389,2.4e-05,3.07,0.7,0.001
400,1000,0.0,integrated,False,True,0.0,21.720000000000017,30.594186799966565,21.720000000000017,30.594186799966565,30.594186799966565,2.4e-05,3.07,0.7,0.001
401,1000,0.0,integrated,False,True,0.0,21.720000000000017,30.613800929779913,21.720000000000017,30.613800929779913,30.613800929779913,2.4e-05,3.07,0.7,0.001
402,1000,0.0,integrated,False,True,0.0,21.720000000000017,30.52254046371685,21.720000000000017,30.52254046371685,30.52254046371685,2.4e-05,3.07,0.7,0.001
403,1000,0.0,integrated,False,True,0.0,21.720000000000017,30.662321576064258,21.720000000000017,30.662321576064258,30.662321576064258,2.4e-05,3.07,0.7,0.001
404,1000,0.0,integrated,False,True,0.0,21.720000000000017,30.578848116349477,21.720000000000017,30.578848116349477,30.578848116349477,2.4e-05,3.07,0.7,0.001
405,1000,0.0,integrated,False,True,0.0,21.720000000000017,30.60053155422747,21.720000000000017,30.60053155422747,30.60053155422747,2.4e-05,3.07,0.7,0.001
406,1000,0.0,integrated,False,True,0.0,21.720000000000017,30.636455122049124,21.720000000000017,30.636455122049124,30.636455122049124,2.4e-05,3.07,0.7,0.001
407,1000,0.0,integrated,False,True,0.0,21.720000000000017,30.640992737877163,21.720000000000017,30.640992737877163,30.640992737877163,2.4e-05,3.07,0.7,0.001
408,1000,0.0,integrated,False,True,0.0,21.720000000000017,30.657202730344885,21.720000000000017,30.657202730344885,30.657202730344885,2.4e-05,3.07,0.7,0.001
409,1000,0.0,integrated,False,True,0.0,21.720000000000017,30.484930443134907,21.720000000000017,30.484930443134907,30.484930443134907,2.4e-05,3.07,0.7,0.001
410,1000,0.0,integrated,False,True,0.0,21.720000000000017,30.811584070661276,21.720000000000017,30.811584070661276,30.811584070661276,2.4e-05,3.07,0.7,0.001
411,1000,0.0,integrated,False,True,0.0,21.720000000000017,30.547411308828707,21.720000000000017,30.547411308828707,30.547411308828707,2.4e-05,3.07,0.7,0.001
412,1000,0.0,integrated,False,True,0.0,21.720000000000017,30.54497934496711,21.720000000000017,30.54497934496711,30.54497934496711,2.4e-05,3.07,0.7,0.001
413,1000,0.0,integrated,False,True,0.0,21.720000000000017,30.6788062303618,21.720000000000017,30.6788062303618,30.6788062303618,2.4e-05,3.07,0.7,0.001
414,1000,0.0,integrated,False,True,0.0,21.720000000000017,30.625561658189845,21.720000000000017,30.625561658189845,30.625561658189845,2.4e-05,3.07,0.7,0.001
415,1000,0.0,integrated,False,True,0.0,21.720000000000017,30.60006545832065,21.720000000000017,30.60006545832065,30.60006545832065,2.4e-05,3.07,0.7,0.001
416,1000,0.0,integrated,False,True,0.0,21.720000000000017,30.653512729980434,21.720000000000017,30.653512729980434,30.653512729980434,2.4e-05,3.07,0.7,0.001
417,1000,0.0,integrated,False,True,0.0,21.720000000000017,30.680110293288326,21.720000000000017,30.680110293288326,30.680110293288326,2.4e-05,3.07,0.7,0.001
418,1000,0.0,integrated,False,True,0.0,21.720000000000017,30.488910135568435,21.720000000000017,30.488910135568435,30.488910135568435,2.4e-05,3.07,0.7,0.001
419,1000,0.0,integrated,False,True,0.0,21.720000000000017,30.686108152782193,21.720000000000017,30.686108152782193,30.686108152782193,2.4e-05,3.07,0.7,0.001
420,1000,0.0,integrated,False,True,0.0,21.720000000000017,30.650171802755573,21.720000000000017,30.650171802755573,30.650171802755573,2.4e-05,3.07,0.7,0.001
421,1000,0.0,integrated,False,True,0.0,21.720000000000017,30.541594465886416,21.720000000000017,30.541594465886416,30.541594465886416,2.4e-05,3.07,0.7,0.001
422,1000,0.0,integrated,False,True,0.0,21.720000000000017,30.58529787484943,21.720000000000017,30.58529787484943,30.58529787484943,2.4e-05,3.07,0.7,0.001
423,1000,0.0,integrated,False,True,0.0,21.720000000000017,30.599766624963454,21.720000000000017,30.599766624963454,30.599766624963454,2.4e-05,3.07,0.7,0.001
424,1000,0.0,integrated,False,True,0.0,21.720000000000017,30.688488748571977,21.720000000000017,30.688488748571977,30.688488748571977,2.4e-05,3.07,0.7,0.001
425,1000,0.0,integrated,False,True,0.0,21.720000000000017,30.66459228188712,21.720000000000017,30.66459228188712,30.66459228188712,2.4e-05,3.07,0.7,0.001
426,1000,0.0,integrated,False,True,0.0,21.720000000000017,30.496418746712216,21.720000000000017,30.496418746712216,30.496418746712216,2.4e-05,3.07,0.7,0.001
427,1000,0.0,integrated,False,True,0.0,21.720000000000017,30.593720155297234,21.720000000000017,30.593720155297234,30.593720155297234,2.4e-05,3.07,0.7,0.001
428,1000,0.0,integrated,False,True,0.0,21.720000000000017,30.626509220284273,21.720000000000017,30.626509220284273,30.626509220284273,2.4e-05,3.07,0.7,0.001
429,1000,0.0,integrated,False,True,0.0,21.720000000000017,30.604916719177353,21.720000000000017,30.604916719177353,30.604916719177353,2.4e-05,3.07,0.7,0.001
430,1000,0.0,integrated,False,True,0.0,21.720000000000017,30.567630742219656,21.720000000000017,30.567630742219656,30.567630742219656,2.4e-05,3.07,0.7,0.001
431,1000,0.0,integrated,False,True,0.0,21.720000000000017,30.586981813316697,21.720000000000017,30.586981813316697,30.586981813316697,2.4e-05,3.07,0.7,0.001
432,1000,0.0,integrated,False,True,0.0,21.720000000000017,30.576876907866435,21.720000000000017,30.576876907866435,30.576876907866435,2.4e-05,3.07,0.7,0.001
433,1000,0.0,integrated,False,True,0.0,21.720000000000017,30.57020380893826,21.720000000000017,30.57020380893826,30.57020380893826,2.4e-05,3.07,0.7,0.001
434,1000,0.0,integrated,False,True,0.0,21.720000000000017,30.474524592310246,21.720000000000017,30.474524592310246,30.474524592310246,2.4e-05,3.07,0.7,0.001
435,1000,0.0,integrated,False,True,0.0,21.720000000000017,30.56162771154312,21.720000000000017,30.56162771154312,30.56162771154312,2.4e-05,3.07,0.7,0.001
436,1000,0.0,integrated,False,True,0.0,21.720000000000017,30.699766774606687,21.720000000000017,30.699766774606687,30.699766774606687,2.4e-05,3.07,0.7,0.001
437,1000,0.0,integrated,False,True,0.0,21.720000000000017,30.582986937298685,21.720000000000017,30.582986937298685,30.582986937298685,2.4e-05,3.07,0.7,0.001
438,1000,0.0,integrated,False,True,0.0,21.720000000000017,30.70422860966329,21.720000000000017,30.70422860966329,30.70422860966329,2.4e-05,3.07,0.7,0.001
439,1000,0.0,integrated,False,True,0.0,21.720000000000017,30.633092605562034,21.720000000000017,30.633092605562034,30.633092605562034,2.4e-05,3.07,0.7,0.001
440,1000,0.0,integrated,False,True,0.0,21.720000000000017,30.558108388068813,21.720000000000017,30.558108388068813,30.558108388068813,2.4e-05,3.07,0.7,0.001
441,1000,0.0,integrated,False,True,0.0,21.720000000000017,30.60591532399993,21.720000000000017,30.60591532399993,30.60591532399993,2.4e-05,3.07,0.7,0.001
442,1000,0.0,integrated,False,True,0.0,21.720000000000017,30.526372618668482,21.720000000000017,30.526372618668482,30.526372618668482,2.4e-05,3.07,0.7,0.001
443,1000,0.0,integrated,False,True,0.0,21.720000000000017,30.662123292636863,21.720000000000017,30.662123292636863,30.662123292636863,2.4e-05,3.07,0.7,0.001
444,1000,0.0,integrated,False,True,0.0,21.720000000000017,30.637417577126648,21.720000000000017,30.637417577126648,30.637417577126648,2.4e-05,3.07,0.7,0.001
445,1000,0.0,integrated,False,True,0.0,21.720000000000017,30.624913539023908,21.720000000000017,30.624913539023908,30.624913539023908,2.4e-05,3.07,0.7,0.001
446,1000,0.0,integrated,False,True,0.0,21.720000000000017,30.57052804383745,21.720000000000017,30.57052804383745,30.57052804383745,2.4e-05,3.07,0.7,0.001
447,1000,0.0,integrated,False,True,0.0,21.720000000000017,30.647222578806634,21.720000000000017,30.647222578806634,30.647222578806634,2.4e-05,3.07,0.7,0.001
448,1000,0.0,integrated,False,True,0.0,21.720000000000017,30.49225293682261,21.720000000000017,30.49225293682261,30.49225293682261,2.4e-05,3.07,0.7,0.001
449,1000,0.0,integrated,False,True,0.0,21.720000000000017,30.60829094518244,21.720000000000017,30.60829094518244,30.60829094518244,2.4e-05,3.07,0.7,0.001
450,1000,0.0,integrated,False,True,0.0,21.720000000000017,30.54393428797009,21.720000000000017,30.54393428797009,30.54393428797009,2.4e-05,3.07,0.7,0.001
451,1000,0.0,integrated,False,True,0.0,21.720000000000017,30.566902048408792,21.720000000000017,30.566902048408792,30.566902048408792,2.4e-05,3.07,0.7,0.001
452,1000,0.0,integrated,False,True,0.0,21.720000000000017,30.687963696613934,21.720000000000017,30.687963696613934,30.687963696613934,2.4e-05,3.07,0.7,0.001
453,1000,0.0,integrated,False,True,0.0,21.720000000000017,30.554081273576507,21.720000000000017,30.554081273576507,30.554081273576507,2.4e-05,3.07,0.7,0.001
454,1000,0.0,integrated,False,True,0.0,21.720000000000017,30.540721095229493,21.720000000000017,30.540721095229493,30.540721095229493,2.4e-05,3.07,0.7,0.001
455,1000,0.0,integrated,False,True,0.0,21.720000000000017,30.585231840662498,21.720000000000017,30.585231840662498,30.585231840662498,2.4e-05,3.07,0.7,0.001
456,1000,0.0,integrated,False,True,0.0,21.720000000000017,30.564364527943106,21.720000000000017,30.564364527943106,30.564364527943106,2.4e-05,3.07,0.7,0.001
457,1000,0.0,integrated,False,True,0.0,21.720000000000017,30.503935314681932,21.720000000000017,30.503935314681932,30.503935314681932,2.4e-05,3.07,0.7,0.001
458,1000,0.0,integrated,False,True,0.0,21.720000000000017,30.52905867253955,21.720000000000017,30.52905867253955,30.52905867253955,2.4e-05,3.07,0.7,0.001
459,1000,0.0,integrated,False,True,0.0,21.720000000000017,30.569628305264658,21.720000000000017,30.569628305264658,30.569628305264658,2.4e-05,3.07,0.7,0.001
460,1000,0.0,integrated,False,True,0.0,21.720000000000017,30.618083805203668,21.720000000000017,30.618083805203668,30.618083805203668,2.4e-05,3.07,0.7,0.001
461,1000,0.0,integrated,False,True,0.0,21.720000000000017,30.554351536313575,21.720000000000017,30.554351536313575,30.554351536313575,2.4e-05,3.07,0.7,0.001
462,1000,0.0,integrated,False,True,0.0,21.720000000000017,30.645981343655297,21.720000000000017,30.645981343655297,30.645981343655297,2.4e-05,3.07,0.7,0.001
463,1000,0.0,integrated,False,True,0.0,21.720000000000017,30.657146449648614,21.720000000000017,30.657146449648614,30.657146449648614,2.4e-05,3.07,0.7,0.001
464,1000,0.0,integrated,False,True,0.0,21.720000000000017,30.66158245521285,21.720000000000017,30.66158245521285,30.66158245521285,2.4e-05,3.07,0.7,0.001
465,1000,0.0,integrated,False,True,0.0,21.720000000000017,30.571966730314983,21.720000000000017,30.571966730314983,30.571966730314983,2.4e-05,3.07,0.7,0.001
466,1000,0.0,integrated,False,True,0.0,21.720000000000017,30.57783132801959,21.720000000000017,30.57783132801959,30.57783132801959,2.4e-05,3.07,0.7,0.001
467,1000,0.0,integrated,False,True,0.0,21.720000000000017,30.561558259377286,21.720000000000017,30.561558259377286,30.561558259377286,2.4e-05,3.07,0.7,0.001
468,1000,0.0,integrated,False,True,0.0,21.720000000000017,30.49788934095462,21.720000000000017,30.49788934095462,30.49788934095462,2.4e-05,3.07,0.7,0.001
469,1000,0.0,integrated,False,True,0.0,21.720000000000017,30.530786454928784,21.720000000000017,30.530786454928784,30.530786454928784,2.4e-05,3.07,0.7,0.001
470,1000,0.0,integrated,False,True,0.0,21.720000000000017,30.500297977472567,21.720000000000017,30.500297977472567,30.500297977472567,2.4e-05,3.07,0.7,0.001
471,1000,0.0,integrated,False,True,0.0,21.720000000000017,30.579943615418863,21.720000000000017,30.579943615418863,30.579943615418863,2.4e-05,3.07,0.7,0.001
472,1000,0.0,integrated,False,True,0.0,21.720000000000017,30.555335636173126,21.720000000000017,30.555335636173126,30.555335636173126,2.4e-05,3.07,0.7,0.001
473,1000,0.0,integrated,False,True,0.0,21.720000000000017,30.608844767859065,21.720000000000017,30.608844767859065,30.608844767859065,2.4e-05,3.07,0.7,0.001
474,1000,0.0,integrated,False,True,0.0,21.720000000000017,30.499419758826114,21.720000000000017,30.499419758826114,30.499419758826114,2.4e-05,3.07,0.7,0.001
475,1000,0.0,integrated,False,True,0.0,21.720000000000017,30.600648076696626,21.720000000000017,30.600648076696626,30.600648076696626,2.4e-05,3.07,0.7,0.001
476,1000,0.0,integrated,False,True,0.0,21.720000000000017,30.551097305093464,21.720000000000017,30.551097305093464,30.551097305093464,2.4e-05,3.07,0.7,0.001
477,1000,0.0,integrated,False,True,0.0,21.720000000000017,30.58686615491851,21.720000000000017,30.58686615491851,30.58686615491851,2.4e-05,3.07,0.7,0.001
478,1000,0.0,integrated,False,True,0.0,21.720000000000017,30.606220130551552,21.720000000000017,30.606220130551552,30.606220130551552,2.4e-05,3.07,0.7,0.001
479,1000,0.0,integrated,False,True,0.0,21.720000000000017,30.60292177507798,21.720000000000017,30.60292177507798,30.60292177507798,2.4e-05,3.07,0.7,0.001
480,1000,0.0,integrated,False,True,0.0,21.720000000000017,30.53677345234236,21.720000000000017,30.53677345234236,30.53677345234236,2.4e-05,3.07,0.7,0.001
481,1000,0.0,integrated,False,True,0.0,21.720000000000017,30.64656224053769,21.720000000000017,30.64656224053769,30.64656224053769,2.4e-05,3.07,0.7,0.001
482,1000,0.0,integrated,False,True,0.0,21.720000000000017,30.710634305873942,21.720000000000017,30.710634305873942,30.710634305873942,2.4e-05,3.07,0.7,0.001
483,1000,0.0,integrated,False,True,0.0,21.720000000000017,30.53189509908144,21.720000000000017,30.53189509908144,30.53189509908144,2.4e-05,3.07,0.7,0.001
484,1000,0.0,integrated,False,True,0.0,21.720000000000017,30.7071339699066,21.720000000000017,30.7071339699066,30.7071339699066,2.4e-05,3.07,0.7,0.001
485,1000,0.0,integrated,False,True,0.0,21.720000000000017,30.690897920160452,21.720000000000017,30.690897920160452,30.690897920160452,2.4e-05,3.07,0.7,0.001
486,1000,0.0,integrated,False,True,0.0,21.720000000000017,30.578262078327267,21.720000000000017,30.578262078327267,30.578262078327267,2.4e-05,3.07,0.7,0.001
487,1000,0.0,integrated,False,True,0.0,21.720000000000017,30.597900295238514,21.720000000000017,30.597900295238514,30.597900295238514,2.4e-05,3.07,0.7,0.001
488,1000,0.0,integrated,False,True,0.0,21.720000000000017,30.709890092189642,21.720000000000017,30.709890092189642,30.709890092189642,2.4e-05,3.07,0.7,0.001
489,1000,0.0,integrated,False,True,0.0,21.720000000000017,30.595101591900445,21.720000000000017,30.595101591900445,30.595101591900445,2.4e-05,3.07,0.7,0.001
490,1000,0.0,integrated,False,True,0.0,21.720000000000017,30.579374231742328,21.720000000000017,30.579374231742328,30.579374231742328,2.4e-05,3.07,0.7,0.001
491,1000,0.0,integrated,False,True,0.0,21.720000000000017,30.660173470875833,21.720000000000017,30.660173470875833,30.660173470875833,2.4e-05,3.07,0.7,0.001
492,1000,0.0,integrated,False,True,0.0,21.720000000000017,30.558318350166388,21.720000000000017,30.558318350166388,30.558318350166388,2.4e-05,3.07,0.7,0.001
493,1000,0.0,integrated,False,True,0.0,21.720000000000017,30.586011309294197,21.720000000000017,30.586011309294197,30.586011309294197,2.4e-05,3.07,0.7,0.001
494,1000,0.0,integrated,False,True,0.0,21.720000000000017,30.61859256642095,21.720000000000017,30.61859256642095,30.61859256642095,2.4e-05,3.07,0.7,0.001
495,1000,0.0,integrated,False,True,0.0,21.720000000000017,30.599094327929347,21.720000000000017,30.599094327929347,30.599094327929347,2.4e-05,3.07,0.7,0.001
496,1000,0.0,integrated,False,True,0.0,21.720000000000017,30.70754621002316,21.720000000000017,30.70754621002316,30.70754621002316,2.4e-05,3.07,0.7,0.001
497,1000,0.0,integrated,False,True,0.0,21.720000000000017,30.531108695452218,21.720000000000017,30.531108695452218,30.531108695452218,2.4e-05,3.07,0.7,0.001
498,1000,0.0,integrated,False,True,0.0,21.720000000000017,30.5460169791353,21.720000000000017,30.5460169791353,30.5460169791353,2.4e-05,3.07,0.7,0.001
499,1000,0.0,integrated,False,True,0.0,21.720000000000017,30.594127766205542,21.720000000000017,30.594127766205542,30.594127766205542,2.4e-05,3.07,0.7,0.001
0,1000,0.3,integrated,False,True,0.0,21.720000000000017,31.949026453053886,21.720000000000017,31.949026453053886,31.949026453053886,1.9904508184878982e-05,2.6647222238852426,0.6892217598066974,0.000677239616234951
1,1000,0.3,integrated,False,True,0.0,21.720000000000017,30.412509410569676,21.720000000000017,30.412509410569676,30.412509410569676,2.1392623751247614e-05,3.1307109936011623,0.4334274509266789,0.0011787552121568406
2,1000,0.3,integrated,False,True,0.0,21.720000000000017,30.812059504783182,21.720000000000017,30.812059504783182,30.812059504783182,2.956046988154e-05,2.6552545586818597,0.709353233306782,0.0007017515021297606
3,1000,0.3,integrated,False,True,0.0,21.720000000000017,31.123648735946254,21.720000000000017,31.123648735946254,31.123648735946254,1.7054268930162224e-05,2.200853569759958,0.7235386429904476,0.001293123652355679
4,1000,0.3,integrated,False,True,0.0,21.720000000000017,31.528584687553916,21.720000000000017,31.528584687553916,31.528584687553916,2.2635025791620222e-05,2.91132193452565,0.8023055012737305,0.000725655659483265
5,1000,0.3,integrated,False,True,0.0,21.720000000000017,29.747639916658105,21.720000000000017,29.747639916658105,29.747639916658105,3.809667603429244e-05,2.3878586534220947,0.89881880301313,0.0009094149643472494
6,1000,0.3,integrated,False,True,0.0,21.720000000000017,30.627805810565732,21.720000000000017,30.627805810565732,30.627805810565732,2.823558079269457e-05,4.1253583025462675,0.9816640679683917,0.0009848681846227434
7,1000,0.3,integrated,False,True,0.0,21.720000000000017,30.57205569302191,21.720000000000017,30.57205569302191,30.57205569302191,2.1299246442896987e-05,3.4124611240976246,0.7606338523394849,0.0012688704061851843
8,1000,0.3,integrated,False,True,0.0,21.720000000000017,29.300294468646825,21.720000000000017,29.300294468646825,29.300294468646825,4.285127708404705e-05,4.2680941483703005,0.7064966109535513,0.0009238544032492084
9,1000,0.3,integrated,False,True,0.0,21.720000000000017,31.387079744013143,21.720000000000017,31.387079744013143,31.387079744013143,2.2101384712367337e-05,2.357555433956016,0.751408291086512,0.000777989921382491
10,1000,0.3,integrated,False,True,0.0,21.720000000000017,30.393303170793654,21.720000000000017,30.393303170793654,30.393303170793654,2.204047221667691e-05,2.7569322308987485,0.8246834795372375,0.0014311586686106283
11,1000,0.3,integrated,False,True,0.0,21.720000000000017,30.761343922587276,21.720000000000017,30.761343922587276,30.761343922587276,3.246182941395931e-05,4.831299004286135,1.0682618553601204,0.0007630702300728027
12,1000,0.3,integrated,False,True,0.0,21.720000000000017,30.3851564197265,21.720000000000017,30.3851564197265,30.3851564197265,3.0408945138771982e-05,2.795839737317243,0.6937448961799059,0.0007726964166792948
13,1000,0.3,integrated,False,True,0.0,21.720000000000017,30.898174801507913,21.720000000000017,30.898174801507913,30.898174801507913,2.314930731950465e-05,5.355216893448909,1.0457159389932558,0.0010678455475618886
14,1000,0.3,integrated,False,True,0.0,21.720000000000017,31.49473126725573,21.720000000000017,31.49473126725573,31.49473126725573,1.95856934491892e-05,3.2493390832387874,0.4939447242165469,0.0007921556366545659
15,1000,0.3,integrated,False,True,0.0,21.720000000000017,30.069166313513755,21.720000000000017,30.069166313513755,30.069166313513755,3.009178373076958e-05,5.653115133447091,0.5605547821308206,0.001003453249518169
16,1000,0.3,integrated,False,True,0.0,21.720000000000017,29.67343226755415,21.720000000000017,29.67343226755415,29.67343226755415,3.254600950571528e-05,2.207193243870774,0.7960123842788784,0.0010819893697312907
17,1000,0.3,integrated,False,True,0.0,21.720000000000017,31.90081175593655,21.720000000000017,31.90081175593655,31.90081175593655,1.8011482905421506e-05,2.6098542216857528,0.9214882401179801,0.0008712313528552268
18,1000,0.3,integrated,False,True,0.0,21.720000000000017,32.4095727527942,21.720000000000017,32.4095727527942,32.4095727527942,1.7944957032959625e-05,3.7571897108610757,0.6904931403118008,0.0006416994341523711
19,1000,0.3,integrated,False,True,0.0,21.720000000000017,30.362783857126928,21.720000000000017,30.362783857126928,30.362783857126928,3.1261418140529665e-05,2.7530797151800153,0.7354870222823803,0.0007603481937478465
20,1000,0.3,integrated,False,True,0.0,21.720000000000017,32.49756011439713,21.720000000000017,32.49756011439713,32.49756011439713,1.3441836223654788e-05,4.028946317524974,0.5471717661286134,0.000926827779339013
21,1000,0.3,integrated,False,True,0.0,21.720000000000017,31.56077544769606,21.720000000000017,31.56077544769606,31.56077544769606,1.7318196608561262e-05,3.332727165765906,0.5089081364603685,0.0009540190932799288
22,1000,0.3,integrated,False,True,0.0,21.720000000000017,31.627946934608723,21.720000000000017,31.627946934608723,31.627946934608723,1.9184989981580668e-05,1.9200219888939003,0.9011834147234324,0.000844174220357833
23,1000,0.3,integrated,False,True,0.0,21.720000000000017,27.945034771088157,21.720000000000017,27.945034771088157,27.945034771088157,5.0924482213491694e-05,3.148270027785338,0.6148679045002423,0.0016470943705760605
24,1000,0.3,integrated,False,True,0.0,21.720000000000017,29.73437432113481,21.720000000000017,29.73437432113481,29.73437432113481,2.510582692670013e-05,3.516783947863281,0.4714535833998389,0.0013519421094607587
25,1000,0.3,integrated,False,True,0.0,21.720000000000017,31.23694989426449,21.720000000000017,31.23694989426449,31.23694989426449,2.379405483110763e-05,2.7889172611518442,0.8337099423636716,0.00072329588069881
26,1000,0.3,integrated,False,True,0.0,21.720000000000017,31.220199076986894,21.720000000000017,31.220199076986894,31.220199076986894,1.0892265170222648e-05,3.9470467859564504,0.39347093919778775,0.0026573227064591474
27,1000,0.3,integrated,False,True,0.0,21.720000000000017,32.78262182146585,21.720000000000017,32.78262182146585,32.78262182146585,2.0655814792137645e-05,4.049697389925745,0.9381094072157364,0.0005351298057847581
28,1000,0.3,integrated,False,True,0.0,21.720000000000017,30.753555939086546,21.720000000000017,30.753555939086546,30.753555939086546,2.5874230544279142e-05,2.728379966069037,0.48836593032206743,0.0007768713946680784
29,1000,0.3,integrated,False,True,0.0,21.720000000000017,30.810322712801344,21.720000000000017,30.810322712801344,30.810322712801344,2.6962788773394602e-05,3.0034852623423696,0.7299841329365953,0.0007650315538619977
30,1000,0.3,integrated,False,True,0.0,21.720000000000017,30.172162474368793,21.720000000000017,30.172162474368793,30.172162474368793,2.2913919638137773e-05,3.21041880283477,0.4054933140447192,0.0011365396182280445
31,1000,0.3,integrated,False,True,0.0,21.720000000000017,30.32201240427903,21.720000000000017,30.32201240427903,30.32201240427903,1.865652578902765e-05,4.636203026270517,0.575356941443099,0.0016925630589469621
32,1000,0.3,integrated,False,True,0.0,21.720000000000017,30.442589841379224,21.720000000000017,30.442589841379224,30.442589841379224,3.127709507383385e-05,3.4750108679189364,0.5490223897042973,0.0007461262370752592
33,1000,0.3,integrated,False,True,0.0,21.720000000000017,30.504709229693717,21.720000000000017,30.504709229693717,30.504709229693717,1.8683843503959602e-05,2.915599616252629,0.3779195899103723,0.0013479398807493507
34,1000,0.3,integrated,False,True,0.0,21.720000000000017,30.408846895679844,21.720000000000017,30.408846895679844,30.408846895679844,2.18997656521486e-05,2.7966563103445936,0.5533445481712209,0.0011046234520953645
35,1000,0.3,integrated,False,True,0.0,21.720000000000017,30.22869599854387,21.720000000000017,30.22869599854387,30.22869599854387,2.4639393933299913e-05,2.726795200201013,1.0056973689374265,0.0013556851850404917
36,1000,0.3,integrated,False,True,0.0,21.720000000000017,29.923557990280948,21.720000000000017,29.923557990280948,29.923557990280948,3.0048146659376403e-05,3.072109684418236,0.6013402756711026,0.0010203898403649873
37,1000,0.3,integrated,False,True,0.0,21.720000000000017,31.487295044209805,21.720000000000017,31.487295044209805,31.487295044209805,2.3248211798147537e-05,4.257285724214,0.9295357776226861,0.000799192406363999
38,1000,0.3,integrated,False,True,0.0,21.720000000000017,30.563941326053147,21.720000000000017,30.563941326053147,30.563941326053147,2.423249862474755e-05,2.0512980554247173,0.6008778285149461,0.0009404826275353787
39,1000,0.3,integrated,False,True,0.0,21.720000000000017,30.274564261306374,21.720000000000017,30.274564261306374,30.274564261306374,2.3288979853867293e-05,3.086502717153367,0.7426540245406582,0.0012656330751573057
40,1000,0.3,integrated,False,True,0.0,21.720000000000017,32.10722474523273,21.720000000000017,32.10722474523273,32.10722474523273,2.68043208895717e-05,2.4313613922172967,1.0404229651675259,0.0005256498846457036
41,1000,0.3,integrated,False,True,0.0,21.720000000000017,31.95222936687309,21.720000000000017,31.95222936687309,31.95222936687309,1.9994574126721837e-05,3.742857118962312,0.6002288184317568,0.0006825308795624082
42,1000,0.3,integrated,False,True,0.0,21.720000000000017,31.202743717610687,21.720000000000017,31.202743717610687,31.202743717610687,1.5529090523641944e-05,4.885069881579817,0.8484727099464301,0.0018834537355492992
43,1000,0.3,integrated,False,True,0.0,21.720000000000017,29.516627820852648,21.720000000000017,29.516627820852648,29.516627820852648,3.0057094503993207e-05,3.232113376999922,0.7907406711999104,0.0014301410428638
44,1000,0.3,integrated,False,True,0.0,21.720000000000017,31.870939021745208,21.720000000000017,31.870939021745208,31.870939021745208,2.4303346945737525e-05,4.282353267552161,0.6445975035503182,0.0005493893810913495
45,1000,0.3,integrated,False,True,0.0,21.720000000000017,30.998101497508614,21.720000000000017,30.998101497508614,30.998101497508614,2.4582955666023553e-05,4.267190335415508,0.5611774893128085,0.0007908753711521976
46,1000,0.3,integrated,False,True,0.0,21.720000000000017,30.553904284468878,21.720000000000017,30.553904284468878,30.553904284468878,2.1142773410147776e-05,2.589085192549255,0.5083895922220742,0.0010747599381868628
47,1000,0.3,integrated,False,True,0.0,21.720000000000017,32.041975344756246,21.720000000000017,32.041975344756246,32.041975344756246,1.5208812592936535e-05,2.828073547801625,0.85816226390582,0.0010061453326952552
48,1000,0.3,integrated,False,True,0.0,21.720000000000017,32.19589265828052,21.720000000000017,32.19589265828052,32.19589265828052,1.672458077919535e-05,2.6616800122988975,0.43038468853750794,0.0006782055190035045
49,1000,0.3,integrated,False,True,0.0,21.720000000000017,33.86729911229219,21.720000000000017,33.86729911229219,33.86729911229219,1.2916712353766255e-05,3.80503519381998,0.8295676075571777,0.0005955747163027278
50,1000,0.3,integrated,False,True,0.0,21.720000000000017,29.780560633389534,21.720000000000017,29.780560633389534,29.780560633389534,3.1123165204586597e-05,2.063454389477717,0.5184816953043091,0.0009786218299373654
51,1000,0.3,integrated,False,True,0.0,21.720000000000017,31.614323730406323,21.720000000000017,31.614323730406323,31.614323730406323,2.107805976453813e-05,2.8454847090164166,1.040551483560469,0.0008296647772974973
52,1000,0.3,integrated,False,True,0.0,21.720000000000017,31.827701129391052,21.720000000000017,31.827701129391052,31.827701129391052,2.0208743851254776e-05,4.7185324945148714,0.7714403304512356,0.0007795250532960294
53,1000,0.3,integrated,False,True,0.0,21.720000000000017,32.097880935981266,21.720000000000017,32.097880935981266,32.097880935981266,1.4538703255394532e-05,2.4325310256213633,0.6196908994511381,0.001008224608384931
54,1000,0.3,integrated,False,True,0.0,21.720000000000017,33.35583258428351,21.720000000000017,33.35583258428351,33.35583258428351,1.599692616745642e-05,3.2297958336659254,1.3744831658135064,0.0007432089568890933
55,1000,0.3,integrated,False,True,0.0,21.720000000000017,30.63549859523426,21.720000000000017,30.63549859523426,30.63549859523426,2.147586708023964e-05,4.069757161087437,1.036446670517485,0.0014474652052125319
56,1000,0.3,integrated,False,True,0.0,21.720000000000017,29.630929879653326,21.720000000000017,29.630929879653326,29.630929879653326,2.6011422406500706e-05,1.712651040937372,0.4624740563697559,0.0013538836614210429
57,1000,0.3,integrated,False,True,0.0,21.720000000000017,32.866940764125104,21.720000000000017,32.866940764125104,32.866940764125104,1.403037416828781e-05,3.4115904434421105,0.6317720989218532,0.0007463226032108281
58,1000,0.3,integrated,False,True,0.0,21.720000000000017,31.658153440589395,21.720000000000017,31.658153440589395,31.658153440589395,1.9702470734845105e-05,3.668969518822862,0.6563203395781296,0.0007978641876936197
59,1000,0.3,integrated,False,True,0.0,21.720000000000017,30.914310721222314,21.720000000000017,30.914310721222314,30.914310721222314,2.0229291300757356e-05,2.2986310295673196,0.6339261253677314,0.0010078055056645973
60,1000,0.3,integrated,False,True,0.0,21.720000000000017,30.829764693124897,21.720000000000017,30.829764693124897,30.829764693124897,2.100348967472602e-05,2.344975839133682,0.5220766154908042,0.0009717829596740711
61,1000,0.3,integrated,False,True,0.0,21.720000000000017,31.151453114509323,21.720000000000017,31.151453114509323,31.151453114509323,1.558315591176644e-05,3.7827990396470272,0.6296083955554921,0.0016285447859226217
62,1000,0.3,integrated,False,True,0.0,21.720000000000017,30.9523721739331,21.720000000000017,30.9523721739331,30.9523721739331,1.7413388123005476e-05,3.5877312342887624,0.4452448958860336,0.0011662898168495238
63,1000,0.3,integrated,False,True,0.0,21.720000000000017,31.23388887555172,21.720000000000017,31.23388887555172,31.23388887555172,1.5663245461353055e-05,2.409052681440773,0.5041161481827637,0.001295578190758612
64,1000,0.3,integrated,False,True,0.0,21.720000000000017,30.576645997445457,21.720000000000017,30.576645997445457,30.576645997445457,2.475635142947831e-05,4.700237162118907,0.6903894367836392,0.0010325820776157558
65,1000,0.3,integrated,False,True,0.0,21.720000000000017,29.95949981198966,21.720000000000017,29.95949981198966,29.95949981198966,3.0052452465020982e-05,2.7188020126787946,0.6908462245302526,0.0009792196768928353
66,1000,0.3,integrated,False,True,0.0,21.720000000000017,31.164047164676646,21.720000000000017,31.164047164676646,31.164047164676646,2.4256819752079442e-05,2.1740006094701507,0.5333717668596345,0.0006851149855872844
67,1000,0.3,integrated,False,True,0.0,21.720000000000017,30.055269502700735,21.720000000000017,30.055269502700735,30.055269502700735,2.6848951435999496e-05,2.882111278533614,0.7504522248560879,0.001229805589008093
68,1000,0.3,integrated,False,True,0.0,21.720000000000017,30.78921487859538,21.720000000000017,30.78921487859538,30.78921487859538,2.036049287010302e-05,3.2733016115301794,0.6769067666681959,0.0011277490283489965
69,1000,0.3,integrated,False,True,0.0,21.720000000000017,31.654518639548158,21.720000000000017,31.654518639548158,31.654518639548158,1.951394222424086e-05,3.556792069095132,0.6619053889969663,0.0007838344582716438
70,1000,0.3,integrated,False,True,0.0,21.720000000000017,30.969549087907804,21.720000000000017,30.969549087907804,30.969549087907804,2.1619751323650878e-05,3.22698900554527,0.6190356116748978,0.0009546230616594018
71,1000,0.3,integrated,False,True,0.0,21.720000000000017,33.52375525063631,21.720000000000017,33.52375525063631,33.52375525063631,1.1556742534180306e-05,2.3380344516073635,0.9779758876101569,0.000780974498795357
72,1000,0.3,integrated,False,True,0.0,21.720000000000017,31.8666250137264,21.720000000000017,31.8666250137264,31.8666250137264,2.0557658268071318e-05,4.33148181227389,0.5044002929666284,0.0006396738142098138
73,1000,0.3,integrated,False,True,0.0,21.720000000000017,29.639578444914527,21.720000000000017,29.639578444914527,29.639578444914527,2.7915990814754322e-05,2.4260254463508732,0.36420062220472493,0.0012067322745160452
74,1000,0.3,integrated,False,True,0.0,21.720000000000017,31.08512111223739,21.720000000000017,31.08512111223739,31.08512111223739,2.699890743233358e-05,3.429732061127442,1.326255785928528,0.0008546248907879061
75,1000,0.3,integrated,False,True,0.0,21.720000000000017,32.061679592151854,21.720000000000017,32.061679592151854,32.061679592151854,1.7248589002426695e-05,4.990402321913886,0.5117958457434769,0.0007784503927212569
76,1000,0.3,integrated,False,True,0.0,21.720000000000017,28.961259786482934,21.720000000000017,28.961259786482934,28.961259786482934,3.922229254260177e-05,6.069955135454943,0.8945623943870737,0.0014820566975071068
77,1000,0.3,integrated,False,True,0.0,21.720000000000017,30.866765355030918,21.720000000000017,30.866765355030918,30.866765355030918,2.0371404891948828e-05,2.439828555064752,0.4981180689496013,0.0009671054415366008
78,1000,0.3,integrated,False,True,0.0,21.720000000000017,31.637427935586803,21.720000000000017,31.637427935586803,31.637427935586803,2.3317989807014445e-05,1.7200692616950057,0.5481233011726871,0.0005470839949753584
79,1000,0.3,integrated,False,True,0.0,21.720000000000017,31.759979912539738,21.720000000000017,31.759979912539738,31.759979912539738,1.7353429531203128e-05,2.7119620916724605,0.648664285394415,0.0008520515807335199
80,1000,0.3,integrated,False,True,0.0,21.720000000000017,30.410966195290047,21.720000000000017,30.410966195290047,30.410966195290047,2.823016526496561e-05,1.5751453725652729,0.8681859036666628,0.0009083255754847904
81,1000,0.3,integrated,False,True,0.0,21.720000000000017,32.026993977429974,21.720000000000017,32.026993977429974,32.026993977429974,1.5268209040108523e-05,2.8639944942532374,0.7850214810654644,0.001032307117052537
82,1000,0.3,integrated,False,True,0.0,21.720000000000017,32.59688958293879,21.720000000000017,32.59688958293879,32.59688958293879,1.5195191515202061e-05,3.383598213252886,0.8449928603145878,0.0008250819993820114
83,1000,0.3,integrated,False,True,0.0,21.720000000000017,31.505695800459968,21.720000000000017,31.505695800459968,31.505695800459968,2.346834845381434e-05,2.6652147772423596,0.4844193573536761,0.0005808153526471512
84,1000,0.3,integrated,False,True,0.0,21.720000000000017,30.365127513394597,21.720000000000017,30.365127513394597,30.365127513394597,2.333968395432406e-05,5.40847534271069,0.5633025750127305,0.0011958503057280419
85,1000,0.3,integrated,False,True,0.0,21.720000000000017,29.893917340466004,21.720000000000017,29.893917340466004,29.893917340466004,3.455137605902445e-05,3.345027463311892,0.7708557467154818,0.0009044821422842377
86,1000,0.3,integrated,False,True,0.0,21.720000000000017,29.1577353795308,21.720000000000017,29.1577353795308,29.1577353795308,3.949091163877562e-05,2.6238776379075577,1.0405538855382617,0.0013105828760831056
87,1000,0.3,integrated,False,True,0.0,21.720000000000017,31.163437841292414,21.720000000000017,31.163437841292414,31.163437841292414,2.1544415521796305e-05,3.3869077519233253,0.8156592729427361,0.0008981192305149415
88,1000,0.3,integrated,False,True,0.0,21.720000000000017,30.764634625262723,21.720000000000017,30.764634625262723,30.764634625262723,2.2670376931596055e-05,2.6895234004824764,1.1426988032770087,0.0012349994162916397
89,1000,0.3,integrated,False,True,0.0,21.720000000000017,32.801084866212584,21.720000000000017,32.801084866212584,32.801084866212584,1.3272112511817848e-05,4.103604305847183,0.7083815348736495,0.0009129274213157613
90,1000,0.3,integrated,False,True,0.0,21.720000000000017,31.304577213030683,21.720000000000017,31.304577213030683,31.304577213030683,2.2451562316126055e-05,3.7277810419090494,0.7419144739508508,0.0007865640883289246
91,1000,0.3,integrated,False,True,0.0,21.720000000000017,31.369694207144256,21.720000000000017,31.369694207144256,31.369694207144256,2.135910020095648e-05,2.8212169325419976,0.7153145334755937,0.0008019134762336796
92,1000,0.3,integrated,False,True,0.0,21.720000000000017,32.38311844878933,21.720000000000017,32.38311844878933,32.38311844878933,1.8902095949401317e-05,3.5045906307347487,0.778386091677363,0.0006297734033627315
93,1000,0.3,integrated,False,True,0.0,21.720000000000017,30.70264233454329,21.720000000000017,30.70264233454329,30.70264233454329,2.7214417575180265e-05,2.4034750457409477,0.8259862761756306,0.0008593664429021317
94,1000,0.3,integrated,False,True,0.0,21.720000000000017,31.21588807276637,21.720000000000017,31.21588807276637,31.21588807276637,1.7659399929762716e-05,2.3403766417206073,0.4581476981505658,0.0010046991142456632
95,1000,0.3,integrated,False,True,0.0,21.720000000000017,31.017924708085065,21.720000000000017,31.017924708085065,31.017924708085065,2.18407608640358e-05,2.3986601670039023,0.9632376218809232,0.0009449759687469324
96,1000,0.3,integrated,False,True,0.0,21.720000000000017,31.168301856161282,21.720000000000017,31.168301856161282,31.168301856161282,2.6646457322825644e-05,2.0236117001069083,1.0156172220754554,0.0007224500044616815
97,1000,0.3,integrated,False,True,0.0,21.720000000000017,30.251912433947957,21.720000000000017,30.251912433947957,30.251912433947957,3.134344399141526e-05,2.8092389549612715,1.1941605514704865,0.0010126111645576798
98,1000,0.3,integrated,False,True,0.0,21.720000000000017,31.556215123299097,21.720000000000017,31.556215123299097,31.556215123299097,2.8466183046405607e-05,3.4079507243975073,0.9899184042021366,0.0005570435735234331
99,1000,0.3,integrated,False,True,0.0,21.720000000000017,31.34839268821355,21.720000000000017,31.34839268821355,31.34839268821355,1.554038448429114e-05,3.3142997930917777,0.49110699139296526,0.0012086963166228802
100,1000,0.3,integrated,False,True,0.0,21.720000000000017,30.746974722584987,21.720000000000017,30.746974722584987,30.746974722584987,2.065805864768592e-05,2.406069044648013,0.5912547181239268,0.0011332010290067119
101,1000,0.3,integrated,False,True,0.0,21.720000000000017,29.607869053153482,21.720000000000017,29.607869053153482,29.607869053153482,2.7994548980468652e-05,2.147534489203842,0.6605231922970857,0.0013241561755724294
102,1000,0.3,integrated,False,True,0.0,21.720000000000017,30.208684974595837,21.720000000000017,30.208684974595837,30.208684974595837,2.1913617510557772e-05,3.0136897998562753,0.6673568237432542,0.0015020341029383449
103,1000,0.3,integrated,False,True,0.0,21.720000000000017,30.474060993875156,21.720000000000017,30.474060993875156,30.474060993875156,1.793995882995754e-05,2.118519538185805,0.6129733803812677,0.0016495528755234579
104,1000,0.3,integrated,False,True,0.0,21.720000000000017,29.537155311687446,21.720000000000017,29.537155311687446,29.537155311687446,2.6583875095161973e-05,2.329971147375654,0.9884889756999526,0.0018366016202781461
105,1000,0.3,integrated,False,True,0.0,21.720000000000017,30.114853371850753,21.720000000000017,30.114853371850753,30.114853371850753,2.7086758694838526e-05,2.7347464113717685,0.5237445873461,0.0010312965132557351
106,1000,0.3,integrated,False,True,0.0,21.720000000000017,30.215705342578826,21.720000000000017,30.215705342578826,30.215705342578826,2.52249383222517e-05,2.5377557087588003,0.5825110331724301,0.00104154534199609
107,1000,0.3,integrated,False,True,0.0,21.720000000000017,31.591480128568918,21.720000000000017,31.591480128568918,31.591480128568918,1.4671394595903435e-05,2.455815329590175,0.6926201659984353,0.0013183320716248536
108,1000,0.3,integrated,False,True,0.0,21.720000000000017,30.657674210915197,21.720000000000017,30.657674210915197,30.657674210915197,2.7867563908757406e-05,4.039318013390053,0.3467346050742844,0.0006945958506168016
109,1000,0.3,integrated,False,True,0.0,21.720000000000017,32.160123580284875,21.720000000000017,32.160123580284875,32.160123580284875,1.6169902731659092e-05,2.6244323005113737,1.1410578983204402,0.0010460603372544474
110,1000,0.3,integrated,False,True,0.0,21.720000000000017,31.561327009668673,21.720000000000017,31.561327009668673,31.561327009668673,2.1687781902970306e-05,4.220744578109731,0.5842906414104244,0.0007309360852607431
111,1000,0.3,integrated,False,True,0.0,21.720000000000017,29.940198525974136,21.720000000000017,29.940198525974136,29.940198525974136,2.9052898575708703e-05,2.2389176911058466,0.38904315739504036,0.0009166656354038739
112,1000,0.3,integrated,False,True,0.0,21.720000000000017,31.311523008276435,21.720000000000017,31.311523008276435,31.311523008276435,2.172854248727061e-05,1.881030357629716,0.5656850364452423,0.0007439994686079891
113,1000,0.3,integrated,False,True,0.0,21.720000000000017,33.571323930688,21.720000000000017,33.571323930688,33.571323930688,1.5234914127235003e-05,4.804116435939896,0.9540969392692915,0.0006220554067789595
114,1000,0.3,integrated,False,True,0.0,21.720000000000017,30.99308621597592,21.720000000000017,30.99308621597592,30.99308621597592,2.441479310000714e-05,2.0197407971122923,0.32192516857438896,0.0006738081008605545
115,1000,0.3,integrated,False,True,0.0,21.720000000000017,30.45446226582768,21.720000000000017,30.45446226582768,30.45446226582768,2.6586613104780597e-05,3.166713140563974,0.6480894694826914,0.0009304371740382698
116,1000,0.3,integrated,False,True,0.0,21.720000000000017,32.026205099304015,21.720000000000017,32.026205099304015,32.026205099304015,1.952567107154764e-05,2.312187743577428,0.46292827143549253,0.0005993110995202908
117,1000,0.3,integrated,False,True,0.0,21.720000000000017,32.42958492839831,21.720000000000017,32.42958492839831,32.42958492839831,1.7546810255977555e-05,2.665602675687534,0.6675093121035981,0.0006525100166326217
118,1000,0.3,integrated,False,True,0.0,21.720000000000017,31.58060911319743,21.720000000000017,31.58060911319743,31.58060911319743,2.7492691833479282e-05,2.611225387307353,0.7675613037828524,0.0005386617645320315
119,1000,0.3,integrated,False,True,0.0,21.720000000000017,31.700924744175914,21.720000000000017,31.700924744175914,31.700924744175914,2.287601272836769e-05,3.5487529889140896,0.9137569996604684,0.0006891894905433345
120,1000,0.3,integrated,False,True,0.0,21.720000000000017,29.47085246394132,21.720000000000017,29.47085246394132,29.47085246394132,3.2608664203871865e-05,1.9062756706281563,0.6377327192351927,0.0011880645335879325
121,1000,0.3,integrated,False,True,0.0,21.720000000000017,31.938801694796044,21.720000000000017,31.938801694796044,31.938801694796044,2.2810516077436438e-05,3.5346581293361066,1.0544479008037997,0.0006608056893085485
122,1000,0.3,integrated,False,True,0.0,21.720000000000017,29.68800443618649,21.720000000000017,29.68800443618649,29.68800443618649,3.597639846411107e-05,3.077835088780821,1.4024962679878297,0.0012725364416457667
123,1000,0.3,integrated,False,True,0.0,21.720000000000017,30.80239100446451,21.720000000000017,30.80239100446451,30.80239100446451,2.7710121635695664e-05,3.789749922939214,0.689184832564743,0.00074164623519722
124,1000,0.3,integrated,False,True,0.0,21.720000000000017,30.777003248113875,21.720000000000017,30.777003248113875,30.777003248113875,1.9520323338571754e-05,2.4320748107343957,0.4549107058451056,0.0010598483552338796
125,1000,0.3,integrated,False,True,0.0,21.720000000000017,30.51727692898612,21.720000000000017,30.51727692898612,30.51727692898612,1.9398100830163585e-05,2.6938193557218555,0.5982736606820883,0.0013084010303537068
126,1000,0.3,integrated,False,True,0.0,21.720000000000017,29.8908578002343,21.720000000000017,29.8908578002343,29.8908578002343,2.7560040909859752e-05,3.7851429830566548,0.8388431909557473,0.001380910093898071
127,1000,0.3,integrated,False,True,0.0,21.720000000000017,30.739637827772874,21.720000000000017,30.739637827772874,30.739637827772874,2.2355572641833425e-05,2.548400659802406,1.4039179186722017,0.001505120334665325
128,1000,0.3,integrated,False,True,0.0,21.720000000000017,30.283205626847483,21.720000000000017,30.283205626847483,30.283205626847483,2.8036235163669686e-05,3.1505214837645505,1.0157078045533248,0.0010939113125114591
129,1000,0.3,integrated,False,True,0.0,21.720000000000017,31.294872380496592,21.720000000000017,31.294872380496592,31.294872380496592,1.5455722790175087e-05,3.9971102863149626,0.5623440933839431,0.0014080238919481017
130,1000,0.3,integrated,False,True,0.0,21.720000000000017,31.673570370666532,21.720000000000017,31.673570370666532,31.673570370666532,1.9850868432170906e-05,2.6942278741915096,1.0418533840811492,0.0008939743491510121
131,1000,0.3,integrated,False,True,0.0,21.720000000000017,29.78971158992473,21.720000000000017,29.78971158992473,29.78971158992473,2.5670628294366722e-05,3.2009332074508765,0.4323414315160119,0.0012718224871345024
132,1000,0.3,integrated,False,True,0.0,21.720000000000017,30.363098205369113,21.720000000000017,30.363098205369113,30.363098205369113,2.504557750062556e-05,4.9688198016101675,0.6599666835135963,0.0011691222662809728
133,1000,0.3,integrated,False,True,0.0,21.720000000000017,30.644765964156612,21.720000000000017,30.644765964156612,30.644765964156612,2.3989873317991427e-05,1.772401541564024,0.6558826765641332,0.0008657334968179174
134,1000,0.3,integrated,False,True,0.0,21.720000000000017,30.80250386802922,21.720000000000017,30.80250386802922,30.80250386802922,1.9058867214120335e-05,2.3462982161359762,0.9450238814448589,0.001435516920219567
135,1000,0.3,integrated,False,True,0.0,21.720000000000017,31.050187217941495,21.720000000000017,31.050187217941495,31.050187217941495,2.5324040720509088e-05,2.9365745164342747,0.6099383390078186,0.00075542311929173
136,1000,0.3,integrated,False,True,0.0,21.720000000000017,30.280864890262635,21.720000000000017,30.280864890262635,30.280864890262635,2.151516831481723e-05,1.5887566123656156,0.8664832074864516,0.0014059418437159517
137,1000,0.3,integrated,False,True,0.0,21.720000000000017,29.438520957719412,21.720000000000017,29.438520957719412,29.438520957719412,4.2323839705210056e-05,3.337656226904212,0.653985887648787,0.0008787625377175816
138,1000,0.3,integrated,False,True,0.0,21.720000000000017,30.925144291174465,21.720000000000017,30.925144291174465,30.925144291174465,2.517039054927971e-05,1.8004256572889614,1.1314459254065805,0.0008870290611948362
139,1000,0.3,integrated,False,True,0.0,21.720000000000017,29.317589664163727,21.720000000000017,29.317589664163727,29.317589664163727,3.137796147016505e-05,2.9276659016079503,0.6009785292732751,0.0012804022897437877
140,1000,0.3,integrated,False,True,0.0,21.720000000000017,29.23729475492343,21.720000000000017,29.23729475492343,29.23729475492343,4.328877828780509e-05,3.464014139856467,0.8719769658265253,0.0010374373131943773
141,1000,0.3,integrated,False,True,0.0,21.720000000000017,29.806225868786342,21.720000000000017,29.806225868786342,29.806225868786342,2.722836552918314e-05,2.919287078543386,0.8482107397080819,0.001434782389764569
142,1000,0.3,integrated,False,True,0.0,21.720000000000017,29.67780224600299,21.720000000000017,29.67780224600299,29.67780224600299,2.5123080787399844e-05,3.0986651235965113,0.5297421444470525,0.001458657342371281
143,1000,0.3,integrated,False,True,0.0,21.720000000000017,30.80812995995975,21.720000000000017,30.80812995995975,30.80812995995975,1.969741633766321e-05,4.057637055231389,0.5635438899094616,0.0012771424857655194
144,1000,0.3,integrated,False,True,0.0,21.720000000000017,30.9173388662053,21.720000000000017,30.9173388662053,30.9173388662053,1.7588490408079354e-05,3.582699279503696,0.650612470908493,0.0012837368916730533
145,1000,0.3,integrated,False,True,0.0,21.720000000000017,30.647559729038093,21.720000000000017,30.647559729038093,30.647559729038093,1.8985183720704383e-05,2.716494535791513,0.693249486864623,0.0013133818023391718
146,1000,0.3,integrated,False,True,0.0,21.720000000000017,29.311155197916158,21.720000000000017,29.311155197916158,29.311155197916158,3.4542014798433125e-05,1.8755617469494086,0.5118654519773966,0.001101108282455745
147,1000,0.3,integrated,False,True,0.0,21.720000000000017,29.555233569524333,21.720000000000017,29.555233569524333,29.555233569524333,3.075631800855704e-05,3.4467238704519305,0.47397946737241636,0.0011274846495299047
148,1000,0.3,integrated,False,True,0.0,21.720000000000017,31.923208680948136,21.720000000000017,31.923208680948136,31.923208680948136,2.5152645232088847e-05,2.0048435782871348,1.437425976104378,0.000686657459087856
149,1000,0.3,integrated,False,True,0.0,21.720000000000017,30.924534881450235,21.720000000000017,30.924534881450235,30.924534881450235,2.27528205391162e-05,2.1954546985355963,0.9662145343450363,0.0009860390591454635
150,1000,0.3,integrated,False,True,0.0,21.720000000000017,30.47696119022931,21.720000000000017,30.47696119022931,30.47696119022931,2.312896847390714e-05,2.844153104576928,0.6359810403274497,0.0010079056113390572
151,1000,0.3,integrated,False,True,0.0,21.720000000000017,31.869413061703334,21.720000000000017,31.869413061703334,31.869413061703334,2.185680403017267e-05,1.7152284851085715,0.7164595338452541,0.0006000396135542499
152,1000,0.3,integrated,False,True,0.0,21.720000000000017,31.604523292940804,21.720000000000017,31.604523292940804,31.604523292940804,2.2860691752499027e-05,3.964055790416243,0.4923984655733372,0.0006014706705108068
153,1000,0.3,integrated,False,True,0.0,21.720000000000017,29.24341407253732,21.720000000000017,29.24341407253732,29.24341407253732,3.7183353113742415e-05,2.923489480702181,0.48984755390902995,0.0010452772489299798
154,1000,0.3,integrated,False,True,0.0,21.720000000000017,32.65883841801197,21.720000000000017,32.65883841801197,32.65883841801197,1.5535224536047442e-05,2.4989725269201393,0.7595704487992636,0.0007779182548952973
155,1000,0.3,integrated,False,True,0.0,21.720000000000017,30.63735577758153,21.720000000000017,30.63735577758153,30.63735577758153,2.6936024676589037e-05,3.174361642714648,0.6978678050670458,0.0008935374711587491
156,1000,0.3,integrated,False,True,0.0,21.720000000000017,30.408727243771807,21.720000000000017,30.408727243771807,30.408727243771807,2.2144218837752813e-05,2.547428696734273,0.48229452781343535,0.0010881060752051515
157,1000,0.3,integrated,False,True,0.0,21.720000000000017,30.75865662842854,21.720000000000017,30.75865662842854,30.75865662842854,1.9371867942749967e-05,3.462539071625491,0.6261692490195563,0.0013315712926743677
158,1000,0.3,integrated,False,True,0.0,21.720000000000017,30.310818290687312,21.720000000000017,30.310818290687312,30.310818290687312,2.840229795978419e-05,3.6199640094131866,0.7301914104742971,0.0009868913353604603
159,1000,0.3,integrated,False,True,0.0,21.720000000000017,31.90122219518588,21.720000000000017,31.90122219518588,31.90122219518588,1.9428468240288154e-05,4.381988246038652,0.7251219784780235,0.0007554074944516943
160,1000,0.3,integrated,False,True,0.0,21.720000000000017,28.30789281327783,21.720000000000017,28.30789281327783,28.30789281327783,5.12825254003195e-05,2.2727698771321894,1.1364431731882798,0.0015695038787213824
161,1000,0.3,integrated,False,True,0.0,21.720000000000017,29.901146184880602,21.720000000000017,29.901146184880602,29.901146184880602,3.138613497493574e-05,4.352171437570185,0.4011381323950774,0.0008873420336246253
162,1000,0.3,integrated,False,True,0.0,21.720000000000017,30.1730738226085,21.720000000000017,30.1730738226085,30.1730738226085,3.2009735836969215e-05,1.518083518542166,0.6488528905524664,0.0008039998208537848
163,1000,0.3,integrated,False,True,0.0,21.720000000000017,30.644718667382808,21.720000000000017,30.644718667382808,30.644718667382808,2.342023188910487e-05,2.723722275850518,0.6333423940438547,0.0009881758246261967
164,1000,0.3,integrated,False,True,0.0,21.720000000000017,30.92844541400936,21.720000000000017,30.92844541400936,30.92844541400936,2.3947061045525754e-05,2.7616573016006596,0.5563864311625599,0.0007716477605835626
165,1000,0.3,integrated,False,True,0.0,21.720000000000017,30.717189901799415,21.720000000000017,30.717189901799415,30.717189901799415,2.0024185315399582e-05,2.20095557203317,1.0088248728643427,0.0016684701650442528
166,1000,0.3,integrated,False,True,0.0,21.720000000000017,32.223041933666416,21.720000000000017,32.223041933666416,32.223041933666416,1.6405053913212236e-05,2.1935841892867645,0.6552513717555974,0.0007144990851408288
167,1000,0.3,integrated,False,True,0.0,21.720000000000017,30.407667876172987,21.720000000000017,30.407667876172987,30.407667876172987,1.986837937251556e-05,3.2538152889583127,0.6079160700993239,0.0013992290575510502
168,1000,0.3,integrated,False,True,0.0,21.720000000000017,30.43892433733118,21.720000000000017,30.43892433733118,30.43892433733118,2.242686071260088e-05,3.842396545581894,0.5176514600846649,0.001127648986369447
169,1000,0.3,integrated,False,True,0.0,21.720000000000017,32.965314946928785,21.720000000000017,32.965314946928785,32.965314946928785,1.5589858377828136e-05,2.722251512437304,1.1385024725549409,0.0007129323768575094
170,1000,0.3,integrated,False,True,0.0,21.720000000000017,30.343578357641306,21.720000000000017,30.343578357641306,30.343578357641306,2.6815258810106453e-05,2.408106443409896,0.8011978603333593,0.0009987259241645945
171,1000,0.3,integrated,False,True,0.0,21.720000000000017,31.738740892723,21.720000000000017,31.738740892723,31.738740892723,1.933556685729315e-05,2.6398039701099636,1.068459016352239,0.0008981550654104484
172,1000,0.3,integrated,False,True,0.0,21.720000000000017,30.943260247033834,21.720000000000017,30.943260247033834,30.943260247033834,1.9765367165551196e-05,2.1914384438487384,0.8088208897412417,0.0011309627297986517
173,1000,0.3,integrated,False,True,0.0,21.720000000000017,30.46995585695211,21.720000000000017,30.46995585695211,30.46995585695211,3.064101844850319e-05,3.4463034411425095,0.5442159207571179,0.0007421655949896016
174,1000,0.3,integrated,False,True,0.0,21.720000000000017,31.051137219058717,21.720000000000017,31.051137219058717,31.051137219058717,1.9220243657684085e-05,2.508260615489648,0.8128701613259836,0.0011620486487246284
175,1000,0.3,integrated,False,True,0.0,21.720000000000017,29.71344754453951,21.720000000000017,29.71344754453951,29.71344754453951,4.282061172976593e-05,5.732734853178339,1.0271146746314777,0.0009210367094498766
176,1000,0.3,integrated,False,True,0.0,21.720000000000017,30.60313611606,21.720000000000017,30.60313611606,30.60313611606,2.235694474840371e-05,4.26496116543179,0.35867897619266115,0.001006821532954769
177,1000,0.3,integrated,False,True,0.0,21.720000000000017,30.414155396433777,21.720000000000017,30.414155396433777,30.414155396433777,3.157582125792877e-05,3.2500451539501447,0.9594748404756123,0.0008404807081519595
178,1000,0.3,integrated,False,True,0.0,21.720000000000017,30.58741212310905,21.720000000000017,30.58741212310905,30.58741212310905,1.991680241010935e-05,2.895802936834897,0.5491556282192565,0.0012564632727390338
179,1000,0.3,integrated,False,True,0.0,21.720000000000017,30.702941294441906,21.720000000000017,30.702941294441906,30.702941294441906,2.0791488516734113e-05,3.481474505161152,0.6349334855871127,0.0011472538124546181
180,1000,0.3,integrated,False,True,0.0,21.720000000000017,30.782771320667173,21.720000000000017,30.782771320667173,30.782771320667173,2.683172201476634e-05,4.017604097782297,1.3983141024542545,0.0011262997191439203
181,1000,0.3,integrated,False,True,0.0,21.720000000000017,31.60908745480915,21.720000000000017,31.60908745480915,31.60908745480915,1.953991438400729e-05,4.422601499497071,0.6007034446885566,0.0008237020035527342
182,1000,0.3,integrated,False,True,0.0,21.720000000000017,30.234824732650758,21.720000000000017,30.234824732650758,30.234824732650758,2.6093835395971047e-05,4.494747775330344,0.619707357987373,0.0010640958694077504
183,1000,0.3,integrated,False,True,0.0,21.720000000000017,31.327542094892934,21.720000000000017,31.327542094892934,31.327542094892934,2.6054576758062996e-05,2.9783311378595334,0.761618161790664,0.0006560124653777834
184,1000,0.3,integrated,False,True,0.0,21.720000000000017,31.611688244536698,21.720000000000017,31.611688244536698,31.611688244536698,2.0926590611974982e-05,1.849512101285387,0.751336027878568,0.0007337968526825354
185,1000,0.3,integrated,False,True,0.0,21.720000000000017,30.699661447697068,21.720000000000017,30.699661447697068,30.699661447697068,2.386325341165255e-05,2.4779064181045323,0.5028108408918468,0.0008156887059421385
186,1000,0.3,integrated,False,True,0.0,21.720000000000017,31.155169974461927,21.720000000000017,31.155169974461927,31.155169974461927,2.1348175782391196e-05,3.2419588746594514,0.45626228751578546,0.0007721653945780972
187,1000,0.3,integrated,False,True,0.0,21.720000000000017,29.465158652142776,21.720000000000017,29.465158652142776,29.465158652142776,2.806547423291274e-05,1.5459184086571118,0.7896591231165683,0.0014911775806696606
188,1000,0.3,integrated,False,True,0.0,21.720000000000017,30.192502057751607,21.720000000000017,30.192502057751607,30.192502057751607,2.8779557043427647e-05,2.85264107303721,0.8999274467780932,0.0010278490406092353
189,1000,0.3,integrated,False,True,0.0,21.720000000000017,30.092779050005547,21.720000000000017,30.092779050005547,30.092779050005547,2.5520442719529466e-05,4.05138577184638,0.5241705547458575,0.001073598692301611
190,1000,0.3,integrated,False,True,0.0,21.720000000000017,30.231959003451095,21.720000000000017,30.231959003451095,30.231959003451095,2.041702422132409e-05,2.7855890161486103,0.34923768173900444,0.0012603596178215938
191,1000,0.3,integrated,False,True,0.0,21.720000000000017,30.941929723640385,21.720000000000017,30.941929723640385,30.941929723640385,2.1914153691447377e-05,2.581447484835669,0.8970750652033078,0.0010587117107371717
192,1000,0.3,integrated,False,True,0.0,21.720000000000017,30.83655810228403,21.720000000000017,30.83655810228403,30.83655810228403,2.7802602521617576e-05,3.9853068615202902,0.8987604759292049,0.0008242928936097263
193,1000,0.3,integrated,False,True,0.0,21.720000000000017,29.974611347449635,21.720000000000017,29.974611347449635,29.974611347449635,2.6556403206209317e-05,3.5572471823495935,0.6743718262672883,0.001237211576991143
194,1000,0.3,integrated,False,True,0.0,21.720000000000017,30.966947247826628,21.720000000000017,30.966947247826628,30.966947247826628,2.05586398884481e-05,2.0928979465651807,0.9065014056049223,0.001039193468443812
195,1000,0.3,integrated,False,True,0.0,21.720000000000017,30.54900438478792,21.720000000000017,30.54900438478792,30.54900438478792,2.566101433407491e-05,2.355837064201024,0.6778014322815816,0.0008702401364033504
196,1000,0.3,integrated,False,True,0.0,21.720000000000017,30.98532811039746,21.720000000000017,30.98532811039746,30.98532811039746,1.9992942441777922e-05,2.655362344318619,0.5351626301412716,0.0009253212448600985
197,1000,0.3,integrated,False,True,0.0,21.720000000000017,30.190629963368476,21.720000000000017,30.190629963368476,30.190629963368476,2.6252928202365357e-05,3.634959511541573,0.59589290931685,0.0010105047478367918
198,1000,0.3,integrated,False,True,0.0,21.720000000000017,31.415186418607853,21.720000000000017,31.415186418607853,31.415186418607853,2.1631360682639453e-05,2.4450796599666837,0.38233734540429776,0.0007038325546907409
199,1000,0.3,integrated,False,True,0.0,21.720000000000017,30.453389621253635,21.720000000000017,30.453389621253635,30.453389621253635,2.4983406782232388e-05,2.46924713984695,0.54218695910465,0.0009340978936977929
200,1000,0.3,integrated,False,True,0.0,21.720000000000017,31.133269008965932,21.720000000000017,31.133269008965932,31.133269008965932,2.3856643065463835e-05,4.496959441612331,0.8084247171828617,0.0008408860344299337
201,1000,0.3,integrated,False,True,0.0,21.720000000000017,28.881318468938684,21.720000000000017,28.881318468938684,28.881318468938684,2.293648340683864e-05,3.585350012057237,0.31361894749621794,0.002763478197175078
202,1000,0.3,integrated,False,True,0.0,21.720000000000017,31.386775376453805,21.720000000000017,31.386775376453805,31.386775376453805,1.5709023434141297e-05,4.571680978767912,0.612161027597895,0.0014212743680143713
203,1000,0.3,integrated,False,True,0.0,21.720000000000017,30.374168560288304,21.720000000000017,30.374168560288304,30.374168560288304,2.1808153935298812e-05,2.7268295665121167,0.8263928035324877,0.0013885687670339003
204,1000,0.3,integrated,False,True,0.0,21.720000000000017,31.106000191957914,21.720000000000017,31.106000191957914,31.106000191957914,1.564271559268354e-05,3.7924588720976513,0.5468372523533171,0.001516307414960522
205,1000,0.3,integrated,False,True,0.0,21.720000000000017,30.871401535572517,21.720000000000017,30.871401535572517,30.871401535572517,2.1349582918225552e-05,2.157841840751741,0.7151842247943265,0.0010855481727163416
206,1000,0.3,integrated,False,True,0.0,21.720000000000017,29.70920085660878,21.720000000000017,29.70920085660878,29.70920085660878,3.336894578416072e-05,3.845794069601262,0.41724855734680405,0.0008804821103826387
207,1000,0.3,integrated,False,True,0.0,21.720000000000017,29.64318441024052,21.720000000000017,29.64318441024052,29.64318441024052,2.9168053219676024e-05,2.365442747170226,0.6570608637327151,0.0012694367649627935
208,1000,0.3,integrated,False,True,0.0,21.720000000000017,29.32245770611061,21.720000000000017,29.32245770611061,29.32245770611061,3.59539653470727e-05,2.7946929253234467,1.1942992873814533,0.0014659695847483608
209,1000,0.3,integrated,False,True,0.0,21.720000000000017,30.974825662499008,21.720000000000017,30.974825662499008,30.974825662499008,2.215626034113081e-05,5.297661257641793,0.7853331517678224,0.0010602334898646194
210,1000,0.3,integrated,False,True,0.0,21.720000000000017,30.91930347624526,21.720000000000017,30.91930347624526,30.91930347624526,2.0395925820966553e-05,3.2718824844608947,0.7285802526617919,0.0010016877774308378
211,1000,0.3,integrated,False,True,0.0,21.720000000000017,30.78718102584963,21.720000000000017,30.78718102584963,30.78718102584963,2.1408227419587332e-05,6.658740101194941,0.7407657535487717,0.0013173469607216243
212,1000,0.3,integrated,False,True,0.0,21.720000000000017,30.27852748458012,21.720000000000017,30.27852748458012,30.27852748458012,2.5617568217495065e-05,2.2760381880261806,0.6479003565226544,0.0010275938140921136
213,1000,0.3,integrated,False,True,0.0,21.720000000000017,31.043545636550206,21.720000000000017,31.043545636550206,31.043545636550206,1.8982053525834517e-05,3.1903226889316962,0.3633062024031092,0.0009353169113165237
214,1000,0.3,integrated,False,True,0.0,21.720000000000017,31.968377100148032,21.720000000000017,31.968377100148032,31.968377100148032,1.7939593982091068e-05,2.4499321374969045,0.9206524572453075,0.0008647118383857771
215,1000,0.3,integrated,False,True,0.0,21.720000000000017,29.080173758251405,21.720000000000017,29.080173758251405,29.080173758251405,3.605339311540458e-05,2.2652691045572086,0.4073314484339745,0.0011244349721820201
216,1000,0.3,integrated,False,True,0.0,21.720000000000017,31.15996849373305,21.720000000000017,31.15996849373305,31.15996849373305,1.753532969588236e-05,2.9337402190366917,0.5359645637701749,0.0011102969004264482
217,1000,0.3,integrated,False,True,0.0,21.720000000000017,29.183606954826878,21.720000000000017,29.183606954826878,29.183606954826878,4.0220735015491496e-05,4.460388447180597,0.7056188092892369,0.0011160645092669268
218,1000,0.3,integrated,False,True,0.0,21.720000000000017,30.03079573614839,21.720000000000017,30.03079573614839,30.03079573614839,2.6953286676095617e-05,3.311919818907045,0.6350311518218069,0.0011214798368983127
219,1000,0.3,integrated,False,True,0.0,21.720000000000017,30.949810943035505,21.720000000000017,30.949810943035505,30.949810943035505,1.843523177743087e-05,2.9798965725634683,0.6203691438690481,0.001232888323216492
220,1000,0.3,integrated,False,True,0.0,21.720000000000017,30.51286952031256,21.720000000000017,30.51286952031256,30.51286952031256,3.1054752599561926e-05,3.5088456145528486,0.8260245191412134,0.0008115498935077357
221,1000,0.3,integrated,False,True,0.0,21.720000000000017,31.066443429165293,21.720000000000017,31.066443429165293,31.066443429165293,2.533250213544748e-05,2.8597845948638674,1.0797391316355927,0.0008444206185857549
222,1000,0.3,integrated,False,True,0.0,21.720000000000017,31.368700793973485,21.720000000000017,31.368700793973485,31.368700793973485,1.990122705675502e-05,1.9680326591840855,0.7905903428221687,0.0008501293329511141
223,1000,0.3,integrated,False,True,0.0,21.720000000000017,30.841057523379494,21.720000000000017,30.841057523379494,30.841057523379494,2.6518936327707547e-05,3.2485302054896925,0.680859901004413,0.0008236058954672103
224,1000,0.3,integrated,False,True,0.0,21.720000000000017,30.361106359502266,21.720000000000017,30.361106359502266,30.361106359502266,2.6003245278990344e-05,3.882780689432524,0.7298219252138426,0.0010843834048019458
225,1000,0.3,integrated,False,True,0.0,21.720000000000017,30.526878026781514,21.720000000000017,30.526878026781514,30.526878026781514,2.365498046434465e-05,4.646814289350443,0.9076694040013913,0.0013674963102339492
226,1000,0.3,integrated,False,True,0.0,21.720000000000017,29.77442121669791,21.720000000000017,29.77442121669791,29.77442121669791,2.7034511273911245e-05,3.690149271671058,1.1513539698390913,0.0018511227518579563
227,1000,0.3,integrated,False,True,0.0,21.720000000000017,31.1914890092822,21.720000000000017,31.1914890092822,31.1914890092822,2.090620373071947e-05,2.032560947855176,1.069415181255518,0.0010051097048223783
228,1000,0.3,integrated,False,True,0.0,21.720000000000017,29.50248795116419,21.720000000000017,29.50248795116419,29.50248795116419,4.051941419115365e-05,3.884278995628493,0.6990079979748273,0.000905429593235894
229,1000,0.3,integrated,False,True,0.0,21.720000000000017,29.724548596604322,21.720000000000017,29.724548596604322,29.724548596604322,3.300842483325858e-05,2.721471935221853,0.8803462133385513,0.001085461754677219
230,1000,0.3,integrated,False,True,0.0,21.720000000000017,29.17897784148368,21.720000000000017,29.17897784148368,29.17897784148368,3.1212334678516385e-05,2.98491359350412,0.622330561113718,0.0014758310349242971
231,1000,0.3,integrated,False,True,0.0,21.720000000000017,30.024793057269136,21.720000000000017,30.024793057269136,30.024793057269136,2.7277509191685967e-05,2.8371242060049853,0.5954220488903763,0.0010867619710698473
232,1000,0.3,integrated,False,True,0.0,21.720000000000017,30.76581851561201,21.720000000000017,30.76581851561201,30.76581851561201,2.9761529992562714e-05,4.573374667176269,0.44226197711254295,0.0006528821697399498
233,1000,0.3,integrated,False,True,0.0,21.720000000000017,32.83072851900479,21.720000000000017,32.83072851900479,32.83072851900479,1.6240519505925244e-05,3.192634955850676,0.7414051175042407,0.0006643736802754752
234,1000,0.3,integrated,False,True,0.0,21.720000000000017,30.26646675999837,21.720000000000017,30.26646675999837,30.26646675999837,2.9162125650744136e-05,4.893331762131923,0.8430604841045845,0.001034057582693031
235,1000,0.3,integrated,False,True,0.0,21.720000000000017,31.28258297615487,21.720000000000017,31.28258297615487,31.28258297615487,1.9717081600404013e-05,5.733462632800623,0.5992012679864747,0.0010509877040168162
236,1000,0.3,integrated,False,True,0.0,21.720000000000017,30.496803026296355,21.720000000000017,30.496803026296355,30.496803026296355,2.506801700848722e-05,3.133846421349102,1.015017758729786,0.0012611419487226056
237,1000,0.3,integrated,False,True,0.0,21.720000000000017,31.613573906723083,21.720000000000017,31.613573906723083,31.613573906723083,1.6325765999797684e-05,2.534801800803855,0.5176849596168628,0.0009241278547683368
238,1000,0.3,integrated,False,True,0.0,21.720000000000017,31.69780382444763,21.720000000000017,31.69780382444763,31.69780382444763,1.4521512746777507e-05,3.6709392398851755,0.6273532917599064,0.0013318347746240915
239,1000,0.3,integrated,False,True,0.0,21.720000000000017,29.806797624492948,21.720000000000017,29.806797624492948,29.806797624492948,2.7499661168901694e-05,3.362868810641764,0.5998252346804976,0.0012046019831907623
240,1000,0.3,integrated,False,True,0.0,21.720000000000017,31.35850074291283,21.720000000000017,31.35850074291283,31.35850074291283,2.156030830815921e-05,2.879718871533887,0.6246920757352963,0.0007779155593619895
241,1000,0.3,integrated,False,True,0.0,21.720000000000017,31.01400885144674,21.720000000000017,31.01400885144674,31.01400885144674,2.454907151180647e-05,2.268800740816244,0.9109389403654715,0.0008431513495956225
242,1000,0.3,integrated,False,True,0.0,21.720000000000017,30.514202831190453,21.720000000000017,30.514202831190453,30.514202831190453,2.4632524559665948e-05,2.2518017181418295,0.7671096224375202,0.001004868094577735
243,1000,0.3,integrated,False,True,0.0,21.720000000000017,32.87828810201969,21.720000000000017,32.87828810201969,32.87828810201969,1.8270857538130393e-05,2.1331698999874766,0.7911520923124471,0.0005251774028087128
244,1000,0.3,integrated,False,True,0.0,21.720000000000017,31.287266754342077,21.720000000000017,31.287266754342077,31.287266754342077,2.3922087413894393e-05,2.771135521140284,1.064083856217946,0.0008716486615075671
245,1000,0.3,integrated,False,True,0.0,21.720000000000017,31.193957075504148,21.720000000000017,31.193957075504148,31.193957075504148,3.560447401208388e-05,2.088244131400135,0.9702528179655595,0.0004999070450137459
246,1000,0.3,integrated,False,True,0.0,21.720000000000017,30.405126311097725,21.720000000000017,30.405126311097725,30.405126311097725,2.3567408250603875e-05,2.655720251318646,0.46455718175186783,0.0009595295292350067
247,1000,0.3,integrated,False,True,0.0,21.720000000000017,31.43989136190173,21.720000000000017,31.43989136190173,31.43989136190173,2.0573195438128088e-05,2.7687422757146005,0.4557150267775552,0.0007425368427038105
248,1000,0.3,integrated,False,True,0.0,21.720000000000017,31.825803997997582,21.720000000000017,31.825803997997582,31.825803997997582,1.962906841511321e-05,4.415365500820028,0.8456030050010861,0.0008403999794587685
249,1000,0.3,integrated,False,True,0.0,21.720000000000017,31.600099107145706,21.720000000000017,31.600099107145706,31.600099107145706,1.7100061676752558e-05,2.6136327255485536,0.7198020513156522,0.0009754198851704914
250,1000,0.3,integrated,False,True,0.0,21.720000000000017,29.34455864454216,21.720000000000017,29.34455864454216,29.34455864454216,2.9318353747987964e-05,3.098314480719001,0.7521062399481405,0.001628796441866191
251,1000,0.3,integrated,False,True,0.0,21.720000000000017,29.693541771725837,21.720000000000017,29.693541771725837,29.693541771725837,2.9904671977954316e-05,2.314197921459677,0.671086616991286,0.0011312164624096169
252,1000,0.3,integrated,False,True,0.0,21.720000000000017,31.981079111014758,21.720000000000017,31.981079111014758,31.981079111014758,1.5599194549847702e-05,2.45945710873729,0.5490424358304463,0.0009092812935011464
253,1000,0.3,integrated,False,True,0.0,21.720000000000017,29.489713277785917,21.720000000000017,29.489713277785917,29.489713277785917,3.293328664035496e-05,3.556963949299542,0.6007514864114908,0.001171811612424444
254,1000,0.3,integrated,False,True,0.0,21.720000000000017,30.058825884593368,21.720000000000017,30.058825884593368,30.058825884593368,3.2031351157133515e-05,3.008011538905872,0.8077474267974618,0.0009394990678618043
255,1000,0.3,integrated,False,True,0.0,21.720000000000017,28.859203317523352,21.720000000000017,28.859203317523352,28.859203317523352,3.8258130157474756e-05,3.3362659192278863,0.44297905585353303,0.0012141845129276959
256,1000,0.3,integrated,False,True,0.0,21.720000000000017,31.445747519783318,21.720000000000017,31.445747519783318,31.445747519783318,1.8319256897694522e-05,2.552955903845001,0.6930877187428821,0.0008959067532612501
257,1000,0.3,integrated,False,True,0.0,21.720000000000017,30.163342323749653,21.720000000000017,30.163342323749653,30.163342323749653,3.441618976012543e-05,3.659107654207405,0.7416369854560823,0.0007905851909406747
258,1000,0.3,integrated,False,True,0.0,21.720000000000017,30.508663620542848,21.720000000000017,30.508663620542848,30.508663620542848,2.228536816586616e-05,2.408693707273927,0.43751762909717207,0.00102294954065783
259,1000,0.3,integrated,False,True,0.0,21.720000000000017,30.74381852843402,21.720000000000017,30.74381852843402,30.74381852843402,2.4838164813140876e-05,3.5399134139514747,0.5048068252668882,0.0008378010201084894
260,1000,0.3,integrated,False,True,0.0,21.720000000000017,31.428896480045637,21.720000000000017,31.428896480045637,31.428896480045637,1.630548434190882e-05,2.5900148416307176,0.7937830891981218,0.0011817573826868653
261,1000,0.3,integrated,False,True,0.0,21.720000000000017,31.220315991922856,21.720000000000017,31.220315991922856,31.220315991922856,1.6264157858652723e-05,4.020553391204999,0.9571051270520659,0.0016885876276948658
262,1000,0.3,integrated,False,True,0.0,21.720000000000017,30.7887221187041,21.720000000000017,30.7887221187041,30.7887221187041,1.9106750754086692e-05,1.4825565446706175,0.519664074006882,0.0011024015635077574
263,1000,0.3,integrated,False,True,0.0,21.720000000000017,31.27433969301615,21.720000000000017,31.27433969301615,31.27433969301615,1.868343887125389e-05,2.6122142370159502,0.6610478937585874,0.0010511550022375077
264,1000,0.3,integrated,False,True,0.0,21.720000000000017,30.569207645050774,21.720000000000017,30.569207645050774,30.569207645050774,2.995081586488008e-05,3.1223035851047807,0.9151792551655406,0.0007952108968615208
265,1000,0.3,integrated,False,True,0.0,21.720000000000017,31.29263027212103,21.720000000000017,31.29263027212103,31.29263027212103,2.6440853636293123e-05,4.382229674427275,0.9743077777419851,0.0007200640510709896
266,1000,0.3,integrated,False,True,0.0,21.720000000000017,30.986024057182007,21.720000000000017,30.986024057182007,30.986024057182007,2.7087009383472145e-05,2.8411389641382137,1.0163737737131562,0.0007730841767326696
267,1000,0.3,integrated,False,True,0.0,21.720000000000017,32.577927528861835,21.720000000000017,32.577927528861835,32.577927528861835,1.7489282965452144e-05,3.463335133769523,0.8951509739899229,0.0006915343617443673
268,1000,0.3,integrated,False,True,0.0,21.720000000000017,30.214342992367513,21.720000000000017,30.214342992367513,30.214342992367513,2.9325941491902335e-05,2.514293152415869,0.614245660946549,0.0008545377435938894
269,1000,0.3,integrated,False,True,0.0,21.720000000000017,30.187753378162235,21.720000000000017,30.187753378162235,30.187753378162235,2.4126408760485403e-05,5.8283552523907165,0.8703923190593682,0.0016036104216710556
270,1000,0.3,integrated,False,True,0.0,21.720000000000017,30.837962796250487,21.720000000000017,30.837962796250487,30.837962796250487,2.156637893215571e-05,3.17110046116365,0.3697456289165112,0.0008561912152157441
271,1000,0.3,integrated,False,True,0.0,21.720000000000017,30.009173772092524,21.720000000000017,30.009173772092524,30.009173772092524,2.745776286829728e-05,2.441711587481322,0.7367521756571092,0.0011882489375902485
272,1000,0.3,integrated,False,True,0.0,21.720000000000017,30.913765531246504,21.720000000000017,30.913765531246504,30.913765531246504,2.7623472694981877e-05,3.4024931422201687,1.160684671849348,0.0008810631391439423
273,1000,0.3,integrated,False,True,0.0,21.720000000000017,30.686898099311534,21.720000000000017,30.686898099311534,30.686898099311534,2.0263509608459587e-05,3.323941815030211,0.5054815532166826,0.0010959644102097514
274,1000,0.3,integrated,False,True,0.0,21.720000000000017,30.293784192933565,21.720000000000017,30.293784192933565,30.293784192933565,3.092651675643037e-05,2.2688487309725276,0.5772323771955938,0.0007473951014937486
275,1000,0.3,integrated,False,True,0.0,21.720000000000017,30.837904314331027,21.720000000000017,30.837904314331027,30.837904314331027,2.4032128449044576e-05,2.7793618488393,0.6640568462947939,0.0008651175488258382
276,1000,0.3,integrated,False,True,0.0,21.720000000000017,30.18280312727197,21.720000000000017,30.18280312727197,30.18280312727197,2.923544058571955e-05,2.1715290797865023,0.5982572083975926,0.000886466277335143
277,1000,0.3,integrated,False,True,0.0,21.720000000000017,31.914686470927485,21.720000000000017,31.914686470927485,31.914686470927485,1.8467483504990644e-05,2.8716282586836996,0.5249682685389677,0.0006879461746060767
278,1000,0.3,integrated,False,True,0.0,21.720000000000017,31.144907758915473,21.720000000000017,31.144907758915473,31.144907758915473,3.566181682249184e-05,2.688709289026799,1.0455299348342717,0.0005744753286915375
279,1000,0.3,integrated,False,True,0.0,21.720000000000017,31.283336951306914,21.720000000000017,31.283336951306914,31.283336951306914,2.2956967938146652e-05,4.132015521855444,0.8083951086127046,0.0008356815645628587
280,1000,0.3,integrated,False,True,0.0,21.720000000000017,30.48406142822173,21.720000000000017,30.48406142822173,30.48406142822173,2.6830817885941498e-05,2.5097371229101304,0.5437517692714937,0.0008371987168245271
281,1000,0.3,integrated,False,True,0.0,21.720000000000017,30.009174062276898,21.720000000000017,30.009174062276898,30.009174062276898,2.9632719586552603e-05,2.1656201938806405,0.6408629369332784,0.0009914258706863513
282,1000,0.3,integrated,False,True,0.0,21.720000000000017,30.649409304219027,21.720000000000017,30.649409304219027,30.649409304219027,1.844505054599071e-05,3.89672036725017,0.4993196162786823,0.0013579806513505722
283,1000,0.3,integrated,False,True,0.0,21.720000000000017,31.70222415994447,21.720000000000017,31.70222415994447,31.70222415994447,1.6448416120965202e-05,3.944124205010483,0.6355453986786423,0.0009522127526180946
284,1000,0.3,integrated,False,True,0.0,21.720000000000017,30.34550399331869,21.720000000000017,30.34550399331869,30.34550399331869,2.7475492781774076e-05,2.443839929684233,0.842298780973443,0.0009905420622878028
285,1000,0.3,integrated,False,True,0.0,21.720000000000017,31.334736741255774,21.720000000000017,31.334736741255774,31.334736741255774,1.7605759308297788e-05,2.9927502768073846,0.5789239426589295,0.0011148707160611132
286,1000,0.3,integrated,False,True,0.0,21.720000000000017,30.759469814625902,21.720000000000017,30.759469814625902,30.759469814625902,2.0968030217582424e-05,2.5739470504945445,0.5717466427660894,0.0010880343814435236
287,1000,0.3,integrated,False,True,0.0,21.720000000000017,29.4768793187396,21.720000000000017,29.4768793187396,29.4768793187396,2.8692292789682963e-05,4.064210151545872,0.5406056048220038,0.0013483658407971511
288,1000,0.3,integrated,False,True,0.0,21.720000000000017,29.41609944060619,21.720000000000017,29.41609944060619,29.41609944060619,2.9846235893120577e-05,3.12219773518579,0.7644340522919199,0.0015709213770790584
289,1000,0.3,integrated,False,True,0.0,21.720000000000017,29.711943989049928,21.720000000000017,29.711943989049928,29.711943989049928,1.9596234644540357e-05,2.6837475707078537,0.5006579692031262,0.0020067394539851962
290,1000,0.3,integrated,False,True,0.0,21.720000000000017,30.38256994390828,21.720000000000017,30.38256994390828,30.38256994390828,2.8366470671344316e-05,4.529586338557253,1.1070780976420125,0.001105124427520356
291,1000,0.3,integrated,False,True,0.0,21.720000000000017,31.386665036492115,21.720000000000017,31.386665036492115,31.386665036492115,2.0598774486683565e-05,3.1665056799576874,0.9751288053833308,0.0010216916534014264
292,1000,0.3,integrated,False,True,0.0,21.720000000000017,31.629986068624873,21.720000000000017,31.629986068624873,31.629986068624873,2.160179212451266e-05,3.084536087416013,0.9927107141384014,0.0007860183525344467
293,1000,0.3,integrated,False,True,0.0,21.720000000000017,30.373448823531156,21.720000000000017,30.373448823531156,30.373448823531156,2.3423597768530922e-05,4.00806229925423,0.7463701395832788,0.0012409987872424428
294,1000,0.3,integrated,False,True,0.0,21.720000000000017,31.457657674204494,21.720000000000017,31.457657674204494,31.457657674204494,3.0329260787562464e-05,3.955661771511581,0.8710230345561899,0.0005451664351922995
295,1000,0.3,integrated,False,True,0.0,21.720000000000017,33.33844089336435,21.720000000000017,33.33844089336435,33.33844089336435,1.3916524476666492e-05,3.508698028372767,2.043284379210798,0.001267974995693038
296,1000,0.3,integrated,False,True,0.0,21.720000000000017,29.845391042585113,21.720000000000017,29.845391042585113,29.845391042585113,4.68366465970832e-05,3.1196114502952703,0.41322716772651635,0.0005829659696786043
297,1000,0.3,integrated,False,True,0.0,21.720000000000017,30.818191982028715,21.720000000000017,30.818191982028715,30.818191982028715,1.9363027055446897e-05,3.958029891771583,0.9359930591902166,0.001492887131840024
298,1000,0.3,integrated,False,True,0.0,21.720000000000017,30.85845446560969,21.720000000000017,30.85845446560969,30.85845446560969,2.5685306671907797e-05,2.471954567974806,0.5489861443437453,0.0007619330575994722
299,1000,0.3,integrated,False,True,0.0,21.720000000000017,30.40070694951001,21.720000000000017,30.40070694951001,30.40070694951001,2.58526552797204e-05,3.735955535361874,0.5268529020908428,0.0009765695731602621
300,1000,0.3,integrated,False,True,0.0,21.720000000000017,29.541002822669313,21.720000000000017,29.541002822669313,29.541002822669313,2.8199502996739646e-05,2.5603560843947797,0.9378638150257467,0.0015805055360036666
301,1000,0.3,integrated,False,True,0.0,21.720000000000017,29.615062399104623,21.720000000000017,29.615062399104623,29.615062399104623,3.093786594394041e-05,4.403335319142112,0.6122972365683499,0.0012751771536992711
302,1000,0.3,integrated,False,True,0.0,21.720000000000017,31.028653356497216,21.720000000000017,31.028653356497216,31.028653356497216,2.3394914266060483e-05,2.480518829998241,1.1234695138427004,0.0010097729592558186
303,1000,0.3,integrated,False,True,0.0,21.720000000000017,31.10798306694195,21.720000000000017,31.10798306694195,31.10798306694195,2.9464889241723555e-05,4.803807011809527,0.7045826573978567,0.000646108440360934
304,1000,0.3,integrated,False,True,0.0,21.720000000000017,29.830714423165574,21.720000000000017,29.830714423165574,29.830714423165574,3.005387983734521e-05,3.5210919955396873,1.1662057665515995,0.0014882710537204619
305,1000,0.3,integrated,False,True,0.0,21.720000000000017,29.91065636375868,21.720000000000017,29.91065636375868,29.91065636375868,2.6657524122135614e-05,2.0900044017150115,0.40256483899000317,0.0010411639714896766
306,1000,0.3,integrated,False,True,0.0,21.720000000000017,31.671048942828655,21.720000000000017,31.671048942828655,31.671048942828655,1.801734422664227e-05,2.4671665668639604,0.9382877843134825,0.0009976763731394862
307,1000,0.3,integrated,False,True,0.0,21.720000000000017,31.78486443837258,21.720000000000017,31.78486443837258,31.78486443837258,2.489670010697518e-05,2.198758414240695,1.1559420116268864,0.0006372925986691273
308,1000,0.3,integrated,False,True,0.0,21.720000000000017,31.03479742036511,21.720000000000017,31.03479742036511,31.03479742036511,2.2744088036914226e-05,2.415444039924084,0.687226786880334,0.0007971210256053614
309,1000,0.3,integrated,False,True,0.0,21.720000000000017,30.153406541182065,21.720000000000017,30.153406541182065,30.153406541182065,1.9937239675586234e-05,3.336740784091649,0.6066741019722003,0.0016122440488968758
310,1000,0.3,integrated,False,True,0.0,21.720000000000017,33.10634867567454,21.720000000000017,33.10634867567454,33.10634867567454,1.5000723356454713e-05,4.0143761897492425,1.4442955811597051,0.0009767392225393384
311,1000,0.3,integrated,False,True,0.0,21.720000000000017,31.069638757626276,21.720000000000017,31.069638757626276,31.069638757626276,1.9948755217261564e-05,3.4485429755037087,1.0909615805426063,0.0013252199895976361
312,1000,0.3,integrated,False,True,0.0,21.720000000000017,30.365713511208025,21.720000000000017,30.365713511208025,30.365713511208025,2.4695954324870396e-05,6.025555123269587,0.4186104250314394,0.0009581141865826921
313,1000,0.3,integrated,False,True,0.0,21.720000000000017,29.505951563203354,21.720000000000017,29.505951563203354,29.505951563203354,3.113196021298288e-05,4.491449314165258,0.5844098278095515,0.0012752531357187497
314,1000,0.3,integrated,False,True,0.0,21.720000000000017,31.224387929974878,21.720000000000017,31.224387929974878,31.224387929974878,2.271473215515435e-05,3.385429992795019,0.6954290487935127,0.0008294467049733047
315,1000,0.3,integrated,False,True,0.0,21.720000000000017,31.86755048701162,21.720000000000017,31.86755048701162,31.86755048701162,2.8447843591863733e-05,2.7083914653428045,0.7965218989434254,0.0004977234859772405
316,1000,0.3,integrated,False,True,0.0,21.720000000000017,28.86434448723194,21.720000000000017,28.86434448723194,28.86434448723194,3.838480115894871e-05,2.316167641110021,1.316552628441544,0.0018137210577644789
317,1000,0.3,integrated,False,True,0.0,21.720000000000017,31.8615296899981,21.720000000000017,31.8615296899981,31.8615296899981,1.5127568039277534e-05,4.702908352981702,0.5936961925701195,0.0010866402040871255
318,1000,0.3,integrated,False,True,0.0,21.720000000000017,32.22230003957693,21.720000000000017,32.22230003957693,32.22230003957693,1.8915672080497264e-05,4.504148397090865,0.5022455115392839,0.0005982194649584871
319,1000,0.3,integrated,False,True,0.0,21.720000000000017,30.023275995476933,21.720000000000017,30.023275995476933,30.023275995476933,3.099361244730795e-05,1.5728726854893966,0.4851650305096108,0.0008055572393537892
320,1000,0.3,integrated,False,True,0.0,21.720000000000017,30.18865037237386,21.720000000000017,30.18865037237386,30.18865037237386,2.4142071176946234e-05,2.4349355522944647,0.7451665475878919,0.0012386367338389486
321,1000,0.3,integrated,False,True,0.0,21.720000000000017,30.255412731666475,21.720000000000017,30.255412731666475,30.255412731666475,3.0534042527174405e-05,2.630780958708563,0.6589095932781563,0.0008475511803139912
322,1000,0.3,integrated,False,True,0.0,21.720000000000017,29.733796871058907,21.720000000000017,29.733796871058907,29.733796871058907,3.87186281215618e-05,3.951572666773772,0.8154412705889266,0.0008844108249823783
323,1000,0.3,integrated,False,True,0.0,21.720000000000017,31.463488026614364,21.720000000000017,31.463488026614364,31.463488026614364,1.7058366630957925e-05,4.023788237103829,0.8514111156920996,0.001235320458083945
324,1000,0.3,integrated,False,True,0.0,21.720000000000017,31.557541909998854,21.720000000000017,31.557541909998854,31.557541909998854,1.8385207487095065e-05,1.5722630671986457,0.6108863606400013,0.0007961561405432144
325,1000,0.3,integrated,False,True,0.0,21.720000000000017,33.41434741007541,21.720000000000017,33.41434741007541,33.41434741007541,1.2434316126215645e-05,3.2923773141019073,0.6837977518833378,0.0007215556580123658
326,1000,0.3,integrated,False,True,0.0,21.720000000000017,31.04777978658383,21.720000000000017,31.04777978658383,31.04777978658383,2.284340185148523e-05,2.9131229939537904,0.7314690150224016,0.0008110662197403074
327,1000,0.3,integrated,False,True,0.0,21.720000000000017,30.821143001854004,21.720000000000017,30.821143001854004,30.821143001854004,2.101047888020844e-05,2.9913085665227586,0.6654107356250776,0.0010516634086592009
328,1000,0.3,integrated,False,True,0.0,21.720000000000017,31.833942063907664,21.720000000000017,31.833942063907664,31.833942063907664,1.5061575633319713e-05,3.2749136970289072,0.6072362982553338,0.0010307224681235542
329,1000,0.3,integrated,False,True,0.0,21.720000000000017,29.69936610289272,21.720000000000017,29.69936610289272,29.69936610289272,3.213836850819292e-05,2.7569868997058578,0.6651782237579622,0.001069440781529124
330,1000,0.3,integrated,False,True,0.0,21.720000000000017,30.768602599804307,21.720000000000017,30.768602599804307,30.768602599804307,2.263563696266806e-05,1.550825525432864,0.48369456265386307,0.0008688333098365073
331,1000,0.3,integrated,False,True,0.0,21.720000000000017,30.376017897565532,21.720000000000017,30.376017897565532,30.376017897565532,2.759560258868063e-05,2.9837105286989654,0.5785769035498335,0.0008852464312489347
332,1000,0.3,integrated,False,True,0.0,21.720000000000017,28.53435265447237,21.720000000000017,28.53435265447237,28.53435265447237,3.6831528241251996e-05,4.063554552175496,0.7131710220887325,0.0019034427694364408
333,1000,0.3,integrated,False,True,0.0,21.720000000000017,29.90877896459711,21.720000000000017,29.90877896459711,29.90877896459711,3.733717445185407e-05,1.856429745596294,0.7835696784198053,0.0008151766387507363
334,1000,0.3,integrated,False,True,0.0,21.720000000000017,31.010949167138584,21.720000000000017,31.010949167138584,31.010949167138584,2.105091303695778e-05,2.3132477330830983,0.6393318260614054,0.0008838331366172944
335,1000,0.3,integrated,False,True,0.0,21.720000000000017,30.181670422293347,21.720000000000017,30.181670422293347,30.181670422293347,2.3885719780089178e-05,2.6425638813697727,0.6394215050721663,0.0012303441532225858
336,1000,0.3,integrated,False,True,0.0,21.720000000000017,29.69261747368472,21.720000000000017,29.69261747368472,29.69261747368472,2.8086877839970235e-05,4.24768034400334,0.6590041835618591,0.0013292305454332377
337,1000,0.3,integrated,False,True,0.0,21.720000000000017,33.72075202318149,21.720000000000017,33.72075202318149,33.72075202318149,1.4402819473840569e-05,2.9924417312768674,0.7981566549543117,0.0005236494147924469
338,1000,0.3,integrated,False,True,0.0,21.720000000000017,28.699782043114137,21.720000000000017,28.699782043114137,28.699782043114137,5.043834395940772e-05,4.842073199525843,0.2177960187850999,0.0008996029586618317
339,1000,0.3,integrated,False,True,0.0,21.720000000000017,30.444944985982456,21.720000000000017,30.444944985982456,30.444944985982456,2.203983554525757e-05,1.8607294640622953,0.7832845381012227,0.001359858246300227
340,1000,0.3,integrated,False,True,0.0,21.720000000000017,30.150534690880832,21.720000000000017,30.150534690880832,30.150534690880832,3.401280950789561e-05,5.071544271207506,0.8992304379013547,0.0009637447895399056
341,1000,0.3,integrated,False,True,0.0,21.720000000000017,30.208975751532073,21.720000000000017,30.208975751532073,30.208975751532073,3.1161284281412906e-05,2.952057024846447,0.8350176712709424,0.0008938490555085231
342,1000,0.3,integrated,False,True,0.0,21.720000000000017,31.222746440338373,21.720000000000017,31.222746440338373,31.222746440338373,2.3502335725831327e-05,2.6317772154057355,0.5560265302196914,0.0006851158299617234
343,1000,0.3,integrated,False,True,0.0,21.720000000000017,31.56728979216809,21.720000000000017,31.56728979216809,31.56728979216809,1.9511929863135824e-05,2.811770791878816,1.1473219676308217,0.0009596450538054028
344,1000,0.3,integrated,False,True,0.0,21.720000000000017,31.20756527170554,21.720000000000017,31.20756527170554,31.20756527170554,2.0022731295268742e-05,2.457225518660896,0.6550298123472096,0.0008938433325322625
345,1000,0.3,integrated,False,True,0.0,21.720000000000017,30.450253575832082,21.720000000000017,30.450253575832082,30.450253575832082,2.5447670827581728e-05,3.4018283568688132,0.5808636099739068,0.0009550958757386023
346,1000,0.3,integrated,False,True,0.0,21.720000000000017,31.04929306347512,21.720000000000017,31.04929306347512,31.04929306347512,1.5414357575510083e-05,3.1562906673539417,0.6533792201667137,0.0015232411021721354
347,1000,0.3,integrated,False,True,0.0,21.720000000000017,29.77467403535778,21.720000000000017,29.77467403535778,29.77467403535778,3.9696811039205814e-05,3.137647881431341,0.46151341347037933,0.0006974930806305967
348,1000,0.3,integrated,False,True,0.0,21.720000000000017,30.759099071838143,21.720000000000017,30.759099071838143,30.759099071838143,2.3903559725049626e-05,2.291770291394235,0.6025927729548286,0.000872049270483529
349,1000,0.3,integrated,False,True,0.0,21.720000000000017,30.10241531600296,21.720000000000017,30.10241531600296,30.10241531600296,2.8040300541512683e-05,3.5773551655358014,0.7049732642898355,0.0010191150878714173
350,1000,0.3,integrated,False,True,0.0,21.720000000000017,31.450950304970846,21.720000000000017,31.450950304970846,31.450950304970846,1.902148765559833e-05,5.04102137800901,0.6381835944739468,0.000911075935968091
351,1000,0.3,integrated,False,True,0.0,21.720000000000017,31.446145262119803,21.720000000000017,31.446145262119803,31.446145262119803,1.4939179124603404e-05,2.1388617673556984,0.6820432366235585,0.0012458085704229486
352,1000,0.3,integrated,False,True,0.0,21.720000000000017,30.149456193623017,21.720000000000017,30.149456193623017,30.149456193623017,2.487865200733069e-05,4.085274888548344,0.4873304888779695,0.001091944324889546
353,1000,0.3,integrated,False,True,0.0,21.720000000000017,30.906715761721927,21.720000000000017,30.906715761721927,30.906715761721927,1.7246343827782987e-05,2.3196049206621323,0.670736635034987,0.0013437090417174474
354,1000,0.3,integrated,False,True,0.0,21.720000000000017,29.744487529312302,21.720000000000017,29.744487529312302,29.744487529312302,2.5857762327608943e-05,2.597500244302147,0.5918763756938787,0.0012595331983777862
355,1000,0.3,integrated,False,True,0.0,21.720000000000017,30.77435965168968,21.720000000000017,30.77435965168968,30.77435965168968,2.1174979671199626e-05,3.0502264196906226,0.8290135905807942,0.0011967526042335397
356,1000,0.3,integrated,False,True,0.0,21.720000000000017,31.446953917702704,21.720000000000017,31.446953917702704,31.446953917702704,2.548693982066894e-05,2.5232348253430295,1.1391214372434655,0.0007699212846848895
357,1000,0.3,integrated,False,True,0.0,21.720000000000017,31.42583904317052,21.720000000000017,31.42583904317052,31.42583904317052,1.692691587901383e-05,3.753253710064734,0.33910495728307616,0.0009774281428820205
358,1000,0.3,integrated,False,True,0.0,21.720000000000017,30.88197866700783,21.720000000000017,30.88197866700783,30.88197866700783,3.255407031970952e-05,2.832784891747934,0.7867325543446185,0.0006103112295674876
359,1000,0.3,integrated,False,True,0.0,21.720000000000017,31.646157766628924,21.720000000000017,31.646157766628924,31.646157766628924,2.0606012433402976e-05,2.751295463779507,0.6029017323053394,0.0007345226545092566
360,1000,0.3,integrated,False,True,0.0,21.720000000000017,29.277982366808473,21.720000000000017,29.277982366808473,29.277982366808473,3.220625659763671e-05,3.009893668861394,0.8468803104255214,0.0014592429194134127
361,1000,0.3,integrated,False,True,0.0,21.720000000000017,31.51079907897158,21.720000000000017,31.51079907897158,31.51079907897158,1.9297133548386263e-05,2.7997465326940154,0.73259868168666,0.0008060891960025824
362,1000,0.3,integrated,False,True,0.0,21.720000000000017,31.158109705989464,21.720000000000017,31.158109705989464,31.158109705989464,2.1976189230895298e-05,5.567382336691821,0.8743905651290567,0.0010515526314134787
363,1000,0.3,integrated,False,True,0.0,21.720000000000017,31.13635451222303,21.720000000000017,31.13635451222303,31.13635451222303,1.8918819462359546e-05,2.5128695710425095,0.6540523698083849,0.001060459632676088
364,1000,0.3,integrated,False,True,0.0,21.720000000000017,29.96666904053752,21.720000000000017,29.96666904053752,29.96666904053752,2.988013140329767e-05,3.8012864708695853,0.7596426915592326,0.0011039737972305425
365,1000,0.3,integrated,False,True,0.0,21.720000000000017,33.503506647897055,21.720000000000017,33.503506647897055,33.503506647897055,1.3839554250880359e-05,2.945936633232946,0.9144501024663406,0.0006356486873894537
366,1000,0.3,integrated,False,True,0.0,21.720000000000017,29.150912305693353,21.720000000000017,29.150912305693353,29.150912305693353,2.5441648384212734e-05,2.2617239174135415,0.5420934598651262,0.0019510907666208514
367,1000,0.3,integrated,False,True,0.0,21.720000000000017,31.716645320283853,21.720000000000017,31.716645320283853,31.716645320283853,1.6993891412482194e-05,2.7934773285317323,0.6949932591376212,0.0009110266427472345
368,1000,0.3,integrated,False,True,0.0,21.720000000000017,29.567770170839673,21.720000000000017,29.567770170839673,29.567770170839673,2.715002646118679e-05,1.6315917171407825,0.6128262844403657,0.001401115891789752
369,1000,0.3,integrated,False,True,0.0,21.720000000000017,28.74664983683952,21.720000000000017,28.74664983683952,28.74664983683952,3.6741224094439083e-05,2.10213256311734,1.050782985854976,0.0019927653457095245
370,1000,0.3,integrated,False,True,0.0,21.720000000000017,31.05029918116088,21.720000000000017,31.05029918116088,31.05029918116088,1.5926116650672045e-05,1.8975952960805453,0.392287767471966,0.0012841631825157452
371,1000,0.3,integrated,False,True,0.0,21.720000000000017,30.017908525011755,21.720000000000017,30.017908525011755,30.017908525011755,2.6828632823915365e-05,3.0579025405100406,0.48706218445403243,0.0010702059432516338
372,1000,0.3,integrated,False,True,0.0,21.720000000000017,31.626903511842343,21.720000000000017,31.626903511842343,31.626903511842343,1.7544717282153795e-05,2.7483727018629533,0.6840337321487775,0.000884583084896121
373,1000,0.3,integrated,False,True,0.0,21.720000000000017,31.798646386198335,21.720000000000017,31.798646386198335,31.798646386198335,2.2485653154561143e-05,3.3689954637074817,0.7541530251113996,0.0006432258910505973
374,1000,0.3,integrated,False,True,0.0,21.720000000000017,31.46753726937278,21.720000000000017,31.46753726937278,31.46753726937278,2.129537978764185e-05,2.3775463555739416,0.7841404272838705,0.0007286118713814991
375,1000,0.3,integrated,False,True,0.0,21.720000000000017,31.06873624305602,21.720000000000017,31.06873624305602,31.06873624305602,2.118291641478375e-05,3.476925569471995,0.5042586986689002,0.0008809132585361871
376,1000,0.3,integrated,False,True,0.0,21.720000000000017,28.56003907617967,21.720000000000017,28.56003907617967,28.56003907617967,4.8032835419182275e-05,2.113336093473989,0.8140339821848078,0.001255989338048749
377,1000,0.3,integrated,False,True,0.0,21.720000000000017,29.862489153660285,21.720000000000017,29.862489153660285,29.862489153660285,2.8436596466758733e-05,3.438838207194256,0.9577341277117994,0.0013940132499401774
378,1000,0.3,integrated,False,True,0.0,21.720000000000017,32.34336824045888,21.720000000000017,32.34336824045888,32.34336824045888,2.1457756357358538e-05,2.1015209594221,0.5241135968456515,0.0004576425906923109
379,1000,0.3,integrated,False,True,0.0,21.720000000000017,31.28590987603856,21.720000000000017,31.28590987603856,31.28590987603856,2.729324564408352e-05,4.199351379002659,0.6527402295190634,0.0005923078218061349
380,1000,0.3,integrated,False,True,0.0,21.720000000000017,31.2471263801662,21.720000000000017,31.2471263801662,31.2471263801662,2.7406483107682942e-05,2.6276686544856864,0.893212003359332,0.0007259139882423326
381,1000,0.3,integrated,False,True,0.0,21.720000000000017,30.145109709572885,21.720000000000017,30.145109709572885,30.145109709572885,2.403748184624583e-05,2.782903331501005,0.49694239041893606,0.0011666501143708652
382,1000,0.3,integrated,False,True,0.0,21.720000000000017,33.49208552825011,21.720000000000017,33.49208552825011,33.49208552825011,1.2411898769790473e-05,2.2984678344960225,0.5504653264572386,0.0006242702419048722
383,1000,0.3,integrated,False,True,0.0,21.720000000000017,34.532357289904375,21.720000000000017,34.532357289904375,34.532357289904375,1.0865779883417487e-05,2.3636604320992998,0.5190482536765691,0.0004960612081490608
384,1000,0.3,integrated,False,True,0.0,21.720000000000017,31.319165198146294,21.720000000000017,31.319165198146294,31.319165198146294,2.1237496771012405e-05,4.476006365482323,0.7793936766382239,0.0009129990136609538
385,1000,0.3,integrated,False,True,0.0,21.720000000000017,31.30524236817734,21.720000000000017,31.30524236817734,31.30524236817734,2.441196292184398e-05,2.481570693673678,1.1840906664784578,0.0008316619719296958
386,1000,0.3,integrated,False,True,0.0,21.720000000000017,32.45458875632646,21.720000000000017,32.45458875632646,32.45458875632646,1.4023013994516349e-05,3.5435650291788363,1.3150437165774782,0.001402459143993724
387,1000,0.3,integrated,False,True,0.0,21.720000000000017,30.73622476903851,21.720000000000017,30.73622476903851,30.73622476903851,1.872944774789345e-05,3.439951206330035,0.7389755442306171,0.0014391815247685688
388,1000,0.3,integrated,False,True,0.0,21.720000000000017,32.52589695320482,21.720000000000017,32.52589695320482,32.52589695320482,1.8944464549301676e-05,2.614138892403557,0.7045114688773836,0.0005337054669828385
389,1000,0.3,integrated,False,True,0.0,21.720000000000017,28.833289224966112,21.720000000000017,28.833289224966112,28.833289224966112,4.491562517306874e-05,5.808680726996325,0.6578253660298832,0.0011449886548260057
390,1000,0.3,integrated,False,True,0.0,21.720000000000017,29.044355850495336,21.720000000000017,29.044355850495336,29.044355850495336,3.371418305512882e-05,2.9170800615477748,0.8977433701678419,0.0016395815488941424
391,1000,0.3,integrated,False,True,0.0,21.720000000000017,29.72177193667637,21.720000000000017,29.72177193667637,29.72177193667637,3.1096554293353745e-05,3.3812914079976957,0.6758527766928484,0.0011651749382299084
392,1000,0.3,integrated,False,True,0.0,21.720000000000017,30.419393106178006,21.720000000000017,30.419393106178006,30.419393106178006,3.115591002920778e-05,3.1873564060599597,0.8415096299315684,0.0007956305007361071
393,1000,0.3,integrated,False,True,0.0,21.720000000000017,30.973249623171707,21.720000000000017,30.973249623171707,30.973249623171707,1.9363407072352047e-05,1.8826828293358293,0.6826392315762642,0.00104227347255115
394,1000,0.3,integrated,False,True,0.0,21.720000000000017,31.65512770761037,21.720000000000017,31.65512770761037,31.65512770761037,2.9075813405873336e-05,4.401592290925381,0.5962700540778435,0.000505925209178438
395,1000,0.3,integrated,False,True,0.0,21.720000000000017,31.052359532867925,21.720000000000017,31.052359532867925,31.052359532867925,1.9889755572094185e-05,3.4398933523522524,0.6337313622097127,0.0009548345444828798
396,1000,0.3,integrated,False,True,0.0,21.720000000000017,30.67775835426346,21.720000000000017,30.67775835426346,30.67775835426346,3.437473655875764e-05,2.821268160214114,0.9181462463614385,0.0006901360301542518
397,1000,0.3,integrated,False,True,0.0,21.720000000000017,31.51551818977154,21.720000000000017,31.51551818977154,31.51551818977154,2.164369730051721e-05,3.104898511293376,0.7419873700615416,0.0007573377662130709
398,1000,0.3,integrated,False,True,0.0,21.720000000000017,29.941707994145116,21.720000000000017,29.941707994145116,29.941707994145116,2.7032926485891303e-05,2.9968927173495707,0.9626324038370383,0.001369179807162779
399,1000,0.3,integrated,False,True,0.0,21.720000000000017,29.812439871362326,21.720000000000017,29.812439871362326,29.812439871362326,3.1661023460046325e-05,2.8512553701272507,0.4506688021369255,0.0009370049058608525
400,1000,0.3,integrated,False,True,0.0,21.720000000000017,32.791388298044254,21.720000000000017,32.791388298044254,32.791388298044254,1.8351367197452143e-05,3.456818741886072,0.4847579158240405,0.0004819911466865538
401,1000,0.3,integrated,False,True,0.0,21.720000000000017,29.299756078049956,21.720000000000017,29.299756078049956,29.299756078049956,3.6280386352585895e-05,2.4889974240922013,0.6925886335468845,0.0011258615418856413
402,1000,0.3,integrated,False,True,0.0,21.720000000000017,29.804562468000043,21.720000000000017,29.804562468000043,29.804562468000043,3.3769867592685385e-05,3.9998352813100944,0.8579336935064549,0.0010221494777571723
403,1000,0.3,integrated,False,True,0.0,21.720000000000017,30.41766599528139,21.720000000000017,30.41766599528139,30.41766599528139,3.5536151331453614e-05,4.841592530661391,0.5745550725475019,0.000662057657496562
404,1000,0.3,integrated,False,True,0.0,21.720000000000017,29.959000563592774,21.720000000000017,29.959000563592774,29.959000563592774,2.6392520509908166e-05,2.7864077632836763,0.478400080794732,0.001078391524765319
405,1000,0.3,integrated,False,True,0.0,21.720000000000017,31.639966142667006,21.720000000000017,31.639966142667006,31.639966142667006,1.9809154030094153e-05,2.4171163075943967,0.7635156031830775,0.0007770833058343977
406,1000,0.3,integrated,False,True,0.0,21.720000000000017,31.032796857425733,21.720000000000017,31.032796857425733,31.032796857425733,2.786302058780631e-05,4.077691680687,0.9036664292376253,0.0007614279760398235
407,1000,0.3,integrated,False,True,0.0,21.720000000000017,30.236057281410076,21.720000000000017,30.236057281410076,30.236057281410076,2.6651745671242807e-05,4.054247610927035,0.7780119578359412,0.0011392073069152132
408,1000,0.3,integrated,False,True,0.0,21.720000000000017,31.055385306581094,21.720000000000017,31.055385306581094,31.055385306581094,2.15575253410729e-05,3.515151929193878,0.7458323301744947,0.0009955557458433595
409,1000,0.3,integrated,False,True,0.0,21.720000000000017,29.482355863430286,21.720000000000017,29.482355863430286,29.482355863430286,2.809914054403387e-05,2.3657166377708534,1.0441069239955807,0.001712728910109357
410,1000,0.3,integrated,False,True,0.0,21.720000000000017,30.670250841887803,21.720000000000017,30.670250841887803,30.670250841887803,2.824268875983288e-05,4.195649602049475,0.7917648316363504,0.0009075796369445093
411,1000,0.3,integrated,False,True,0.0,21.720000000000017,32.446200147285296,21.720000000000017,32.446200147285296,32.446200147285296,1.7155822891255412e-05,3.0107381606494035,0.6801473873961852,0.0006306268052847858
412,1000,0.3,integrated,False,True,0.0,21.720000000000017,30.507174675238822,21.720000000000017,30.507174675238822,30.507174675238822,2.1432067235138434e-05,1.7952764361792488,0.9946904070642696,0.0014584761841183235
413,1000,0.3,integrated,False,True,0.0,21.720000000000017,33.03828661949734,21.720000000000017,33.03828661949734,33.03828661949734,1.4402150408802714e-05,3.5083774661101526,0.8003033521643321,0.0007554926845331808
414,1000,0.3,integrated,False,True,0.0,21.720000000000017,29.819923052331028,21.720000000000017,29.819923052331028,29.819923052331028,2.621743664293029e-05,1.672370637177524,0.6083885779603874,0.0012060794954728232
415,1000,0.3,integrated,False,True,0.0,21.720000000000017,31.934426365166885,21.720000000000017,31.934426365166885,31.934426365166885,1.3403946872232103e-05,3.4620406831152963,0.695738298740205,0.001295241544494986
416,1000,0.3,integrated,False,True,0.0,21.720000000000017,29.695640391931583,21.720000000000017,29.695640391931583,29.695640391931583,2.8218706038447508e-05,4.306898879456576,0.8710969185544069,0.0015353471875526573
417,1000,0.3,integrated,False,True,0.0,21.720000000000017,30.62586723733463,21.720000000000017,30.62586723733463,30.62586723733463,2.5777001709571724e-05,3.6854036113323407,0.7698570727080415,0.0009816452267951475
418,1000,0.3,integrated,False,True,0.0,21.720000000000017,30.37396768005275,21.720000000000017,30.37396768005275,30.37396768005275,3.242126199399549e-05,3.19402269089706,1.0133757879653367,0.0008016792124802316
419,1000,0.3,integrated,False,True,0.0,21.720000000000017,32.31043419142559,21.720000000000017,32.31043419142559,32.31043419142559,1.5471841669691443e-05,3.925402256438951,0.8599432751349968,0.0009755077814799979
420,1000,0.3,integrated,False,True,0.0,21.720000000000017,31.21125682222208,21.720000000000017,31.21125682222208,31.21125682222208,2.0998847165072906e-05,3.683558280143652,0.666376921919314,0.0009250045004850452
421,1000,0.3,integrated,False,True,0.0,21.720000000000017,29.32381814701433,21.720000000000017,29.32381814701433,29.32381814701433,3.0139942114719626e-05,3.790142824944098,0.7758000165091895,0.0015521425686778627
422,1000,0.3,integrated,False,True,0.0,21.720000000000017,30.98130344826993,21.720000000000017,30.98130344826993,30.98130344826993,1.548178518115176e-05,2.8954394481611634,0.5446749499429023,0.0015204374244713293
423,1000,0.3,integrated,False,True,0.0,21.720000000000017,30.388903908779767,21.720000000000017,30.388903908779767,30.388903908779767,2.5734453551421204e-05,3.9774623578330925,0.791306364621806,0.001099365766727009
424,1000,0.3,integrated,False,True,0.0,21.720000000000017,31.611540926570385,21.720000000000017,31.611540926570385,31.611540926570385,1.8558512375484506e-05,1.911721499354463,0.8025376995560486,0.0009038403045426796
425,1000,0.3,integrated,False,True,0.0,21.720000000000017,31.891546831423838,21.720000000000017,31.891546831423838,31.891546831423838,2.0616564978053874e-05,4.162255714557544,0.7074173754802311,0.0007031313864159629
426,1000,0.3,integrated,False,True,0.0,21.720000000000017,30.55301535026551,21.720000000000017,30.55301535026551,30.55301535026551,2.79774671418757e-05,2.405944875660566,0.5181426810251109,0.0007267010627200486
427,1000,0.3,integrated,False,True,0.0,21.720000000000017,31.734021235000917,21.720000000000017,31.734021235000917,31.734021235000917,1.8328705126689183e-05,4.971789835917359,0.6104927006116734,0.0008548822415576024
428,1000,0.3,integrated,False,True,0.0,21.720000000000017,30.90627439867378,21.720000000000017,30.90627439867378,30.90627439867378,3.0096979038293654e-05,3.86352029385058,0.484137924224928,0.0006063339018832837
429,1000,0.3,integrated,False,True,0.0,21.720000000000017,30.86499736606914,21.720000000000017,30.86499736606914,30.86499736606914,2.6053375917945016e-05,2.2232897669752583,0.7249284162490699,0.0007742350571431075
430,1000,0.3,integrated,False,True,0.0,21.720000000000017,32.4704944777128,21.720000000000017,32.4704944777128,32.4704944777128,1.68316825022107e-05,7.748198304777891,0.6776515069848041,0.0007981367877815907
431,1000,0.3,integrated,False,True,0.0,21.720000000000017,31.92432009118251,21.720000000000017,31.92432009118251,31.92432009118251,2.310388276933457e-05,3.957392416263634,1.0622300132790985,0.000679694773510016
432,1000,0.3,integrated,False,True,0.0,21.720000000000017,29.082889509761365,21.720000000000017,29.082889509761365,29.082889509761365,3.877295793084761e-05,2.5027892160875678,0.8233036744970273,0.001233438485305627
433,1000,0.3,integrated,False,True,0.0,21.720000000000017,30.825203544035965,21.720000000000017,30.825203544035965,30.825203544035965,2.1470537750022445e-05,3.26323335720795,0.47865923223734147,0.0009473745595103581
434,1000,0.3,integrated,False,True,0.0,21.720000000000017,31.681018881420904,21.720000000000017,31.681018881420904,31.681018881420904,1.7704535152829608e-05,3.4032075499565493,0.7567773394202252,0.0008943855834562821
435,1000,0.3,integrated,False,True,0.0,21.720000000000017,30.213182761369765,21.720000000000017,30.213182761369765,30.213182761369765,2.4477907560003782e-05,4.1925794080792995,0.51715647435122,0.0011281806165631795
436,1000,0.3,integrated,False,True,0.0,21.720000000000017,33.40309684970818,21.720000000000017,33.40309684970818,33.40309684970818,1.623232426482789e-05,2.5213019378635435,0.7408355003869294,0.0004994327751255489
437,1000,0.3,integrated,False,True,0.0,21.720000000000017,29.364784297862048,21.720000000000017,29.364784297862048,29.364784297862048,3.3169840756855677e-05,3.1604249397460915,0.642998113195162,0.0011946501857090003
438,1000,0.3,integrated,False,True,0.0,21.720000000000017,30.458374076557078,21.720000000000017,30.458374076557078,30.458374076557078,2.782965002873672e-05,5.350099213396016,0.7176274884365504,0.0009756366028847624
439,1000,0.3,integrated,False,True,0.0,21.720000000000017,30.456979012111283,21.720000000000017,30.456979012111283,30.456979012111283,2.735579062274671e-05,2.910613327524743,0.6632752425977751,0.0008848174768043593
440,1000,0.3,integrated,False,True,0.0,21.720000000000017,31.01716152280425,21.720000000000017,31.01716152280425,31.01716152280425,2.3707615513741848e-05,2.3152723782979545,0.7864313055486004,0.0008125377431910134
441,1000,0.3,integrated,False,True,0.0,21.720000000000017,31.32368035931299,21.720000000000017,31.32368035931299,31.32368035931299,2.6967756995172497e-05,6.315966442831437,0.6049201449335071,0.0006429878337198522
442,1000,0.3,integrated,False,True,0.0,21.720000000000017,30.752555057837107,21.720000000000017,30.752555057837107,30.752555057837107,2.2891309721899533e-05,3.5689775799053276,0.647440140396507,0.0009430369380647106
443,1000,0.3,integrated,False,True,0.0,21.720000000000017,29.929850582430685,21.720000000000017,29.929850582430685,29.929850582430685,3.372782690399489e-05,2.6149314615664196,0.8588521750576895,0.0009808718536504345
444,1000,0.3,integrated,False,True,0.0,21.720000000000017,31.826170983424277,21.720000000000017,31.826170983424277,31.826170983424277,1.4916674244390967e-05,2.177888583830313,0.9172980234366116,0.001231294563878007
445,1000,0.3,integrated,False,True,0.0,21.720000000000017,30.933797187759495,21.720000000000017,30.933797187759495,30.933797187759495,1.7247162085940318e-05,3.511160764236141,0.37509454989009816,0.0012204747530685496
446,1000,0.3,integrated,False,True,0.0,21.720000000000017,30.650548064514318,21.720000000000017,30.650548064514318,30.650548064514318,2.3500940983243855e-05,2.0216725058464307,0.8638758538922562,0.0010389571150651034
447,1000,0.3,integrated,False,True,0.0,21.720000000000017,31.453536323726865,21.720000000000017,31.453536323726865,31.453536323726865,1.7266729779648045e-05,4.666669443894699,1.1629007441554886,0.00154585889640575
448,1000,0.3,integrated,False,True,0.0,21.720000000000017,30.186667554350528,21.720000000000017,30.186667554350528,30.186667554350528,2.8111246142755384e-05,3.6470851866077862,0.6202166386433556,0.0009104386756056403
449,1000,0.3,integrated,False,True,0.0,21.720000000000017,30.51924600088283,21.720000000000017,30.51924600088283,30.51924600088283,2.1660212131919848e-05,3.069403487603365,0.396064634036713,0.0010216509416191661
450,1000,0.3,integrated,False,True,0.0,21.720000000000017,29.550215021557626,21.720000000000017,29.550215021557626,29.550215021557626,2.5970996298565268e-05,2.146834127895998,0.5150863834891407,0.0014348016147657453
451,1000,0.3,integrated,False,True,0.0,21.720000000000017,30.25474731763856,21.720000000000017,30.25474731763856,30.25474731763856,2.0481906270870773e-05,2.4205315061240076,0.3461899087498192,0.0012294967658718918
452,1000,0.3,integrated,False,True,0.0,21.720000000000017,30.481708639328755,21.720000000000017,30.481708639328755,30.481708639328755,2.1247706907037625e-05,4.132369090403308,0.80455241313301,0.0015514470537409534
453,1000,0.3,integrated,False,True,0.0,21.720000000000017,31.748598104792016,21.720000000000017,31.748598104792016,31.748598104792016,1.9550201994611302e-05,2.803857151918872,1.1856471835646607,0.0009405129078499376
454,1000,0.3,integrated,False,True,0.0,21.720000000000017,32.76867403077542,21.720000000000017,32.76867403077542,32.76867403077542,1.876172256784879e-05,3.648690541746713,0.9092908848206457,0.0005696999361842892
455,1000,0.3,integrated,False,True,0.0,21.720000000000017,31.52319159019717,21.720000000000017,31.52319159019717,31.52319159019717,2.3719862401629297e-05,2.189632409292328,0.6652990668154047,0.0006176968770746417
456,1000,0.3,integrated,False,True,0.0,21.720000000000017,29.51515316011493,21.720000000000017,29.51515316011493,29.51515316011493,2.9814980965693485e-05,2.300277009606327,0.7407793360490093,0.0012998275151665803
457,1000,0.3,integrated,False,True,0.0,21.720000000000017,30.675912774596384,21.720000000000017,30.675912774596384,30.675912774596384,2.1855941481802228e-05,4.175068368003292,0.6538844757913013,0.0010473677796199968
458,1000,0.3,integrated,False,True,0.0,21.720000000000017,30.300232016193434,21.720000000000017,30.300232016193434,30.300232016193434,2.635841278146168e-05,1.6960723162631657,0.6491151018561141,0.0009387322844479122
459,1000,0.3,integrated,False,True,0.0,21.720000000000017,30.097026755796023,21.720000000000017,30.097026755796023,30.097026755796023,2.450170306338381e-05,3.6313493366871086,0.5828519260848533,0.0012298587462361218
460,1000,0.3,integrated,False,True,0.0,21.720000000000017,29.662739109007468,21.720000000000017,29.662739109007468,29.662739109007468,2.938526210274195e-05,2.247384110921897,1.016832243503852,0.0013796642835056498
461,1000,0.3,integrated,False,True,0.0,21.720000000000017,33.47545400395923,21.720000000000017,33.47545400395923,33.47545400395923,1.4178428263431026e-05,4.549023539189501,0.8740123303119088,0.000637874090439674
462,1000,0.3,integrated,False,True,0.0,21.720000000000017,29.8627862831663,21.720000000000017,29.8627862831663,29.8627862831663,2.802124916127262e-05,4.493406213857385,0.6181737119897212,0.0011834234387173965
463,1000,0.3,integrated,False,True,0.0,21.720000000000017,30.322114274561983,21.720000000000017,30.322114274561983,30.322114274561983,2.2560216399160402e-05,4.101209358268251,0.5208541624111418,0.0012806452443725085
464,1000,0.3,integrated,False,True,0.0,21.720000000000017,31.081732484701604,21.720000000000017,31.081732484701604,31.081732484701604,2.095779852096524e-05,4.698117001343217,0.8350615511344158,0.001100007359622076
465,1000,0.3,integrated,False,True,0.0,21.720000000000017,30.628835158143804,21.720000000000017,30.628835158143804,30.628835158143804,4.4256238693280586e-05,5.437097430472398,0.9039685428545172,0.0005616454552583336
466,1000,0.3,integrated,False,True,0.0,21.720000000000017,29.949006753940385,21.720000000000017,29.949006753940385,29.949006753940385,2.4524956376060917e-05,2.9656013405281563,0.49551035559877804,0.0012648942896515444
467,1000,0.3,integrated,False,True,0.0,21.720000000000017,31.97222033490138,21.720000000000017,31.97222033490138,31.97222033490138,1.219487345972834e-05,2.8076782552358046,0.592363363013934,0.0013885192055152302
468,1000,0.3,integrated,False,True,0.0,21.720000000000017,32.21971895134951,21.720000000000017,32.21971895134951,32.21971895134951,1.5268569010238656e-05,3.959282245029292,0.8812652166240138,0.0011019666636606408
469,1000,0.3,integrated,False,True,0.0,21.720000000000017,31.496293195250637,21.720000000000017,31.496293195250637,31.496293195250637,2.132307049223828e-05,3.782533828735156,0.8134969139489759,0.00078426698397302
470,1000,0.3,integrated,False,True,0.0,21.720000000000017,31.04446280823452,21.720000000000017,31.04446280823452,31.04446280823452,2.836161392038145e-05,2.6058344092030934,0.9393274400952248,0.0006708308572640015
471,1000,0.3,integrated,False,True,0.0,21.720000000000017,30.388408621525436,21.720000000000017,30.388408621525436,30.388408621525436,2.8775878185749802e-05,4.471515528144264,0.3865630259231701,0.0007693946570719867
472,1000,0.3,integrated,False,True,0.0,21.720000000000017,31.6476176606772,21.720000000000017,31.6476176606772,31.6476176606772,1.9739305874704473e-05,4.894873599948425,0.8688538341248054,0.0008978780071068949
473,1000,0.3,integrated,False,True,0.0,21.720000000000017,30.636138671918758,21.720000000000017,30.636138671918758,30.636138671918758,2.992606097556698e-05,2.4542785314818314,1.1231988675864601,0.0008806303695317075
474,1000,0.3,integrated,False,True,0.0,21.720000000000017,31.190952211300008,21.720000000000017,31.190952211300008,31.190952211300008,2.68161110849742e-05,3.0171308125672742,0.8083401055601904,0.0006503405566686197
475,1000,0.3,integrated,False,True,0.0,21.720000000000017,30.490545845439943,21.720000000000017,30.490545845439943,30.490545845439943,2.5102576018735552e-05,2.9358632519820387,1.0039310378577184,0.0011927134873494342
476,1000,0.3,integrated,False,True,0.0,21.720000000000017,30.173283454110145,21.720000000000017,30.173283454110145,30.173283454110145,2.195744436969816e-05,3.084541942294611,0.6913000009502942,0.0014352255945350597
477,1000,0.3,integrated,False,True,0.0,21.720000000000017,32.725400108447275,21.720000000000017,32.725400108447275,32.725400108447275,1.6162856629927605e-05,3.4721811145995454,0.5643182850064272,0.0006047625938535306
478,1000,0.3,integrated,False,True,0.0,21.720000000000017,29.202579447021,21.720000000000017,29.202579447021,29.202579447021,4.63589664059513e-05,3.3498086265464346,0.9285519069788206,0.000985252607328242
479,1000,0.3,integrated,False,True,0.0,21.720000000000017,31.023885429473324,21.720000000000017,31.023885429473324,31.023885429473324,2.8652447667406186e-05,3.299175828543922,0.7312175327301151,0.0006622300271144893
480,1000,0.3,integrated,False,True,0.0,21.720000000000017,30.53197733962491,21.720000000000017,30.53197733962491,30.53197733962491,2.1088356957944403e-05,3.566276083674133,0.6689935112130844,0.0012403496745196528
481,1000,0.3,integrated,False,True,0.0,21.720000000000017,31.448657561646485,21.720000000000017,31.448657561646485,31.448657561646485,3.225792403104968e-05,2.1106019537573943,0.9312814788033624,0.0005195613379917662
482,1000,0.3,integrated,False,True,0.0,21.720000000000017,31.406005371742925,21.720000000000017,31.406005371742925,31.406005371742925,2.228787664820237e-05,5.594874430834935,0.4822716406012816,0.0007613497615077588
483,1000,0.3,integrated,False,True,0.0,21.720000000000017,30.535655288938024,21.720000000000017,30.535655288938024,30.535655288938024,2.9308733030613336e-05,2.02523103597774,0.7920960455825287,0.0007663510955684247
484,1000,0.3,integrated,False,True,0.0,21.720000000000017,31.38661150001952,21.720000000000017,31.38661150001952,31.38661150001952,2.1068386266102663e-05,3.4099575317032103,0.8019831137655126,0.0009066281696104795
485,1000,0.3,integrated,False,True,0.0,21.720000000000017,29.339840133561825,21.720000000000017,29.339840133561825,29.339840133561825,3.69712018375329e-05,2.8799924076404597,0.5266054943403812,0.0010434066413858919
486,1000,0.3,integrated,False,True,0.0,21.720000000000017,29.7479762420872,21.720000000000017,29.7479762420872,29.7479762420872,2.46281902730196e-05,1.8982919196287276,0.4038467235286765,0.0013033741083033066
487,1000,0.3,integrated,False,True,0.0,21.720000000000017,29.9823304509367,21.720000000000017,29.9823304509367,29.9823304509367,2.0749041952134082e-05,2.4156216178893506,0.3388581839967005,0.0014612827225972324
488,1000,0.3,integrated,False,True,0.0,21.720000000000017,30.217559864437018,21.720000000000017,30.217559864437018,30.217559864437018,3.904284484694517e-05,2.666383124505431,0.7489808456014015,0.0006927027545976307
489,1000,0.3,integrated,False,True,0.0,21.720000000000017,30.196565406049473,21.720000000000017,30.196565406049473,30.196565406049473,3.222245651168536e-05,4.431053942238021,0.39300443172213195,0.0007552722582496754
490,1000,0.3,integrated,False,True,0.0,21.720000000000017,31.388737254616807,21.720000000000017,31.388737254616807,31.388737254616807,1.443624039549194e-05,3.427809391203288,0.36663864014683206,0.001281133104852519
491,1000,0.3,integrated,False,True,0.0,21.720000000000017,29.847404549225484,21.720000000000017,29.847404549225484,29.847404549225484,3.3329786331754185e-05,6.06467165570123,0.932577461142949,0.0011752845302209214
492,1000,0.3,integrated,False,True,0.0,21.720000000000017,30.217202334215035,21.720000000000017,30.217202334215035,30.217202334215035,2.8641123135958186e-05,2.3886530357806532,1.2195978295000953,0.0011306844320779837
493,1000,0.3,integrated,False,True,0.0,21.720000000000017,30.739214533499613,21.720000000000017,30.739214533499613,30.739214533499613,1.7726483379056088e-05,2.0027139151131066,0.5825286663626459,0.0013824319100928313
494,1000,0.3,integrated,False,True,0.0,21.720000000000017,28.92458309025421,21.720000000000017,28.92458309025421,28.92458309025421,3.008000621760611e-05,2.2458271097325473,0.6894882381294263,0.0019422908540876601
495,1000,0.3,integrated,False,True,0.0,21.720000000000017,30.939913894272394,21.720000000000017,30.939913894272394,30.939913894272394,2.064293263170558e-05,5.446615917882056,0.36284836851642804,0.0009609402526978241
496,1000,0.3,integrated,False,True,0.0,21.720000000000017,28.775242714888456,21.720000000000017,28.775242714888456,28.775242714888456,4.862315855365976e-05,3.3564292060094467,1.309447606078959,0.0013922069654912987
497,1000,0.3,integrated,False,True,0.0,21.720000000000017,32.211465423785796,21.720000000000017,32.211465423785796,32.211465423785796,1.8731016012440964e-05,3.1868524572612054,0.554386015095805,0.0005989343468666334
498,1000,0.3,integrated,False,True,0.0,21.720000000000017,31.891820739669534,21.720000000000017,31.891820739669534,31.891820739669534,1.651620756314967e-05,3.8966475158032514,0.5510789651488017,0.0008356398266444274
499,1000,0.3,integrated,False,True,0.0,21.720000000000017,30.332807527516223,21.720000000000017,30.332807527516223,30.332807527516223,2.9845236479313565e-05,3.2138090503289427,0.7645189648541285,0.0008797118116916752
0,1000,0.5,integrated,False,True,0.0,21.720000000000017,32.809244100422816,21.720000000000017,32.809244100422816,32.809244100422816,1.7760393816611255e-05,2.4445441997780635,0.6827377665258441,0.0005341216585185786
1,1000,0.5,integrated,False,True,0.0,21.720000000000017,30.33453310220535,21.720000000000017,30.33453310220535,30.33453310220535,1.994523032815451e-05,3.1682795955707226,0.32367112993439257,0.0013029593051106319
2,1000,0.5,integrated,False,True,0.0,21.720000000000017,30.960206927966112,21.720000000000017,30.960206927966112,30.960206927966112,3.356130661352611e-05,2.4305833087991986,0.7151118373957728,0.0005655707811988112
3,1000,0.5,integrated,False,True,0.0,21.720000000000017,31.52976841566354,21.720000000000017,31.52976841566354,31.52976841566354,1.3849993056090824e-05,1.796971415212447,0.7382632965980367,0.0015123240228688407
4,1000,0.5,integrated,False,True,0.0,21.720000000000017,32.16294374663644,21.720000000000017,32.16294374663644,32.16294374663644,2.1841895636133762e-05,2.8187113860601336,0.8718192919465777,0.0005968917167932472
5,1000,0.5,integrated,False,True,0.0,21.720000000000017,29.333264033713554,21.720000000000017,29.333264033713554,29.333264033713554,5.0480940401506664e-05,2.0489574988525456,1.0466689574759778,0.0008583063034884343
6,1000,0.5,integrated,False,True,0.0,21.720000000000017,30.578620440941712,21.720000000000017,30.578620440941712,30.578620440941712,3.117406253076853e-05,4.938885487194718,1.2062147693774337,0.0009757631815498144
7,1000,0.5,integrated,False,True,0.0,21.720000000000017,30.63881131550592,21.720000000000017,30.63881131550592,30.63881131550592,1.9805325402527197e-05,3.6395296506828294,0.800114397949968,0.0014669428952846608
8,1000,0.5,integrated,False,True,0.0,21.720000000000017,28.689309368352305,21.720000000000017,28.689309368352305,28.689309368352305,6.099821741551507e-05,5.2167464704576325,0.7104834927527093,0.0008803414579065251
9,1000,0.5,integrated,False,True,0.0,21.720000000000017,31.899483753164155,21.720000000000017,31.899483753164155,31.899483753164155,2.101924797690863e-05,2.0072779356828834,0.7845563854261007,0.0006676694301107171
10,1000,0.5,integrated,False,True,0.0,21.720000000000017,30.249417647392427,21.720000000000017,30.249417647392427,30.249417647392427,2.092610846102909e-05,2.5820914156463837,0.9112798230136567,0.0017804261404392057
11,1000,0.5,integrated,False,True,0.0,21.720000000000017,31.014054194083926,21.720000000000017,31.014054194083926,31.014054194083926,3.901838561345107e-05,6.36824549040293,1.3819873258007418,0.0006471865233015036
12,1000,0.5,integrated,False,True,0.0,21.720000000000017,30.380262320105356,21.720000000000017,30.380262320105356,30.380262320105356,3.5124913820298875e-05,2.6409802527312087,0.6899620673681017,0.0006603744549374034
13,1000,0.5,integrated,False,True,0.0,21.720000000000017,31.337742840870703,21.720000000000017,31.337742840870703,31.337742840870703,2.264596073862301e-05,7.515703902716169,1.3353557064693267,0.001111409662200262
14,1000,0.5,integrated,False,True,0.0,21.720000000000017,32.10019604250895,21.720000000000017,32.10019604250895,32.10019604250895,1.730487539289728e-05,3.36367845626528,0.39943126628385267,0.0006873399987061195
15,1000,0.5,integrated,False,True,0.0,21.720000000000017,29.7663812711153,21.720000000000017,29.7663812711153,29.7663812711153,3.453728200985455e-05,8.199773447917986,0.48960734734975203,0.0010055626152164646
16,1000,0.5,integrated,False,True,0.0,21.720000000000017,29.212523650417168,21.720000000000017,29.212523650417168,29.212523650417168,3.918133142138015e-05,1.8053080810932263,0.8608416918489067,0.0011351929950986948
17,1000,0.5,integrated,False,True,0.0,21.720000000000017,32.813196097242276,21.720000000000017,32.813196097242276,32.813196097242276,1.5122116629818532e-05,2.364058215319074,1.0894730460466409,0.0008010621539814677
18,1000,0.5,integrated,False,True,0.0,21.720000000000017,33.68302977045392,21.720000000000017,33.68302977045392,33.68302977045392,1.5032340815148282e-05,4.249130508277882,0.6847654917237282,0.0004897438818784181
19,1000,0.5,integrated,False,True,0.0,21.720000000000017,30.356109146455584,21.720000000000017,30.356109146455584,30.356109146455584,3.672288281888858e-05,2.5762877850532773,0.7579796910050293,0.0006434756060030357
20,1000,0.5,integrated,False,True,0.0,21.720000000000017,33.96147981778398,21.720000000000017,33.96147981778398,33.96147981778398,9.442894902200634e-06,4.754476912928624,0.47093499243559195,0.0008849051625107034
21,1000,0.5,integrated,False,True,0.0,21.720000000000017,32.23875437065805,21.720000000000017,32.23875437065805,32.23875437065805,1.4196517805237526e-05,3.5036656640891595,0.4190812528839096,0.0009270526291846652
22,1000,0.5,integrated,False,True,0.0,21.720000000000017,32.38712334369631,21.720000000000017,32.38712334369631,32.38712334369631,1.6738733374034923e-05,1.442590916227442,1.0511034046775756,0.0007614101829750413
23,1000,0.5,integrated,False,True,0.0,21.720000000000017,26.696793481046267,21.720000000000017,26.696793481046267,26.696793481046267,8.052729623732822e-05,3.1969224687343094,0.5681685315144217,0.002232189710455124
24,1000,0.5,integrated,False,True,0.0,21.720000000000017,29.33417152875085,21.720000000000017,29.33417152875085,29.33417152875085,2.5804258124708486e-05,3.8202307827921347,0.37057314673053776,0.0016245397641760603
25,1000,0.5,integrated,False,True,0.0,21.720000000000017,31.928856179552923,21.720000000000017,31.928856179552923,31.928856179552923,2.3669471791979226e-05,2.630465929067484,0.9273833169988657,0.0005937713873613464
26,1000,0.5,integrated,False,True,0.0,21.720000000000017,32.065227709909664,21.720000000000017,32.065227709909664,32.065227709909664,6.731709559784134e-06,4.59992193311718,0.27702177448619747,0.0048193860171209055
27,1000,0.5,integrated,False,True,0.0,21.720000000000017,34.49869559076821,21.720000000000017,34.49869559076821,34.49869559076821,1.885146574859756e-05,4.7939432503139985,1.1212678924114725,0.00036563843145164416
28,1000,0.5,integrated,False,True,0.0,21.720000000000017,30.81538373802686,21.720000000000017,30.81538373802686,30.81538373802686,2.708692785803315e-05,2.5391963939008027,0.3921969079908557,0.0006661254618675247
29,1000,0.5,integrated,False,True,0.0,21.720000000000017,30.98697916300908,21.720000000000017,30.98697916300908,30.98697916300908,2.894404190074181e-05,2.9636765498704167,0.7488747675551649,0.0006498653752870481
30,1000,0.5,integrated,False,True,0.0,21.720000000000017,30.018499686476993,21.720000000000017,30.018499686476993,30.018499686476993,2.2276573116384467e-05,3.2990832368189222,0.2907683131659178,0.0012286934839400559
31,1000,0.5,integrated,False,True,0.0,21.720000000000017,30.241253055372475,21.720000000000017,30.241253055372475,30.241253055372475,1.600303626363954e-05,5.959554081056455,0.5105782315558997,0.00233217660515555
32,1000,0.5,integrated,False,True,0.0,21.720000000000017,30.28220465438462,21.720000000000017,30.28220465438462,30.28220465438462,3.675252091181912e-05,3.7474764832063476,0.4735006402865595,0.000624218706975135
33,1000,0.5,integrated,False,True,0.0,21.720000000000017,30.527710934112157,21.720000000000017,30.527710934112157,30.527710934112157,1.6040759098000328e-05,2.8253788066038004,0.25961666435970054,0.0016168080288490483
34,1000,0.5,integrated,False,True,0.0,21.720000000000017,30.551855801106708,21.720000000000017,30.551855801106708,30.551855801106708,2.0711557382358583e-05,2.642221565637722,0.47951327669569993,0.001173648201129716
35,1000,0.5,integrated,False,True,0.0,21.720000000000017,30.145892580160577,21.720000000000017,30.145892580160577,30.145892580160577,2.5037196302387144e-05,2.536823521217356,1.2540872658838031,0.0016317834818150437
36,1000,0.5,integrated,False,True,0.0,21.720000000000017,29.536065678794508,21.720000000000017,29.536065678794508,29.536065678794508,3.4456725867972666e-05,3.073395495080459,0.5481890890056069,0.0010330133948997149
37,1000,0.5,integrated,False,True,0.0,21.720000000000017,32.0483129999432,21.720000000000017,32.0483129999432,32.0483129999432,2.280185419683017e-05,5.195504850097251,1.1048240493443733,0.0006971914729763561
38,1000,0.5,integrated,False,True,0.0,21.720000000000017,30.454289221090107,21.720000000000017,30.454289221090107,30.454289221090107,2.4375226082841622e-05,1.6045820093432996,0.5475108774363433,0.0009059778537423762
39,1000,0.5,integrated,False,True,0.0,21.720000000000017,30.11224090701792,21.720000000000017,30.11224090701792,30.11224090701792,2.2866230670139268e-05,3.096598683613461,0.7699003494010696,0.00146092506328335
40,1000,0.5,integrated,False,True,0.0,21.720000000000017,33.32260175505032,21.720000000000017,33.32260175505032,33.32260175505032,2.8670797259841148e-05,2.109356972631747,1.3244962711784938,0.00035527181379909034
41,1000,0.5,integrated,False,True,0.0,21.720000000000017,32.83631906051952,21.720000000000017,32.83631906051952,32.83631906051952,1.7889889182645907e-05,4.223077895759158,0.5465595942217135,0.000540852713197255
42,1000,0.5,integrated,False,True,0.0,21.720000000000017,31.913333207724577,21.720000000000017,31.913333207724577,31.913333207724577,1.1911822223768837e-05,6.482682181227355,0.953950003454759,0.0027697587031460555
43,1000,0.5,integrated,False,True,0.0,21.720000000000017,28.90080423940298,21.720000000000017,28.90080423940298,28.90080423940298,3.447323821727489e-05,3.3350308109501543,0.8516863974079804,0.001778389450485971
44,1000,0.5,integrated,False,True,0.0,21.720000000000017,32.883124008040866,21.720000000000017,32.883124008040866,32.883124008040866,2.449000474463989e-05,5.244819847683457,0.6130212781374471,0.00038144335708679533
45,1000,0.5,integrated,False,True,0.0,21.720000000000017,31.235459421601046,21.720000000000017,31.235459421601046,31.235459421601046,2.4944977198714542e-05,5.214968964683,0.49048284576289,0.0006855533383599386
46,1000,0.5,integrated,False,True,0.0,21.720000000000017,30.573008848984493,21.720000000000017,30.573008848984493,30.573008848984493,1.957172251162134e-05,2.333858848097756,0.4183943354082998,0.0011230126354073104
47,1000,0.5,integrated,False,True,0.0,21.720000000000017,33.096571692475926,21.720000000000017,33.096571692475926,33.096571692475926,1.1518987539595306e-05,2.690147888532889,0.9715410616600247,0.0010099072150113453
48,1000,0.5,integrated,False,True,0.0,21.720000000000017,33.31084854563862,21.720000000000017,33.31084854563862,33.31084854563862,1.3421697706254758e-05,2.440054895566521,0.3200225834862265,0.0005353480088494202
49,1000,0.5,integrated,False,True,0.0,21.720000000000017,36.43399825817201,21.720000000000017,36.43399825817201,36.43399825817201,8.856381942832126e-06,4.336538474235541,0.9199800043196626,0.00043435034543859674
50,1000,0.5,integrated,False,True,0.0,21.720000000000017,29.342666727175462,21.720000000000017,29.342666727175462,29.342666727175462,3.646190026653625e-05,1.6199109828433733,0.43183982825155504,0.0009658240769965313
51,1000,0.5,integrated,False,True,0.0,21.720000000000017,32.36157677138098,21.720000000000017,32.36157677138098,32.36157677138098,1.9475416704015077e-05,2.7168484786162463,1.3247595507517227,0.0007404619468377117
52,1000,0.5,integrated,False,True,0.0,21.720000000000017,32.691280578900106,21.720000000000017,32.691280578900106,32.691280578900106,1.8199246837777628e-05,6.1307678036091,0.8184851562686453,0.0006697906652330343
53,1000,0.5,integrated,False,True,0.0,21.720000000000017,32.99182162496263,21.720000000000017,32.99182162496263,32.99182162496263,1.0713317087409813e-05,2.110990057230284,0.5753570955704258,0.0010132676907051979
54,1000,0.5,integrated,False,True,0.0,21.840000000000018,35.13231182995538,21.840000000000018,35.13231182995538,35.13231182995538,1.2494557947307513e-05,3.3311836443543794,2.0732116051036513,0.00062029605669719
55,1000,0.5,integrated,False,True,0.0,21.720000000000017,30.822846830028226,21.720000000000017,30.822846830028226,30.822846830028226,2.007026582205167e-05,4.832212091436719,1.316360325734249,0.0018131824469580968
56,1000,0.5,integrated,False,True,0.0,21.720000000000017,29.090922733543756,21.720000000000017,29.090922733543756,29.090922733543756,2.731840903952936e-05,1.2002442422349893,0.35928168461861254,0.0016282955937973788
57,1000,0.5,integrated,False,True,0.0,21.720000000000017,34.48922591544101,21.720000000000017,34.48922591544101,34.48922591544101,1.0117014329759269e-05,3.6380354895898206,0.5935135813509504,0.0006244830821066593
58,1000,0.5,integrated,False,True,0.0,21.720000000000017,32.33097379760031,21.720000000000017,32.33097379760031,32.33097379760031,1.747120515678753e-05,4.08973611896472,0.6310600783828356,0.0006953279056254098
59,1000,0.5,integrated,False,True,0.0,21.720000000000017,31.107971856056857,21.720000000000017,31.107971856056857,31.107971856056857,1.82290320843986e-05,1.9271643988255622,0.5967731980494264,0.0010125900068786136
60,1000,0.5,integrated,False,True,0.0,21.720000000000017,30.96692313728093,21.720000000000017,30.96692313728093,30.96692313728093,1.9364665846870095e-05,1.9900711353404719,0.43666806530405033,0.0009549864043581746
61,1000,0.5,integrated,False,True,0.0,21.720000000000017,31.599894318588056,21.720000000000017,31.599894318588056,31.599894318588056,1.1978626813787797e-05,4.295831890003951,0.5902461293405528,0.0021918765257628744
62,1000,0.5,integrated,False,True,0.0,21.720000000000017,31.32392596739492,21.720000000000017,31.32392596739492,31.32392596739492,1.43222938878087e-05,3.9450058531434165,0.3379892120510865,0.0012808586569174492
63,1000,0.5,integrated,False,True,0.0,21.720000000000017,31.657252222590813,21.720000000000017,31.657252222590813,31.657252222590813,1.2077847228031336e-05,2.0783004414194357,0.41274955082038356,0.0015169459202374743
64,1000,0.5,integrated,False,True,0.0,21.720000000000017,30.531134614510165,21.720000000000017,30.531134614510165,30.531134614510165,2.522871249464356e-05,6.092561984097254,0.6846000096733281,0.0010529473345815838
65,1000,0.5,integrated,False,True,0.0,21.720000000000017,29.633393270823525,21.720000000000017,29.633393270823525,29.633393270823525,3.446467142637284e-05,2.5248681131361326,0.6853290296678234,0.00096677369441845
66,1000,0.5,integrated,False,True,0.0,21.720000000000017,31.623783364669983,21.720000000000017,31.623783364669983,31.623783364669983,2.4414604803935802e-05,1.7618220541752558,0.4519700718923759,0.0005441515590991629
67,1000,0.5,integrated,False,True,0.0,21.720000000000017,29.696482749994715,21.720000000000017,29.696482749994715,29.696482749994715,2.8747654013172555e-05,2.7733417312976227,0.7829506923809451,0.0013949535439719894
68,1000,0.5,integrated,False,True,0.0,21.720000000000017,30.959980997822367,21.720000000000017,30.959980997822367,30.959980997822367,1.8419654085426065e-05,3.403684006312378,0.6632146850917735,0.0012134372827516953
69,1000,0.5,integrated,False,True,0.0,21.720000000000017,32.38760883445289,21.720000000000017,32.38760883445289,32.38760883445289,1.720297672823224e-05,3.8904064863654013,0.6397237004595268,0.0006757589722282502
70,1000,0.5,integrated,False,True,0.0,21.720000000000017,31.16298775528906,21.720000000000017,31.16298775528906,31.16298775528906,2.028708361594315e-05,3.3265265066987,0.5743783963594117,0.0009279972118693159
71,1000,0.5,integrated,False,True,0.0,21.720000000000017,35.7377495252648,21.720000000000017,35.7377495252648,35.7377495252648,7.404710489234323e-06,1.9806004942921631,1.19893074924086,0.0006717958364107539
72,1000,0.5,integrated,False,True,0.0,21.720000000000017,32.83333900342822,21.720000000000017,32.83333900342822,32.83333900342822,1.8707523831669314e-05,5.3419802503153795,0.41312397592727185,0.00048725862009054013
73,1000,0.5,integrated,False,True,0.0,21.720000000000017,29.107340855389285,21.720000000000017,29.107340855389285,29.107340855389285,3.060823694585123e-05,2.1019128033710106,0.24461989837404674,0.0013530806429869595
74,1000,0.5,integrated,False,True,0.0,21.720000000000017,31.648989177497207,21.720000000000017,31.648989177497207,31.648989177497207,2.900645817473678e-05,3.6692159923065435,1.9574126240155103,0.0007766351827723593
75,1000,0.5,integrated,False,True,0.0,21.720000000000017,33.37660098369618,21.720000000000017,33.37660098369618,33.37660098369618,1.4104811681505312e-05,6.709081806393256,0.4229144080689258,0.0006683054389201589
76,1000,0.5,integrated,False,True,0.0,21.720000000000017,28.13844577280817,21.720000000000017,28.13844577280817,28.13844577280817,5.290253533895451e-05,9.194340893292775,1.0387046501611203,0.0018834148192874891
77,1000,0.5,integrated,False,True,0.0,21.720000000000017,31.07449998624879,21.720000000000017,31.07449998624879,31.07449998624879,1.8435541894801064e-05,2.12118993265866,0.40487576150043586,0.0009476005528162209
78,1000,0.5,integrated,False,True,0.0,21.720000000000017,32.64553917067455,21.720000000000017,32.64553917067455,32.64553917067455,2.2912081856989357e-05,1.2086208362286368,0.47225351240426644,0.00037887099273258663
79,1000,0.5,integrated,False,True,0.0,21.720000000000017,32.5195559550394,21.720000000000017,32.5195559550394,32.5195559550394,1.4243021934322718e-05,2.5146546289216127,0.6192566961198046,0.0007728756857121833
80,1000,0.5,integrated,False,True,0.0,21.720000000000017,30.30340566642996,21.720000000000017,30.30340566642996,30.30340566642996,3.1164441827504245e-05,1.0490111426175255,0.989866393911415,0.0008566524411316438
81,1000,0.5,integrated,False,True,0.0,21.720000000000017,33.000446729688946,21.720000000000017,33.000446729688946,33.000446729688946,1.1591462871182702e-05,2.7453431813935234,0.8417959430889899,0.0010524961939111191
82,1000,0.5,integrated,False,True,0.0,21.720000000000017,33.956204759750065,21.720000000000017,33.956204759750065,33.956204759750065,1.1502391414230694e-05,3.5901223712678307,0.9476621875453579,0.000733891546133984
83,1000,0.5,integrated,False,True,0.0,21.720000000000017,32.31201115334403,21.720000000000017,32.31201115334403,32.31201115334403,2.3150285258231526e-05,2.445271340408496,0.3871094328933812,0.00041716077119047717
84,1000,0.5,integrated,False,True,0.0,21.720000000000017,30.28221163353384,21.720000000000017,30.28221163353384,30.28221163353384,2.294639288964713e-05,7.636342879536486,0.4934750768040102,0.0013335003538425838
85,1000,0.5,integrated,False,True,0.0,21.720000000000017,29.533451875187694,21.720000000000017,29.533451875187694,29.533451875187694,4.3138474440137235e-05,3.5244971824372096,0.8174873420915394,0.0008508271609842705
86,1000,0.5,integrated,False,True,0.0,21.720000000000017,28.415454890100484,21.720000000000017,28.415454890100484,28.415454890100484,5.348675917450751e-05,2.384532094495913,1.3247644715720712,0.0015453156386777659
87,1000,0.5,integrated,False,True,0.0,21.720000000000017,31.59795636883134,21.720000000000017,31.59795636883134,31.59795636883134,2.017345081888134e-05,3.59577462954032,0.8952873251884512,0.0008412163597289451
88,1000,0.5,integrated,False,True,0.0,21.720000000000017,31.012915256779195,21.720000000000017,31.012915256779195,31.012915256779195,2.1896813543480167e-05,2.4812589723274776,1.5402032015274003,0.0014044456696795085
89,1000,0.5,integrated,False,True,0.0,21.720000000000017,34.51724610192106,21.720000000000017,34.51724610192106,34.51724610192106,9.251774232207134e-06,4.897044442658866,0.7135361996238339,0.0008636469800369047
90,1000,0.5,integrated,False,True,0.0,21.720000000000017,31.822076320168723,21.720000000000017,31.822076320168723,31.822076320168723,2.1557725065526672e-05,4.195739342927876,0.7686670207013102,0.0006795497311820953
91,1000,0.5,integrated,False,True,0.0,21.720000000000017,31.861910147940925,21.720000000000017,31.861910147940925,31.861910147940925,1.9894959925212397e-05,2.6796604590988298,0.7248070226936756,0.0007010151840739874
92,1000,0.5,integrated,False,True,0.0,21.720000000000017,33.67074056282631,21.720000000000017,33.67074056282631,33.67074056282631,1.6343347727593175e-05,3.7989395188407533,0.8303759534835509,0.0004751806859680545
93,1000,0.5,integrated,False,True,0.0,21.720000000000017,30.741640065044187,21.720000000000017,30.741640065044187,30.741640065044187,2.9379935652626176e-05,2.070562945084696,0.913597456121191,0.0007835804586848639
94,1000,0.5,integrated,False,True,0.0,21.720000000000017,31.572907998620657,21.720000000000017,31.572907998620657,31.572907998620657,1.464928902502879e-05,1.983794203142827,0.35388876149502646,0.0010075723639622152
95,1000,0.5,integrated,False,True,0.0,21.720000000000017,31.571413887619137,21.720000000000017,31.571413887619137,31.571413887619137,2.0621835450541912e-05,2.0638923624237813,1.1699903089604007,0.00091295314016836
96,1000,0.5,integrated,False,True,0.0,21.720000000000017,31.721519964936455,21.720000000000017,31.721519964936455,31.721519964936455,2.839957128506135e-05,1.5698762522046406,1.2740519065648592,0.0005926543952982739
97,1000,0.5,integrated,False,True,0.0,21.720000000000017,30.18435156190359,21.720000000000017,30.18435156190359,30.18435156190359,3.687805732716227e-05,2.661376962915438,1.6533410887052673,0.0010203709900001173
98,1000,0.5,integrated,False,True,0.0,21.720000000000017,32.53119682219592,21.720000000000017,32.53119682219592,32.53119682219592,3.15847701506258e-05,3.6317919413412953,1.2225772153442198,0.0003900311101984828
99,1000,0.5,integrated,False,True,0.0,21.720000000000017,31.852194623082827,21.720000000000017,31.852194623082827,31.852194623082827,1.1925765645465655e-05,3.472545023421174,0.3957451520931837,0.0013566261101174888
100,1000,0.5,integrated,False,True,0.0,21.720000000000017,30.821657761723223,21.720000000000017,30.821657761723223,30.821657761723223,1.8854761138346106e-05,2.0741600744335082,0.5334701779547059,0.0012228908147068525
101,1000,0.5,integrated,False,True,0.0,21.720000000000017,28.98561658044031,21.720000000000017,28.98561658044031,28.98561658044031,3.0746958283372664e-05,1.7274368558136242,0.6375754509203588,0.0015711500636224531
102,1000,0.5,integrated,False,True,0.0,21.720000000000017,29.993767270882767,21.720000000000017,29.993767270882767,29.993767270882767,2.0732641707874122e-05,2.979896231799432,0.6482231137674099,0.001924434399476382
103,1000,0.5,integrated,False,True,0.0,21.720000000000017,30.38684264605002,21.720000000000017,30.38684264605002,30.38684264605002,1.5025603979274484e-05,1.6900357349451174,0.5653541543038784,0.0022375535501341433
104,1000,0.5,integrated,False,True,0.0,21.720000000000017,29.012783048157274,21.720000000000017,29.012783048157274,29.012783048157274,2.8292318843177222e-05,1.9696206260570164,1.2197377080579923,0.002659732240783479
105,1000,0.5,integrated,False,True,0.0,21.720000000000017,29.646237039805634,21.720000000000017,29.646237039805634,29.646237039805634,2.9158485361220925e-05,2.5487373441139884,0.4389151676713922,0.001050838677872079
106,1000,0.5,integrated,False,True,0.0,21.720000000000017,30.002328290119856,21.720000000000017,30.002328290119856,30.002328290119856,2.60015420074752e-05,2.2598552750999934,0.5208326996697252,0.001067693815447689
107,1000,0.5,integrated,False,True,0.0,21.720000000000017,32.28773368423499,21.720000000000017,32.28773368423499,32.28773368423499,1.087109264681876e-05,2.1435998853685394,0.6881629729884049,0.0015600450321459193
108,1000,0.5,integrated,False,True,0.0,21.720000000000017,30.866276860940125,21.720000000000017,30.866276860940125,30.866276860940125,3.052284102065295e-05,4.774187339795729,0.22602008683329497,0.0005563196498372033
109,1000,0.5,integrated,False,True,0.0,21.720000000000017,33.33053604282486,21.720000000000017,33.33053604282486,33.33053604282486,1.2712676341897674e-05,2.3853432631688287,1.536645787728809,0.0010751513155416782
110,1000,0.5,integrated,False,True,0.0,21.720000000000017,32.179345160712934,21.720000000000017,32.179345160712934,32.179345160712934,2.0389905055273606e-05,5.123934398916608,0.5233955130423865,0.0006038964111531614
111,1000,0.5,integrated,False,True,0.0,21.720000000000017,29.64239679177942,21.720000000000017,29.64239679177942,29.64239679177942,3.263886900703659e-05,1.847244687572696,0.27202270773055937,0.0008693446843829977
112,1000,0.5,integrated,False,True,0.0,21.720000000000017,31.65801288522476,21.720000000000017,31.65801288522476,31.65801288522476,2.0451604842220686e-05,1.3957418027304662,0.4968378910168205,0.0006213580744545425
113,1000,0.5,integrated,False,True,0.0,21.720000000000017,35.748089805142754,21.720000000000017,35.748089805142754,35.748089805142754,1.1550815342998983e-05,6.310688815692051,1.1521762210669888,0.0004658449815346808
114,1000,0.5,integrated,False,True,0.0,21.720000000000017,31.35967455045077,21.720000000000017,31.35967455045077,31.35967455045077,2.4670967155541254e-05,1.5650468642218596,0.20056937741758465,0.0005297734803461734
115,1000,0.5,integrated,False,True,0.0,21.720000000000017,30.373897419712264,21.720000000000017,30.373897419712264,30.373897419712264,2.829700798727574e-05,3.2271124389511403,0.6183739069591239,0.0008904570588400423
116,1000,0.5,integrated,False,True,0.0,21.720000000000017,32.99620405471129,21.720000000000017,32.99620405471129,32.99620405471129,1.7219618062312595e-05,1.9454865930455947,0.3598496656662196,0.00043874351963499834
117,1000,0.5,integrated,False,True,0.0,21.720000000000017,33.651889902111826,21.720000000000017,33.651889902111826,33.651889902111826,1.4499289789585169e-05,2.4458440399887165,0.6484614708461307,0.0005030882816068447
118,1000,0.5,integrated,False,True,0.0,21.720000000000017,32.46607344722322,21.720000000000017,32.46607344722322,32.46607344722322,2.9864853536472587e-05,2.366057138236303,0.8118727442689168,0.00036952954995381887
119,1000,0.5,integrated,False,True,0.0,21.720000000000017,32.54053527174398,21.720000000000017,32.54053527174398,32.54053527174398,2.2217301989615448e-05,3.8762668436024135,1.074802097516573,0.0005493684448922754
120,1000,0.5,integrated,False,True,0.0,21.720000000000017,28.73603685475483,21.720000000000017,28.73603685475483,28.73603685475483,3.9302777729878685e-05,1.426007683885801,0.6025500982612586,0.001319557555117698
121,1000,0.5,integrated,False,True,0.0,21.720000000000017,33.01865181363246,21.720000000000017,33.01865181363246,33.01865181363246,2.2115032570133498e-05,3.8515229849517736,1.353344072470528,0.000513420153357887
122,1000,0.5,integrated,False,True,0.0,21.720000000000017,29.385888575136576,21.720000000000017,29.385888575136576,29.385888575136576,4.6037211191231624e-05,3.082617577792481,2.1416249136341787,0.0014737689409089713
123,1000,0.5,integrated,False,True,0.0,21.720000000000017,30.99313681750802,21.720000000000017,30.99313681750802,30.99313681750802,3.024583224194244e-05,4.308540898237455,0.6826789052783949,0.0006181986330366292
124,1000,0.5,integrated,False,True,0.0,21.720000000000017,30.967953701484724,21.720000000000017,30.967953701484724,30.967953701484724,1.7212029740172097e-05,2.1103530165392974,0.34987398639410133,0.0010980466217029262
125,1000,0.5,integrated,False,True,0.0,21.720000000000017,30.56728766002177,21.720000000000017,30.56728766002177,30.56728766002177,1.7038943984220102e-05,2.487639585701566,0.5436976184466399,0.0015411780132815627
126,1000,0.5,integrated,False,True,0.0,21.720000000000017,29.475786306212534,21.720000000000017,29.475786306212534,29.475786306212534,2.9982666561622946e-05,4.300115972317874,0.9365887524467809,0.0016809168303028174
127,1000,0.5,integrated,False,True,0.0,21.720000000000017,31.095238265008806,21.720000000000017,31.095238265008806,31.095238265008806,2.1409606533021502e-05,2.27512824147978,2.1451192392082215,0.0019308011554647877
128,1000,0.5,integrated,False,True,0.0,21.720000000000017,30.13150231693001,21.720000000000017,30.13150231693001,30.13150231693001,3.082066591054367e-05,3.2006021728170437,1.2742347619644843,0.0011553878816854806
129,1000,0.5,integrated,False,True,0.0,21.720000000000017,31.870942479248313,21.720000000000017,31.870942479248313,31.870942479248313,1.182139353230135e-05,4.69416857380314,0.49212463201673073,0.001734342352331213
130,1000,0.5,integrated,False,True,0.0,21.720000000000017,32.40335106785054,21.720000000000017,32.40335106785054,32.40335106785054,1.7683440754271035e-05,2.4882466650720216,1.3274277082083636,0.0008349780160180747
131,1000,0.5,integrated,False,True,0.0,21.720000000000017,29.3719124056491,21.720000000000017,29.3719124056491,29.3719124056491,2.6744770064250278e-05,3.283412126717372,0.3223670980786984,0.0014724386389818414
132,1000,0.5,integrated,False,True,0.0,21.720000000000017,30.187475815254913,21.720000000000017,30.187475815254913,30.187475815254913,2.5704683920798426e-05,6.662453283549677,0.6367112816909518,0.0012858679061360492
133,1000,0.5,integrated,False,True,0.0,21.720000000000017,30.822539193377025,21.720000000000017,30.822539193377025,30.822539193377025,2.398370681142203e-05,1.268337937955701,0.6303830588509416,0.0007929434891328334
134,1000,0.5,integrated,False,True,0.0,21.720000000000017,31.08529853109828,21.720000000000017,31.08529853109828,31.08529853109828,1.656201649015595e-05,1.99187728954319,1.1345964363179624,0.0017891587826735348
135,1000,0.5,integrated,False,True,0.0,21.720000000000017,31.266103972985434,21.720000000000017,31.266103972985434,31.266103972985434,2.616611818848308e-05,2.8581576091510654,0.5608565373241264,0.0006367818675674746
136,1000,0.5,integrated,False,True,0.0,21.720000000000017,30.220558161665604,21.720000000000017,30.220558161665604,30.220558161665604,2.0129400914359613e-05,1.063636015714195,0.9867443703142796,0.0017302174407248126
137,1000,0.5,integrated,False,True,0.0,21.720000000000017,28.856517027047964,21.720000000000017,28.856517027047964,28.856517027047964,5.9794608993967583e-05,3.512007802290739,0.6274521030977177,0.0008122341658312646
138,1000,0.5,integrated,False,True,0.0,21.720000000000017,31.327475162594595,21.720000000000017,31.327475162594595,31.327475162594595,2.591112408274081e-05,1.3007630629740736,1.515870049928715,0.0008245643157898774
139,1000,0.5,integrated,False,True,0.0,21.720000000000017,28.658509368037016,21.720000000000017,28.658509368037016,28.658509368037016,3.694343067710509e-05,2.8442180692226344,0.5476585351740328,0.0014884553509074232
140,1000,0.5,integrated,False,True,0.0,21.720000000000017,28.511428501625765,21.720000000000017,28.511428501625765,28.511428501625765,6.200346713400836e-05,3.728412132991748,0.9968309969392416,0.0010609255954961351
141,1000,0.5,integrated,False,True,0.0,21.720000000000017,29.379812454104943,21.720000000000017,29.379812454104943,29.379812454104943,2.9404169636580714e-05,2.8311310644928223,0.953476095959731,0.0017876858685922157
142,1000,0.5,integrated,False,True,0.0,21.720000000000017,29.19066364259499,21.720000000000017,29.19066364259499,29.19066364259499,2.583280041057624e-05,3.1162573092002486,0.44703112942381806,0.0018357956286096076
143,1000,0.5,integrated,False,True,0.0,21.720000000000017,30.933095362224346,21.720000000000017,30.933095362224346,30.933095362224346,1.7463993545105426e-05,4.809076298984408,0.49381529615184044,0.001482362247004758
144,1000,0.5,integrated,False,True,0.0,21.720000000000017,31.288001754413344,21.720000000000017,31.288001754413344,31.288001754413344,1.4554750645024207e-05,3.9361061890066598,0.6222522193803238,0.0014946980489608218
145,1000,0.5,integrated,False,True,0.0,21.720000000000017,30.768412296376965,21.720000000000017,30.768412296376965,30.768412296376965,1.6459103754370397e-05,2.521420798560635,0.689169402088681,0.0015506296345788285
146,1000,0.5,integrated,False,True,0.0,21.720000000000017,28.67475853046362,21.720000000000017,28.67475853046362,28.67475853046362,4.3119668603523354e-05,1.3892180701591337,0.4230069666270938,0.001167644163689007
147,1000,0.5,integrated,False,True,0.0,21.720000000000017,28.921608880861147,21.720000000000017,28.921608880861147,28.921608880861147,3.577281787507036e-05,3.6985115550494507,0.3737731523287999,0.001212979567640711
148,1000,0.5,integrated,False,True,0.0,21.720000000000017,33.028583465798064,21.720000000000017,33.028583465798064,33.028583465798064,2.5881735305023218e-05,1.5465135123790708,2.2281023412542553,0.0005461242837241797
149,1000,0.5,integrated,False,True,0.0,21.720000000000017,31.18944185692275,21.720000000000017,31.18944185692275,31.18944185692275,2.202509220888279e-05,1.7898834265238437,1.1758142646442564,0.0009776305439415142
150,1000,0.5,integrated,False,True,0.0,21.720000000000017,30.488923172421142,21.720000000000017,30.488923172421142,30.488923172421142,2.2613952812545096e-05,2.714802895087451,0.5998891275731851,0.0010127518608929011
151,1000,0.5,integrated,False,True,0.0,21.720000000000017,32.872888025957344,21.720000000000017,32.872888025957344,32.872888025957344,2.0646215888696414e-05,1.2031521707473065,0.7266748526444594,0.0004396020423321874
152,1000,0.5,integrated,False,True,0.0,21.720000000000017,32.45318575835293,21.720000000000017,32.45318575835293,32.45318575835293,2.2193363125380784e-05,4.631860919307196,0.39742112706899857,0.0004412903309032646
153,1000,0.5,integrated,False,True,0.0,21.720000000000017,28.594172563424948,21.720000000000017,28.594172563424948,28.594172563424948,4.854778559015183e-05,2.8376920011664932,0.39411333540129984,0.00107385646604554
154,1000,0.5,integrated,False,True,0.0,21.720000000000017,33.9227370819161,21.720000000000017,33.9227370819161,33.9227370819161,1.1919394453900377e-05,2.204540808968089,0.7983151779531472,0.0006675704640727331
155,1000,0.5,integrated,False,True,0.0,21.720000000000017,30.556783076594947,21.720000000000017,30.556783076594947,30.556783076594947,2.8897823985141794e-05,3.2396639426117075,0.6965721770278654,0.0008343215077026457
156,1000,0.5,integrated,False,True,0.0,21.720000000000017,30.344225412232266,21.720000000000017,30.344225412232266,30.344225412232266,2.1084838114148283e-05,2.273732091059876,0.3843807681971398,0.0011455374017999152
157,1000,0.5,integrated,False,True,0.0,21.720000000000017,30.830964302996286,21.720000000000017,30.830964302996286,30.830964302996286,1.700188057707683e-05,3.7258576985344325,0.585066670291724,0.001585331843798129
158,1000,0.5,integrated,False,True,0.0,21.720000000000017,30.104284788172727,21.720000000000017,30.104284788172727,30.104284788172727,3.147078568747007e-05,4.002193936682426,0.7492169677910057,0.0009789906414462677
159,1000,0.5,integrated,False,True,0.0,21.720000000000017,32.834300777482845,21.720000000000017,32.834300777482845,32.834300777482845,1.7081887038380375e-05,5.442567865948757,0.7408646927978374,0.0006367606738085282
160,1000,0.5,integrated,False,True,0.0,21.720000000000017,27.286043989652516,21.720000000000017,27.286043989652516,27.286043989652516,8.144030468699542e-05,1.8923948399314066,1.526657958783185,0.0020654265249002318
161,1000,0.5,integrated,False,True,0.0,21.720000000000017,29.601495039863707,21.720000000000017,29.601495039863707,29.601495039863707,3.695891706029298e-05,5.383099397846884,0.2857594476434619,0.0008250325187608695
162,1000,0.5,integrated,False,True,0.0,21.720000000000017,29.913767134455476,21.720000000000017,29.913767134455476,29.913767134455476,3.814768286867396e-05,0.9885385663971061,0.6195464554821363,0.0007039523235788935
163,1000,0.5,integrated,False,True,0.0,21.720000000000017,30.654307208628374,21.720000000000017,30.654307208628374,30.654307208628374,2.3073955865452654e-05,2.532224819697913,0.59588918931324,0.0009810418343792603
164,1000,0.5,integrated,False,True,0.0,21.720000000000017,31.262058936166643,21.720000000000017,31.262058936166643,31.262058936166643,2.3914870880798904e-05,2.5892162563248022,0.4837620959173285,0.0006589329053033197
165,1000,0.5,integrated,False,True,0.0,21.720000000000017,30.517453218724633,21.720000000000017,30.517453218724633,30.517453218724633,1.7932541425592982e-05,1.797105432471513,1.2603687753734811,0.0022789890782063667
166,1000,0.5,integrated,False,True,0.0,21.720000000000017,33.354176719901055,21.720000000000017,33.354176719901055,33.354176719901055,1.3011480897955265e-05,1.7874301746832737,0.6294069801216211,0.0005821940624922842
167,1000,0.5,integrated,False,True,0.0,21.720000000000017,30.39334216291327,21.720000000000017,30.39334216291327,30.39334216291327,1.77085485225819e-05,3.371137898471315,0.557867299151884,0.001716943543030197
168,1000,0.5,integrated,False,True,0.0,21.720000000000017,30.41996144670678,21.720000000000017,30.41996144670678,30.41996144670678,2.1519571892381675e-05,4.405260671096976,0.43072765295205967,0.0012132640738748706
169,1000,0.5,integrated,False,True,0.0,21.720000000000017,34.92689818285306,21.720000000000017,34.92689818285306,34.92689818285306,1.1986918404535581e-05,2.530024906475083,1.531111934071805,0.0005801412052776786
170,1000,0.5,integrated,False,True,0.0,21.720000000000017,30.21402669402387,21.720000000000017,30.21402669402387,30.21402669402387,2.8689625877019346e-05,2.076987016653623,0.8698833258388856,0.0009979506250590456
171,1000,0.5,integrated,False,True,0.0,21.720000000000017,32.647122492970865,21.720000000000017,32.647122492970865,32.647122492970865,1.6950642620315975e-05,2.407865148825629,1.3823977816750554,0.0008412703704362723
172,1000,0.5,integrated,False,True,0.0,21.720000000000017,31.145695229719877,21.720000000000017,31.145695229719877,31.145695229719877,1.756103999332498e-05,1.7846175079196869,0.8832400114836622,0.001219006341047355
173,1000,0.5,integrated,False,True,0.0,21.720000000000017,30.45769917611065,21.720000000000017,30.45769917611065,30.45769917611065,3.555726947979801e-05,3.6977856295243146,0.46684805413596275,0.0006188953989704561
174,1000,0.5,integrated,False,True,0.0,21.720000000000017,31.35621631323084,21.720000000000017,31.35621631323084,31.35621631323084,1.678825593449845e-05,2.2177406546554326,0.8903662325472994,0.001273371905050142
175,1000,0.5,integrated,False,True,0.0,21.720000000000017,29.31492439699539,21.720000000000017,29.31492439699539,29.31492439699539,6.092799085258571e-05,8.386404970499017,1.297340651255477,0.0008760249516601505
176,1000,0.5,integrated,False,True,0.0,21.720000000000017,30.67840180873268,21.720000000000017,30.67840180873268,30.67840180873268,2.1411721061699395e-05,5.210585893533222,0.23867970831071075,0.0010109996100064796
177,1000,0.5,integrated,False,True,0.0,21.720000000000017,30.412763217438986,21.720000000000017,30.412763217438986,30.412763217438986,3.7319006270595554e-05,3.364854683165098,1.1626445738603488,0.0007560566385576598
178,1000,0.5,integrated,False,True,0.0,21.720000000000017,30.592469275372746,21.720000000000017,30.592469275372746,30.592469275372746,1.7778049263784805e-05,2.794572756089168,0.4736855616670941,0.0014439303238487052
179,1000,0.5,integrated,False,True,0.0,21.720000000000017,30.816413873289058,21.720000000000017,30.816413873289058,30.816413873289058,1.9051111685930426e-05,3.7586992608503467,0.5982999211826516,0.0012473855308133054
180,1000,0.5,integrated,False,True,0.0,21.720000000000017,31.194145639610582,21.720000000000017,31.194145639610582,31.194145639610582,2.8717974580059368e-05,4.732957452496245,2.131357929779387,0.0012109289185023827
181,1000,0.5,integrated,False,True,0.0,21.720000000000017,32.286770913837955,21.720000000000017,32.286770913837955,32.286770913837955,1.723983520362521e-05,5.523966647001456,0.5472552137101004,0.0007319173698207171
182,1000,0.5,integrated,False,True,0.0,21.720000000000017,30.03343801218675,21.720000000000017,30.03343801218675,30.03343801218675,2.745782112166924e-05,5.6696902162917615,0.5753816851898028,0.0011051364566742018
183,1000,0.5,integrated,False,True,0.0,21.720000000000017,31.815187901750946,21.720000000000017,31.815187901750946,31.815187901750946,2.7391376624707745e-05,2.9238384318595725,0.8017811612499571,0.0005074407182999404
184,1000,0.5,integrated,False,True,0.0,21.720000000000017,32.19282277274797,21.720000000000017,32.19282277274797,32.19282277274797,1.9250706608742035e-05,1.3583015071295965,0.7844349773925723,0.0006077042403049862
185,1000,0.5,integrated,False,True,0.0,21.720000000000017,30.855841951085086,21.720000000000017,30.855841951085086,30.855841951085086,2.3780337284664854e-05,2.1747132307583477,0.41103116473681045,0.0007204936492579369
186,1000,0.5,integrated,False,True,0.0,21.720000000000017,31.632907675905642,21.720000000000017,31.632907675905642,31.632907675905642,1.987858853672393e-05,3.3513932577167553,0.3515482166558662,0.0006596443290054798
187,1000,0.5,integrated,False,True,0.0,21.720000000000017,28.955746304797323,21.720000000000017,28.955746304797323,28.955746304797323,3.087240496716761e-05,1.0178674163435695,0.8498126751891091,0.0019021012095982157
188,1000,0.5,integrated,False,True,0.0,21.720000000000017,29.98535325063979,21.720000000000017,29.98535325063979,29.98535325063979,3.21461512875421e-05,2.727851925384016,1.0487471560356254,0.0010451918380456325
189,1000,0.5,integrated,False,True,0.0,21.720000000000017,29.91282201933715,21.720000000000017,29.91282201933715,29.91282201933715,2.6493436683210295e-05,4.797159804562014,0.43948973336245284,0.0011210607733137536
190,1000,0.5,integrated,False,True,0.0,21.720000000000017,30.174190515248057,21.720000000000017,30.174190515248057,30.174190515248057,1.850201937940719e-05,2.625416419921101,0.22865139475856536,0.0014511423685523266
191,1000,0.5,integrated,False,True,0.0,21.720000000000017,31.15281582013462,21.720000000000017,31.15281582013462,31.15281582013462,2.073345800799926e-05,2.3227901770302566,1.0434034073595755,0.001096152296521395
192,1000,0.5,integrated,False,True,0.0,21.720000000000017,31.044055948070174,21.720000000000017,31.044055948070174,31.044055948070174,3.0408430114414375e-05,4.67188297086522,1.0465596641593016,0.000732762431118897
193,1000,0.5,integrated,False,True,0.0,21.720000000000017,29.591413003756195,21.720000000000017,29.591413003756195,29.591413003756195,2.8245286482642033e-05,3.8912075511539586,0.6592226726504465,0.0014084959623493474
194,1000,0.5,integrated,False,True,0.0,21.720000000000017,31.304345051893826,21.720000000000017,31.304345051893826,31.304345051893826,1.8708961263560248e-05,1.6572670493168047,1.0611023417687744,0.001063816971039463
195,1000,0.5,integrated,False,True,0.0,21.720000000000017,30.573978726650765,21.720000000000017,30.573978726650765,30.573978726650765,2.6728654338019788e-05,2.0049241846880057,0.664625777693055,0.0007995961153608603
196,1000,0.5,integrated,False,True,0.0,21.720000000000017,31.34234295306259,21.720000000000017,31.34234295306259,31.34234295306259,1.788754000568014e-05,2.4307420776639423,0.4544145183124573,0.0008825917323894245
197,1000,0.5,integrated,False,True,0.0,21.720000000000017,30.001199041633924,21.720000000000017,30.001199041633924,30.001199041633924,2.772770597211642e-05,4.028905353029511,0.540220340864032,0.0010169576535413055
198,1000,0.5,integrated,False,True,0.0,21.720000000000017,31.94303031067728,21.720000000000017,31.94303031067728,31.94303031067728,2.030461607823512e-05,2.1285409963295585,0.264517506579348,0.0005682720843454102
199,1000,0.5,integrated,False,True,0.0,21.720000000000017,30.388856993789126,21.720000000000017,30.388856993789126,30.388856993789126,2.560208725208192e-05,2.1624971801989656,0.46405049540896953,0.0008961013183153354
200,1000,0.5,integrated,False,True,0.0,21.720000000000017,31.497608011155776,21.720000000000017,31.497608011155776,31.497608011155776,2.376973814420193e-05,5.674180082588681,0.8825439610683518,0.0007566434382178558
201,1000,0.5,integrated,False,True,0.0,21.720000000000017,28.185930134304257,21.720000000000017,28.185930134304257,28.185930134304257,2.2311882129777072e-05,3.9407934046768123,0.1923076688551344,0.00513293834467011
202,1000,0.5,integrated,False,True,0.0,21.720000000000017,32.0596936055618,21.720000000000017,32.0596936055618,32.0596936055618,1.2134699173958466e-05,5.8266598727142815,0.5641489990111455,0.0017606809414843826
203,1000,0.5,integrated,False,True,0.0,21.720000000000017,30.310802600126074,21.720000000000017,30.310802600126074,30.310802600126074,2.0572317048923867e-05,2.5368749690459302,0.9143211112576952,0.001695943458601433
204,1000,0.5,integrated,False,True,0.0,21.720000000000017,31.527520460626008,21.720000000000017,31.527520460626008,31.527520460626008,1.2052383895388425e-05,4.313497793961819,0.4704717960743202,0.001953946247000115
205,1000,0.5,integrated,False,True,0.0,21.720000000000017,30.899244902177568,21.720000000000017,30.899244902177568,30.899244902177568,1.988069699128475e-05,1.7407978217740065,0.7245945665344385,0.0011412072252952657
206,1000,0.5,integrated,False,True,0.0,21.720000000000017,29.33775290024211,21.720000000000017,29.33775290024211,29.33775290024211,4.07877670014971e-05,4.411530325822898,0.30445169047862336,0.000814793244721136
207,1000,0.5,integrated,False,True,0.0,21.720000000000017,29.091463703923043,21.720000000000017,29.091463703923043,29.091463703923043,3.284729194681787e-05,2.0180950526485755,0.6322062192534627,0.0014679966543853877
208,1000,0.5,integrated,False,True,0.0,21.720000000000017,28.712945568844788,21.720000000000017,28.712945568844788,28.712945568844788,4.599102701719041e-05,2.6392373001405995,1.6536501885065553,0.0018506269043110381
209,1000,0.5,integrated,False,True,0.0,21.720000000000017,31.268921489351257,21.720000000000017,31.268921489351257,31.268921489351257,2.1103290701278185e-05,7.386150381093817,0.8423338021721661,0.0010986887656796829
210,1000,0.5,integrated,False,True,0.0,21.720000000000017,31.237573810223516,21.720000000000017,31.237573810223516,31.237573810223516,1.8471263070172745e-05,3.401309781331472,0.7465586208884204,0.0010027172715875872
211,1000,0.5,integrated,False,True,0.0,21.720000000000017,31.101256270842832,21.720000000000017,31.101256270842832,31.101256270842832,1.9968645260314492e-05,10.67133507807301,0.7667528151228385,0.0015581696347341098
212,1000,0.5,integrated,False,True,0.0,21.720000000000017,30.12894419401843,21.720000000000017,30.12894419401843,30.12894419401843,2.6655872182811147e-05,1.8967757518220227,0.6180835758235936,0.0010447742439479274
213,1000,0.5,integrated,False,True,0.0,21.720000000000017,31.433135370997242,21.720000000000017,31.433135370997242,31.433135370997242,1.6454737232149577e-05,3.2659160268620258,0.24365393165354557,0.0008979838486923388
214,1000,0.5,integrated,False,True,0.0,21.720000000000017,32.826815181888406,21.720000000000017,32.826815181888406,32.826815181888406,1.502511226326632e-05,2.1353425735268963,1.0878834203003964,0.0007914382610211248
215,1000,0.5,integrated,False,True,0.0,21.720000000000017,28.324755208916763,21.720000000000017,28.324755208916763,28.324755208916763,4.6195857336120114e-05,1.8823551553079818,0.29289221388051767,0.0012077044345996841
216,1000,0.5,integrated,False,True,0.0,21.720000000000017,31.531799103439415,21.720000000000017,31.531799103439415,31.531799103439415,1.4484027496249654e-05,2.8537199126750195,0.45551073826276883,0.0011833632256003904
217,1000,0.5,integrated,False,True,0.0,21.720000000000017,28.433680939904498,21.720000000000017,28.433680939904498,28.433680939904498,5.508629318924123e-05,5.600110915159952,0.7090635506545615,0.0011932705316890176
218,1000,0.5,integrated,False,True,0.0,21.720000000000017,29.700519620854386,21.720000000000017,29.700519620854386,29.700519620854386,2.892762988396518e-05,3.4685333269350083,0.5984480195375976,0.0012026011413376193
219,1000,0.5,integrated,False,True,0.0,21.720000000000017,31.209456475284533,21.720000000000017,31.209456475284533,31.209456475284533,1.5698694354167426e-05,2.9263117477619356,0.5763707456079794,0.0014005845426857005
220,1000,0.5,integrated,False,True,0.0,21.720000000000017,30.502347971110062,21.720000000000017,30.502347971110062,30.502347971110062,3.633301731779728e-05,3.806364207853323,0.9136655227853665,0.0007146200534034429
221,1000,0.5,integrated,False,True,0.0,21.720000000000017,31.423797829486475,21.720000000000017,31.423797829486475,31.423797829486475,2.61801879977656e-05,2.7388524087924337,1.4059578064899032,0.0007617678323831349
222,1000,0.5,integrated,False,True,0.0,21.720000000000017,32.10884541473605,21.720000000000017,32.10884541473605,32.10884541473605,1.775568298853792e-05,1.501077182722588,0.8514258683392586,0.0007700718713629133
223,1000,0.5,integrated,False,True,0.0,21.720000000000017,30.919156237971144,21.720000000000017,30.919156237971144,30.919156237971144,2.8181190282972935e-05,3.3623311568279597,0.6694582522647211,0.0007317799557661995
224,1000,0.5,integrated,False,True,0.0,21.720000000000017,30.164933343483405,21.720000000000017,30.164933343483405,30.164933343483405,2.730459103865783e-05,4.480002056702055,0.748607015606081,0.0011392374913416004
225,1000,0.5,integrated,False,True,0.0,21.720000000000017,30.560638480708956,21.720000000000017,30.560638480708956,30.560638480708956,2.3447249552538476e-05,5.981518295827114,1.063303220616581,0.0016547206218779774
226,1000,0.5,integrated,False,True,0.0,21.720000000000017,29.40179839525482,21.720000000000017,29.40179839525482,29.40179839525482,2.9068034599489564e-05,4.127792644163843,1.5590187185172841,0.0026936526936867785
227,1000,0.5,integrated,False,True,0.0,21.720000000000017,31.776414424182853,21.720000000000017,31.776414424182853,31.776414424182853,1.9220537337290666e-05,1.5810629972227148,1.384389009859477,0.0010082350349935845
228,1000,0.5,integrated,False,True,0.0,21.720000000000017,28.95630896000814,21.720000000000017,28.95630896000814,28.95630896000814,5.574603412322183e-05,4.482784214092212,0.6984044156694489,0.0008522617626539537
229,1000,0.5,integrated,False,True,0.0,21.720000000000017,29.288632853545604,21.720000000000017,29.288632853545604,29.288632853545604,4.008099521968149e-05,2.5288591373902767,1.01227158368328,0.0011410610398887857
230,1000,0.5,integrated,False,True,0.0,21.720000000000017,28.42796067499893,21.720000000000017,28.42796067499893,28.42796067499893,3.663014641859576e-05,2.93424374651723,0.5793059226143273,0.0018707001469610096
231,1000,0.5,integrated,False,True,0.0,21.720000000000017,29.641933579955477,21.720000000000017,29.641933579955477,29.641933579955477,2.9489614943238883e-05,2.7040149130265934,0.5395336123286206,0.0011432612446927884
232,1000,0.5,integrated,False,True,0.0,21.720000000000017,31.019301979864398,21.720000000000017,31.019301979864398,31.019301979864398,3.392938992886375e-05,5.83013380216683,0.3343529749295805,0.0005035500761825582
233,1000,0.5,integrated,False,True,0.0,21.720000000000017,34.324259841560114,21.720000000000017,34.324259841560114,34.324259841560114,1.2802132272792685e-05,3.2697257985210664,0.7678180159659448,0.000517888334119275
234,1000,0.5,integrated,False,True,0.0,21.720000000000017,30.07354564963428,21.720000000000017,30.07354564963428,30.07354564963428,3.283655114785864e-05,6.500333663999387,0.9441773363474867,0.001055369514734555
235,1000,0.5,integrated,False,True,0.0,21.720000000000017,31.798659180065165,21.720000000000017,31.798659180065165,31.798659180065165,1.7492058270799787e-05,8.388118238832776,0.5450547483960381,0.0010833123405796883
236,1000,0.5,integrated,False,True,0.0,21.720000000000017,30.36967703533046,21.720000000000017,30.36967703533046,30.36967703533046,2.574175265499318e-05,3.1733870498239853,1.2728420431567882,0.0014525920842714188
237,1000,0.5,integrated,False,True,0.0,21.720000000000017,32.33963466259782,21.720000000000017,32.33963466259782,32.33963466259782,1.2910436878665465e-05,2.2556240270388104,0.4307725075887956,0.0008807607936094864
238,1000,0.5,integrated,False,True,0.0,21.720000000000017,32.47540430789566,21.720000000000017,32.47540430789566,32.47540430789566,1.069294078905512e-05,4.093269753608485,0.5868479237443635,0.0015858366533108353
239,1000,0.5,integrated,False,True,0.0,21.720000000000017,29.38564417622967,21.720000000000017,29.38564417622967,29.38564417622967,2.9877036775110343e-05,3.5547959040613453,0.5459683592340085,0.0013492390366653482
240,1000,0.5,integrated,False,True,0.0,21.720000000000017,31.841356906457605,21.720000000000017,31.841356906457605,31.841356906457605,2.0197402599642883e-05,2.769638229057527,0.5828473113530881,0.0006675667418519883
241,1000,0.5,integrated,False,True,0.0,21.720000000000017,31.35598421084105,21.720000000000017,31.35598421084105,31.35598421084105,2.4889673013110416e-05,1.8870796851020812,1.0694732370014555,0.0007599261561141418
242,1000,0.5,integrated,False,True,0.0,21.720000000000017,30.59039429435421,21.720000000000017,30.59039429435421,30.59039429435421,2.5025964985986187e-05,1.8643800226381646,0.8111041026018249,0.001007845069127017
243,1000,0.5,integrated,False,True,0.0,21.720000000000017,34.491830933769734,21.720000000000017,34.491830933769734,34.491830933769734,1.54740678276032e-05,1.7088817457195737,0.8523995718159012,0.00035475809542030983
244,1000,0.5,integrated,False,True,0.0,21.720000000000017,31.715725367579665,21.720000000000017,31.715725367579665,31.715725367579665,2.3874751495890953e-05,2.6035306701378076,1.3733002918896893,0.0008016796699414409
245,1000,0.5,integrated,False,True,0.0,21.720000000000017,32.246539726297584,21.720000000000017,32.246539726297584,32.246539726297584,4.527378101044827e-05,1.651341153765287,1.1837321442049975,0.00032769487978985193
246,1000,0.5,integrated,False,True,0.0,21.720000000000017,30.355110788386984,21.720000000000017,30.355110788386984,30.355110788386984,2.330772836254198e-05,2.4312693049001455,0.3618893561715312,0.0009356842188271364
247,1000,0.5,integrated,False,True,0.0,21.720000000000017,31.959768062166773,21.720000000000017,31.959768062166773,31.959768062166773,1.8730280530571692e-05,2.599913469184481,0.35086994973166236,0.0006193936418627444
248,1000,0.5,integrated,False,True,0.0,21.720000000000017,32.70487095251997,21.720000000000017,32.70487095251997,32.70487095251997,1.736658547926418e-05,5.509430479148785,0.9487635330112452,0.0007559397864557074
249,1000,0.5,integrated,False,True,0.0,21.720000000000017,32.24295918856818,21.720000000000017,32.24295918856818,32.24295918856818,1.3909884222774895e-05,2.369568168943424,0.7321378774141963,0.0009607441378641476
250,1000,0.5,integrated,False,True,0.0,21.720000000000017,28.669607328143528,21.720000000000017,28.669607328143528,28.669607328143528,3.3120081647697224e-05,3.115689890754911,0.7857293620116342,0.002192421578770514
251,1000,0.5,integrated,False,True,0.0,21.720000000000017,29.24026177322318,21.720000000000017,29.24026177322318,29.24026177322318,3.4192367002999735e-05,1.9482089767492998,0.6540627258240073,0.0012194464481364645
252,1000,0.5,integrated,False,True,0.0,21.720000000000017,32.849010055796555,21.720000000000017,32.849010055796555,32.849010055796555,1.1998471760509041e-05,2.148717321411586,0.47352846050487074,0.0008581033052870472
253,1000,0.5,integrated,False,True,0.0,21.720000000000017,28.84116840618831,21.720000000000017,28.84116840618831,28.84116840618831,3.9934282462323585e-05,3.8907090129102997,0.54732564305817,0.001290630920949924
254,1000,0.5,integrated,False,True,0.0,21.720000000000017,29.815891636289862,21.720000000000017,29.815891636289862,29.815891636289862,3.818914310567058e-05,2.9708667398952526,0.8813544854043716,0.0009044537172023981
255,1000,0.5,integrated,False,True,0.0,21.720000000000017,27.999961901846653,21.720000000000017,27.999961901846653,27.999961901846653,5.082564266102679e-05,3.5096540301701125,0.33522574839736885,0.0013665519478751294
256,1000,0.5,integrated,False,True,0.0,21.720000000000017,32.08757243141149,21.720000000000017,32.08757243141149,32.08757243141149,1.5540080914294545e-05,2.2816758223409774,0.6889106444162385,0.0008378842355230027
257,1000,0.5,integrated,False,True,0.0,21.720000000000017,29.998966411409263,21.720000000000017,29.998966411409263,29.998966411409263,4.286720008940172e-05,4.072061537470278,0.7682044537104019,0.0006851486253324675
258,1000,0.5,integrated,False,True,0.0,21.720000000000017,30.48485637343568,21.720000000000017,30.48485637343568,30.48485637343568,2.1301521225330978e-05,2.0778021306789145,0.3286002504391882,0.0010371864609256597
259,1000,0.5,integrated,False,True,0.0,21.720000000000017,30.810800629303813,21.720000000000017,30.810800629303813,30.810800629303813,2.5363008859315477e-05,3.8607417475412937,0.4136598977506348,0.000752181533830731
260,1000,0.5,integrated,False,True,0.0,21.720000000000017,32.05391069680353,21.720000000000017,32.05391069680353,32.05391069680353,1.2884637979708602e-05,2.3352074678315833,0.8569655914361505,0.001308303397519093
261,1000,0.5,integrated,False,True,0.0,21.720000000000017,31.80743225179497,21.720000000000017,31.80743225179497,31.80743225179497,1.2832129891410025e-05,4.738549556701758,1.1580273915984618,0.002323368455843888
262,1000,0.5,integrated,False,True,0.0,21.720000000000017,30.98517189531766,21.720000000000017,30.98517189531766,30.98517189531766,1.662902488237447e-05,0.9515783342722456,0.4334256050015157,0.0011698517791962012
263,1000,0.5,integrated,False,True,0.0,21.720000000000017,31.650325525983753,21.720000000000017,31.650325525983753,31.650325525983753,1.604020009833962e-05,2.3674991074047105,0.6383906347773125,0.0010835898406914236
264,1000,0.5,integrated,False,True,0.0,21.720000000000017,30.651834951272036,21.720000000000017,30.651834951272036,30.651834951272036,3.4277305200780315e-05,3.1545997272993906,1.0774953429665526,0.0006916108420899741
265,1000,0.5,integrated,False,True,0.0,21.720000000000017,31.845961001144914,21.720000000000017,31.845961001144914,31.845961001144914,2.804778809780943e-05,5.443050394480889,1.1917029452078463,0.0005895080010212345
266,1000,0.5,integrated,False,True,0.0,21.720000000000017,31.430359012301935,21.720000000000017,31.430359012301935,31.430359012301935,2.915891960991359e-05,2.710174788794267,1.2755794335239117,0.0006609077966276217
267,1000,0.5,integrated,False,True,0.0,21.720000000000017,33.95552341713768,21.720000000000017,33.95552341713768,33.95552341713768,1.442287399424998e-05,3.7272361887633982,1.0398045886273133,0.0005523792898916824
268,1000,0.5,integrated,False,True,0.0,21.720000000000017,30.031713412296575,21.720000000000017,30.031713412296575,30.031713412296575,3.313387575004784e-05,2.2263298153808764,0.5672435850642096,0.0007765077514548297
269,1000,0.5,integrated,False,True,0.0,21.720000000000017,30.03650677421458,21.720000000000017,30.03650677421458,30.03650677421458,2.420373589838522e-05,8.612637587242904,0.9939175761463096,0.002138126909176122
270,1000,0.5,integrated,False,True,0.0,21.720000000000017,31.069755633272806,21.720000000000017,31.069755633272806,31.069755633272806,2.0206554385738054e-05,3.234309955325574,0.2506406842403707,0.0007789268960227209
271,1000,0.5,integrated,False,True,0.0,21.720000000000017,29.641092862305328,21.720000000000017,29.641092862305328,29.641092862305328,2.9803821837074755e-05,2.123824897588464,0.7600788623302789,0.0013198871450286085
272,1000,0.5,integrated,False,True,0.0,21.720000000000017,31.229606694617864,21.720000000000017,31.229606694617864,31.229606694617864,3.0093787602957853e-05,3.6224376531579976,1.57939950935619,0.0008156586240464922
273,1000,0.5,integrated,False,True,0.0,21.720000000000017,30.80935605099682,21.720000000000017,30.80935605099682,30.80935605099682,1.8278675292119756e-05,3.488815618554937,0.41454995586576676,0.0011588792700984968
274,1000,0.5,integrated,False,True,0.0,21.720000000000017,30.35096313336105,21.720000000000017,30.35096313336105,30.35096313336105,3.6091898719021434e-05,1.887143915938345,0.5132589587656182,0.0006259277746272088
275,1000,0.5,integrated,False,True,0.0,21.720000000000017,30.98245217318219,21.720000000000017,30.98245217318219,30.98245217318219,2.405172035503114e-05,2.6159786249986743,0.6430729964767533,0.0007920358720496816
276,1000,0.5,integrated,False,True,0.0,21.720000000000017,30.06908436275443,21.720000000000017,30.06908436275443,30.06908436275443,3.296949181383101e-05,1.7586001507627416,0.5436735595973855,0.0008237226510877316
277,1000,0.5,integrated,False,True,0.0,21.720000000000017,32.83710170178012,21.720000000000017,32.83710170178012,32.83710170178012,1.5742911829096958e-05,2.7571276566079024,0.44056649397454384,0.0005477745394705853
278,1000,0.5,integrated,False,True,0.0,21.720000000000017,31.748750485939453,21.720000000000017,31.748750485939453,31.748750485939453,4.5391170396902154e-05,2.4800505038649177,1.3349735184268297,0.0004098577482557677
279,1000,0.5,integrated,False,True,0.0,21.720000000000017,31.737814350834203,21.720000000000017,31.737814350834203,31.737814350834203,2.2343955768966774e-05,4.951716715536303,0.8824919490047416,0.0007491219246105741
280,1000,0.5,integrated,False,True,0.0,21.720000000000017,30.467728021178974,21.720000000000017,30.467728021178974,30.467728021178974,2.871641744655521e-05,2.2198417526786156,0.4662075145947873,0.0007513115791452619
281,1000,0.5,integrated,False,True,0.0,21.720000000000017,29.55833783557118,21.720000000000017,29.55833783557118,29.55833783557118,3.369340010133362e-05,1.7509063384519392,0.6073162962938857,0.0009862390673487074
282,1000,0.5,integrated,False,True,0.0,21.720000000000017,30.7821775465153,21.720000000000017,30.7821775465153,30.7821775465153,1.571215100938057e-05,4.505911448448503,0.4064484544679515,0.0016362317728801654
283,1000,0.5,integrated,False,True,0.0,21.720000000000017,32.714866088779516,21.720000000000017,32.714866088779516,32.714866088779516,1.3066867478156594e-05,4.594442425898835,0.5992280379787649,0.000924229757545508
284,1000,0.5,integrated,False,True,0.0,21.720000000000017,30.20656042275945,21.720000000000017,30.20656042275945,30.20656042275945,2.983479557010378e-05,2.1268046199481825,0.9428050151567168,0.0009848247174501132
285,1000,0.5,integrated,False,True,0.0,21.720000000000017,31.76955493584329,21.720000000000017,31.76955493584329,31.76955493584329,1.4577752637011555e-05,2.9466499376809203,0.5156814192422448,0.0011912173285377858
286,1000,0.5,integrated,False,True,0.0,21.720000000000017,30.83245705910468,21.720000000000017,30.83245705910468,30.83245705910468,1.9312085682102788e-05,2.3119398409401013,0.5054326872524683,0.0011454159495902384
287,1000,0.5,integrated,False,True,0.0,21.720000000000017,28.880157654875852,21.720000000000017,28.880157654875852,28.880157654875852,3.198944927694041e-05,4.82161831561435,0.46187452005787705,0.0016176302588664392
288,1000,0.5,integrated,False,True,0.0,21.720000000000017,28.71786421440713,21.720000000000017,28.71786421440713,28.71786421440713,3.4084916773309476e-05,3.1544276395678876,0.8065566473772424,0.002068429032283936
289,1000,0.5,integrated,False,True,0.0,21.720000000000017,29.5119574045276,21.720000000000017,29.5119574045276,29.5119574045276,1.7319864829024598e-05,2.47269013992839,0.4082029267165032,0.003067265422266249
290,1000,0.5,integrated,False,True,0.0,21.720000000000017,30.364858677379438,21.720000000000017,30.364858677379438,30.364858677379438,3.1406930547068665e-05,5.740571566141674,1.4636817129038069,0.001174504834153169
291,1000,0.5,integrated,False,True,0.0,21.720000000000017,31.901053901534265,21.720000000000017,31.901053901534265,31.901053901534265,1.8767767993357116e-05,3.2267722446138136,1.1933192966304178,0.0010351349380419894
292,1000,0.5,integrated,False,True,0.0,21.720000000000017,32.40380592348018,21.720000000000017,32.40380592348018,32.40380592348018,2.0259972916791104e-05,3.093424359288785,1.2281312433474354,0.0006787912016249102
293,1000,0.5,integrated,False,True,0.0,21.720000000000017,30.26449925294479,21.720000000000017,30.26449925294479,30.26449925294479,2.3079292201375797e-05,4.71488254540239,0.776108936814762,0.001415440292005251
294,1000,0.5,integrated,False,True,0.0,21.720000000000017,32.26461633413284,21.720000000000017,32.26461633413284,32.26461633413284,3.497692298786865e-05,4.616088432835099,0.9950767788442574,0.00037673639077980925
295,1000,0.5,integrated,False,True,0.0,22.920000000000016,35.9220126996324,22.920000000000016,35.9220126996324,35.9220126996324,9.985239066126467e-06,3.8061065870443858,3.923928088533111,0.0014652774917276092
296,1000,0.5,integrated,False,True,0.0,21.720000000000017,29.848410627209148,21.720000000000017,29.848410627209148,29.848410627209148,7.038263385939555e-05,3.1502240368636345,0.2997439110709461,0.00041964912683294483
297,1000,0.5,integrated,False,True,0.0,21.720000000000017,31.090679391414945,21.720000000000017,31.090679391414945,31.090679391414945,1.6989396522123248e-05,4.620536103564958,1.1172002841892463,0.0019056114162625082
298,1000,0.5,integrated,False,True,0.0,21.720000000000017,31.001330828467914,21.720000000000017,31.001330828467914,31.001330828467914,2.6769382283538115e-05,2.1663138768612495,0.47345034017633697,0.0006456352482141403
299,1000,0.5,integrated,False,True,0.0,21.720000000000017,30.25214611108815,21.720000000000017,30.25214611108815,30.25214611108815,2.7050592215449765e-05,4.210554408001961,0.44311434740954014,0.0009625669701698066
300,1000,0.5,integrated,False,True,0.0,21.720000000000017,29.03968480158389,21.720000000000017,29.03968480158389,29.03968480158389,3.110999140834865e-05,2.2923278130167275,1.1207955787080055,0.002088773227943698
301,1000,0.5,integrated,False,True,0.0,21.720000000000017,29.02993300626278,21.720000000000017,29.02993300626278,29.02993300626278,3.6113213788823346e-05,5.485295535434861,0.5643510021020804,0.0014786932950434932
302,1000,0.5,integrated,False,True,0.0,21.720000000000017,31.35338351717124,21.720000000000017,31.35338351717124,31.35338351717124,2.3033831748027353e-05,2.1784037960330256,1.4987108871530948,0.0010157728425905517
303,1000,0.5,integrated,False,True,0.0,21.720000000000017,31.48949381495192,21.720000000000017,31.48949381495192,31.48949381495192,3.33868593720328e-05,6.310034776715532,0.7073888435954436,0.0004951698829411105
304,1000,0.5,integrated,False,True,0.0,21.720000000000017,29.426616183971127,21.720000000000017,29.426616183971127,29.426616183971127,3.446730552788734e-05,3.8277640109547346,1.5915062162078442,0.0018961388882804292
305,1000,0.5,integrated,False,True,0.0,21.720000000000017,29.505693935755374,21.720000000000017,29.505693935755374,29.505693935755374,2.8418553373867323e-05,1.6535816339266374,0.2873966638220469,0.0010670647990868255
306,1000,0.5,integrated,False,True,0.0,21.720000000000017,32.285936703834,21.720000000000017,32.285936703834,32.285936703834,1.5130036105087078e-05,2.159565900935285,1.1216109877905927,0.0009962635982959547
307,1000,0.5,integrated,False,True,0.0,21.720000000000017,32.81850679255872,21.720000000000017,32.81850679255872,32.81850679255872,2.5459259874729542e-05,1.7942194999252556,1.5690277272580815,0.00048434319771485163
308,1000,0.5,integrated,False,True,0.0,21.720000000000017,31.381143125662298,21.720000000000017,31.381143125662298,31.381143125662298,2.2011491386910393e-05,2.0871801887323147,0.679560574240879,0.000694286030363387
309,1000,0.5,integrated,False,True,0.0,21.720000000000017,30.065976599163072,21.720000000000017,30.065976599163072,30.065976599163072,1.7807413431649315e-05,3.5104579027983323,0.5560344696315601,0.002156680744446371
310,1000,0.5,integrated,False,True,0.0,21.840000000000018,34.85905730501611,21.840000000000018,34.85905730501611,34.85905730501611,1.1266438035099944e-05,4.726839937444318,2.2452619524683413,0.0009628360602872956
311,1000,0.5,integrated,False,True,0.0,21.720000000000017,31.468084583319637,21.720000000000017,31.468084583319637,31.468084583319637,1.782396698760266e-05,3.7016530965335486,1.429546647458247,0.0015731816960790014
312,1000,0.5,integrated,False,True,0.0,21.720000000000017,30.464540250121296,21.720000000000017,30.464540250121296,30.464540250121296,2.5129744134974366e-05,9.086360876959544,0.3060522967901243,0.0009334643255557966
313,1000,0.5,integrated,False,True,0.0,21.720000000000017,28.861677880445768,21.720000000000017,28.861677880445768,28.861677880445768,3.647848176997618e-05,5.662996565974216,0.5235673234524986,0.001478835077019347
314,1000,0.5,integrated,False,True,0.0,21.720000000000017,31.59511024819872,21.720000000000017,31.59511024819872,31.59511024819872,2.196579309023132e-05,3.5932503947007115,0.6926593252989195,0.0007401487909335107
315,1000,0.5,integrated,False,True,0.0,21.720000000000017,32.91703957508035,21.720000000000017,32.91703957508035,32.91703957508035,3.1552032734820665e-05,2.509329138038476,0.8617285201358552,0.00032539470102366317
316,1000,0.5,integrated,False,True,0.0,21.720000000000017,28.177517253888,21.720000000000017,28.177517253888,28.177517253888,5.109670464729029e-05,1.9508779655160595,1.9344197555364884,0.0026066155914394994
317,1000,0.5,integrated,False,True,0.0,21.720000000000017,32.90311616673148,21.720000000000017,32.90311616673148,32.90311616673148,1.1420132157316675e-05,6.098134547206189,0.5370193577771626,0.0011430551245177247
318,1000,0.5,integrated,False,True,0.0,21.720000000000017,33.50721342758688,21.720000000000017,33.50721342758688,33.50721342758688,1.6362240547956168e-05,5.688783551465753,0.41028777319304244,0.000437458264514527
319,1000,0.5,integrated,False,True,0.0,21.720000000000017,29.846501337430844,21.720000000000017,29.846501337430844,29.846501337430844,3.621798123770662e-05,1.0465766811554393,0.3880687430142321,0.0007061478741260466
320,1000,0.5,integrated,False,True,0.0,21.720000000000017,29.988198416346776,21.720000000000017,29.988198416346776,29.988198416346776,2.4229024748107715e-05,2.1143488471673626,0.7740960050737856,0.0014111076506483993
321,1000,0.5,integrated,False,True,0.0,21.720000000000017,30.06473902649708,21.720000000000017,30.06473902649708,30.06473902649708,3.535772316416908e-05,2.3946353219116836,0.6350710116176882,0.0007663174057654761
322,1000,0.5,integrated,False,True,0.0,21.720000000000017,29.322207296331282,21.720000000000017,29.322207296331282,29.322207296331282,5.181366854413261e-05,4.608412323376767,0.8949023132329128,0.0008206514091536136
323,1000,0.5,integrated,False,True,0.0,21.720000000000017,32.17739666672219,21.720000000000017,32.17739666672219,32.17739666672219,1.385534834866728e-05,4.744685966014779,0.9592717216024518,0.0014050331980938948
324,1000,0.5,integrated,False,True,0.0,21.720000000000017,32.267904169109684,21.720000000000017,32.267904169109684,32.267904169109684,1.5630203687126906e-05,1.0459240332779551,0.5622599465683003,0.0006929341934278944
325,1000,0.5,integrated,False,True,0.0,21.720000000000017,35.63516460808448,21.720000000000017,35.63516460808448,35.63516460808448,8.33023136612879e-06,3.4356588229808938,0.6741126155204714,0.0005914742637371889
326,1000,0.5,integrated,False,True,0.0,21.720000000000017,31.421995220839044,21.720000000000017,31.421995220839044,31.421995220839044,2.2166359571386257e-05,2.8215178855411436,0.7513275068166918,0.0007139348359903257
327,1000,0.5,integrated,False,True,0.0,21.720000000000017,30.964892653815607,21.720000000000017,30.964892653815607,30.964892653815607,1.9375035998358e-05,2.944366090385533,0.6451840655201708,0.0010844333072885745
328,1000,0.5,integrated,False,True,0.0,21.720000000000017,32.72186418647527,21.720000000000017,32.72186418647527,32.72186418647527,1.1340072640565756e-05,3.406381814984621,0.5568638457075511,0.0010498976128530582
329,1000,0.5,integrated,False,True,0.0,21.720000000000017,29.164981234496057,21.720000000000017,29.164981234496057,29.164981234496057,3.839466358061641e-05,2.5821738071585782,0.6448213321935446,0.0011140825600617643
330,1000,0.5,integrated,False,True,0.0,21.720000000000017,30.740194060261615,21.720000000000017,30.740194060261615,30.740194060261615,2.1842844645302968e-05,1.0230715118644402,0.3861778446256233,0.0007975171228432839
331,1000,0.5,integrated,False,True,0.0,21.720000000000017,30.251672388648725,21.720000000000017,30.251672388648725,30.251672388648725,3.0044945040684708e-05,2.932340939005151,0.5151840787537034,0.0008218994420406988
332,1000,0.5,integrated,False,True,0.0,21.720000000000017,27.499092773459072,21.720000000000017,27.499092773459072,27.499092773459072,4.781075209734338e-05,4.820366822132957,0.7213152242975899,0.002817212737373455
333,1000,0.5,integrated,False,True,0.0,21.720000000000017,29.552396340432544,21.720000000000017,29.552396340432544,29.552396340432544,4.8871363410816136e-05,1.3664858945445693,0.8392922398627022,0.0007197659627265218
334,1000,0.5,integrated,False,True,0.0,21.720000000000017,31.33647820205666,21.720000000000017,31.33647820205666,31.33647820205666,1.943507094195423e-05,1.946921957128094,0.6049831879032866,0.0008197890134086108
335,1000,0.5,integrated,False,True,0.0,21.720000000000017,29.9167558582823,21.720000000000017,29.9167558582823,29.9167558582823,2.3816373606900202e-05,2.411917327465485,0.6051197471380084,0.0013959366795760185
336,1000,0.5,integrated,False,True,0.0,21.720000000000017,29.22178063426165,21.720000000000017,29.22178063426165,29.22178063426165,3.0910299855472125e-05,5.176655099118678,0.635217720600168,0.0015808498384288488
337,1000,0.5,integrated,False,True,0.0,21.720000000000017,36.103334004310206,21.720000000000017,36.103334004310206,36.103334004310206,1.0552652158222013e-05,2.946161107043414,0.8645762037526281,0.00035309867741321725
338,1000,0.5,integrated,False,True,0.0,21.720000000000017,27.970433351981015,21.720000000000017,27.970433351981015,27.970433351981015,7.92938935694286e-05,6.391113599082993,0.10695102844410426,0.0008434537471899266
339,1000,0.5,integrated,False,True,0.0,21.720000000000017,30.157532551797445,21.720000000000017,30.157532551797445,30.157532551797445,2.092513577239597e-05,1.3715823419518551,0.8388008334639845,0.0016398736953277795
340,1000,0.5,integrated,False,True,0.0,21.720000000000017,29.852634830463252,21.720000000000017,29.852634830463252,29.852634830463252,4.206160613360429e-05,6.8854858751247425,1.0474404019480796,0.0009423074582478225
341,1000,0.5,integrated,False,True,0.0,21.720000000000017,30.033606836169454,21.720000000000017,30.033606836169454,30.033606836169454,3.6533787967682494e-05,2.882444814992547,0.9297251943188787,0.0008347897138981492
342,1000,0.5,integrated,False,True,0.0,21.720000000000017,31.70234251424386,21.720000000000017,31.70234251424386,31.70234251424386,2.3204258231027775e-05,2.3960947098894683,0.48325865623553693,0.0005441526382605109
343,1000,0.5,integrated,False,True,0.0,21.720000000000017,32.41349541947109,21.720000000000017,32.41349541947109,32.41349541947109,1.7200122126066748e-05,2.665237674435968,1.550242765670916,0.0009358655013670882
344,1000,0.5,integrated,False,True,0.0,21.720000000000017,31.68898877107987,21.720000000000017,31.68898877107987,31.68898877107987,1.7930446143354583e-05,2.1455809381032855,0.6290645564234553,0.0008347811132985151
345,1000,0.5,integrated,False,True,0.0,21.720000000000017,30.368962861925006,21.720000000000017,30.368962861925006,30.368962861925006,2.637197731849889e-05,3.621298836038996,0.5184644929633366,0.0009287369285031221
346,1000,0.5,integrated,False,True,0.0,21.720000000000017,31.523019492891873,21.720000000000017,31.523019492891873,31.523019492891873,1.1770524311343603e-05,3.21003844441445,0.626515760213684,0.0019683437906542157
347,1000,0.5,integrated,False,True,0.0,21.720000000000017,29.581903866064447,21.720000000000017,29.581903866064447,29.581903866064447,5.393621558383842e-05,3.1795836132300535,0.35808155130122493,0.0005600583531219797
348,1000,0.5,integrated,False,True,0.0,21.720000000000017,30.794873777868027,21.720000000000017,30.794873777868027,30.794873777868027,2.384500380247204e-05,1.9179169924450354,0.5500275607575222,0.0008022726438628143
349,1000,0.5,integrated,False,True,0.0,21.720000000000017,29.860502616119188,21.720000000000017,29.860502616119188,29.860502616119188,3.082785770305741e-05,3.9266627647166823,0.7080199959511819,0.0010309375489443533
350,1000,0.5,integrated,False,True,0.0,21.720000000000017,32.16903131271919,21.720000000000017,32.16903131271919,32.16903131271919,1.650977862041345e-05,6.81892525551013,0.6032357428872488,0.000860830241073253
351,1000,0.5,integrated,False,True,0.0,21.720000000000017,32.23046120995326,21.720000000000017,32.23046120995326,32.23046120995326,1.1192150970182753e-05,1.7162250029500392,0.6713315128217866,0.001424278262030382
352,1000,0.5,integrated,False,True,0.0,21.720000000000017,29.93758712640745,21.720000000000017,29.93758712640745,29.93758712640745,2.5429568227709423e-05,4.8618948425847455,0.3908597015384768,0.0011520466692722326
353,1000,0.5,integrated,False,True,0.0,21.720000000000017,31.206734602240257,21.720000000000017,31.206734602240257,31.206734602240257,1.410185747153849e-05,1.9555388239857296,0.6535139282112201,0.0016086498424361592
354,1000,0.5,integrated,False,True,0.0,21.720000000000017,29.32430466597748,21.720000000000017,29.32430466597748,29.32430466597748,2.7059191501805207e-05,2.3460771060369847,0.53437303817373,0.0014496115488219661
355,1000,0.5,integrated,False,True,0.0,21.720000000000017,30.93032625800815,21.720000000000017,30.93032625800815,30.93032625800815,1.961971834489908e-05,3.038243946522689,0.918991551257274,0.0013351197796919124
356,1000,0.5,integrated,False,True,0.0,21.720000000000017,32.01584342994857,21.720000000000017,32.01584342994857,32.01584342994857,2.6437492685354605e-05,2.239084127428419,1.5324516276293623,0.0006565621801337232
357,1000,0.5,integrated,False,True,0.0,21.720000000000017,32.05464157632966,21.720000000000017,32.05464157632966,32.05464157632966,1.3683946189129442e-05,4.241969927574321,0.2180709455309299,0.000963929086900012
358,1000,0.5,integrated,False,True,0.0,21.720000000000017,31.2431271975219,21.720000000000017,31.2431271975219,31.2431271975219,3.9196948069736956e-05,2.697363036644288,0.8447503938774229,0.0004517741756798726
359,1000,0.5,integrated,False,True,0.0,21.720000000000017,32.27992801944264,21.720000000000017,32.27992801944264,32.27992801944264,1.877838074078364e-05,2.573601570961725,0.5504814233774332,0.0006086717604251756
360,1000,0.5,integrated,False,True,0.0,21.720000000000017,28.59585829064617,21.720000000000017,28.59585829064617,28.59585829064617,3.852525498781352e-05,2.9738585275153606,0.9510707087200995,0.0018369816783861573
361,1000,0.5,integrated,False,True,0.0,21.720000000000017,32.241059230646826,21.720000000000017,32.241059230646826,32.241059230646826,1.6896458915435928e-05,2.6469211636069008,0.753195531413254,0.0007068983859773897
362,1000,0.5,integrated,False,True,0.0,21.720000000000017,31.595505784467758,21.720000000000017,31.595505784467758,31.595505784467758,2.082798513945877e-05,8.000595577465846,1.0012746717138261,0.0010842495022364668
363,1000,0.5,integrated,False,True,0.0,21.720000000000017,31.403223576241942,21.720000000000017,31.403223576241942,31.403223576241942,1.6366621688372225e-05,2.2243017791367006,0.6275547451903,0.0010990658850973602
364,1000,0.5,integrated,False,True,0.0,21.720000000000017,29.586701404905114,21.720000000000017,29.586701404905114,29.586701404905114,3.41472270597062e-05,4.329665697299598,0.7984373601603101,0.0011725376890244954
365,1000,0.5,integrated,False,True,0.0,21.720000000000017,35.61750036724135,21.720000000000017,35.61750036724135,35.61750036724135,9.896520924203352e-06,2.872834540301196,1.0761142686714453,0.0004823343547738156
366,1000,0.5,integrated,False,True,0.0,21.720000000000017,28.429143168072244,21.720000000000017,28.429143168072244,28.429143168072244,2.6361935073692193e-05,1.8776170079919547,0.46392173090167443,0.0029315551008828253
367,1000,0.5,integrated,False,True,0.0,21.720000000000017,32.47385220175403,21.720000000000017,32.47385220175403,32.47385220175403,1.3771176460454942e-05,2.63739028234984,0.6919610034961409,0.0008607552969282566
368,1000,0.5,integrated,False,True,0.0,21.720000000000017,29.009776682869745,21.720000000000017,29.009776682869745,29.009776682869745,2.9268156892792647e-05,1.1101592223203218,0.565135859877217,0.0017206706682058336
369,1000,0.5,integrated,False,True,0.0,21.720000000000017,27.74349950990574,21.720000000000017,27.74349950990574,27.74349950990574,4.762226408952386e-05,1.6690496444237117,1.345783032449607,0.003032968410238709
370,1000,0.5,integrated,False,True,0.0,21.720000000000017,31.266945266868852,21.720000000000017,31.266945266868852,31.266945266868852,1.2405681951503179e-05,1.4155733132231842,0.2756825737767204,0.0014954968196120356
371,1000,0.5,integrated,False,True,0.0,21.720000000000017,29.68787367840899,21.720000000000017,29.68787367840899,29.68787367840899,2.8712654361159685e-05,3.0505568290260547,0.3905134856130044,0.0011153654908300737
372,1000,0.5,integrated,False,True,0.0,21.720000000000017,32.340892975852604,21.720000000000017,32.340892975852604,32.340892975852604,1.4496506929965386e-05,2.5692036067454973,0.6744870025937962,0.000820908631909918
373,1000,0.5,integrated,False,True,0.0,21.720000000000017,32.63393457371208,21.720000000000017,32.63393457371208,32.63393457371208,2.161042250758984e-05,3.565223006103987,0.7891730236698653,0.0004916198742886907
374,1000,0.5,integrated,False,True,0.0,21.720000000000017,32.10414744175108,21.720000000000017,32.10414744175108,32.10414744175108,1.9799540128794716e-05,2.034737401430338,0.8402761868485107,0.0006008094377569521
375,1000,0.5,integrated,False,True,0.0,21.720000000000017,31.392970615261795,21.720000000000017,31.392970615261795,31.392970615261795,1.963155302217467e-05,3.750799644640872,0.4129373773063897,0.0008154353598552297
376,1000,0.5,integrated,False,True,0.0,21.720000000000017,27.655542070176892,21.720000000000017,27.655542070176892,27.655542070176892,7.329756488775696e-05,1.6833867897595203,0.8924184230404137,0.0014430540098106417
377,1000,0.5,integrated,False,True,0.0,21.720000000000017,29.480091284116114,21.720000000000017,29.480091284116114,29.480091284116114,3.1531962061280176e-05,3.6849049235155054,1.159252267058202,0.0017066565154205567
378,1000,0.5,integrated,False,True,0.0,21.720000000000017,33.98915195309848,21.720000000000017,33.98915195309848,33.98915195309848,2.0043037469891008e-05,1.6682683126273037,0.43941288927805294,0.0002842748092812685
379,1000,0.5,integrated,False,True,0.0,21.720000000000017,31.92020541942184,21.720000000000017,31.92020541942184,31.92020541942184,2.951699549844565e-05,5.082207745943455,0.6255301016092614,0.0004305229170637526
380,1000,0.5,integrated,False,True,0.0,21.720000000000017,31.572017322428728,21.720000000000017,31.572017322428728,31.572017322428728,2.9714305899521344e-05,2.3900783649185096,1.036182703176344,0.0005972336801230355
381,1000,0.5,integrated,False,True,0.0,21.720000000000017,29.876022116818383,21.720000000000017,29.876022116818383,29.876022116818383,2.4060342346134785e-05,2.621344461469405,0.40333916304109513,0.0012814954401043244
382,1000,0.5,integrated,False,True,0.0,21.720000000000017,35.34359566877336,21.720000000000017,35.34359566877336,35.34359566877336,8.306078109628296e-06,1.926944237071527,0.4755047427582462,0.0004685168739921128
383,1000,0.5,integrated,False,True,0.0,21.720000000000017,37.47108208932806,21.720000000000017,37.47108208932806,37.47108208932806,6.705389630329912e-06,2.0156487583702285,0.4325994076065748,0.00032364775895186667
384,1000,0.5,integrated,False,True,0.0,21.720000000000017,31.78312728070925,21.720000000000017,31.78312728070925,31.78312728070925,1.9713012303179508e-05,5.631697634278941,0.832106276813692,0.0008637559662841879
385,1000,0.5,integrated,False,True,0.0,21.720000000000017,31.885164424561523,21.720000000000017,31.885164424561523,31.885164424561523,2.4666365370806656e-05,2.179890437111036,1.6309641382896236,0.0007433322872741672
386,1000,0.5,integrated,False,True,0.0,21.840000000000018,33.73782662995369,21.840000000000018,33.73782662995369,33.73782662995369,1.0108475536262524e-05,3.8671522823110465,1.9308534426022042,0.0017233259019906987
387,1000,0.5,integrated,False,True,0.0,21.720000000000017,30.8974124160857,21.720000000000017,30.8974124160857,30.8974124160857,1.610380855089579e-05,3.68682424139107,0.7637732482175889,0.0017965140733802664
388,1000,0.5,integrated,False,True,0.0,21.720000000000017,34.047437267503554,21.720000000000017,34.047437267503554,34.047437267503554,1.6402336071226725e-05,2.370306648872995,0.7072738383658556,0.0003640736690666415
389,1000,0.5,integrated,False,True,0.0,21.720000000000017,28.089256744424873,21.720000000000017,28.089256744424873,28.089256744424873,6.57957531298807e-05,8.565902590664637,0.6333902978775505,0.001243424820834634
390,1000,0.5,integrated,False,True,0.0,21.720000000000017,28.254623506606485,21.720000000000017,28.254623506606485,28.254623506606485,4.146895090645296e-05,2.8276876955671457,1.0446545055724856,0.002215828843378782
391,1000,0.5,integrated,False,True,0.0,21.720000000000017,29.15044098525622,21.720000000000017,29.15044098525622,29.15044098525622,3.641174726918989e-05,3.5861846412991185,0.6615537584976209,0.001278889000097453
392,1000,0.5,integrated,False,True,0.0,21.720000000000017,30.42655237526226,21.720000000000017,30.42655237526226,30.42655237526226,3.652364957016996e-05,3.2610311380994745,0.941384039571652,0.0006921981738364631
393,1000,0.5,integrated,False,True,0.0,21.720000000000017,31.226252553197426,21.720000000000017,31.226252553197426,31.226252553197426,1.69899330656299e-05,1.3977153803720508,0.6722757432605455,0.001068895152812458
394,1000,0.5,integrated,False,True,0.0,21.720000000000017,32.54335144569485,21.720000000000017,32.54335144569485,32.54335144569485,3.2680303431537375e-05,5.481802000785124,0.5407706278301796,0.00033406615192728477
395,1000,0.5,integrated,False,True,0.0,21.720000000000017,31.510273268365378,21.720000000000017,31.510273268365378,31.510273268365378,1.773921670349845e-05,3.6867244654386497,0.5964781915695088,0.0009283280487225297
396,1000,0.5,integrated,False,True,0.0,21.720000000000017,30.834572500173593,21.720000000000017,30.834572500173593,30.834572500173593,4.278414700553297e-05,2.679738756083909,1.0831219768720366,0.0005505830642076123
397,1000,0.5,integrated,False,True,0.0,21.720000000000017,32.09372735474856,21.720000000000017,32.09372735474856,32.09372735474856,2.032325313000564e-05,3.126350848341036,0.7687885543365206,0.0006393809428382477
398,1000,0.5,integrated,False,True,0.0,21.720000000000017,29.606291736337646,21.720000000000017,29.606291736337646,29.606291736337646,2.9065292676194868e-05,2.9532158048907813,1.1688076152127058,0.0016579998252943945
399,1000,0.5,integrated,False,True,0.0,21.720000000000017,29.40919648417771,21.720000000000017,29.40919648417771,29.40919648417771,3.748117892049396e-05,2.7257199889187924,0.3446391350128326,0.000900593089152813
400,1000,0.5,integrated,False,True,0.0,21.720000000000017,34.57067176028427,21.720000000000017,34.57067176028427,34.57067176028427,1.558393562493736e-05,3.715957845474802,0.3875448776910508,0.00030900422553477877
401,1000,0.5,integrated,False,True,0.0,21.720000000000017,28.611112747944333,21.720000000000017,28.611112747944333,28.611112747944333,4.6664774206844195e-05,2.190397853265495,0.6881125599800141,0.0012101709384558005
402,1000,0.5,integrated,False,True,0.0,21.720000000000017,29.397455189377098,21.720000000000017,29.397455189377098,29.397455189377098,4.157922109717906e-05,4.699319236958879,0.9711246995210416,0.0010358814383819945
403,1000,0.5,integrated,False,True,0.0,21.720000000000017,30.475261062554743,21.720000000000017,30.475261062554743,30.475261062554743,4.513406445929777e-05,6.39009272359305,0.5094336714236867,0.0005149863187955933
404,1000,0.5,integrated,False,True,0.0,21.720000000000017,29.658199929901453,21.720000000000017,29.658199929901453,29.658199929901453,2.7965332366839377e-05,2.6266582568040033,0.37939858936240906,0.00112912502220868
405,1000,0.5,integrated,False,True,0.0,21.720000000000017,32.378738868426765,21.720000000000017,32.378738868426765,32.378738868426765,1.7623683602411037e-05,2.089505895976922,0.8049978642375871,0.0006664178714186503
406,1000,0.5,integrated,False,True,0.0,21.720000000000017,31.33783132087614,21.720000000000017,31.33783132087614,31.33783132087614,3.051483397083299e-05,4.847380869675543,1.0557675321251256,0.0006449466927024094
407,1000,0.5,integrated,False,True,0.0,21.720000000000017,30.002683213447867,21.720000000000017,30.002683213447867,30.002683213447867,2.840864141163234e-05,4.802613789640055,0.8297338014921309,0.0012333375578285624
408,1000,0.5,integrated,False,True,0.0,21.720000000000017,31.28375711462118,21.720000000000017,31.28375711462118,31.28375711462118,2.0193207654542363e-05,3.817378435699089,0.7752092399173632,0.000992858243814923
409,1000,0.5,integrated,False,True,0.0,21.720000000000017,28.9721992244503,21.720000000000017,28.9721992244503,28.9721992244503,3.093201878789431e-05,2.0184710773289103,1.3320509881587907,0.002377050993856901
410,1000,0.5,integrated,False,True,0.0,21.720000000000017,30.589346474301394,21.720000000000017,30.589346474301394,30.589346474301394,3.118669156424099e-05,5.075000679171043,0.8534621383841887,0.0008555206866078161
411,1000,0.5,integrated,False,True,0.0,21.720000000000017,33.79443752800719,21.720000000000017,33.79443752800719,33.79443752800719,1.39829449052534e-05,2.975201281411971,0.6683312749570489,0.00047621726396572897
412,1000,0.5,integrated,False,True,0.0,21.720000000000017,30.36739211972722,21.720000000000017,30.36739211972722,30.36739211972722,2.0004439468922753e-05,1.2947819684693973,1.2320747108652,0.0018354287626010774
413,1000,0.5,integrated,False,True,0.0,21.720000000000017,34.6966612158967,21.720000000000017,34.6966612158967,34.6966612158967,1.0551863350728658e-05,3.805547048519862,0.8683210686157902,0.0006368762301077778
414,1000,0.5,integrated,False,True,0.0,21.720000000000017,29.47563044438398,21.720000000000017,29.47563044438398,29.47563044438398,2.7667411553627364e-05,1.1551462273312711,0.5585652001792893,0.0013519030312585238
415,1000,0.5,integrated,False,True,0.0,21.720000000000017,32.951119097305224,21.720000000000017,32.951119097305224,32.951119097305224,9.400100662774513e-06,3.724994769079901,0.6931550379868054,0.0015163116992263643
416,1000,0.5,integrated,False,True,0.0,21.720000000000017,29.211195997417263,21.720000000000017,29.211195997417263,29.211195997417263,3.114408817910816e-05,5.293278755346475,0.9952126049629224,0.0019935774171942313
417,1000,0.5,integrated,False,True,0.0,21.720000000000017,30.583933247839155,21.720000000000017,30.583933247839155,30.583933247839155,2.692332739126761e-05,4.119253877431425,0.8157837917552471,0.0009706300498371136
418,1000,0.5,integrated,False,True,0.0,21.720000000000017,30.509251134367936,21.720000000000017,30.509251134367936,30.509251134367936,3.893995184836937e-05,3.2720130864823767,1.2695303739671528,0.0007006856797665728
419,1000,0.5,integrated,False,True,0.0,21.720000000000017,33.54975291348967,21.720000000000017,33.54975291348967,33.54975291348967,1.1841238337648126e-05,4.559399586482083,0.9747876520025451,0.0009608834514363541
420,1000,0.5,integrated,False,True,0.0,21.720000000000017,31.57838885854677,21.720000000000017,31.57838885854677,31.57838885854677,1.9357778739457665e-05,4.115935419520598,0.6466922046804344,0.0008821056323232685
421,1000,0.5,integrated,False,True,0.0,21.720000000000017,28.666513031705737,21.720000000000017,28.666513031705737,28.666513031705737,3.462626734759156e-05,4.309259705332543,0.8259411365455352,0.0020287864107017017
422,1000,0.5,integrated,False,True,0.0,21.720000000000017,31.402057811700722,21.720000000000017,31.402057811700722,31.402057811700722,1.1853486603771256e-05,2.794008319153006,0.46748185216208127,0.001962517239919209
423,1000,0.5,integrated,False,True,0.0,21.720000000000017,30.251518802722735,21.720000000000017,30.251518802722735,30.251518802722735,2.6851852518532654e-05,4.657094274808654,0.8526670520806723,0.001164672206820254
424,1000,0.5,integrated,False,True,0.0,21.720000000000017,32.12011470954704,21.720000000000017,32.12011470954704,32.12011470954704,1.5867967191094205e-05,1.4325687202227662,0.8722253412002988,0.0008498558295420832
425,1000,0.5,integrated,False,True,0.0,21.720000000000017,32.77972821248881,21.720000000000017,32.77972821248881,32.77972821248881,1.879385763593436e-05,5.010160614642566,0.7119740873589974,0.000567361391028479
426,1000,0.5,integrated,False,True,0.0,21.720000000000017,30.6941368922803,21.720000000000017,30.6941368922803,30.6941368922803,3.071677424791021e-05,2.0739878339531073,0.43138555676018,0.0005982760288980313
427,1000,0.5,integrated,False,True,0.0,21.720000000000017,32.604410163364875,21.720000000000017,32.604410163364875,32.604410163364875,1.5552979995429526e-05,6.668862665858038,0.5616770285038895,0.0007770115411199164
428,1000,0.5,integrated,False,True,0.0,21.720000000000017,31.25735547481387,21.720000000000017,31.25735547481387,31.25735547481387,3.454687754168951e-05,4.444296301409651,0.3867476022417571,0.00044704601159317
429,1000,0.5,integrated,False,True,0.0,21.720000000000017,31.029059693815775,21.720000000000017,31.029059693815775,31.029059693815775,2.7389345186301406e-05,1.826540546944691,0.7405464871653618,0.0006624917261386519
430,1000,0.5,integrated,False,True,0.0,21.720000000000017,34.180552953200305,21.720000000000017,34.180552953200305,34.180552953200305,1.3560273997302375e-05,13.618031315858824,0.6643892319772212,0.0006957102252558296
431,1000,0.5,integrated,False,True,0.0,21.720000000000017,32.972019753849175,21.720000000000017,32.972019753849175,32.972019753849175,2.257449820363698e-05,4.619338673309161,1.369452365415868,0.0005372409137778564
432,1000,0.5,integrated,False,True,0.0,21.720000000000017,28.320804629727906,21.720000000000017,28.320804629727906,28.320804629727906,5.193071083801282e-05,2.2099613185765343,0.9088276252005332,0.0014015903852241972
433,1000,0.5,integrated,False,True,0.0,21.720000000000017,31.001493882892838,21.720000000000017,31.001493882892838,31.001493882892838,2.0062252050611863e-05,3.3868532006327814,0.37972935811149067,0.0009166849036788728
434,1000,0.5,integrated,False,True,0.0,21.720000000000017,32.468273339445936,21.720000000000017,32.468273339445936,32.468273339445936,1.4709585060855317e-05,3.6236616274930986,0.7935966982271833,0.0008355961674634799
435,1000,0.5,integrated,False,True,0.0,21.720000000000017,30.01406222760134,21.720000000000017,30.01406222760134,30.01406222760134,2.477367377104817e-05,5.069026192094762,0.4300650914357543,0.001214184625448984
436,1000,0.5,integrated,False,True,0.0,21.720000000000017,35.49408371631197,21.720000000000017,35.49408371631197,35.49408371631197,1.2791738526768816e-05,2.236324739907054,0.7668689883868754,0.000327194758714214
437,1000,0.5,integrated,False,True,0.0,21.720000000000017,28.727390838704466,21.720000000000017,28.727390838704466,28.727390838704466,4.039685966842726e-05,3.2168070663181028,0.6105755526925997,0.0013313475575189378
438,1000,0.5,integrated,False,True,0.0,21.720000000000017,30.37307419339111,21.720000000000017,30.37307419339111,30.37307419339111,3.0456046800672846e-05,7.504149858707352,0.7285820019045891,0.000961087644132566
439,1000,0.5,integrated,False,True,0.0,21.720000000000017,30.385298234246665,21.720000000000017,30.385298234246665,30.385298234246665,2.962591535620387e-05,2.8176074895786276,0.6418554638439501,0.0008212586807020129
440,1000,0.5,integrated,False,True,0.0,21.720000000000017,31.45770317712323,21.720000000000017,31.45770317712323,31.45770317712323,2.353125998427767e-05,1.9496647044650282,0.844229953866679,0.0007160203064380299
441,1000,0.5,integrated,False,True,0.0,21.720000000000017,31.929014331002115,21.720000000000017,31.929014331002115,31.929014331002115,2.8952624413249137e-05,9.801336425872636,0.5534499656166835,0.0004913271267552661
442,1000,0.5,integrated,False,True,0.0,21.720000000000017,30.941165548256915,21.720000000000017,30.941165548256915,30.941165548256915,2.2241213127049798e-05,3.9118762717395446,0.6173772557133049,0.0009099405811838753
443,1000,0.5,integrated,False,True,0.0,21.720000000000017,29.525782850287225,21.720000000000017,29.525782850287225,29.525782850287225,4.1495959101562644e-05,2.3714631548390015,0.9727982083568004,0.0009693998412395826
444,1000,0.5,integrated,False,True,0.0,21.720000000000017,32.62821738074307,21.720000000000017,32.62821738074307,32.62821738074307,1.1165032891628505e-05,1.7668949616539324,1.0815122655122762,0.0013976722701870097
445,1000,0.5,integrated,False,True,0.0,21.720000000000017,31.26205278388089,21.720000000000017,31.26205278388089,31.26205278388089,1.410293411183444e-05,3.810406308700317,0.2565009214007245,0.0013779620011686422
446,1000,0.5,integrated,False,True,0.0,21.720000000000017,30.710695239339287,21.720000000000017,30.710695239339287,30.710695239339287,2.320204239506591e-05,1.5674561846161084,0.9819708277223937,0.0010634276597794622
447,1000,0.5,integrated,False,True,0.0,21.720000000000017,32.41260023095485,21.720000000000017,32.41260023095485,32.41260023095485,1.412868998197143e-05,6.022698512426925,1.5842547282884127,0.002015586321541376
448,1000,0.5,integrated,False,True,0.0,21.720000000000017,30.071410397753894,21.720000000000017,30.071410397753894,30.071410397753894,3.095346512912237e-05,4.050553911041475,0.5761427645958216,0.0008598615572713709
449,1000,0.5,integrated,False,True,0.0,21.720000000000017,30.533094781707028,21.720000000000017,30.533094781707028,30.533094781707028,2.0348212381493708e-05,3.0690401828600273,0.27996609551028845,0.0010350685657681581
450,1000,0.5,integrated,False,True,0.0,21.720000000000017,28.999727531357117,21.720000000000017,28.999727531357117,28.999727531357117,2.7250121369140376e-05,1.7265304226895217,0.427298364521409,0.0017877244135919657
451,1000,0.5,integrated,False,True,0.0,21.720000000000017,30.180088584884107,21.720000000000017,30.180088584884107,30.180088584884107,1.8596722861174255e-05,2.094258630493066,0.22544901447502982,0.0013943899132943594
452,1000,0.5,integrated,False,True,0.0,21.720000000000017,30.433580773358386,21.720000000000017,30.433580773358386,30.433580773358386,1.9728264749622637e-05,4.952398541476439,0.8757515102528938,0.0020273237397735494
453,1000,0.5,integrated,False,True,0.0,21.720000000000017,32.66989299988076,21.720000000000017,32.66989299988076,32.66989299988076,1.72544431555868e-05,2.6531774755616495,1.634415431756563,0.0009060247919147266
454,1000,0.5,integrated,False,True,0.0,21.720000000000017,34.36962467414091,21.720000000000017,34.36962467414091,34.36962467414091,1.614848616886391e-05,4.053423320850362,1.0663614647869517,0.00040438930841670944
455,1000,0.5,integrated,False,True,0.0,21.720000000000017,32.191665567637266,21.720000000000017,32.191665567637266,32.191665567637266,2.3550823463765827e-05,1.7822514377359384,0.6450098454247263,0.00046060392970054015
456,1000,0.5,integrated,False,True,0.0,21.720000000000017,29.056847452709974,21.720000000000017,29.056847452709974,29.056847452709974,3.402749886890243e-05,1.9293854751956108,0.7667754381834905,0.0015249600159827276
457,1000,0.5,integrated,False,True,0.0,21.720000000000017,30.832153870437246,21.720000000000017,30.832153870437246,30.832153870437246,2.0644904815994045e-05,5.035001297163432,0.6272955451361779,0.0010773145092238562
458,1000,0.5,integrated,False,True,0.0,21.720000000000017,30.250138068315863,21.720000000000017,30.250138068315863,30.250138068315863,2.7907200316472105e-05,1.181603523614415,0.6199493832711107,0.0009032661739040541
459,1000,0.5,integrated,False,True,0.0,21.720000000000017,29.81237343334069,21.720000000000017,29.81237343334069,29.81237343334069,2.4812438281312233e-05,4.0224684191848405,0.5213232506917653,0.0013950505695091093
460,1000,0.5,integrated,False,True,0.0,21.720000000000017,29.26873452114627,21.720000000000017,29.26873452114627,29.26873452114627,3.32417922946869e-05,1.8584980028144495,1.2765054509770228,0.0016784772892113429
461,1000,0.5,integrated,False,True,0.0,21.720000000000017,35.830012338345995,21.720000000000017,35.830012338345995,35.830012338345995,1.0289355853447496e-05,5.780262558992592,1.000577809723395,0.00048505453126703
462,1000,0.5,integrated,False,True,0.0,21.720000000000017,29.49782794806224,21.720000000000017,29.49782794806224,29.49782794806224,3.079416064633631e-05,5.6669673906702975,0.5730920744270919,0.0013112726756880871
463,1000,0.5,integrated,False,True,0.0,21.720000000000017,30.123228352865226,21.720000000000017,30.123228352865226,30.123228352865226,2.1725851656390125e-05,4.892446303609563,0.435023942726391,0.0014889098514173369
464,1000,0.5,integrated,False,True,0.0,21.720000000000017,31.526285539437808,21.720000000000017,31.526285539437808,31.526285539437808,1.9296923930535692e-05,6.088140337411103,0.9298038130232145,0.0011657661454568182
465,1000,0.5,integrated,False,True,0.0,21.720000000000017,30.960848018146216,21.720000000000017,30.960848018146216,30.960848018146216,6.424841501199624e-05,7.701476551817247,1.0563355596769666,0.0003952290407240715
466,1000,0.5,integrated,False,True,0.0,21.720000000000017,29.58735158513204,21.720000000000017,29.58735158513204,29.58735158513204,2.4850341686996755e-05,2.9037553403313683,0.4014704992376097,0.0014595530573296223
467,1000,0.5,integrated,False,True,0.0,21.720000000000017,33.02342081056392,21.720000000000017,33.02342081056392,33.02342081056392,8.073623292980451e-06,2.6589981608990483,0.5350807145907959,0.0016958460541978905
468,1000,0.5,integrated,False,True,0.0,21.720000000000017,33.36159531090928,21.720000000000017,33.36159531090928,33.36159531090928,1.159190262990786e-05,4.622888858684737,1.0139725408628653,0.0011691092341304652
469,1000,0.5,integrated,False,True,0.0,21.720000000000017,32.15653805271703,21.720000000000017,32.15653805271703,32.15653805271703,1.9840984960916918e-05,4.295347259381291,0.891471176769149,0.0006763591046592859
470,1000,0.5,integrated,False,True,0.0,21.720000000000017,31.5446267959656,21.720000000000017,31.5446267959656,31.5446267959656,3.139827811683082e-05,2.3582017089584992,1.1236114806910555,0.0005260118345487239
471,1000,0.5,integrated,False,True,0.0,21.720000000000017,30.405584401364834,21.720000000000017,30.405584401364834,30.405584401364834,3.213953924427102e-05,5.622608177280151,0.2692376638022767,0.0006558396808835965
472,1000,0.5,integrated,False,True,0.0,21.720000000000017,32.39193211926022,21.720000000000017,32.39193211926022,32.39193211926022,1.752379554664817e-05,6.5036298073134295,0.9910921147504916,0.0008408528195940862
473,1000,0.5,integrated,False,True,0.0,21.720000000000017,30.762184352165313,21.720000000000017,30.762184352165313,30.762184352165313,3.423172834290196e-05,2.141441759463224,1.4981299602930414,0.0008150140275982152
474,1000,0.5,integrated,False,True,0.0,21.720000000000017,31.712097248308027,21.720000000000017,31.712097248308027,31.712097248308027,2.8691093185772257e-05,2.985373128889245,0.882395330658996,0.0005003994525532119
475,1000,0.5,integrated,False,True,0.0,21.720000000000017,30.372750731923855,21.720000000000017,30.372750731923855,30.372750731923855,2.5798881631231693e-05,2.857043727776345,1.2505448882763064,0.0013278762517274006
476,1000,0.5,integrated,False,True,0.0,21.720000000000017,29.961615392284774,21.720000000000017,29.961615392284774,29.961615392284774,2.0799405352936254e-05,3.0934338077812518,0.6860535344583348,0.001788574548133051
477,1000,0.5,integrated,False,True,0.0,21.720000000000017,34.27113227745408,21.720000000000017,34.27113227745408,34.27113227745408,1.2703763512856976e-05,3.7425671973593277,0.49490768136181307,0.0004451832666388848
478,1000,0.5,integrated,False,True,0.0,21.720000000000017,28.53536843644498,21.720000000000017,28.53536843644498,28.53536843644498,6.923114765617705e-05,3.5326070687968287,1.1029429155129757,0.0009763761268289176
479,1000,0.5,integrated,False,True,0.0,21.720000000000017,31.381288389293367,21.720000000000017,31.381288389293367,31.381288389293367,3.1917995096505724e-05,3.447081875151877,0.7509118929637195,0.0005152020881506013
480,1000,0.5,integrated,False,True,0.0,21.720000000000017,30.53418321320371,21.720000000000017,30.53418321320371,30.53418321320371,1.9490728789242782e-05,3.9071126173848314,0.6507831792310903,0.0014142491436597432
481,1000,0.5,integrated,False,True,0.0,21.720000000000017,32.34502591851885,21.720000000000017,32.34502591851885,32.34502591851885,3.8624756343540215e-05,1.679883632886238,1.108164768197008,0.00034867346306893717
482,1000,0.5,integrated,False,True,0.0,21.720000000000017,31.93517334668637,21.720000000000017,31.93517334668637,31.93517334668637,2.1305379662850007e-05,8.06426429326279,0.3843514166725496,0.0006448400911364203
483,1000,0.5,integrated,False,True,0.0,21.720000000000017,30.698597983651215,21.720000000000017,30.698597983651215,30.698597983651215,3.310259483751561e-05,1.571898226959485,0.8540367133819375,0.000651670012628002
484,1000,0.5,integrated,False,True,0.0,21.720000000000017,31.847359307882037,21.720000000000017,31.847359307882037,31.847359307882037,1.946103621316733e-05,3.635233902264509,0.8712556458761495,0.0008540779213570883
485,1000,0.5,integrated,False,True,0.0,21.720000000000017,28.65048451851404,21.720000000000017,28.65048451851404,28.65048451851404,4.810284160570758e-05,2.77006157451867,0.44277955751328396,0.0010707657769770823
486,1000,0.5,integrated,False,True,0.0,21.720000000000017,29.295234126280988,21.720000000000017,29.295234126280988,29.295234126280988,2.501887947799071e-05,1.4164096288398338,0.2888707074653535,0.0015316610135888487
487,1000,0.5,integrated,False,True,0.0,21.720000000000017,29.74604293347074,21.720000000000017,29.74604293347074,29.74604293347074,1.8988565357712114e-05,2.0874271088603056,0.21781563997556921,0.001841115436416846
488,1000,0.5,integrated,False,True,0.0,21.720000000000017,30.088359084039016,21.720000000000017,30.088359084039016,30.088359084039016,5.251360647797187e-05,2.446996461156893,0.7804819757970004,0.0005538818457408906
489,1000,0.5,integrated,False,True,0.0,21.720000000000017,30.08792863196875,21.720000000000017,30.08792863196875,30.08792863196875,3.855644239271034e-05,5.54096484449591,0.27649345369305617,0.0006365772486264665
490,1000,0.5,integrated,False,True,0.0,21.720000000000017,32.09708050037362,21.720000000000017,32.09708050037362,32.09708050037362,1.0592082813185647e-05,3.6659066751979394,0.24726027887897165,0.0014898226612623945
491,1000,0.5,integrated,False,True,0.0,21.720000000000017,29.489768993161697,21.720000000000017,29.489768993161697,29.489768993161697,4.071077182744422e-05,9.181466263943364,1.1106473363954923,0.0012967915519434758
492,1000,0.5,integrated,False,True,0.0,21.720000000000017,30.266222312306052,21.720000000000017,30.266222312306052,30.266222312306052,3.189769787633713e-05,2.0500544635608744,1.7103793013710682,0.0012185236941707643
493,1000,0.5,integrated,False,True,0.0,21.720000000000017,30.86573279320949,21.720000000000017,30.86573279320949,30.86573279320949,1.4738939512601953e-05,1.54387087042595,0.5208580698593921,0.0016838986644139155
494,1000,0.5,integrated,False,True,0.0,21.720000000000017,28.03901656642035,21.720000000000017,28.03901656642035,28.03901656642035,3.451553313583757e-05,1.8564265415850936,0.6831625843198771,0.0029103081642034927
495,1000,0.5,integrated,False,True,0.0,21.720000000000017,31.298890251607965,21.720000000000017,31.298890251607965,31.298890251607965,1.8832550863037326e-05,7.72318361165996,0.24316003449634818,0.0009378988528690387
496,1000,0.5,integrated,False,True,0.0,21.720000000000017,28.01340719763995,21.720000000000017,28.01340719763995,28.01340719763995,7.475254106517895e-05,3.5438486486684555,1.9176488025090763,0.0017030994763234833
497,1000,0.5,integrated,False,True,0.0,21.720000000000017,33.40825312584289,21.720000000000017,33.40825312584289,33.40825312584289,1.6105978396123124e-05,3.2602015079099362,0.4809663717929536,0.0004382997819878994
498,1000,0.5,integrated,False,True,0.0,21.720000000000017,32.87341671198105,21.720000000000017,32.87341671198105,32.87341671198105,1.3153635866818656e-05,4.505775893976347,0.4763579995579541,0.000749061719882944
499,1000,0.5,integrated,False,True,0.0,21.720000000000017,30.21242083260645,21.720000000000017,30.21242083260645,30.21242083260645,3.408308019979635e-05,3.3046910993370124,0.8067008178154407,0.0008136465045572315
